PMID,Year,Title,Journal,DOI,PMC
18147726,1949,Volvulus of the sigmoid; a new radiologic sign.,Radiology,10.1148/53.2.268,
14932741,1952,[Clinical and radiological aspects of gastric schwannoma].,Acta Gastroenterol Belg,,
13041012,1952,[Radiologic data on a case of gastric lipoma].,Ann Radiol Diagn (Bologna),,
13007001,1952,[Intraoperative arteriography of the caudal mesenteric artery and its branches to demonstrate vascularization of the oral intestinal stump in resection of the carcinoma of the rectum under preservation of continence].,Zentralbl Chir,,
13127146,1953,[Urography in sigmoid and rectal tumors penetrating into the urinary bladder].,Chirurg,,
13167393,1953,[Radiologic diagnosis of lymphosarcoma of the retrosigmoid].,Radiol Med,,
13187196,1954,Venous invasion in carcinoma of the rectum as evidenced by venous radiography.,Surg Gynecol Obstet,,
13332641,1956,[Gastric schwannoma; false images of ulceration].,J Radiol Electrol Arch Electr Medicale,,
13425813,1957,[Value of radiological examinations of benign gastric neoplasms].,Arch Ital Mal Appar Dig,,
13545921,1958,[Importance of the Chassard and Lapiné position for radiological diagnosis of rectosigmoid diseases].,Arch Mal Appar Dig Mal Nutr,,
13674738,1959,[Late urographic examination of patients of abdomino-perineal amputation of the rectum].,Osp Maggiore,,
14477215,1960,The venous invasion in the rectum and colon cancer. Its determination according to Barringer's modified method.,Bull Inst Med Res Univ Madr,,
14406872,1960,Involvement of the sacrum by recurrent carcinoma of the rectum.,Am J Roentgenol Radium Ther Nucl Med,,
14464995,1960,[Roentgen diagnosis of polyposis of the rectum and colon].,Zhonghua Fang She Xue Za Zhi,,
13824013,1960,The value of routine lateral rectal projection in barium enema study.,Acta Radiol (Stockh),10.3109/00016926009171655,
13873847,1961,[The kidneys and ureters in carcinoma of the rectum and sigmoid].,Rozhl Chir,,
13780762,1961,[Radiological treatment of anal tumors].,Praxis,,
14476724,1961,[Considerations on the radiodiagnosis of benign or so-called benign stomach tumors].,Rontgeneur Radiodiagn Clin Eur,,
13974673,1962,[Radiological semiology of intrinsic rectal constrictions].,Prensa Med Argent,,
13882460,1962,Calcified gastric leiomyoma.,Am J Roentgenol Radium Ther Nucl Med,,
14008229,1962,Malignant lymphoma of the colon rectum: roentgen diagnosis.,Calif Med,,PMC1574997
14164421,1963,[ANATOMIC-SURGICAL CONSIDERATIONS ON TUMORS OF THE EXTRAPERITONEAL MIDDLE AND LOWER RECTUM AND OF THE PERINEAL RECTUM].,Gazz Int Med Chir,,
14181405,1963,[INTRALYMPHATIC TRANSFUSIONS IN THE TREATMENT OF NEOPLASMS].,Eksp Khir Anesteziol,,
14108278,1963,[PSEUDOCYSTIC RECTAL LEIOMYOMA WITH EXTRAINTESTINAL GROWTH].,Rev Esp Enferm Apar Dig Nutr,,
14098133,1963,[A FEW REMARKS ON GASTRIC LEIOMYOMAS. (APROPOS OF 6 CASES)].,Arch Mal Appar Dig Mal Nutr,,
14094228,1963,[A GASTRIC SCHWANNOMA OF DIFFICULT DIAGNOSIS].,J Radiol Electrol Med Nucl,,
14056920,1963,EARLY DETECTION OF CANCER OF THE COLON AND RECTUM.,Br Med J,,PMC1873110
14135681,1963,[VILLOUS TUMORS OF THE RECTUM AND LARGE INTESTINE].,Khirurgiia (Mosk),,
14094180,1963,"[PULMONARY FORMS OF RETICULOSIS ""X"". APROPOS OF A CASE ASSOCIATING A MILIARY IMAGE WITH A PERI-ORIFICIAL GRANULOMA].",J Fr Med Chir Thorac,,
14079207,1963,WHAT ABOUT LARGE-BOWEL POLYPS IN CHILDREN?A CLINICOPATHOLOGIC STUDY.,Cleve Clin Q,10.3949/ccjm.30.4.199,
14068399,1963,THE RATES AND PATTERNS OF GROWTH OF 375 TUMORS OF THE LARGE INTESTINE AND RECTUM OBSERVED SERIALLY BY DOUBLE CONTRAST ENEMA STUDY (MALMOE TECHNIQUE).,Am J Roentgenol Radium Ther Nucl Med,,
14160001,1963,[RADIOLOGIC STUDY OF THE TESTICULAR LYMPHATIC UNIT. CLINICAL APPLICATIONS].,An Fac Med Univ Repub Montev Urug,,
14131943,1963,[CHANGES IN THE LYMPHATIC DUCTS ACCOMPANYING NEOPLASTIC AND SYSTEMIC ADENOPATHIES].,Ann Radiol Diagn (Bologna),,
14122487,1963,[EARLY DIAGNOSIS OF INTESTINAL TUMORS].,Cancro,,
5889478,1964,[Surgical colonic and rectal diseases].,Z Allgemeinmed,,
14255948,1964,[AN UNUSUAL GASTRIC SCHWANNOMA].,Ann Chir,,
14236579,1964,ELECTROLYTE DEPLETION SYNDROME ASSOCIATED WITH VILLOUS ADENOMAS OF THE RECTOSIGMOID.,Am J Roentgenol Radium Ther Nucl Med,,
14209589,1964,JUVENILE POLYPS.,South Med J,10.1097/00007611-196410000-00007,
14258690,1964,[FINDINGS ON VASCULARIZATION OF CANCER OF THE COLON AND RECTUM].,Prog Med (Napoli),,
14327616,1964,[ANGIOGRAPHIC DETERMINATION OF THE EXTENT OF SIGMOID AND RECTAL CARCINOMA].,Fortschr Geb Rontgenstr Nuklearmed,,
14210153,1964,A STUDY OF THE FUNCTIONAL DYNAMICS OF ILEAL CONDUIT URINARY DIVERSION WITH RELATIONSHIP TO URINARY INFECTION.,Surg Gynecol Obstet,,
14209698,1964,PATIENT EVALUATION FOR PELVIC EXENTERATION.,Am Surg,,
14202620,1964,CAVOGRAPHY AND LYMPHOGRAPHY IN EXTENDED SURGERY OF CANCER OF THE RECTUM.,Dis Colon Rectum,10.1007/BF02616843,
14180247,1964,[RESULTS OF ABDOMINO-PERINEAL RESECTION AND ANTERIOR RESECTIONS (WITH LOW ANASTOMOSIS AND INVAGINATION) IN SURGERY OF RECTO-SIGMOID CANCER. CRITICAL STUDY].,Minerva Chir,,
14179403,1964,RARE TUMORS OF THE GASTROINTESTINAL TRACT.,Am J Proctol,,
14209145,1964,[CLINICO-RADIOLOGICAL CONSIDERATIONS ON SUBMUCOSAL GASTRIC LIPOMA].,Minerva Gastroenterol,,
14191220,1964,LYMPHANGIOGRAPHY.,Chin Med J,,
14190411,1964,[COLONIC POLYPI NOT ACCESSIBLE TO RECTOSCOPY IN CHILDREN. (10 RECENT CASES AMONG 350 CHILDREN WITH RECTO-COLIC POLYPI)].,Arch Mal Appar Dig Mal Nutr,,
14190410,1964,[COLONIC POLYPI NOT ACCESSIBLE TO RECTOSIGMOIDOSCOPY IN ADULTS. APROPOS OF 5 CASES IN A SERIES OF 100 SUBJECTS WITH RECTO-COLIC POLYPI].,Arch Mal Appar Dig Mal Nutr,,
14176149,1964,POLYPOSIS OF THE RECTUM AND COLON IN A 12-YEAR-OLD BOY WITH SCHISTOSOMIASIS MANSONI.,Dis Colon Rectum,10.1007/BF02630542,
14184430,1964,[VENOGRAPHY WITH CONRAY IN PATIENTS WITH MALIGNANT TUMORS].,Rinsho Hoshasen,,
14175051,1964,[CONTRAST VISUALIZATION OF LYMPHATIC SYSTEM WITH LIPIODOL ULTRA-FLUIDE (ETHIODOL)].,Nihon Igaku Hoshasen Gakkai Zasshi,,
14173814,1964,[AORTIC ANEURYSM AND RECTAL CANCER].,Ann Chir,,
14169290,1964,[RADIOGRAPHIC ASPECTS OF THE THORACIC DUCT].,Minerva Radiol Fisioter Radiobiol,,
14148896,1964,[MUSCLE TUMOR OF THE RECTUM AND HEPATIC LEIOMYOSARCOMA].,Concours Med,,
14133451,1964,[RECTAL CANCER IN YOUNG PERSONS].,Presse Med (1893),,
14191692,1964,[ON LYMPHOGRAPHY WITH MYODIL].,Rinsho Hoshasen,,
14169286,1964,[ADENOGRAPHY AND PHLEBOGRAPHY IN NEOPLASMS OF THE PELVIC CAVITY].,Minerva Radiol Fisioter Radiobiol,,
14128288,1964,[HEMORRHAGIC ANGIOMATOSIS OF THE SMALL INTESTINE].,Concours Med,,
14207514,1964,[GARDNER SYNDROME].,Acta Gastroenterol Belg,,
14171960,1964,CARCINOMA OF THE KIDNEY: INCIDENTAL DISCOVERY IN A SOLITARY KIDNEY.,Lahey Clin Found Bull,,
14145096,1964,[PELVIC ANGIOGRAM IN SIGMOIDORECTAL NEOPLASMS].,Rinsho Hoshasen,,
14140850,1964,CALCIFICATION IN GASTRO-INTESTINAL CARCINOMATA.,Clin Radiol,10.1016/s0009-9260(64)80029-5,
14139910,1964,THE ROENTGEN FINDINGS OF CARCINOID TUMORS OF THE GASTROINTESTINAL TRACT: A REPORT OF 12 RECENT CASES.,Am J Roentgenol Radium Ther Nucl Med,,
14138246,1964,POSTOPERATIVE TENSION PNEUMOPERITONEUM.,Br J Surg,10.1002/bjs.1800510406,
14107007,1964,PAPILLARY (VILLOUS) ADENOMAS. LOCATION IN RECTUM AND COLON WITH ELECTROLYTE IMBALANCE.,Arch Surg,10.1001/archsurg.1964.01310220067011,
14185463,1964,[THE MALIGNANT TUMORS OF THE SMALL AND LARGE INTESTINE. 2. CLINICAL EXPERIENCES].,Zentralbl Chir,,
14154574,1964,[CEREBRAL METASTASIS FROM A LATENT RECTOSIGMOID CANCER. DOUBLE EXERESIS].,Lyon Chir,,
14152553,1964,EARLY DIAGNOSIS OF METASTATIC BONE CANCER BY PHOTOSCANNING WITH STRONTIUM-85.,J Nucl Med,,
14140801,1964,[CONTRIBUTION TO THE DIAGNOSIS OF LARGE RETRO- AND INTRAPERITONEAL STRUCTURES].,Cesk Rentgenol,,
14124418,1964,[USE OF PROTEIN-ASSIMILATING HORMONES IN RADIOLOGY].,Rinsho Hoshasen,,
14119115,1964,SUBMUCOUS LIPOMAS OF THE COLON AND RECTUM.,Surg Gynecol Obstet,,
14115305,1964,CRITERIA FOR ROENTGEN DIAGNOSIS OF SUBMUCOSAL GASTRIC LIPOMA.,Radiology,10.1148/82.2.254,
14244626,1964,[IMPORTANCE OF GAMMAGRAPHY IN THE DIAGNOSIS OF SECONDARY CANCERS OF THE LIVER].,Acta Unio Int Contra Cancrum,,
14233847,1964,COMBINED SPLIT-COURSE THERAPY WITH 5-FLUOROURACIL AND MEGAVOLTAGE IRRADIATION.,Ann Med Intern Fenn,,
14167603,1964,[CHANGES IN THE LYMPHATIC VESSELS CONCOMITANT WITH LYMPH NODE LESIONS].,J Belge Radiol,,
14164845,1964,[X-RAY DIAGNOSIS OF VILLOUS TUMORS OF THE RECTUM AND LARGE INTESTINE].,Vestn Rentgenol Radiol,,
14161600,1964,LEIOMYOMA OF THE RECTUM; REPORT OF A CASE AND REVIEW OF THE LITERATURE.,J Egypt Med Assoc,,
14152171,1964,[GASTRIC SCHWANNOMA].,Arcisp S Anna Ferrara,,
14144479,1964,DOUBLE CONTRAST EXAMINATION OF THE LARGE INTESTINE IN CHILDREN.,Ann Radiol (Paris),,
14136920,1964,[EARLY DIAGNOSIS OF RECTAL CANCER].,Mars Med,,
14133008,1964,[RECTO-COLIC POLYPOSIS].,Rev Med Moyen Orient,,
14113244,1964,PERSISTENT DIARRHEA. RADIOLOGIC DIAGNOSIS.,New Physician,,
5889427,1964,Recent advances in the x-ray diagnosis of neoplastic diseases of the colon and the rectum.,Proc Natl Cancer Conf,,
5845096,1964,[The value of double contrast studies in the diagnosis of small tumors of the colon and rectum].,Jaarb Kankeronderz Kankerbestrijd Ned,,
5869180,1965,[Sigmoiditis and diverticulitis].,Langenbecks Arch Chir,10.1007/BF01439763,
5882642,1965,[Pelvic angiography for preoperative diagnosis of sigmoid and rectal processes].,Chirurg,,
14338299,1965,A CASE OF VILLOUS ADENOMA OF THE RECTUM WITH HYPERALDOSTERONISM AND UNUSUAL RENAL MANIFESTATIONS.,Am J Med,10.1016/0002-9343(65)90215-9,
5834320,1965,The demonstration of extracranial neoplasms with 99mTc pertechnetate.,J Nucl Med,,
14316760,1965,GASTRIC LIPOMA; REPORT OF A CASE AND REVIEW OF THE LITERATURE.,Am J Dig Dis,10.1007/BF02236072,
14308788,1965,SPONTANEOUS REGRESSION OF HEPATIC METASTASES FROM A CARCINOMA OF THE COLON: 10-YEAR FOLLOW UP OF A PATIENT WITH FAMILIAL POLYPOSIS.,Ann Surg,10.1097/00000658-196507000-00023,PMC1476799
14320590,1965,[RADIODIAGNOSIS OF COLONIC AND RECTAL POLYPS].,Ned Tijdschr Geneeskd,,
14313332,1965,[LYMPHOGRAPHY IN THE STUDY OF LYMPHATIC METASTASIS OF MALIGNANT TUMORS IN THE RECTUM-SIGMOID].,Langenbecks Arch Klin Chir Ver Dtsch Z Chir,,
14296759,1965,ELECTROLYTE DEPLETION ASSOCIATED WITH VILLOUS TUMOUR OF THE RECTUM.,Aust N Z J Surg,10.1111/j.1445-2197.1965.tb04382.x,
14273215,1965,[PERITONEAL SEROUS CYST OF THE LOWER SURFACE OF THE DIAPHRAGM (SIMULATING A BENIGN GASTRIC TUMOR)].,Presse Med (1893),,
14346167,1965,[ON THE EARLY DIAGNOSIS OF RECTAL CARCINOMA].,Landarzt,,
14272529,1965,RADIATION DAMAGE OF THE SMALL INTESTINE.,Clin Radiol,10.1016/s0009-9260(65)80019-8,
5845484,1965,[Arteriography in rectal cancer].,Khirurgiia (Mosk),,
14303645,1965,[LYMPHOGRAPHIC PICTURES IN RECTAL CARCINOMA].,Minerva Radiol Fisioter Radiobiol,,
14259236,1965,CARCINOMA OF THE RECTUM.,Ann R Coll Surg Engl,,PMC2311806
14249385,1965,RADIOLOGICAL NOTES.,J Mt Sinai Hosp N Y,,
5856367,1965,[The double-contrast method for the detection of small colon and rectum tumors].,J Belge Radiol,,
5856230,1965,[Lymphography in the study of lymphatic diffusion of malignant tumors of the recto-sigmoid].,Ann Ital Chir,,
5924077,1966,[Radiologic exploration of the rectum by the systematic practice of a profile negative].,Atlas Radiol Clin Presse Med,,
5994147,1966,[Lymphography in the diagnosis of tumors of the colon and rectum].,Srp Arh Celok Lek,,
4872916,1966,[Benign polyposis of the rectum and colon].,Rev Fac Cienc Med Cordoba,,
6001696,1966,[New methods of determining the operability of rectal cancer].,Klin Khir (1962),,
5995793,1966,[A new method of treatment of lymphogenic metastasis of rectal cancer by radioactive lymphography].,Eksp Khir Anesteziol,,
5939739,1966,[Lymphographic observations in carcinoma of the rectum].,Minerva Chir,,
5989735,1966,[The use of lymphography for the preoperative determination of metastases in cancer of the rectum].,Khirurgiia (Mosk),,
5944679,1966,[Lymphadenography in the study of the neoplastic growths of the large intestine].,Osp Ital Chir,,
5948454,1966,Roentgen features of metastases to the colon.,Am J Roentgenol Radium Ther Nucl Med,10.2214/ajr.96.2.302,
5907122,1966,"Special angled roentgenography for lesions of the rectosigmoid. Five year survey, 1959-1963.",Am J Roentgenol Radium Ther Nucl Med,10.2214/ajr.96.2.285,
5960598,1966,[Diagnostic results of lymphadenography and parietal phlebography in the study of systemic and metastatic neoplasms of the retroperitoneal region].,Ann Radiol Diagn (Bologna),,
5336877,1966,The treatment of urinary incontinence using the colonic conduit.,Trans Am Assoc Genitourin Surg,,
4172957,1967,[Clinical picture and therapy of prostatic hypertrophy following rectum extirpation].,Zentralbl Chir,,
5618169,1967,[Radiologic diagnosis of colonic tumors].,J Med Lyon,,
4966091,1967,The Barium enema in checkups of patients with cancer of the colon: indications and how often?,CA Cancer J Clin,10.3322/canjclin.17.6.268,
6053123,1967,[Significance of selective arteriography in the pathology of the colon and the rectum].,Presse Med (1893),,
6034907,1967,Diverticular disease of the colon without diverticula.,Radiology,10.1148/89.3.401,
5626381,1967,[Unusual metastasis of a rectal carcinoma].,Fortschr Geb Rontgenstr Nuklearmed,,
5620232,1967,[X-ray criteria for the operability of patients with cancer of the rectum and large intestine].,Vestn Rentgenol Radiol,,
5598241,1967,[Early diagnosis of large intestine cancer].,Med Klin,,
4952295,1967,Lymphangiography in the diagnosis of retroperitoneal node metastases in rectal cancer.,Br J Radiol,10.1259/0007-1285-40-476-584,
6071841,1967,The radiological diagnosis and differential diagnosis of malignant disease of the alimentary tract in Africans.,Natl Cancer Inst Monogr,,
6037406,1967,Polyps of the colon and rectum in children.,Dis Colon Rectum,10.1007/BF02617139,
6027314,1967,Colitis cystica profunda. A lesion of increasing significance to radiologists and pathologists.,Radiology,,
6049181,1967,[Abdominopelvic lymphography as a method of study of lumboaortic drainage in cancer of the left colon and of the rectum].,Rev Esp Enferm Apar Dig,,
6026801,1967,X-ray visualization of rectal carcinoma after intravenous injection of polyvinylpyrrolidone (PVP): preliminary report.,Dis Colon Rectum,10.1007/BF02617179,
4294077,1967,[Selective arteriography in cancer of the rectum].,Sem Hop,,
5626492,1967,[Scale-like calcareous recurrence of a rectal carcinoma].,Fortschr Geb Rontgenstr Nuklearmed,,
5302140,1967,[Value of palliative uretero-ileoplasty performed in a case of local recurrence of cancer of the rectum with ureter block].,Acta Chir Belg,,
6045263,1967,Lymphography in the study of cancer of the rectum.,Panminerva Med,,
5626264,1967,[Lymphangiography in rectal carcinoma].,Fortschr Geb Rontgenstr Nuklearmed,,
4893769,1967,[Clinical oncology abroad].,Khirurgiia (Mosk),,
6030711,1967,[Parietography in cancer of the rectum].,Vopr Onkol,,
5617200,1967,[Clinico-roentgenological characteristic of villose tumors of the rectum and large intestine].,Vrach Delo,,
4866425,1967,[On the growth of human tumors].,Arch Geschwulstforsch,,
4307499,1968,[The role of rectocolonic polyposis during intestinal bilharziasis].,Sem Hop,,
5740722,1968,[Lymphadenography in the study of metastases from neoplasms of the pelvic organs. 2. Results obtained in the study of metastasis locations of rectal neoplasms].,Chir Patol Sper,,
5709410,1968,[Study of the growth of human pulmonary metastases as an objective argument in evaluation of prognosis and therapeutic effects (based on 90 cases)].,J Radiol Electrol Med Nucl,,
5687906,1968,"Routine lateral view of the barium-filled rectum: is it worthwhile? A review of 2,500 consecutive examinations.",Am J Roentgenol Radium Ther Nucl Med,10.2214/ajr.104.3.571,
4909328,1968,[Hemoblastosic localizations in the colon and rectum. Radiological observations in 18 cases].,Nunt Radiol,,
5681028,1968,The radiology of colonic and rectal polyps.,Br J Surg,10.1002/bjs.1800551004,
5754779,1968,[X-ray diagnosis of the intestinal protein loss syndrome].,Fortschr Geb Rontgenstr Nuklearmed,,
5677690,1968,Thoracotomy on the patient with previous malignancy: metastasis or new primary?,J Thorac Cardiovasc Surg,,
5302922,1968,Adenomas of the colon.,Am J Gastroenterol,,
5685669,1968,[Treatment problems with anal carcinoma].,Nord Med,,
5675263,1968,Villous tumors of the upper gastrointestinal tract. Clinical review and report of a case.,Am J Gastroenterol,,
5741120,1968,[Parietography of pelvic neoplasms].,Vestn Rentgenol Radiol,,
5741116,1968,[Autoradiography in the diagnosis of rectal cancer].,Vestn Rentgenol Radiol,,
5727543,1968,[Angiography in pelvic tumors].,Radiologe,,
5188584,1968,[Venography of the inferior vena cava].,Rinsho Hoshasen,,
5709756,1968,[Lymphography as a method of investigation in lymphatic spread of carcinomas of the rectum].,Acta Chir Ital,,
5666895,1968,Carcinoma of the rectum and colon in children: report of three cases.,Dis Colon Rectum,10.1007/BF02617294,
5652464,1968,"Three unusual carcinoid tumours, with particular reference to osteoblastic bone metastases.",Clin Radiol,10.1016/s0009-9260(68)80066-2,
5639574,1968,Guided percutaneous arterial infusion chemotherapy.,Am J Roentgenol Radium Ther Nucl Med,10.2214/ajr.102.3.562,
5188200,1968,[Angiography in carcinoma of the large intestine].,Rinsho Hoshasen,,
4302978,1968,[Treatment of cancer of the liver by regional perfusion].,J Chir (Paris),,
5759580,1968,Submucosal lipomas of the large bowel.,Can J Surg,,
5754503,1968,[The use of MAA-I-131 in intra-arterial administration in the scintigraphic examination of neoplasms of the pelvis].,Acta Chir Ital,,
5722192,1968,[Changes in the sigmoid colon accompanying malignant tumors of the ovaries].,Vopr Onkol,,
5718115,1968,[Recent data on radiologic and arteriographic signs of cancer of the rectum].,Ann Radiol (Paris),,
5713443,1968,Cerebral radiosurgery. I. Gammathalanotomy in two cases of intractable pain.,Acta Chir Scand,,
5653580,1968,[On the safety of irrigoscopy with the use of tannin].,Vestn Rentgenol Radiol,,
5646668,1968,[20 years' experience in the surgical treatment of cancer of the rectum].,Khirurgiia (Mosk),,
5634679,1968,How can the outlook in alimentary tract cancer be improved?,Am J Surg,10.1016/0002-9610(68)90125-6,
4170625,1968,Cryotherapy for inoperable rectal cancer.,Dis Colon Rectum,10.1007/BF02616743,
5393422,1969,[Prolapse of a large adenomatous rectal mucous polyp following retrograde contrast radiography of the colon].,Fortschr Geb Rontgenstr Nuklearmed,,
5353951,1969,Interdisciplinary approach to the control of cancer of the breast.,Cancer,10.1002/1097-0142(196912)24:6<1104::aid-cncr2820240603>3.0.co;2-8,
5376312,1969,[Cancer of the rectum. An assessment of the primary results and the possibility of earlier diagnosis].,Ugeskr Laeger,,
5354485,1969,[Lymphography in cancer of the rectum].,Langenbecks Arch Chir,10.1007/BF01239608,
5811555,1969,Cloacogenic carcinoma.,Am J Roentgenol Radium Ther Nucl Med,10.2214/ajr.107.1.175,
5405270,1969,[Rectal cancer arteriography].,Arch Fr Mal App Dig,,
5397800,1969,[Transosseous pelvic phlebography in cancer of the rectum].,Khirurgiia (Mosk),,
5391411,1969,[Malignant melanoma of the anal canal].,Gan No Rinsho,,
5346560,1969,The radiological detection of early carcinoma and pre-malignant lesions of the colon and rectum.,J R Coll Surg Edinb,,
5196102,1969,[The value of transcavernosa phlebography in the study of pelvic neoplasms in males].,Radiol Med,,
5822717,1969,Unique vascular colon stenoses.,Radiology,10.1148/93.2.385,
4185525,1969,A critical evaluation of vaso-seminal vesiculography.,Br J Urol,10.1111/j.1464-410x.1969.tb09947.x,
5801146,1969,Prognosis in patients with metastatic liver disease diagnosed by liver scan.,Radiology,10.1148/23.1.77,
5405772,1969,[Pre- and postoperative use of lymphographic findings in recto-sigmoid cancer].,Minerva Radiol,,
5306806,1969,"[Study on direct lymphography, with special reference to its clinical significance in rectal tumors].",Nihon Daicho Komonbyo Gakkai Zasshi,,
5198725,1969,[Differential diagnosis by lymphography and personal experiences].,Srp Arh Celok Lek,,
4898359,1969,Labelled compound related to synkavit and its uptake in certain human tumours studied by radio-isotope scanning.,Acta Radiol Ther Phys Biol,10.3109/02841866909134454,
5362796,1969,[Dorso-ventral projection with cranio caudal inclination in the study of the sigmoid and rectum].,Quad Radiol,,
5372197,1969,[Association of gas contrast examination and tomography in the diagnosis of cancer of the rectum].,Klin Khir (1962),,
5784491,1969,[Water and electrolyte losing villous papilloma of the rectum with uremia and hyperglycemia].,Schweiz Med Wochenschr,,
5768337,1969,"Clinical symptoms, statistical data and diagnostic pitfalls of cancer of the rectum.",Proc R Soc Med,10.1177/003591576906200320,PMC1815320
5358815,1969,[Pelvic phlebography in the diagnosis of the extent of rectal cancer].,Vestn Khir Im I I Grek,,
5358814,1969,[Radioisotope diagnosis of malignant rectal tumors by contact radiometry and photoballoon autoradiography].,Vestn Khir Im I I Grek,,
4891646,1969,[A new combination of methotrexate and folinic acid for cancer treatment (acute leukemia and solid tumors)].,Presse Med (1893),,
4186217,1969,"Cancer of the colon and rectum--general aspects, diagnosis, treatment, and prognosis. A review.",Dis Colon Rectum,,
4183651,1969,"Cancer of the colon and rectum--general aspects, diagnosis, treatment, and prognosis. A review.",Dis Colon Rectum,,
4180212,1969,"Cancer of the colon and rectum--general aspects, diagnosis, treatment, and prognosis. A review.",Dis Colon Rectum,,
5770631,1969,[Anorectal diseases from the surgeon's viewpoint].,Z Allgemeinmed,,
5779391,1969,[Significance of pararectopneumography and triple contrasting for the establishment of the operability of cancer of the rectum].,Vrach Delo,,
4307555,1969,[Kaliopenia and electrolytic disorders revealing villous tumor of rectum].,Sem Hop,,
5306006,1969,[Villous tumors of the digestive system].,Atlas Radiol Clin Presse Med,,
5780308,1969,Barium perforation of a peptic ulcer and barium granuloma of the colon. A report of two rare complications in radiological examination.,Radiol Clin Biol,,
5396289,1969,[Urination disorders caused by amputation of the rectum by abdomino-perineal approach].,Arch Ital Urol Nefrol,,
5383180,1969,[Use of the lateral position in roentgenological examination of the large intestine].,Vestn Rentgenol Radiol,,
5360145,1969,[Presacral pneumopelviography in cancer of the rectum].,Vopr Onkol,,
4309003,1969,Lymphangiography in the evaluation of malignant neoplasms.,Oncology,10.1159/000224494,
4257162,1969,[A complex study of cancer of the colon and rectum].,Vopr Onkol,,
5515651,1970,[Significance of lymphography and pararectopneumography in establishing the operability of rectal cancer].,Klin Khir (1962),,
5489419,1970,Bilharzial pericolic masses and their management.,Int Surg,,
5489413,1970,One-shot infusion of non-surgically administered mitomycin C in the celiac artery for liver metastases. Clinical effects.,Int Surg,,
5489297,1970,Late fate of arterial allografts. Observations 6 to 15 years after implantation.,Arch Surg,10.1001/archsurg.1970.01340300077014,
4991973,1970,Veterinary radiotherapy.,J Am Vet Med Assoc,,
4322010,1970,Fine-needle aspiration biopsy for cytodiagnosis of malignant tumour in the liver.,Acta Med Scand,10.1111/j.0954-6820.1970.tb08069.x,
4320485,1970,[Villous tumor of the recto-sigmoid junction. Value of radiologic study by oblique rays].,Sem Hop,,
5472671,1970,The angle prone projection: its value in diagnosis of low-lying lesions.,Am J Roentgenol Radium Ther Nucl Med,10.2214/ajr.110.2.393,
5459368,1970,The use of a semisolid contrast medium in a defecography.,Radiology,10.1148/97.1.82,
5510665,1970,[Roentgenodiagnosis of early forms of cancer of the rectum and large intestine].,Vestn Rentgenol Radiol,,
5469842,1970,Villous adenoma of the rectum.,Mich Med,,
5276083,1970,[Rectal cancer].,N Z Nurs J,,
5210605,1970,[Selective angiography of the inferior mesenteric artery].,Radiol Med,,
5494412,1970,[X-ray diagnosis in endometriosis of the rectum and large intestine].,Akush Ginekol (Mosk),,
5431437,1970,RPC of the month from the AFIP.,Radiology,10.1148/96.2.447,
5432139,1970,"[Negative findings, negative radiography of the colon--in spite of that rectal neoplasm].",Nord Med,,
5425118,1970,Transthoracic needle aspiration of discrete pulmonary lesions: experience in 100 cases.,Med Clin North Am,,
4911113,1970,Guidelines in the use of cancer detection tests.,Surg Clin North Am,10.1016/s0039-6109(16)39147-2,
4912315,1970,Recent advances in diagnostic gastro-enterology.,Med J Aust,10.5694/j.1326-5377.1970.tb116717.x,
5312868,1970,[The purpose of prophylactic mass examinations].,Schweiz Med Wochenschr,,
5449544,1970,[Radiodiagnostics of the cancer of the rectum].,Pol Przegl Radiol Med Nukl,,
5528101,1970,Cancer of the rectum.,Va Med Mon (1918),,
5478049,1970,[Clinical value of indirect radioisotope lymphography in determining the degree of progression of rectal cancer].,Klin Khir (1962),,
4986880,1970,Polyps in the large bowel in children.,Clin Radiol,10.1016/s0009-9260(70)80118-0,
5309785,1970,[Real diseases in the outpatient clinic].,Med Klin,,
5415187,1970,Rectal obstruction by postperforated colonic abscess.,South Med J,10.1097/00007611-197003000-00020,
5309680,1970,Diffuse cavernous haemangioma of the rectum and sigmoid colon.,Br J Surg,10.1002/bjs.1800570308,
4396803,1970,"[Clinical significance of precancerous conditions in the small intestine, colon and rectum].",Chirurg,,
5467147,1970,Anastomotic dehiscence after anterior resection of rectum and sigmoid.,Br J Surg,10.1002/bjs.1800570208,
4334084,1970,Low dosage methotrexate (NSC-740) and cyclophosphamide (NSC 26271) for solid tumors.,Cancer Chemother Rep,,
5537236,1970,[Clinical and roentgen diagnosis of sarcoma of the rectum and large intestine].,Vopr Onkol,,
5526432,1970,[Use of Au 198 scintigraphy in the diagnosis of the liver metastases in patients with carcinoma of the colon and rectum].,Ann Ital Chir,,
5521755,1970,Radioactive isotopes in the diagnosis of maliganant tumours of the gastro-intestinal tract.,Triangle,,
5510960,1970,[Symposium: diagnosis and treatment of tumor of the large intestine].,Iryo,,
5414548,1970,Rectal perforations during administration of barium enemas: report of three cases.,Dis Colon Rectum,10.1007/BF02617678,
4325190,1970,[The role of radioactive lymphography in the complex treatment of rectal cancer with lymph node metastases].,Vopr Onkol,,
4319203,1970,Primary linitis plastica of the colon and rectum.,Acta Pathol Microbiol Scand A,10.1111/j.1699-0463.1970.tb03302.x,
5141481,1971,[The value of angioadenolymphography in the diagnosis of late lymphogenic metastases of cancer of the rectum following surgical treatment].,Klin Khir (1962),,
5130197,1971,The lateral view in the radiology of the rectum and rectosigmoid.,Br J Surg,10.1002/bjs.1800581210,
4947699,1971,[Progress in x-ray examination of the large intestine].,Naika,,
5288408,1971,Carcinoma of the rectum presenting with ischaemic colitis.,Aust N Z J Surg,,
5166001,1971,Hypertrophic osteoarthropathy in the dog: a clinicopathologic survey of 60 cases.,J Am Vet Med Assoc,,
5119603,1971,[Diagnosis of hepatic metastases from rectal carcinoma by means of umbilicoportography].,Rev Esp Enferm Apar Dig,,
5116091,1971,The surgical significance of complete retrograde obstruction of the colon.,Dis Colon Rectum,10.1007/BF02553465,
5171190,1971,[Double contrast radiography of the large intestine. Experience report].,Munch Med Wochenschr,,
5166834,1971,[Significance of ureterocutaneostomy in ureteral obstruction due to cancer].,Gan No Rinsho,,
5111989,1971,Roentgen findings in intestinal ganglioneuromatosis. Its association with medullary thyroid carcinoma and pheochromocytoma.,Radiology,10.1148/101.1.93,
5002744,1971,"Techniques in megavoltage radiotherapy: no. 3, carcinoma of the rectum.",Clin Radiol,10.1016/s0009-9260(71)80126-5,
5127570,1971,[The value of x-ray examination of colon in rectal cancer].,Nord Med,,
5137206,1971,[Experiences in the treatment of colonic and rectal cancer].,Vojnosanit Pregl,,
5316811,1971,[Recurrent rectal bleeding in endometriosis of the rectosigmoid].,Schweiz Med Wochenschr,,
5566362,1971,Multiple lymphomatous polyposis of the gastrointestinal tract.,Cancer,10.1002/1097-0142(197108)28:2<408::aid-cncr2820280222>3.0.co;2-u,
5566351,1971,"Carcinoma associated with mucosal ulcerative colitis, and with transmural colitis and enteritis (Crohn's disease).",Cancer,10.1002/1097-0142(197108)28:2<289::aid-cncr2820280205>3.0.co;2-i,
5115954,1971,[New method of radiological examination of the anus and rectum].,Pol Przegl Chir,,
5093831,1971,[Proctocystography in the diagnosis of cancer of the rectum and bladder in men].,Klin Khir (1962),,
4341381,1971,[Value of lympho-angio-adenography in establishing the degree of development of rectocolic cancer].,Chirurgia (1951),,
4107274,1971,[The value of 87m Sr scintigraphy in the palliative radiotherapy of recurrent rectocolonic cancer].,J Radiol Electrol Med Nucl,,
5315039,1971,[Direct lymphography: diagnostic possibilities of lymphography in rectal cancer].,Nihon Daicho Komonbyo Gakkai Zasshi,,
5580400,1971,[Anhidrosis of the sole. Symptom of retroperitoneal tumor invasion].,Dtsch Med Wochenschr,10.1055/s-0028-1108368,
4252997,1971,[Syndrome following rectum resection. Postproctectomy syndrome].,Dtsch Med Wochenschr,10.1055/s-0028-1108367,
5564179,1971,[Rectocolic polyps and piolyposis].,Ann Chir,,
5564178,1971,[Rectocolic polypss and polyposis. (Contribution of radiology)].,Ann Chir,,
5209363,1971,[Lymphoscintigraphy].,Rinsho Hoshasen,,
5580843,1971,Localization of 87mSr in extra-osseous tumors.,J Nucl Med,,
5556627,1971,Hepatic calcification in cancer of the large bowel.,Am J Gastroenterol,,
5314477,1971,[Progress in x-ray diagnosis of the large intestine--x-ray diagnosis of surgical cases of colonic diseases with special reference to acute intestinal obstruction].,Nihon Daicho Komonbyo Gakkai Zasshi,,
5153890,1971,[The role of the x-ray method in the diagnosis of primary multiple cancer of the large intestine].,Vestn Rentgenol Radiol,,
5004040,1971,[Regional and sequential chemotherapy of digestive cancer].,Acta Chir Belg,,
5577556,1971,[Contribution of the axillary route in angiography of the inferior mesenteric artery].,J Radiol Electrol Med Nucl,,
4254209,1971,Carcinoma of the colon and rectum.,Dis Colon Rectum,10.1007/BF02560053,
4323336,1971,[Pathogenesis of the mucous folds adjoining cancers of the rectum at onset].,Sem Hop,,
5549379,1971,Re-evaluation f the merit of the liver scan in the management of patients with cancer of te colon and rectum.,Dis Colon Rectum,10.1007/BF02553174,
5547335,1971,[Recto-sigmoid hemangiomatosis].,J Radiol Electrol Med Nucl,,
5165866,1971,[Case of calcified hepatic metastasis of rectal cancer].,Gan No Rinsho,,
5151907,1971,The new look into the colon.,Guys Hosp Rep,,
4929790,1971,[Radiologic aspect of rectocolonic lymphoma].,J Belge Radiol,,
4327425,1971,[Lymphography and intralymphatic infusion of chemotherapeutic drugs in tumor patients].,Vopr Onkol,,
4649518,1972,[Potassium and salt loss diarrhea in villous adenoma of the large intestine].,Med Klin,,
4664540,1972,[Rectocolic pneumatosis cystoides. Value of coloscopy].,Ann Med Interne (Paris),,
4652348,1972,[Dorsal approach in diseases of the distal rectum].,Helv Chir Acta,,
4647397,1972,Results of 27 cases with hepatic metastases treated by combination chemotherapy.,Br J Cancer,10.1038/bjc.1972.64,PMC2008661
4643683,1972,Unusual neoplasms involving the colon.,Am J Proctol,,
4578338,1972,[Use of lymphography in patients with rectal cancer].,Klin Khir (1962),,
4657829,1972,[Difficulties and errors in the interpretation of transosseous pelvic phlebography in rectal cancer].,Vestn Rentgenol Radiol,,
4642030,1972,Clinical diagnosis of carcinoma of colon and rectum.,Proc R Soc Med,10.1177/003591577206501125,PMC1644772
5085991,1972,Sensitivity of 18 F bone scans in the search for metastases.,Surg Gynecol Obstet,,
5066554,1972,Secondary neoplasms of the bowel.,Radiology,10.1148/105.1.1,
5057310,1972,Rectal diverticulitis with perforation.,Radiology,10.1148/105.1.23,
4656294,1972,[X-ray diagnosis of the tumors of the colon].,Vojnosanit Pregl,,
5072261,1972,Diffuse cavernous hemangioma of the rectum: report of a case and review of the literature.,Dis Colon Rectum,10.1007/BF02587416,
5072259,1972,Lipoma of the colon: report of three cases.,Dis Colon Rectum,10.1007/BF02587414,
4664728,1972,[Use of the scintigraphic technic for the detection of metastases from cancer of the rectum to the liver].,Eksp Khir Anesteziol,,
4663987,1972,"[Use of lower, indirect lymphography in oncologic diseases].",Med Radiol (Mosk),,
5069621,1972,Uptake of gallium-67 in colonic and rectal tumours.,Br Med J,10.1136/bmj.3.5825.508,PMC1785793
5085003,1972,Patient risk factors and the detection of early cancer.,Prev Med,10.1016/0091-7435(72)90006-0,
5047525,1972,"Electrocoagulation of rectal cancer, colorectal adenomas, instrumentation, coloscopy, and biopsy. Recapitulatory comments.",Surg Clin North Am,10.1016/s0039-6109(16)39781-x,
4562101,1972,[Liver embolism caused by lymphangiography].,Rinsho Hoshasen,,
5037801,1972,Cloacogenic carcinoma of the anorectal junction. Roentgenologic diagnosis.,Am J Roentgenol Radium Ther Nucl Med,10.2214/ajr.115.2.384,
4623966,1972,Inguinal hernia and colorectal carcinoma.,Arch Surg,10.1001/archsurg.1972.04180060028006,
5029587,1972,[Intraoperative phlebography in cancer of the rectum].,Khirurgiia (Mosk),,
5072877,1972,[Retro-rectal and transanal lowering of the colon in surgery of the recto-sigmoid junction (Duhamel's operation)].,J Chir (Paris),,
4672705,1972,[Angiography of rectal carcinoid].,Rinsho Hoshasen,,
4339232,1972,[Rectal lymphography in man. Technic and results in a case of Nicolas-Favre disease and 13 cases of cancer of the rectum].,Sem Hop,,
5064870,1972,[Lymphography].,Gan No Rinsho,,
5064866,1972,[X-ray diagnosis of cancer of the colon and rectum].,Gan No Rinsho,,
5064834,1972,[Mass screening and periodic examination of rectal cancer--diagnosis of anorectal lesions in the short-term multiphasic health screening].,Gan No Rinsho,,
5060232,1972,Trends in the diagnosis and management of polyps and cancer of the colon and rectum.,Am Surg,,
5060196,1972,The surgical management of solitary pulmonary metastasis.,Surg Gynecol Obstet,,
4672779,1972,[Early cancer of the large intestine].,Rinsho Hoshasen,,
4627657,1972,[3 Cases of ossification of the metastatic sites in rectal cancer].,Rinsho Hoshasen,,
4622149,1972,Preoperative irradiation of rectosigmoid carcinoma including its regional lymph nodes.,Am J Roentgenol Radium Ther Nucl Med,10.2214/ajr.114.3.498,
4658212,1972,[Radioisotope diagnosis of diseases of the rectum].,Khirurgiia (Mosk),,
5080882,1972,[The syndrome following rectectomy (postproctectomy syndrome)].,Langenbecks Arch Chir,10.1007/BF01263253,
5058865,1972,Anastomotic leakage after low colonic anastomosis. Clinical and experimental aspects.,Am J Surg,10.1016/0002-9610(72)90317-0,
5012920,1972,[Use of lymphography in the diagnosis of malignant neoplasms].,Vopr Onkol,,
5007663,1972,The lesion of the second cancer of the large bowel.,Br J Surg,10.1002/bjs.1800590105,
4662539,1972,[Diagnosis of cancer of the large intestine and rectum].,Vopr Onkol,,
4662168,1972,[Radioisotope lymphography in the diagnosis of metasases in cancer of the colon and rectum].,Zh Eksp Klin Med,,
4657469,1972,Familial polyposis.,Bull Calcutta Sch Trop Med,,
4646329,1972,[Intracranial metastases. Importance and therapeutic concept].,Langenbecks Arch Chir,10.1007/BF01282655,
4575060,1972,Lymphography in malignant lymphomas--an analysis of 400 cases.,CRC Crit Rev Radiol Sci,,
4539558,1972,[Abdominal surgery (stomach and intestines)].,Langenbecks Arch Chir,10.1007/BF01282614,
4260402,1972,[Significance of lymphography for the general surgeron].,Bruns Beitr Klin Chir (1971),,
4789177,1973,[Urologic disorders after abdomino-perineal resection of the rectum in rectal carcinoma].,Ned Tijdschr Geneeskd,,
4808334,1973,[Obstruction of the lumbo-iliac ureter: first manifestation of non-urinary cancers].,J Urol Nephrol (Paris),,
4766024,1973,Medial deviation of ureters following abdominoperineal resection for carcinoma of large bowel.,Urology,10.1016/0090-4295(73)90330-0,
4751838,1973,Metastatic urethral obstruction.,Arch Surg,10.1001/archsurg.1973.01350240070020,
4591084,1973,Obstacles to the improvement of radiotherapy of rectal cancer.,Proc R Soc Med,10.1177/003591577306601217,PMC1645320
4788523,1973,[Ways of increasing radicality of surgery of cancer of the rectum].,Klin Khir (1962),,
4769225,1973,Colorectal endometriosis.,Dis Colon Rectum,10.1007/BF02588876,
4769223,1973,The valve of barium-enema studies in patients with carcinoma of the rectum.,Dis Colon Rectum,10.1007/BF02588874,
4744284,1973,Prophylactic staple plication of the inferior vena cava.,Arch Surg,10.1001/archsurg.1973.01350230027007,
4355072,1973,Evaluation of 99mTc-pyrophosphate as a bone imaging agent.,Radiology,10.1148/109.2.467,
4526559,1973,[Theoretical aspects in radiological diagnosis of early carcinoma of the colon and rectum (author's transl)].,Nihon Igaku Hoshasen Gakkai Zasshi,,
4782685,1973,[Polyposis of the colon and rectum (author's transl)].,Leber Magen Darm,,
4782684,1973,[Diagnosis and therapy of benign tumors of the colon and rectum (author's transl)].,Leber Magen Darm,,
4757825,1973,Chylous ascites formation and a review of 84 cases.,Angiology,10.1177/000331977302400910,
4748383,1973,The continent ileostomy.,Br J Surg,10.1002/bjs.1800601009,
4728151,1973,Carcinoma of the prostate presenting as obstructive carcinoma of the rectum.,Am Surg,,
4742013,1973,[Early diagnosis of gastrointestinal cancer].,Fortschr Med,,
4783930,1973,[Roentgenological observations after abdomino-anal surgery of rectal cancer].,Vestn Rentgenol Radiol,,
4783928,1973,[Experience in the use of inferior lymphography in cancer of the rectum].,Vestn Rentgenol Radiol,,
4772601,1973,[The early gastric carcinoma (author's transl)].,Acta Gastroenterol Belg,,
4721514,1973,Preoperative assessment for hepatic metastases in carcinoma of the colon and rectum.,Surg Gynecol Obstet,,
4798755,1973,Fifty-fifth annual meeting of the American Radium Society.,Am J Roentgenol Radium Ther Nucl Med,10.2214/ajr.118.4.928,
4738556,1973,[Radiographic study of polypoid lesion of the colon and the rectum].,Rinsho Hoshasen,,
4354869,1973,Calcification in adenocarcinoma.,Am J Gastroenterol,,
4124483,1973,Discrete ulcerations of the rectum and sigmoid.,Am J Dig Dis,10.1007/BF01072041,
4737377,1973,Minimal terminal irregularities of the distal subarachnoid space as a sign of epidural seeding.,Am J Roentgenol Radium Ther Nucl Med,10.2214/ajr.118.3.601,
4541502,1973,Significance of rectal bleeding in diverticular disease in patients at St. Mark's Hospital.,Br J Surg,10.1002/bjs.1800600716,
4517808,1973,Liver scanning for the detection of metastases following colo-rectal cancer surgery.,Aust N Z J Surg,10.1111/j.1445-2197.1973.tb05677.x,
4740182,1973,Complications of pelvic operation following abdominoperineal resection.,Am J Obstet Gynecol,10.1016/0002-9378(73)90915-0,
4721356,1973,Semi-axial view in abdomino-pelvic examinations.,J Can Assoc Radiol,,
4704595,1973,[Surgery of the rectum carcinoma. Surgical and x-ray aspects in patients with open pelvic floor peritoneum after abdomino-perineal rectum-extirpation].,Fortschr Med,,
4735646,1973,The liver scan in metastatic disease.,Arch Surg,10.1001/archsurg.1973.01350170028007,
4732758,1973,"[Villous tumors of the colon and rectum. Symptoms, diagnosis, and treatment].",Rev Prat,,
4349163,1973,[Value of lymphography as complemetary examination in the diagnosis of rectosigmoideal cancer].,Rev Clin Esp,,
4786873,1973,[The value of lymphography in cancer of the rectum].,Srp Arh Celok Lek,,
4511885,1973,Percutaneous transbrachial artery infusion catheter techniques.,Am J Roentgenol Radium Ther Nucl Med,10.2214/ajr.117.3.696,
4269036,1973,[Surgical methods of treating polyps of the rectum and sigmoid according to data of the Kirghiz Research Institute of Oncology and Radiology].,Sov Zdravookhr Kirg,,
4719329,1973,[Role of radiology in the evaluation of the spread of rectal tumors].,J Radiol Electrol Med Nucl,,
4348526,1973,[Roentgenologic follow-up studies of the remaining rectal space following sacro-abdominal rectum extirpation].,Fortschr Geb Rontgenstr Nuklearmed,,
4803806,1973,[X-ray diagnosis in the diseases of the anus and rectum].,Gastroenterol Fortbildungskurse Prax,,
4803800,1973,[X-ray contact irradiation of the early carcinoma of the anus and rectum].,Gastroenterol Fortbildungskurse Prax,,
4792425,1973,[Villous rectal adenoma].,Dtsch Z Verdau Stoffwechselkr,,
4757405,1973,[Sacrococcygeal chordoma].,Duodecim,,
4576278,1973,Carcinoma of the colon and rectum.,Curr Probl Surg,10.1016/s0011-3840(73)80013-9,
4540295,1973,Ischaemic colitis and abdomino-perineal excision of the rectum.,Gut,10.1136/gut.14.1.64,PMC1412577
4453378,1974,[Anterior resection as a means of preservation of the sphincter in the surgery of the cancer of the rectum and distal colon].,Minerva Chir,,
4611196,1974,Opportunistic infections in colon carcinoma.,Am J Clin Nutr,10.1093/ajcn/27.12.1481,
4445555,1974,[Rectal hypersecreating willous tumor with hydroelectrolytic depletion syndrome].,Rev Esp Enferm Apar Dig,,
4531770,1974,[Current state of pharmacoangiography and perspectives of its development].,Vestn Rentgenol Radiol,,
4463704,1974,Appearance and growth of early carcinomas of the colon-rectum.,Acta Radiol Diagn (Stockh),10.1177/028418517401500610,
4434817,1974,Cavernous hemangioma of the rectum and appendix: report of a case.,Dis Colon Rectum,10.1007/BF02587637,
4614035,1974,"[Colon- and rectum carcinoma. News in the field of epidemiology, etiology and diagnosis].",Med Klin,,
4466629,1974,[Effects of abdomino-perineal amputation of the rectum on the upper urinary apparatus. Apropos of a series of 100 cases].,Chirurgie,,
4607134,1974,Surgery of the colon.,Arch Surg,10.1001/archsurg.1974.01360040004003,
4418917,1974,Hereditary presacral teratoma.,J Pediatr Surg,10.1016/0022-3468(74)90107-9,
4457418,1974,[Clinical results in cancer of the colon. Treatment results in 158 patients].,Fortschr Med,,
4548543,1974,[Pelvic lymphography in anorectal tumors].,AMB Rev Assoc Med Bras,,
4422876,1974,Adenomas of the colon and rectum: histopathology and management.,Dis Colon Rectum,10.1007/BF02587116,
4429334,1974,A reappraisal of lymphography in malignant neoplasms of the rectum.,Ann Clin Res,,
4413532,1974,Gardner's syndrome: report of a case initially presenting as diffuse metastatic adenocarcinoma.,Am J Gastroenterol,,
4846622,1974,[Contribution to the diagnosis of tumours of the large intestine and rectum (author's transl)].,Cesk Gastroenterol Vyz,,
4843177,1974,Vena caval obstruction: some epidemiological observations in 76 patients.,Angiology,10.1177/000331977402500701,
4439646,1974,[Value of lymphography in carcinomas of the large intestine].,Vestn Rentgenol Radiol,,
4439644,1974,[Role of parietography in diagnosis of rectal diseases].,Vestn Rentgenol Radiol,,
4842493,1974,Value of lymphography in detecting metastatic cloacogenic carcinoma.,Lymphology,,
4461962,1974,"[Liver scanning with Au198, In111 and selective angioscanning with MAA-I-131 for tumors of peritoneal cavity organs].",Med Radiol (Mosk),,
4859370,1974,Investigations of tritiated menadiol sodium diphosphate (T-MNDP) as a radioactive drug.,Br J Cancer,10.1038/bjc.1974.85,PMC2009020
4830801,1974,Barium-enema study findings in asymptomatic patients with rectal polyps.,Dis Colon Rectum,10.1007/BF02586975,
4422862,1974,Radiological evidence of urinary tract alterations in rectum and sigmoid colon tumours.,Panminerva Med,,
4410534,1974,[Proceeding: Radio-endoscopic comparisons in the diagnosis of colonic lesions].,J Radiol Electrol Med Nucl,,
4372702,1974,"[Hypersecreting, degenerated rectal villous tumor. Recurrence of pulmonary tuberculosis. Fibrous ileo-cecal tuberculosis].",Sem Hop,,
4372701,1974,[Rectal and cutaneous localizations of Abrikosoff's granulous cell tumor].,Sem Hop,,
4817005,1974,Para-aortic lymphadenectomy in staging patients with advanced local cervical cancer.,Obstet Gynecol,,
4819267,1974,Metachronous colorectal polyps: comparison of development of colorectal polyps and carcinomas in persons with and without histories of polyps.,Dis Colon Rectum,10.1007/BF02588099,
4814177,1974,Urologic complications in malignant disease of the rectosigmoid colon.,South Med J,10.1097/00007611-197403000-00010,
4415135,1974,Possible immunological significance of hepatomegaly and splenomegaly as recorded by hepatic gamma scanning in patients with malignant melanoma.,Tumori,10.1177/030089167406000202,
4812759,1974,Cancer control: challenge or chimera? The James Ewing Lecture.,Cancer,10.1002/1097-0142(197402)33:2<402::aid-cncr2820330215>3.0.co;2-y,
4812660,1974,Herald lesion of urinary bladder. A nonspecific but significant pathologic process.,Urology,10.1016/s0090-4295(74)80002-6,
4811048,1974,Bladder dysfunction and its manifestations following abdominoperineal extirpation of the rectum.,Ann Surg,10.1097/00000658-197402000-00012,PMC1355774
4831860,1974,[Clinico-scano-morphological parallels in cancer of the rectum].,Vrach Delo,,
4830670,1974,[Selective contrasting of the mesenteric arteries in intestinal tumors].,Vestn Rentgenol Radiol,,
4810712,1974,Early ileus following surgical treatment of carcinoma of the rectum.,Dis Colon Rectum,10.1007/BF02587534,
4432403,1974,[Lymphography in the diagnosis of metastases to the pelvic lymph nodes].,Vopr Onkol,,
4424827,1974,[Histology and diagnosis of vessel-deficient kidney tumors (author's transl)].,Langenbecks Arch Chir,10.1007/BF01255721,
4424744,1974,Colitis cystica profunda. Pseudo-tumours in the rectum.,Radiol Clin Biol,,
4360133,1974,Obstructive uropathy secondary to calcified metastatic adenocarcinoma of colon.,Urology,10.1016/s0090-4295(74)80074-9,
129411,1975,[Double and multiple carcinomas of the colon (author's transl)].,Rofo,10.1055/s-0029-1230254,
1215527,1975,Double contrast examination in disease of the anorectal region.,Radiologe,,
1215525,1975,[The complete colon examination (author's transl)].,Radiologe,,
1178892,1975,The cleansingenema.,Radiology,10.1148/117.2.483,
1082331,1975,The results of diagnostic colonoscopy in the management of unexplained bleeding from the rectum.,Aust N Z J Surg,10.1111/j.1445-2197.1975.tb05773.x,
1191900,1975,Villous adenoma of the large bowel; benign and malignant.,Br J Radiol,10.1259/0007-1285-48-574-801,
1162570,1975,The clinical implications of a staging system for carcinoma of the anus.,Surg Gynecol Obstet,,
1240882,1975,[Villous tumors of the rectum. Apropos of 30 cases].,J Chir (Paris),,
1228319,1975,[Lymphographic determination of metastatic lesion of the lymph nodes].,Khirurgiia (Mosk),,
1209903,1975,[X-ray diagnosis of local complications after anterior resection of the rectum and sigmoid].,Vestn Rentgenol Radiol,,
1209746,1975,"[Reliability and value of diagnostic lymphography in carcinoma of the sigmoid, rectum and anus (author's transl)].",Tumori,10.1177/030089167506100506,
1185073,1975,Glucagon assisted air-barium contrast colonography in a small hospital setting.,J Maine Med Assoc,,
1183061,1975,Malignant tumours of the rectum. Part I: radiotherapy.,Clin Gastroenterol,,
1156167,1975,Colitis proximal to obstructing colonic carcinoma.,Arch Surg,10.1001/archsurg.1975.01360150077014,
1172172,1975,[Lymphographic characteristics of metastatic tumors of the lymph nodes].,Med Radiol (Mosk),,
1160537,1975,[Selective lower mesentericography in malignant tumors of the rectum].,Med Radiol (Mosk),,
1241466,1975,[Uro-radiographic investigations in patients with tumors in the large bowel (author's transl)].,Tumori,10.1177/030089167506100410,
1199660,1975,[Multidisciplinary treatment of cancers of the rectum. Clinical diagnosis].,Acta Gastroenterol Belg,,
1154032,1975,Current status of carcinoembryonic antigen assay.,Semin Nucl Med,10.1016/s0001-2998(75)80013-4,
1145924,1975,Urodynamic evaluation after abdominal-perineal resection and lumbar intervertebral disk herniation.,Urology,10.1016/0090-4295(75)90595-6,
1093504,1975,Transient bacteremia associated with barium enema.,Arch Intern Med,10.1001/archinte.135.6.835,
1133921,1975,[Role of color lymphography in increasing the incidence of radical surgical interventions in rectal cancer].,Klin Khir (1962),,
1126810,1975,Fractionated cystography to assess infiltration of the bladder wall by intravesical tumors.,Int Surg,,
1097360,1975,[Cancer check-up in the male].,Internist (Berl),,
1127725,1975,Sequential studies of serum blocking activity in rats bearing chemically induced primary bowel tumors.,J Natl Cancer Inst,,
1226857,1975,[Rectal carcinoma in women. A contribution to preventive medicine].,Z Arztl Fortbild (Jena),,
1168755,1975,[X-ray diagnosis of polyps of the large intestine-use of a universal gyroscopic TV apparatus].,Rinsho Hoshasen,,
1125588,1975,Oxygen therapy for pneumatosis coli.,Br Med J,10.1136/bmj.1.5956.493,PMC1672569
1091321,1975,Single layer anastomosis after rectosigmoid resection.,Br J Surg,10.1002/bjs.1800620318,
47284,1975,"Urologic complications after operations for anorectal cancer, with an evaluation of preoperative intravenous pyelography.",Dis Colon Rectum,10.1007/BF02587156,
169584,1975,[Bone metastases of colonic and rectal neoplasms. Apropos of 11 cases].,Sem Hop,,
1145274,1975,[X-ray diagnosis of late complications after surgery of the rectum and colon].,Sov Med,,
1119678,1975,Comparison of colonoscopy and the contrast enema in five hundred patients with colorectal disease.,Am J Surg,10.1016/0002-9610(75)90295-0,
1090479,1975,Computer-aided diagnosis of lower gastrointestinal tract disorders.,Gastroenterology,,
1217846,1975,Roentgenological features in villous papilloma of the colon and rectum.,Ann Chir Gynaecol Fenn,,
1126258,1975,Clinical experiences at St. Mark's Hospital with multiple synchronous cancers of the colon and rectum.,Dis Colon Rectum,10.1007/BF02587230,
1119662,1975,Metastatic carcinoma simulating inflammatory colitis.,Am J Roentgenol Radium Ther Nucl Med,10.2214/ajr.123.1.74,
1119474,1975,The radiology corner. Anorectal melanoma.,Am J Gastroenterol,,
1115052,1975,Unusual involvement of the rectum by carcinoma of the prostate.,Am J Dig Dis,10.1007/BF01073135,
1053789,1975,Clinical correlation of hepatic flow studies.,J Nucl Med,,
138278,1976,Early X-ray detection of colonic and rectal tumours in European hamsters.,Z Krebsforsch Klin Onkol Cancer Res Clin Oncol,10.1007/BF00506505,
1000469,1976,Assessment of serial carcinoembryonic antigen (CEA) assays in postoperative detection of recurrent colorectal cancer.,Cancer,10.1002/1097-0142(197612)38:6<2310::aid-cncr2820380618>3.0.co;2-l,
996711,1976,Preservation of the superior hemorrhoidal artery in resection of the colon and rectum.,Surg Gynecol Obstet,,
993665,1976,Toward an early diagnosis of carcinoma of the colon.,J Maine Med Assoc,,
991687,1976,[Ureteral lesions after abdomino-perineal resection of the rectum].,Chirurg,,
137184,1976,[An analysis of the radiological appearance of osteoplastic metastases and osteitis deformans (Paget's disease) (author's transl)].,Rofo,10.1055/s-0029-1230489,
1023366,1976,[Diagnosis and treatment of adenomatous polyps of the rectum and large intestines].,Sov Med,,
1024825,1976,The correlation between liver scintigraphy and serum CEA levels in the detection of liver metastases from rectum carcinoma. A retrospective study.,Eur J Nucl Med,10.1007/BF00257960,
183287,1976,[Multiple lipomas of the colon and rectum].,Sem Hop,,
949681,1976,Fast neutron radiotherapy for locally advanced pelvic cancer.,Cancer,10.1002/1097-0142(197606)37:6<2620::aid-cncr2820370609>3.0.co;2-2,
962482,1976,[Routine double contrast radiography for the detection of colonic polyps (author's transl)].,Arch Fr Mal App Dig,,
942556,1976,[Significance of scintigraphy in the diagnosis of hepatic metastases of cancer of the large intestine and anorectum].,Rozhl Chir,,
1253655,1976,Bone scanning in carcinomas of the colon and rectum.,Dis Colon Rectum,10.1007/BF02590867,
946107,1976,Letter: Screening for colonic and rectal carcinoma.,JAMA,,
1083011,1976,[Round-table discussion on gastrointestinal hemorrhage. Does better cooperation among specialists give greater effect than new therapy forms].,Nord Med,,
932117,1976,[Surgical treatment of pulmonary metastases from rectocolic cancers. Apropos of 21 cases].,J Chir (Paris),,
1247974,1976,What should the physician ask?,Cancer,10.1002/1097-0142(197601)37:1+<434::aid-cncr2820370706>3.0.co;2-o,
1247300,1976,Carcinoembryonic antigen (CEA) as a prognostic and monitoring test in clinically complete resection of colorectal carcinoma.,Ann Surg,10.1097/00000658-197601000-00002,PMC1344173
1244693,1976,The treatment of cancer of the large intestine.,Surg Gynecol Obstet,,
1052440,1976,The double-contrast enema: myths and misconceptions.,Gastrointest Radiol,10.1007/BF02256338,
1021014,1976,[Evaluation of lymphography in neurologic complications of neoplastic diseases (author's transl)].,Arch Geschwulstforsch,,
1011645,1976,"[Direct lymphography and inferior mesentericography--possibilities and limits in determining the location, stage and operability of rectal carcinoma].",Khirurgiia (Sofiia),,
1003805,1976,[Irrigography as a method for determining the degree of anal retention after sphincter-preserving operations for rectal cancer].,Khirurgiia (Sofiia),,
936807,1976,[Our experiences in the surgical treatment of rectal carcinoma].,Zentralbl Chir,,
602218,1977,[Limb lymphography in rectal carcinoma].,Wiad Lek,,
274129,1977,Liver scanning in patients with colorectal carcinomas.,Aust N Z J Surg,10.1111/j.1445-2197.1977.tb06629.x,
70747,1977,[Incurable colorectal cancer. Possibilities and limits of differentiated therapy (author's transl)].,MMW Munch Med Wochenschr,,
897520,1977,[Double-contrast technique for diagnostics of the large intestine (author's transl)].,Rontgenblatter,,
916273,1977,[Villous adenoma of the colon. Report of 2 cases (author's transl)].,Rinsho Hoshasen,,
880573,1977,Significance of the vertebral venous (Batson's) plexus in metastatic spread in colorectal carcinoma.,Cancer,10.1002/1097-0142(197707)40:1<67::aid-cncr2820400113>3.0.co;2-f,
408898,1977,Recent advances in radiotherapy.,Rev Interam Radiol,,
850859,1977,The value of liver scan in the follow-up study of patients with adenocarcinoma of the colon and rectum.,Surg Gynecol Obstet,,
847182,1977,"Genetics and cancer of the gastrointestinal system. Annual oration in honor of Herbert M. Stauffer, M.D., 1914-1970.",Radiology,10.1148/123.2.263,
867715,1977,[Importance of repeated lymphography in clinical practice].,Vestn Khir Im I I Grek,,
862475,1977,[Secondary retroperitoneal fibrosis of scars following rectum exstirpation].,Chirurg,,
853487,1977,[The preponderant role of the radiologist in the prevention of recto-colonic carcinoma by the detection of polyps (author's transl)].,J Radiol Electrol Med Nucl,,
844394,1977,The preoperative diagnosis of hepatic metastases in cases of colorectal carcinoma.,Dis Colon Rectum,10.1007/BF02587324,
838496,1977,Detecting early colon cancer.,Hosp Pract,10.1080/21548331.1977.11707094,
266918,1977,Liver scanning in patients with colorectal carcinoma.,Aust N Z J Surg,10.1111/j.1445-2197.1977.tb03939.x,
899195,1977,[Lymphographic and lymphoscintigraphic semiotics of metastases and non-tumorous changes of the lymph nodes in rectal cancer].,Vestn Akad Med Nauk SSSR,,
857410,1977,[Importance of roentgeno-radioisotope diagnosis in precise determination of the TNM system classification of rectal cancer].,Vopr Onkol,,
401049,1977,New applications of old radiographic techniques applied to computed tomography.,Comput Tomogr,10.1016/0363-8235(77)90017-5,
194991,1977,99mTc-pyrophosphate bone scans in patients with metastatic carcinoid tumors.,J Med,,
743492,1978,The blood supply of colorectal liver metastases.,Br J Cancer,10.1038/bjc.1978.283,PMC2009820
740902,1978,[Lymphographic and lymphographic metastasis criteria for rectum carcinoma (author's transl)].,Radiol Diagn (Berl),,
736660,1978,Cancer risk in extensive ulcerative colitis.,Ann Surg,10.1097/00000658-197812000-00018,PMC1396996
102163,1978,Progress in radiology: colorectal tumors: pathology and detection.,AJR Am J Roentgenol,10.2214/ajr.131.4.691,
684394,1978,[Interdisciplinary treatment planning in cancer].,Schweiz Med Wochenschr,,
742330,1978,[Progress in the early diagnosis of cancer of the colon and rectum].,Acta Gastroenterol Latinoam,,
709512,1978,Carcinoembryonic antigen (CEA): its role as a monitor of radiation therapy for colorectal cancer.,Cancer,10.1002/1097-0142(197809)42:3+<1434::aid-cncr2820420809>3.0.co;2-p,
722659,1978,[Technical restatement about double contrast enema (author's transl)].,J Radiol Electrol Med Nucl,,
684224,1978,"[Roentgen morphology of secondary, metastatic bone tumors (author's transl)].",Radiologe,,
663240,1978,Urinary tract after abdomino-perineal resection.,Radiology,10.1148/128.2.345,
638697,1978,If I had..,Br Med J,,PMC1604261
707098,1978,Lymph node identification in carcinoma of the colon and rectum. Value of tissue specimen radiography.,Acta Pathol Microbiol Scand A,10.1111/j.1699-0463.1978.tb02034.x,
672487,1978,[Repeated lower mesentericography in the evaluation of the effectiveness of radiotherapy of rectal cancer].,Med Radiol (Mosk),,
98252,1978,67Ga-citrate scanning in gastrointestinal malignancies.,Clin Nucl Med,10.1097/00003072-197805000-00004,
18748185,1978,Radiology-epitomes of progress: optimal therapy for rectal cancer.,West J Med,,PMC1238111
654018,1978,[Clinical and x-ray aspects of the diagnosis of multiple primary malignant tumors of the colon].,Vestn Khir Im I I Grek,,
416684,1978,Angiography of abdominal leiomyosarcoma.,AJR Am J Roentgenol,10.2214/ajr.130.4.725,
639456,1978,The retrorectal space.,Clin Radiol,10.1016/s0009-9260(78)80228-1,
736578,1978,The relationship between carcinoma of the rectum and hemorrhoids.,Arch Chir Neerl,,
706893,1978,[Value of radioisotopic study methods in detecting metastatic liver and lymph node lesions in cancer of the large intestine].,Zh Eksp Klin Med,,
636270,1978,[Irrigoscopy after operations on the large intestine using an anal irrigator].,Vestn Rentgenol Radiol,,
360279,1978,The impact of colonoscopy on the problem of colorectal cancer.,Prog Clin Cancer,,
278472,1978,Experimental colo-rectal tumours in the rat. A histopathologic study with special reference to normal anatomy and to immunologic and radiographic aspects.,Acta Pathol Microbiol Scand Suppl,,
505264,1979,Colonoscopy in the detection of carcinoma of the intestine.,Surg Gynecol Obstet,,
504662,1979,Microfibrillar collagen hemostat: a new transcatheter embolization agent.,Radiology,10.1148/133.3.775,
160376,1979,[Computer tomography in the diagnosis of local recurrences after resection for carcinoma of the rectum (author's transl)].,Rofo,10.1055/s-0029-1231479,
117640,1979,[The colorectal neoplasm. Radiodiagnosis].,Wien Med Wochenschr,,
493506,1979,[The enlarged retrorectal space--indicative of specific pathology or only unspecific symptom of disease in the true pelvis? (author's transl)].,Radiologe,,
493505,1979,[Radiologic diagnosis of benign and malignant changes occurring at anastomoses following resection of colonic cancer (author's transl)].,Radiologe,,
114011,1979,Focal irregularity of the rectal mucosa.,AJR Am J Roentgenol,10.2214/ajr.133.4.677,
468875,1979,Gallium-67 citrate in detecting recurrent rectal carcinoma after abdomino-perineal resection.,J Can Assoc Radiol,,
457958,1979,Radiotherapeutic applications of pelvic computed tomography.,J Comput Assist Tomogr,10.1097/00004728-197908000-00004,
291405,1979,Delayed diagnosis of carcinoma of the rectum and sigmoid.,Aust N Z J Surg,10.1111/j.1445-2197.1979.tb05833.x,
157947,1979,[Computer tomographic findings after resection of the rectum (author's transl)].,Rofo,10.1055/s-0029-1231399,
157946,1979,[Radiologic investigations following abdomino-perineal resection of the rectum (author's transl)].,Rofo,10.1055/s-0029-1231398,
91180,1979,[The diagnostic value of double-contrast-technique cystography in the evaluation of benign and malignant lesions of the urinary bladder (author's transl)].,Radiologe,,
539063,1979,[Lymphographic visualization of the rectal lymphatic channels and nodes].,Z Lymphol,,
451435,1979,[Radiological diagnosis of colorectal polypi and carcinomas which have not progressed].,Rontgenblatter,,
459116,1979,[X-ray diagnosis of carcinoma of the colon and rectum (author's transl)].,Rinsho Hoshasen,,
219672,1979,Primary and metastatic scirrrhous carcinoma of the rectum.,AJR Am J Roentgenol,10.2214/ajr.132.5.711,
87042,1979,[Problems in radiation therapy for carcinoma of the rectum (author's transl)].,Strahlentherapie,,
456214,1979,Comparison of flexible sigmoidoscopy with other diagnostic techniques in the diagnosis of rectocolon neoplasia.,Dig Dis Sci,10.1007/BF01296540,
443903,1979,Rectal obstruction secondary to carcinoma of the prostate.,Ann Surg,,PMC1397259
313043,1979,[Double contrast barium enema-colonoscopy. Comparative diagnostic value in 73 patients (author's transl)].,Nouv Presse Med,,
419445,1979,Splenomegaly with carcinoma of the colon and rectum.,Surg Gynecol Obstet,,
284842,1979,Evaluation of computed tomography in the detection of pulmonary metastases: a prospective study.,Cancer,10.1002/1097-0142(197903)43:3<913::aid-cncr2820430319>3.0.co;2-q,
106645,1979,Medial deviation of the pelvic ureters after abdominoperineal resection of the rectum.,AJR Am J Roentgenol,10.2214/ajr.132.3.413,
224349,1979,[Criteria of surgical treatment in 148 cases of recto-sigmoid cancer].,Minerva Chir,,
419595,1979,[Intestinal endometriosis].,Ugeskr Laeger,,
104358,1979,The barium enema; evidence for proper utilization.,Radiology,10.1148/130.2.297,
499977,1979,The value of Welin's modification of the double contrast examination in early colorectal cancer.,Front Gastrointest Res,10.1159/000402306,
419313,1979,[The significance of x-ray-examination in early diagnosis of colon carcinoma compared with colonoscopy (author's transl)].,Radiologe,,
32785,1979,[The value of diagnostic methods in colon cancer. 3. The value of X-ray examination].,Aktuelle Probl Chir Orthop,,
7219302,1980,Faecal occult blood testing in patients with colonic symptoms.,Med J Aust,10.5694/j.1326-5377.1980.tb131969.x,
7010404,1980,Evaluation of screening tests for colorectal cancer.,Prim Care,,
7450459,1980,Who needs radiology? A/S/G/E Distinguished Lecture 1980.,Gastrointest Endosc,10.1016/s0016-5107(80)73299-6,
7212491,1980,Looking for early cancer.,Ann Intern Med,10.7326/0003-4819-93-5-773,
7210485,1980,[Lymphatic vessels lymph nodes of the lower extremities in the x-ray image (based on external malleolus lymphographic data)].,Vestn Rentgenol Radiol,,
7001640,1980,Lymphoma of the gastrointestinal tract.,Semin Roentgenol,10.1016/0037-198x(80)90024-3,
7416960,1980,Arteriovenous carcinoembryonic antigen gradient: determination by selective angiography for localization of metastatic colorectal cancer.,Arch Surg,10.1001/archsurg.1980.01380090088021,
6969890,1980,Diffusion rates of positron emitters in pion irradiated patients.,Phys Med Biol,10.1088/0031-9155/25/5/011,
6773369,1980,Solitary rectal ulcer syndrome: radiologic manifestations.,AJR Am J Roentgenol,10.2214/ajr.135.3.499,
7446716,1980,New experiences with Welin's double-contrast method.,Am J Proctol Gastroenterol Colon Rectal Surg,,
7397693,1980,Radioimmunodetection of cancer with radioactive antibodies to carcinoembryonic antigen.,Cancer Res,,
7279698,1980,Use of limitations of radiolabeled anti-CEA antibodies and their fragments for photoscanning detection of human colorectal carcinomas.,Oncodev Biol Med,,
6967396,1980,Radiology in investigation of rectal bleeding.,Dis Colon Rectum,10.1007/BF02586837,
6774802,1980,ACS report on the cancer-related health checkup.,CA Cancer J Clin,,
6772043,1980,Anal carcinoma: current therapeutic concepts.,Am J Surg,10.1016/0002-9610(80)90432-8,
6249106,1980,Computed tomography of colon carcinoma.,AJR Am J Roentgenol,10.2214/ajr.135.1.43,
7393036,1980,Screening of patients after surgery for colorectal carcinoma: value of faecal occult blood testing and flexible sigmoidoscopy.,Med J Aust,10.5694/j.1326-5377.1980.tb135101.x,
7357516,1980,Radioimmunodetection of colorectal cancer.,Cancer,10.1002/1097-0142(19800315)45:5+<1243::aid-cncr2820451334>3.0.co;2-1,
7355217,1980,The use of computed tomography in recurrent rectal tumors.,Radiology,10.1148/radiology.134.3.7355217,
6154355,1980,Xenogeneic antitumor antibodies in cancer radioimmunodetection.,Transplant Proc,,
7366019,1980,[X-ray diagnosis of colo-rectal polyp (author's transl)].,Rinsho Hoshasen,,
7358255,1980,Villous tumors of the colon and rectum: double-contrast study of 47 cases.,Gastrointest Radiol,10.1007/BF01888605,
7393460,1980,[Importance of lymphangiography in the diagnosis of recto-sigmoid tumors].,Minerva Chir,,
7455050,1980,[Importance of caudal mesenteriography for precise determination of the degree of spread of rectal cancer and for the choice of treatment method].,Radiol Diagn (Berl),,
7455023,1980,[Clinical and morphological determination of the effectiveness of preoperative radiologic and combined radiologic-chemotherapeutic therapy in locally metastasized rectal cancer].,Radiobiol Radiother (Berl),,
7433888,1980,"Precancerous lesions in the mucosa in ulcerative colitis. A radiographic, endoscopic, and histopathologic study.",Scand J Gastroenterol,10.3109/00365528009181472,
7408621,1980,Role of computed tomography in the diagnosis and radiotherapy planning of recurrent rectal carcinoma.,Diagn Imaging,,
7357242,1980,The value of routine preoperative urological assessment in patients undergoing elective surgery for diverticular disease or carcinoma of the large bowel.,Br J Surg,10.1002/bjs.1800670113,
7337921,1980,Screening for colorectal tumors - results of two years experience.,Cancer Detect Prev,,
6156364,1980,Value of serial CEA determinations in a surgical adjuvant trial of colorectal and gastric carcinoma.,J Surg Oncol,10.1002/jso.2930140314,
6154027,1980,Computed tomography for radiotherapy planning.,Int J Radiat Oncol Biol Phys,10.1016/0360-3016(80)90211-4,
7338617,1981,Cloacogenic carcinoma.,J Clin Gastroenterol,10.1097/00004836-198112000-00012,
7320294,1981,Value of computed tomography in the detection and staging of recurrent rectal carcinomas.,J Comput Assist Tomogr,10.1097/00004728-198112000-00016,
7317742,1981,A prospective study of bladder function before and after sphincter-saving resections for low carcinoma of the rectum.,Br J Urol,10.1111/j.1464-410x.1981.tb03260.x,
7313730,1981,Carcinoma of the right colon: a change in characteristic configuration?,South Med J,10.1097/00007611-198112000-00005,
7302230,1981,CT appearance of the pelvis after abdomino-perineal resection for rectal carcinoma.,Radiology,10.1148/radiology.141.3.7302230,
7322073,1981,Fast neutron radiotherapy: for equal or for better?,Med Phys,10.1118/1.594851,
7302484,1981,[Direct coronary and sagittal computerized tomography of the pelvis (author's transl)].,Rontgenblatter,,
7291586,1981,New technique to stage early rectal carcinoma by computed tomography.,Radiology,10.1148/radiology.141.2.7291586,
7033646,1981,[Hepatography in the evaluation of liver function in rectal cancer].,Khirurgiia (Mosk),,
6273079,1981,[Contribution of radiology to the postoperative after care of patients with colorectal tumors].,Chirurg,,
7291518,1981,Detection and staging of primary rectal and rectosigmoid cancer by computed tomography.,Radiology,10.1148/radiology.141.1.7291518,
7312790,1981,How accurately do we diagnose tumours at the rectosigmoid junction?,Practitioner,,
7289674,1981,Studies on indirect lymphography of the rectum in man.,Lymphology,,
7280227,1981,Double-contrast enema examination for detection of rectal carcinoma.,Radiology,10.1148/radiology.140.3.7280227,
7292456,1981,[What place has X-ray examination of the colon with barium enema in rectal cancer?].,Tidsskr Nor Laegeforen,,
7285616,1981,CT scanning in the male genital tract and in recurrent rectal carcinoma: a review.,J Comput Tomogr,10.1016/0149-936x(81)90040-0,
7277147,1981,"The role of sigmoidoscopy, radiographs, and colonoscopy in the diagnostic evaluation of pediatric age patients with suspected juvenile polyps.",J Pediatr Surg,10.1016/s0022-3468(81)80015-2,
7272669,1981,Integrity of low colorectal EEA-Stapled anastomosis.,Br J Surg,10.1002/bjs.1800680806,
7260522,1981,Pre-operative computed tomography of carcinoma of the rectum.,Br J Radiol,10.1259/0007-1285-54-644-655,
6789638,1981,Colorectal carcinoma missed on double contrast barium enema study: a problem in perception.,AJR Am J Roentgenol,10.2214/ajr.137.2.307,
7237381,1981,The macroscopic appearance of colorectal polyps.,Cancer,10.1002/1097-0142(19810701)48:1<151::aid-cncr2820480126>3.0.co;2-5,
6791875,1981,Positive and negative contrast agents in CT evaluation of the abdomen and pelvis.,J Comput Tomogr,10.1016/0149-936x(81)90020-5,
6454627,1981,Intravenous contrast enhancement in computed tomography of pelvic malignancies.,Rofo,10.1055/s-2008-1056435,
7289075,1981,[Diagnostic classification of colorectal neoplasms based on radiographic imaging].,Nihon Rinsho,,
7289072,1981,[X-ray diagnosis of the invasiveness of colorectal neoplasms].,Nihon Rinsho,,
7289071,1981,[Diagnostic capacity of x-ray in detecting small swellings in the large intestine].,Nihon Rinsho,,
6939930,1981,Cancer mortality in women after repeated fluoroscopic examinations of the chest.,J Natl Cancer Inst,,
7186832,1981,[Recurrence of rectal cancer in computerized tomography].,Computertomographie,,
6974083,1981,The role of computerized tomography in the after care of patients suffering from a carcinoma of the rectum.,Comput Tomogr,10.1016/0363-8235(81)90092-2,
6167921,1981,[Current status of chemotherapy of gastric and colorectal cancer].,Onkologie,10.1159/000214889,
7466578,1981,Detection of carcinoma of the colon and rectum by air contrast enema.,Surg Gynecol Obstet,,
7233799,1981,[X-ray diagnosis of cancer against a background of diffuse polyposis of the large intestine].,Vestn Rentgenol Radiol,,
7212797,1981,Screening for liver metastases from colorectal cancer with carcinoembryonic antigen and alkaline phosphatase.,Ann Surg,10.1097/00000658-198103000-00019,PMC1345076
6452349,1981,"[CT of the lesser pelvis--normal and abnormal anatomy, indications, results (author's transl)].",Rofo,10.1055/s-2008-1056320,
7262502,1981,Computed tomography in carcinoma of the rectum.,Gastrointest Radiol,10.1007/BF01890226,
7349802,1981,A cooperative study on the detection of colorectal cancer and polyps in France.,Cancer Detect Prev,,
7347117,1981,Computed tomography of recurrent rectal carcinoma.,Acta Radiol Diagn (Stockh),10.1177/028418518102200608,
7340715,1981,[Early detection of gastrointestinal tumors (author's transl)].,Arch Geschwulstforsch,,
7340347,1981,[The value of contrast lymphography in the planning of abdominal surgery].,Acta Chir Iugosl,,
7311194,1981,Significance of pelvic retroperitoneal pneumography in the assessment of extramural invasion of rectal carcinoma.,Jpn J Surg,10.1007/BF02468958,
7257691,1981,[The EEA stapler in low rectal anastomoses: preliminary results (author's transl)].,Acta Chir Belg,,
7222838,1981,[Roentgen diagnosis of the large intestine with special reference to the double-contrast method and its significance in tumor diagnosis].,Z Gesamte Inn Med,,
6758033,1982,Computed tomography in the staging of gastrointestinal carcinoma.,Radiol Clin North Am,,
6758032,1982,Radiologic approach to the detection of colorectal neoplasia.,Radiol Clin North Am,,
7157085,1982,[Lymphography--an obsolete method?].,Rontgenpraxis,,
7127037,1982,The identification of patients at high risk following curative resection for colorectal carcinoma.,Br J Surg,10.1002/bjs.1800691008,
7122875,1982,Work in progress. The anal canal: distinction of internal hemorrhoids from small cancers by double-contrast barium enema examination.,Radiology,10.1148/radiology.145.1.7122875,
7104968,1982,The American Society of Therapeutic Radiologists Presidential Address: October 1981. Potential for improving survival rates for the cancer patient by increasing the efficacy of treatment of the primary lesion.,Cancer,10.1002/1097-0142(19821001)50:7<1227::aid-cncr2820500702>3.0.co;2-j,
6982099,1982,Treatment of advanced colorectal and gastric adenocarcinomas with 5-FU combined with high-dose folinic acid: a pilot study.,Cancer Treat Rep,,
6956758,1982,Carcinoembryonic antigen: usefulness as a postsurgical method in the detection of recurrence in Dukes stages B2 and C colorectal cancers.,J Natl Cancer Inst,,
7132895,1982,[Computer tomography: indications and current value].,Med Klin Prax,,
6291167,1982,[Late anuria in rectosigmoid cancers].,Sem Hop,,
6957779,1982,Large bowel diseases in New Zealand based on 1118 air contrast enemas.,N Z Med J,,
7112000,1982,[CT in relapsing rectal carcinomas (author's transl)].,Rontgenblatter,,
6124802,1982,Radioimmunodetection of human colorectal cancers by an anti-tumour monoclonal antibody.,Lancet,10.1016/s0140-6736(82)90437-8,
6813686,1982,[Treatment of anal carcinoma. A combined surgical and radiological plan].,MMW Munch Med Wochenschr,,
6956314,1982,Large bowel segment lengths and the distribution of colorectal cancer.,Aust N Z J Surg,10.1111/j.1445-2197.1982.tb06015.x,
7104612,1982,The clinical staging of rectal cancer.,Br J Surg,10.1002/bjs.1800690716,
6749437,1982,Syndromes of polyposis coli and cancer.,Curr Probl Cancer,10.1016/s0147-0272(82)80015-9,
7123580,1982,[Combined surgical/radiological therapy of carcinomas of the anal canal and the peri-anal skin ].,Strahlentherapie,,
6282100,1982,Computed tomography of the liver and spleen with intravenous lipoid contrast material: review of 60 examinations.,AJR Am J Roentgenol,10.2214/ajr.138.6.1063,
6213490,1982,[The fascial planes round the rectum. Anatomic and computer tomographic correlations (author's transl)].,Rofo,10.1055/s-2008-1056124,
7111786,1982,[The use of computerized tomography in recurrences of rectal tumors].,Radiol Med,,
7105898,1982,[Combined surgical and radiologic treatment of anal cancer].,Chirurg,,
7098346,1982,[Clinico-roentgenological diagnosis of recurrences of rectal cancer].,Khirurgiia (Mosk),,
7044253,1982,Complications of rectal anastomoses with end-to-end anastomosis (EEA) stapling instrument. Clinical and radiological leak rates and some practical hints.,Ann R Coll Surg Engl,,PMC2493995
6284616,1982,[The value of computer tomography in the diagnosis of local recurrences of carcinoma of the rectum (author's transl)].,Rofo,10.1055/s-2008-1056097,
7067557,1982,Serial CEA assays and liver scintigraphy for the detection of hepatic metastases from colorectal carcinoma.,Dis Colon Rectum,10.1007/BF02553099,
6283589,1982,[Computed Axial tomography in patients with abdomino-perineal excision. A radiological and clinical control (author's transl)].,Radiologe,,
7108841,1982,[Computed tomography of the pathological pelvis (author's transl)].,J Radiol,,
7059921,1982,Postoperative surveillance of colorectal carcinoma.,Cancer,10.1002/1097-0142(19820301)49:5<1043::aid-cncr2820490533>3.0.co;2-y,
6978008,1982,Double-contrast enema in pelvic endometriosis.,AJR Am J Roentgenol,10.2214/ajr.138.3.549,
7079708,1982,[Endobronchial metastases of extrathoracic malignancies].,Schweiz Med Wochenschr,,
7184397,1982,[CT diagnosis of uterine cancer].,Gan To Kagaku Ryoho,,
7117750,1982,"Region-specific patterns of mucin reaction demonstrated by paradoxical concanavalin A-staining in normal colonic epithelium and in colorectal cancers induced in rats by 1,2-dimethylhydrazine.",Gan,,
7084239,1982,"Indication for, and valuation of computed tomography following anterior resection of the rectum.",Eur J Radiol,,
7070239,1982,[Radionuclide and x-ray diagnosis of metastatic tumors of the gastrointestinal tract].,Med Radiol (Mosk),,
7054856,1982,Double-contrast enema examination for detection of rectal carcinoma.,Radiology,10.1148/radiology.142.2.545-c,
6277969,1982,[Pelvic-peritoneal recurrences after amputation of the rectum for cancer. Report of 23 cases (author's transl)].,J Chir (Paris),,
6212425,1982,[The radiological and clinical features of Gardner's syndrome (author's transl)].,Rofo,10.1055/s-2008-1056014,
7169874,1982,"[Bases, technic and expressiveness of computer tomography. Indications and efficiency].",Langenbecks Arch Chir,10.1007/BF01271801,
7169004,1982,[Double-contrast barium enema: a routine examination in the tropical zone].,Dakar Med,,
7166148,1982,[Diagnosis of presacral tumor recurrence following rectum extirpation using computer tomography].,Dtsch Z Verdau Stoffwechselkr,,
7136415,1982,The value of conventional barium enema of the colon in patients with haemorrhoids.,Acta Chir Scand,,
7134620,1982,Colorectal cancer. Radiological assessment.,Recent Results Cancer Res,,
7106495,1982,Contribution of the pathologist to the radiology and management of colorectal polyps.,Gastrointest Radiol,10.1007/BF01887653,
7089222,1982,[Effectivity judgement of the gamma distance therapy by a technique of fractionating the daily dose at inoperable malignant tumours (author's transl)].,Radiobiol Radiother (Berl),,
7077855,1982,[Radiographic study of colo-rectal polyps (author's transl)].,Rinsho Hoshasen,,
7072521,1982,Variable interpretation of liver scintigraphy in malignancy as an aid in clinical decision-making.,Acta Med Scand,10.1111/j.0954-6820.1982.tb01896.x,
7053548,1982,Detection of rectal and rectosigmoid lesions by double-contrast barium enema examination and sigmoidoscopy. Accuracy of technique and efficacy of standard overhead views.,Radiology,10.1148/radiology.142.1.7053548,
6460578,1982,Caudal view on bone scan to visualize coccygeal and pubic lesions.,Clin Nucl Med,10.1097/00003072-198201000-00012,
6305113,1982,Preoperative irradiation with high-dose fractionation in adenocarcinoma of the rectum and rectosigmoid.,Acta Radiol Oncol,10.3109/02841868209134315,
6657090,1983,[Secondary circulatory disorders following rectosigmoid resection].,Neth J Surg,,
6546188,1983,Lymphoscintigraphy for malignant melanoma. Surgical considerations.,Am Surg,,
6632903,1983,Pelvic exenteration combined with sacral resection for recurrent rectal cancer.,J Surg Oncol,10.1002/jso.2930240302,
6616486,1983,Tumor localization in patients by radiolabeled monoclonal antibodies against colon carcinoma.,Cancer Res,,
6605069,1983,The pelvis after surgery for rectal carcinoma: serial CT observations with emphasis on nonneoplastic features.,AJR Am J Roentgenol,10.2214/ajr.141.5.959,
6355473,1983,Scanning for tumours with radiolabelled antibodies: a review.,J R Soc Med,10.1177/014107688307601113,PMC1439659
6232037,1983,Portal scanning for liver metastases in colorectal carcinoma.,Clin Radiol,10.1016/s0009-9260(83)80418-8,
6611932,1983,The perirectal fascia: morphology and use in staging of rectal carcinoma.,Radiology,10.1148/radiology.149.1.6611932,
6578372,1983,Localization of human colorectal tumor xenografts in the nude mouse with the use of radiolabeled monoclonal antibody.,J Natl Cancer Inst,,
6349949,1983,Comparison of the rigid sigmoidoscope and the flexible sigmoidoscope in conjunction with colon x-ray for detection of lesions of the colon and rectum.,Dis Colon Rectum,10.1007/BF02553334,
6881398,1983,Adult cancer prevention in primary care: patterns of practice in Québec.,Am J Public Health,10.2105/ajph.73.9.1036,PMC1651047
6871637,1983,Prognostic factors in locally recurrent rectal carcinoma treated by radiotherapy.,Br J Surg,10.1002/bjs.1800700807,
6870372,1983,Carcinoma of the colon and rectum--growth rate.,Ann Surg,10.1097/00000658-198308000-00007,PMC1353072
6134993,1983,Cancer surveillance in ulcerative colitis. Experience over 15 years.,Lancet,10.1016/s0140-6736(83)90129-0,
6871625,1983,Preoperative urography in large bowel cancer: a useless investigation?,Br J Surg,10.1002/bjs.1800700712,
6641181,1983,Rectal cancer: extent of disease and radiotherapeutic effects by computed tomography.,Comput Radiol,10.1016/0730-4862(83)90144-0,
6412044,1983,Computed tomography with a linear accelerator with radiotherapy applications.,Med Phys,10.1118/1.595391,
6345407,1983,Alterations of the basement membrane and connective tissue antigens in human metastatic lymph nodes.,Int J Cancer,10.1002/ijc.2910310608,
6879069,1983,[Results of computed tomographic diagnosis of recurrences of colorectal cancer].,Rontgenblatter,,
6855273,1983,Postoperative follow-up of patients with carcinoma of the colon.,Mayo Clin Proc,,
6844602,1983,Colon and rectal carcinoma: spatial distribution and detection.,Radiology,10.1148/radiology.147.3.6844602,
6602560,1983,Perineal sinus after removal of the rectum. Occlusion with fibrin adhesive.,Am J Surg,10.1016/0002-9610(83)90142-3,
6602483,1983,Barium enemas of carcinoma of the colon: sensitivity of double- and single-contrast studies.,AJR Am J Roentgenol,10.2214/ajr.140.6.1143,
6602482,1983,Management of rectal carcinoma: impact of computed tomography.,AJR Am J Roentgenol,10.2214/ajr.140.6.1137,
6308708,1983,Percutaneous treatment of pulmonary tumors by electrolysis.,Radiologe,,
6876584,1983,[Inferior mesentericography in the surgery of rectal cancer].,Klin Khir (1962),,
6876416,1983,[Comparative study of x-ray and endoscopy in the detection of polyps and cancer of the large bowel with office computer].,Gan No Rinsho,,
6653290,1983,Experience with routine office sigmoidoscopy using the 60-cm flexible colonoscope in private practice.,Dis Colon Rectum,10.1007/BF02561706,
6613142,1983,[Value of computer tomography of the small pelvis for the early diagnosis of local recurrence after surgery of rectal cancer].,Wien Klin Wochenschr,,
6404406,1983,Role of carcinoembryonic antigen in detection of asymptomatic disseminated disease in colorectal carcinoma.,Br Med J (Clin Res Ed),10.1136/bmj.286.6373.1242,PMC1547230
6402289,1983,Definitive nonsurgical therapy of epithelial malignancies of the anal canal. A report of 12 cases.,Cancer,10.1002/1097-0142(19830415)51:8<1378::aid-cncr2820510810>3.0.co;2-f,
6876003,1983,[Radiological aspects of rectal and colonic localizations of malignant non-Hodgkin's lymphoma. Apropos of 30 cases].,J Radiol,,
6833557,1983,CT evaluation of locally advanced carcinoma of the distal colon and rectum.,J Comput Assist Tomogr,10.1097/00004728-198304000-00011,
6831146,1983,The appearances on computed tomography after abdominoperineal resection for carcinoma of the rectum: a comparison between the normal appearances and those of recurrence.,Br J Radiol,10.1259/0007-1285-56-664-237,
6601375,1983,Hepatic metastases in perspective.,AJR Am J Roentgenol,10.2214/ajr.140.4.695,
6574355,1983,Mutual aids radiologist and endoscopist.,N Y State J Med,,
6403420,1983,Colonic and rectal lymphomas. A report of six cases and review of the literature.,Rofo,10.1055/s-2008-1055726,
6364060,1983,[Computerized tomography in the evaluation of the degree of progression of cancer of the large intestine before and after surgical treatment].,Pol Przegl Radiol,,
6339824,1983,Leucocyte adherence inhibition and carcinoembryonic antigen in combination for diagnosis of colorectal cancer.,J Surg Oncol,10.1002/jso.2930220315,
6295871,1983,Carcinoembryonic antigen radioimmunodetection in the evaluation of colorectal cancer and in the detection of occult neoplasms.,Gastroenterology,,
6881988,1983,[Macroscopic observation of progression of colorectal cancer].,Gan To Kagaku Ryoho,,
6823656,1983,A comparison of isotopic and computerized tomographic scanning in the diagnosis of metastasis to the liver in patients with adenocarcinoma of the colon and rectum.,Surg Gynecol Obstet,,
6337613,1983,Localisation of metastatic carcinoma by a radiolabelled monoclonal antibody.,Br J Cancer,10.1038/bjc.1983.33,PMC2011266
6298290,1983,Computed tomography of calcified liver masses.,J Comput Assist Tomogr,10.1097/00004728-198302000-00015,
6872582,1983,Immunoscintigraphy for the detection of human carcinoma after injection of radiolabeled monoclonal anti-carcinoembryonic antigen antibodies.,Curr Top Microbiol Immunol,10.1007/978-3-642-68949-9_3,
6871490,1983,[Use of tomographic scintigraphy with radio-labelled monoclonal antibodies for detecting human digestive cancers and medullary cancers of the thyroid].,Bull Cancer,,
6871485,1983,[Use of radio-labelled monoclonal antibodies for the scintigraphic detection of human colorectal cancers].,Bull Cancer,,
6849497,1983,Colonoscopy: an essential monitoring technique after resection of colorectal cancer.,Am J Surg,10.1016/0002-9610(83)90169-1,
6845644,1983,[Similarity and differences between lymphogenous metastases of malignant tumors based on lymphographic data].,Vestn Rentgenol Radiol,,
6841479,1983,[Colonic occlusions. Retrospective cooperative study of 497 cases].,J Chir (Paris),,
6821738,1983,Intraperitoneal carcinomatosis: incidence of its radiographic findings and description of a new sign.,Br J Radiol,10.1259/0007-1285-56-661-13,
6821632,1983,Localisation and toxicity study of a vindesine-anti-CEA conjugate in patients with advanced cancer.,Br J Cancer,10.1038/bjc.1983.4,PMC2011264
6681644,1983,Internal radiotherapy for hepatic metastases II: The blood supply to hepatic metastases.,J Surg Res,10.1016/0022-4804(83)90018-5,
6649544,1983,[The role of computed tomography in the diagnosis of rectal cancer recurrences].,Vopr Onkol,,
6642154,1983,Diagnostic sensitivity of X-ray examination of the large bowel in colorectal cancer.,Gastrointest Radiol,10.1007/BF01948152,
6624520,1983,Double contrast examination in carcinoma of the colon and rectum. A prospective clinical series.,Acta Radiol Diagn (Stockh),10.1177/028418518302400301,
6613482,1983,Colorectal endometriosis.,Acta Chir Scand,,
6575842,1983,Monoclonal antibodies for radioimmunodetection of tumours and for targeting.,Bull Cancer,,
6343172,1983,Reliability of routine double-contrast examination (DCE) of the large bowel in polyp detection: a prospective clinical study.,Gastrointest Radiol,10.1007/BF01948114,
6312227,1983,Diagnostic procedures in the evaluation of hepatic diseases. Nuclear magnetic resonance tomographic imaging.,Lab Res Methods Biol Med,,
6526254,1984,Growth rates of colorectal carcinoma and adenoma by roentgenologic follow-up observations.,Gastroenterol Jpn,10.1007/BF02793869,
6507742,1984,Follow-up of patients with colorectal cancer.,Am J Surg,10.1016/0002-9610(84)90423-9,
6388724,1984,Direct vision brush cytology with colonoscopy: an aid to the accurate diagnosis of colonic strictures.,Br J Surg,10.1002/bjs.1800711204,
6208965,1984,An evaluation of pelvic lymphoscintigraphy in the staging of colorectal carcinoma.,Br J Surg,10.1002/bjs.1800711208,
6096933,1984,[Comparison of intra-arterial digital subtraction angiography with conventional arteriography].,Rofo,10.1055/s-2008-1053202,
6525261,1984,[The use of mechanical suturing in colorectal anastomoses].,Boll Soc Ital Biol Sper,,
6513031,1984,[Total pelvic exenteration for primary and locally recurrent rectal cancer].,Gan No Rinsho,,
6502581,1984,Computed tomographic scanning in rectal carcinoma.,J R Soc Med,10.1177/014107688407701104,PMC1440224
6499604,1984,Staging of colorectal cancer. The Australian clinico-pathological staging (ACPS) system compared with Dukes' system.,Dis Colon Rectum,10.1007/BF02554593,
6334871,1984,[Internal hemorrhoids--roentgen symptoms and differential diagnostic demarcation from rectal and anal cancer].,Radiologe,,
6526228,1984,[Emergency colonoscopy in lower intestinal occlusion].,Gastroenterol Clin Biol,,
6507371,1984,"Phase II trial of 1,2-diaminocyclohexane-(4-carboxyphthalato) platinum(II) (DACCP) in colorectal carcinoma.",Am J Clin Oncol,10.1097/00000421-198410000-00021,
6489071,1984,Angiography in colonic carcinoma.,Dis Colon Rectum,10.1007/BF02553355,
6505863,1984,[Angio-CT in the diagnosis of liver metastases of colorectal tumors].,Rontgenpraxis,,
6430542,1984,111Indium-oxine-labeled leukocytes in the diagnosis of localized infection in patients with neoplastic disease.,Cancer,10.1002/1097-0142(19840901)54:5<817::aid-cncr2820540510>3.0.co;2-j,
6388125,1984,[Lymphography using a Soviet autoinjector].,Vestn Khir Im I I Grek,,
6514554,1984,[Tumor vascularity under hypertension induced by intravenous infusion of angiotensin II. An angiographic observation].,Nihon Igaku Hoshasen Gakkai Zasshi,,
6733681,1984,"Preoperative staging of rectal cancer with computerized tomography. Accuracy, efficacy, and effect on patient management.",Cancer,10.1002/1097-0142(19840801)54:3<512::aid-cncr2820540321>3.0.co;2-f,
6479550,1984,Colorectal lymphoscintigraphy: a preliminary report.,Gastrointest Endosc,10.1016/s0016-5107(84)72402-3,
6146068,1984,Tumour imaging using an improved method of DTPA-coupled monoclonal antibodies radiolabelled with metallic radionuclides.,Lancet,10.1016/s0140-6736(84)91087-0,
6473989,1984,[The place of radiology in the diagnosis of anal tumors].,Schweiz Rundsch Med Prax,,
6529177,1984,[Value of radioimmunological serum levels of carcinoembryonic antigen in the postoperative monitoring of rectocolonic cancer].,Ann Gastroenterol Hepatol (Paris),,
6471404,1984,[Radiation therapy of brain metastases].,Gan No Rinsho,,
6748506,1984,[Computerized tomography in the diagnosis of pelvic recurrences in males after extirpation of the rectum].,Khirurgiia (Mosk),,
6734361,1984,Rectal lymphoscintigraphy.,Dis Colon Rectum,10.1007/BF02553002,
6429097,1984,Elective ilioinguinal lymph node irradiation.,Int J Radiat Oncol Biol Phys,10.1016/0360-3016(84)90381-x,
6372936,1984,The localization of an anti-tumour monoclonal antibody (791T/36) in gastrointestinal tumours.,Br J Surg,10.1002/bjs.1800710602,
6327930,1984,Accuracy of computerized tomography in determining hepatic tumor size in patients receiving liver transplantation or resection.,J Clin Oncol,10.1200/JCO.1984.2.6.637,PMC3154766
6740293,1984,[Complete removal of the rectum with preservation of continence in rectal cancer].,Schweiz Med Wochenschr,,
6729866,1984,[CT diagnosis and radiotherapy in local recurrences after surgery of a rectal cancer].,Strahlentherapie,,
6729863,1984,[Results of radiotherapy in recurrent colorectal tumors].,Strahlentherapie,,
6591917,1984,Immunoscintigraphy of colorectal carcinoma with monoclonal antibody 791T/36.,Behring Inst Mitt,,
6463765,1984,[CT diagnosis of local tumor recurrences following continence resection of rectal carcinoma].,Rontgenpraxis,,
6463764,1984,[Computed tomographic diagnosis of carcinoma in the rectum-sigmoid region].,Rontgenpraxis,,
6426711,1984,Diagnostic approach to evaluating the cause of a positive fecal occult blood test.,CA Cancer J Clin,10.3322/canjclin.34.3.148,
6472663,1984,[The treatment of carcinoma of the rectum and the postoperative follow-up. Our experience].,Minerva Chir,,
6711755,1984,Covering stoma for elective anterior resection of the rectum: an outmoded operation?,Am J Surg,10.1016/0002-9610(84)90016-3,
6425161,1984,Sensitivity of single and double contrast barium enema in the detection of colorectal carcinoma.,Rofo,10.1055/s-2008-1052995,
6085851,1984,[Treatment of hepatic metastases].,Presse Med,,
6715184,1984,"[Clinical and pathological aspects of ""rare"" metastases of colorectal carcinoma].",Helv Chir Acta,,
6697082,1984,Radiological features of familial polyposis coli: grouping by polyp profusion.,Br J Radiol,10.1259/0007-1285-57-675-217,
6607637,1984,Lateral distant view for improved accuracy in locating rectal tumors.,AJR Am J Roentgenol,10.2214/ajr.142.3.519,
6494515,1984,[Radiotherapy of local recurrences of surgically treated rectal and rectosigmoidal cancer].,Radiol Med,,
6366160,1984,Immunoscintigraphy of colon carcinoma.,J Nucl Med,,
6749100,1984,[Pelvic exenteration combined with sacral resection for recurrent rectal cancer. The roles of carcinoembryonic antigen and pelvic computed tomography for early detection].,Nihon Geka Gakkai Zasshi,,
6420277,1984,[Computed tomography and the clinical picture of carcinoma of the uterine cervix].,Rofo,10.1055/s-2008-1052939,
6364526,1984,Unusual radiologic features of metastatic prostatic carcinoma confirmed by immunohistochemical study.,Urology,10.1016/0090-4295(84)90027-x,
6737764,1984,[The value of CT in the detection of mural invasion in colon cancer].,Rinsho Hoshasen,,
6724234,1984,Radiologic spectrum of rectal carcinoid tumors.,Gastrointest Radiol,10.1007/BF01887795,
6711023,1984,[Diagnosis in suspected tumorous diseases in the aged].,Z Arztl Fortbild (Jena),,
6689962,1984,Local recurrence following 'curative' surgery for large bowel cancer: I. The overall picture.,Br J Surg,10.1002/bjs.1800710104,
6544894,1984,The selection of monoclonal antibodies for tumour localization in patients with colorectal carcinoma.,Med Oncol Tumor Pharmacother,10.1007/BF02934976,
6505197,1984,[CT following abdominosacral amputation of the rectum--a critical study of methods].,Radiol Diagn (Berl),,
6484244,1984,[Value of computerized tomography in the early detection of pelvic recurrences in patients subjected to resection of rectal cancer].,Radiol Med,,
6328761,1984,[Lymphatic system changes after the endolymphatic administration of an oil-based solution of dibunol].,Vopr Onkol,,
4096493,1985,[Pelvio-perineal recurrence after amputation of the rectum for cancer. Considerations on diagnosis and treatment].,Ann Gastroenterol Hepatol (Paris),,
4093323,1985,[Non-Hodgkin lymphoma of the rectum].,Helv Chir Acta,,
4075311,1985,Cisplatin plus 5-FU for the treatment of adenocarcinoma of the colon.,Cancer Treat Rep,,
4073358,1985,Intraoperative radioimmunodetection of colorectal tumor with a hand-held radiation detector.,Am J Surg,10.1016/0002-9610(85)90405-2,
2996749,1985,Palliation of pelvic recurrence of colorectal cancer with intra-arterial 5-fluorouracil and mitomycin.,Cancer,10.1002/1097-0142(19851101)56:9<2175::aid-cncr2820560906>3.0.co;2-3,
4091129,1985,[Spontaneous urinary extravasation due to chronic ureteral obstruction].,Hinyokika Kiyo,,
4089248,1985,[Cloacogenic carcinoma. Radiological appearance during double-contrast enema].,Radiol Med,,
3867028,1985,Imaging of primary and metastatic colorectal cancer using an 111In-labelled antitumour monoclonal antibody (791T/36).,Nucl Med Commun,10.1097/00006231-198510000-00003,
3863745,1985,Imaging of the ischiorectal fossa.,J Comput Tomogr,10.1016/0149-936x(85)90028-1,
2412188,1985,"[Experience in the use of the tumor markers CEA, GICA and TPA in the postoperative monitoring of colorectal neoplasms].",Minerva Med,,
4037904,1985,CEA-directed second-look surgery in the asymptomatic patient after primary resection of colorectal carcinoma.,Ann Surg,10.1097/00000658-198509000-00006,PMC1250903
4027786,1985,Current use of sphincter-saving excision in the radical treatment of rectal cancer.,Can J Surg,,
3875261,1985,Computed tomography of epithelial neoplasms of the anal canal.,AJR Am J Roentgenol,10.2214/ajr.145.3.569,
3861794,1985,The characteristics of blood-borne radiolabels and the effect of anti-mouse IgG antibodies on localization of radiolabeled monoclonal antibody in cancer patients.,J Nucl Med,,
3162003,1985,Avoidance of gastroduodenal toxicity in patients receiving hepatic arterial 5-fluoro-2'-deoxyuridine.,J Clin Oncol,10.1200/JCO.1985.3.9.1257,
2996069,1985,[Value of MR tomography vs. CT in the diagnosis of rectal carcinoma and its recurrence].,Rofo,10.1055/s-2008-1052813,
2995756,1985,[Hyperthermia and hyperglycemia in the radiation and combined treatment of locally disseminated and recurrent rectal cancer].,Med Radiol (Mosk),,
2931055,1985,Predicting tumor response in patients with colorectal hepatic metastases.,Ann Surg,10.1097/00000658-198509000-00017,PMC1250925
2413510,1985,[Percutaneous intra-arterial infusion and embolization of the liver metastases of colorectal carcinomas].,Rofo,10.1055/s-2008-1052814,
4042506,1985,"""Streaming"" in portal vein. Its effect on the spread of metastases to the liver.",Clin Nucl Med,,
4035295,1985,Mandibular osteomas in colorectal cancer.,Scand J Gastroenterol,10.3109/00365528509089209,
3926959,1985,"Pelvic intra-arterial mitomycin C infusion in previously treated patients with metastatic, unresectable, pelvic colorectal cancer and angiographic determination of tumor vascularity.",J Clin Oncol,10.1200/JCO.1985.3.8.1093,
3160063,1985,Cholangitis complicating intraarterial chemotherapy in liver metastasis.,Radiology,10.1148/radiology.156.2.3160063,
4012381,1985,"Preparation for barium enema: comparison of a commercial formula diet and low-residue, clear-liquid diets in inpatients.",South Med J,10.1097/00007611-198507000-00016,
4008294,1985,Treatment planning for colorectal cancer: radiation and surgical techniques and value of small-bowel films.,Int J Radiat Oncol Biol Phys,10.1016/0360-3016(85)90255-x,
3926477,1985,Does flexible sigmoidoscopy have any justification as compared with complete colonoscopy. An analysis of cost-effectiveness and medical risks.,Endoscopy,10.1055/s-2007-1018482,
3870908,1985,Occult-blood screening for colorectal carcinoma: the risks.,Am J Prev Med,,
4022622,1985,[Radiologic examination of the spread of rectal tumors].,Orv Hetil,,
4013345,1985,[Roentgen studies (lateral distance image) for precise determination of tumors of the rectum].,Wien Klin Wochenschr,,
4019553,1985,The radiologic assessment of iatrogenic urethral injury.,J Can Assoc Radiol,,
3894856,1985,[Monoclonal antibodies in the radionuclide diagnosis and therapy of tumors].,Med Radiol (Mosk),,
3159555,1985,Treatment of colorectal cancer hepatic metastases by hepatic artery chemotherapy.,Dis Colon Rectum,10.1007/BF02560217,
3886122,1985,Interim analysis of a phase III study on preoperative radiation therapy in resectable rectal carcinoma. Trial of the Gastrointestinal Tract Cancer Cooperative Group of the European Organization for Research on Treatment of Cancer (EORTC).,Cancer,10.1002/1097-0142(19850515)55:10<2373::aid-cncr2820551012>3.0.co;2-d,
4026162,1985,[Monoclonal antibodies in the diagnosis and treatment of hepatic metastases of colo-rectal cancers].,Ann Chir,,
3992446,1985,Unresectable hepatic metastases from carcinoma of the colon and rectum.,Surg Gynecol Obstet,,
3983380,1985,Local recurrence after sphincter-saving resection for rectal and rectosigmoid carcinoma. Value of various diagnostic methods.,Radiology,10.1148/radiology.155.2.3983380,
2581518,1985,Assessment of treatment of intrahepatic malignancies using chemotherapy via an implantable pump.,Ann Surg,10.1097/00000658-198505000-00004,PMC1250759
2412359,1985,[Therapy of elderly cancer patients from the viewpoint of the radiologist].,Z Gerontol,,
3982037,1985,Diagnosis and operation for locally recurrent rectal cancer.,J Surg Oncol,10.1002/jso.2930280411,
3979228,1985,Is anterior resection of the rectosigmoid safe after preoperative radiation?,Dis Colon Rectum,10.1007/BF02554046,
3979224,1985,Clinical and manometric evaluation of continence after the Bacon two-stage pull-through procedure.,Dis Colon Rectum,10.1007/BF02554039,
4063667,1985,A simple brachytherapy technique for early anal carcinoma.,Br J Radiol,10.1259/0007-1285-58-687-258,
4002045,1985,[Early diagnosis of colorectal tumors--place of double-contrast enema].,Rontgenpraxis,,
3999572,1985,[Computer tomography in the diagnosis of abscesses and recurrences following radical surgery for cancer of the rectum].,Khirurgiia (Mosk),,
3992141,1985,[When is computed tomography indicated in dilatation of the retrorectal space?].,Rontgenblatter,,
3871566,1985,Detection of recurrent rectosigmoid carcinoma: prospective evaluation of CT and clinical factors.,AJR Am J Roentgenol,10.2214/ajr.144.3.577,
2990090,1985,[Value of lymphography in the diagnosis and treatment of rectal cancer].,Vestn Rentgenol Radiol,,
4011413,1985,131I-labelled tumour-specific antibodies: trial to concentrate radioisotopes specifically in tumours. 3. Improved radioimaging and tumour localization in nude mice with a monoclonal anti-CEA antibody by preincubation of labelled antibody with syngeneic spleen cells. (A rapid communication).,Nihon Igaku Hoshasen Gakkai Zasshi,,
3970602,1985,Hepatic resection of colorectal metastases. Influence of clinical factors and adjuvant intraperitoneal 5-fluorouracil via Tenckhoff catheter on survival.,Ann Surg,10.1097/00000658-198502000-00013,PMC1250643
3968216,1985,Assessment of dysplasia in colorectal adenomas: an observer variation and morphometric study.,J Clin Pathol,10.1136/jcp.38.2.174,PMC499098
3872288,1985,"Colonoscopic findings in patients with hemorrhoids, rectal bleeding and normal rectoscopy.",Isr J Med Sci,,
3871649,1985,Selective visceral angiography for unexplained acute gastrointestinal bleeding in a district general hospital.,Br J Surg,10.1002/bjs.1800720217,
3871275,1985,Presacral masses after abdominoperineal resection for colorectal carcinoma: the need for needle biopsy.,AJR Am J Roentgenol,10.2214/ajr.144.2.309,
3155793,1985,Therapy for metastatic colorectal cancer with hepatic artery infusion chemotherapy using a subcutaneous implanted pump.,J Clin Oncol,10.1200/JCO.1985.3.2.161,
4086456,1985,[Contribution of the barium enema to the diagnosis of postoperative recurrence of malignant tumors of the rectum and sigmoid colon].,J Belge Radiol,,
4056710,1985,Colorectal cancer.,J Fla Med Assoc,,
4050305,1985,Functional aspects of ano-rectal vascularity.,Acta Anat (Basel),10.1159/000146034,
4034595,1985,The air contrast barium enema--indications and validity.,Prog Clin Biol Res,,
3984558,1985,[Computer tomography in the diagnosis of recurrence of rectal and colonic cancer].,Zentralbl Chir,,
3984557,1985,[Value of computer tomography in the diagnosis and development of rectal cancer].,Zentralbl Chir,,
3983682,1985,[Computerized tomography in the diagnosis of abscesses in the small pelvis].,Sov Med,,
3976421,1985,Computed tomography in staging of rectal carcinoma.,Acta Radiol Diagn (Stockh),10.1177/028418518502600108,
3972617,1985,[CT evaluation of intra-arterial chemotherapy in liver metastases].,Helv Chir Acta,,
3921323,1985,Screening for cancer in adults.,Ciba Found Symp,10.1002/9780470720912.ch7,
3896190,1985,[Possibilities of using monoclonal antibodies to CEA in scintigraphic diagnosis of tumors].,Arch Geschwulstforsch,,
3883540,1985,Hepatic resection for metastatic cancer.,Surg Annu,,
3872247,1985,Atypical infections and Kaposi's sarcoma in AIDS--radiographic findings.,Front Radiat Ther Oncol,10.1159/000429351,
3844977,1985,Localization of an anti-CEA monoclonal antibody in colo-rectal carcinoma xenografts.,Cancer Immunol Immunother,10.1007/BF00199305,PMC11039282
3156027,1985,A prospective study of continuous hepatic perfusion with implantable pump.,Dis Colon Rectum,10.1007/BF02553901,
2988609,1985,Recent advances in tumour imaging. Use of radiolabelled antitumour antibodies.,Biochim Biophys Acta,10.1016/0304-419x(84)90003-9,
2580423,1985,Preoperative irradiation of primarily non-resectable adenocarcinoma of the rectum and rectosigmoid.,Acta Radiol Oncol,10.3109/02841868509134362,
3790959,1986,In vitro binding and in vivo localization in colorectal cancer of a high affinity monoclonal antibody to carcinoembryonic antigen.,Br J Surg,10.1002/bjs.1800731207,
3790958,1986,Diagnostic accuracy of double-contrast enema and rectosigmoidoscopy in connection with faecal occult blood testing for the detection of rectosigmoid neoplasms.,Br J Surg,10.1002/bjs.1800731206,
3780990,1986,"The effect of colorectal malignancies on monocyte migration, lysozyme production, and phagocytosis.",Eur J Surg Oncol,,
3779658,1986,Testis imaging with 111In-labeled anticarcinoembryonic antigen monoclonal antibody: identification of carcinoembryonic antigen in normal germ cells.,Cancer Res,,
3779657,1986,Preoperative imaging of colorectal carcinoma with 111In-labeled anticarcinoembryonic antigen monoclonal antibody.,Cancer Res,,
3570842,1986,The clinical significance of CT in the preoperative diagnosis of colon and rectal cancer.,Hiroshima J Med Sci,,
3552847,1986,Definite spontaneous cell-mediated cytotoxicity and HNK-1 cells in the human large intestine.,Gastroenterol Jpn,10.1007/BF02774486,
3545708,1986,[Results of colo-anal anastomosis in deep-seated tumors of the rectum].,Chirurg,,
2953572,1986,[Radiological diagnosis of metastatic cancer of the rectum and sigmoid colon via direct invasion and peritoneal implantation].,Zhonghua Fang She Xue Za Zhi,,
3825418,1986,[CT diagnosis of recurrent rectal carcinoma following surgery].,Acta Chir Belg,,
3813473,1986,Contribution of modern imaging in rectosigmoid neoplastic disease (comparison with fiberoptic endoscopy).,Ann Gastroenterol Hepatol (Paris),,
3810009,1986,Mandibular osteomas in ulcerative colitis.,Scand J Gastroenterol,10.3109/00365528608996426,
3797886,1986,The frequency of digital and endoscopic examination of the rectum before radiological barium enema.,Scand J Prim Health Care,10.3109/02813438609014842,
3778205,1986,Imaging of human colorectal adenocarcinoma with indium-labeled anticarcinoembryonic antigen monoclonal antibody.,Arch Surg,10.1001/archsurg.121.11.1315,
3492956,1986,The localization of anti-tumour monoclonal antibodies in colorectal cancer.,Ann R Coll Surg Engl,,PMC2498300
2945707,1986,Follow-up on a prospective study of continuous hepatic perfusion with implantable pump.,Dis Colon Rectum,10.1007/BF02555308,
3095919,1986,[The value of the guaiac test in the screening of colorectal tumors].,Schweiz Med Wochenschr,,
3598316,1986,Treatment of local recurrence after primary restorative resection or Hartmann's operation for carcinoma of the colon and the rectum.,Int J Colorectal Dis,10.1007/BF01648343,
3540857,1986,Clinical results of immunoscintigraphy in a variety of malignant tumors with special reference to immunohistochemistry.,Nuklearmedizin,,
3022348,1986,[Angiographic and computed tomographic findings in intra-arterial cytostasis of colorectal liver metastases].,Rofo,10.1055/s-2008-1048969,
3762778,1986,[The value of computerized tomography in the diagnosis of local recurrence following surgery for rectal or rectosigmoidal carcinoma].,Ned Tijdschr Geneeskd,,
3775199,1986,[Significance of the colon contrast enema in evaluating the importance of rectosigmoid polyps].,Rontgenblatter,,
3731130,1986,Prospective correlative chemosensitivity testing in high-dose intraarterial chemotherapy for liver metastases.,Cancer Res,,
3467514,1986,[Value of gallium-67 citrate in the diagnosis of recurrence of cancer of the rectum].,Vestn Rentgenol Radiol,,
3020626,1986,[Intra-arterial dynamic computed tomography in characterizing liver metastases of colorectal cancer].,Rofo,10.1055/s-2008-1048930,
2943876,1986,Hepatic arterial infusion with floxuridine and cisplatin: overriding importance of antitumor effect versus degree of tumor burden as determinants of survival among patients with colorectal cancer.,J Clin Oncol,10.1200/JCO.1986.4.9.1356,
2432718,1986,[Vascularization of malignant epithelial tumors of the rectum in relation to their morphologic structure].,Vestn Rentgenol Radiol,,
3795182,1986,[Computerized x-ray tomographic aspects of calcifying hepatic metastases. Incidence of cancer of colorectal origin].,J Radiol,,
3783957,1986,[Radiological differential diagnosis of colorectal cancer].,Gan No Rinsho,,
3769944,1986,Radiologic diagnosis of invasive carcinoma on adenomatous polyps of the colon.,Eur J Radiol,,
3763847,1986,[X-ray diagnosis of colorectal anastomosis following continence-preserving surgery of rectal cancer].,Radiologe,,
3763846,1986,[Preoperative tumor staging in rectal cancer--a prospective study].,Radiologe,,
3749805,1986,Mandibular osteomas in colorectal adenomas.,Scand J Gastroenterol,10.3109/00365528609011107,
3524803,1986,Immunohistochemical antigenic expression and in vivo tumor uptake of monoclonal antibodies with specificity for tumors of the gastrointestinal tract.,Cancer Res,,
3021399,1986,[Retrorectal and presacral tumors].,Chirurg,,
3018474,1986,[Clinical study on serum 5'-nucleotide phosphodiesterase isoenzyme-V as a predictor of liver metastases in patients with gastric and colorectal cancers].,Nihon Geka Gakkai Zasshi,,
2943036,1986,Fluorodeoxyuridine uptake by human colorectal hepatic metastases after hepatic artery infusion.,Surgery,,
3776670,1986,Advances in magnetic resonance imaging of the pelvis at 0.15 tesla.,Acta Radiol Diagn (Stockh),10.1177/028418518602700401,
3744388,1986,Radioimmunoguided surgery: intraoperative use of monoclonal antibody 17-1A in colorectal cancer.,Hybridoma,,
3744387,1986,Comparative characteristics of 17-1A and GA-733 monoclonal antibodies for immunoscintigraphic application.,Hybridoma,,
3736057,1986,Seven cases of pelvic exenteration combined with sacral resection for locally recurrent rectal cancer.,J Surg Oncol,10.1002/jso.2930320314,
3731696,1986,The responsibility of radiologists in the preservation of breast and rectum in cancer treatment.,Clin Radiol,10.1016/s0009-9260(86)80255-0,
3729486,1986,[Recent progress in the x-ray diagnosis of colorectal cancer].,Gan To Kagaku Ryoho,,
3728821,1986,Diagnosis and treatment of the inferior vena cava syndrome in advanced malignant disease.,Am J Surg,10.1016/0002-9610(86)90145-5,
3726728,1986,The role of preoperative intravenous pyelogram in operations performed for carcinoma of the colon and rectum.,Surg Gynecol Obstet,,
3720456,1986,Preoperative staging of rectal carcinoma by computed tomography and 0.15T magnetic resonance imaging. Preliminary report.,Dis Colon Rectum,10.1007/BF02561581,
3488951,1986,Anti-idiotypic antibodies to monoclonal antibody CO17-1A.,Hybridoma,,
3736696,1986,[Value of computerized tomography for the detection of local recurrence following surgery for rectal or rectosigmoid cancer].,Ned Tijdschr Geneeskd,,
3738623,1986,"[Visualization of prostatic, bladder and rectal cancer in nuclear magnetic resonance tomography].",Rontgenpraxis,,
3719280,1986,Immunoscintigraphy for colorectal cancer.,Br J Surg,10.1002/bjs.1800730625,
3486559,1986,Staging rectal cancer by MR and CT.,AJR Am J Roentgenol,10.2214/ajr.146.6.1155,
3459174,1986,Selective modification of NMR relaxation time in human colorectal carcinoma by using gadolinium-diethylenetriaminepentaacetic acid conjugated with monoclonal antibody 19-9.,Proc Natl Acad Sci U S A,10.1073/pnas.83.12.4277,PMC323715
3012707,1986,[Functional heterogeneity of liver metastases in 3-phase computerized tomograms].,Rofo,10.1055/s-2008-1048865,
3708276,1986,"Comparison of the mortality, morbidity and incidence of local recurrence in patients with rectal cancer treated by either stapled anterior resection or abdominoperineal resection.",Br J Surg,10.1002/bjs.1800730504,
3707330,1986,Generalized juvenile polyposis coli. Clinical management based on long-term observations.,Arch Surg,10.1001/archsurg.1986.01400050040005,
3729474,1986,[Application of NMR-CT in the staging of cancer of the digestive organs].,Gan To Kagaku Ryoho,,
3720057,1986,The invasive edge: invasion in colorectal cancer.,Clin Exp Metastasis,10.1007/BF00119079,
3713061,1986,[Diagnostic puncture controlled by computed tomography following operations for rectal cancer].,Khirurgiia (Mosk),,
3611941,1986,Stapled colorectal anastomoses: peroperative integrity of the anastomosis and risk of postoperative leakage.,Int J Colorectal Dis,10.1007/BF01648414,
3519125,1986,[Mechanical compression anastomosis (AKA-2) of the colon and rectum. Results of a prospective clinical study].,Chirurg,,
3485343,1986,Preoperative and postoperative CT staging of rectosigmoid carcinoma.,AJR Am J Roentgenol,10.2214/ajr.146.4.703,
3485342,1986,Reassessing the role of radiology in Hemoccult screening.,AJR Am J Roentgenol,10.2214/ajr.146.4.697,
2871945,1986,Protective effect of high-dose medroxyprogesterone acetate (HD-MPA) on hematological toxicity induced by chemotherapy for advanced solid tumors: a multicentric controlled clinical trial. MPA-Hematology Italian Cooperative Group.,Chemioterapia,,
2421591,1986,Osseous metastases from colorectal carcinoma.,Am J Surg,10.1016/0002-9610(86)90102-9,
2421590,1986,The preoperative liver scan and surgical decision-making in patients with colorectal cancer.,Am J Surg,10.1016/0002-9610(86)90101-7,
3961160,1986,[Radiological contribution to the treatment of primary and secondary liver tumors].,Radiologe,,
3947915,1986,Monoclonal immunoscintigraphy for the detection of primary colorectal cancers: a prospective study.,Br J Surg,10.1002/bjs.1800730306,
3753800,1986,Gastrointestinal tract focal mass lesions: role of CT and barium evaluations.,Radiology,10.1148/radiology.158.3.3753800,
3713682,1986,[Localization of radiolabeled antibody to carcinoembryonic antigen in patients with gastrointestinal carcinoma].,Nihon Geka Gakkai Zasshi,,
2424074,1986,Detection of recurrent rectal carcinoma with computed tomography.,Rontgenblatter,,
3960457,1986,Retrospective review of the sensitivity of barium enema examination in a community hospital setting.,Ohio State Med J,,
3954942,1986,Localisation of gastrointestinal cancer with a 131 I labelled monoclonal antibody to CEA.,Br J Cancer,10.1038/bjc.1986.36,PMC2001340
3943420,1986,Thickening of pelvic fascia in carcinoma of the rectum. Perirectal fascia or Waldeyer's fascia?,Dis Colon Rectum,10.1007/BF02555394,
3941861,1986,Colorectal carcinoma evaluation with CT: preoperative staging and detection of postoperative recurrence.,Radiology,10.1148/radiology.158.2.3941861,
3520148,1986,A matrix for controlled clinical trials for the study of hepatic metastases: proceedings of a workshop.,J Surg Oncol,10.1002/jso.2930310204,
3003941,1986,Ethiodized oil emulsion enhanced computerized tomography in the preoperative assessment of metastases to the liver from the colon and rectum.,Surg Gynecol Obstet,,
2935243,1986,Results of a prospective randomized trial of continuous regional chemotherapy and hepatic resection as treatment of hepatic metastases from colorectal primaries.,Cancer,10.1002/1097-0142(19860201)57:3<492::aid-cncr2820570315>3.0.co;2-m,
3947880,1986,Radioimmunolocalization and selection for surgery in recurrent colorectal cancer.,Br J Surg,10.1002/bjs.1800730126,
3941598,1986,[Thermography and computed tomography in the diagnosis of cancer recurrence after rectal extirpation].,Med Radiol (Mosk),,
3941025,1986,"Liver metastasis. Report of a workshop, May 26th 1984.",Invasion Metastasis,,
3811651,1986,[CT findings in gastrointestinal tumors].,Zentralbl Chir,,
3811425,1986,[Roentgen study of the large intestine].,Z Arztl Fortbild (Jena),,
3809452,1986,[Possibilities of computerized tomography in the diagnosis of recurrent rectal carcinoma].,Radiol Diagn (Berl),,
3797961,1986,Comparison between 131I and 111In as radiolabels for monoclonal antibodies in immunoscintigraphy of tumor bearing nude mice.,Tumour Biol,,
3771185,1986,Preoperative staging of rectal cancer: validity of the abdominopelvic angio-C.T.,Ital J Surg Sci,,
3770348,1986,Computed tomography in the differential diagnosis of the enlarged retrorectal space.,Gastrointest Radiol,10.1007/BF02035112,
3762270,1986,[Preoperative staging of rectal cancer with computer tomography].,Langenbecks Arch Chir,10.1007/BF01261296,
3538709,1986,[Ureteral injuries in rectal surgery].,Zentralbl Chir,,
3495029,1986,Polyclonal and monoclonal anti-CEA antibodies in immunolocalization of colorectal cancer.,Tumour Biol,,
3484753,1986,Detection of colorectal carcinoma by emission-computerized tomography after injection of 123I-labeled Fab or F(ab')2 fragments from monoclonal anti-carcinoembryonic antigen antibodies.,J Clin Invest,10.1172/JCI112291,PMC423340
3464424,1986,Comparative imaging and biodistribution studies with an anti-CEA monoclonal antibody and its F(ab)2 and Fab fragments in mice with colon carcinoma xenografts.,Eur J Nucl Med,10.1007/BF00256915,
3456455,1986,[The usefulness of CT in the preoperative diagnosis of metastatic lung nodules--a study with resected cases].,Gan No Rinsho,,
3088597,1986,Cost effectiveness of liver scanning in the detection of hepatic metastasis in newly diagnosed colorectal carcinoma.,Prog Clin Biol Res,,
3020324,1986,[Preoperative staging of rectal cancer with computer tomography].,Langenbecks Arch Chir,10.1007/BF01261297,
3689120,1987,Localization of radioiodinated monoclonal antibody in colorectal cancer. Initial dosimetry results.,Arch Surg,10.1001/archsurg.1987.01400240073013,
3689115,1987,Intraoperative single-dose radiotherapy. Observations on staging and interstitial treatment of unresectable liver metastases.,Arch Surg,10.1001/archsurg.1987.01400240038006,
3685361,1987,Hepatic metastasis detection: comparison of three CT contrast enhancement methods.,Radiology,10.1148/radiology.165.3.3685361,
3428690,1987,Significance of a fall in serum CEA concentration in patients treated with cytotoxic chemotherapy for disseminated colorectal cancer.,Gut,10.1136/gut.28.12.1625,PMC1433939
3324196,1987,[Structuring and use in clinical research of a software for the diagnosis and features of polypoid lesions of the colorectum].,Radiol Med,,
2961314,1987,A prospective randomized trial of regional versus systemic continuous 5-fluorodeoxyuridine chemotherapy in the treatment of colorectal liver metastases.,Ann Surg,10.1097/00000658-198712000-00001,PMC1493315
2830075,1987,[Value of CT following surgery for rectal cancer (a prospective study)].,Digitale Bilddiagn,,
2829292,1987,[Proposal for a radiological classification of multiple adenomatosis of the colon].,Radiol Med,,
2446100,1987,[Scintigraphy with 67Ga-citrate and 111In-bleomycin in cancer of the rectum].,Med Radiol (Mosk),,
3117363,1987,Fate of gamma-interferon-activated killer blood monocytes adoptively transferred into the abdominal cavity of patients with peritoneal carcinomatosis.,Cancer Res,,
3681370,1987,Tumor and liver drug uptake following hepatic artery and portal vein infusion.,J Clin Oncol,10.1200/JCO.1987.5.11.1836,
3320368,1987,CT scanning in carcinoma of the rectum: a review.,J R Soc Med,10.1177/014107688708001114,PMC1291093
3652889,1987,Radioimmunoguided surgery using the monoclonal antibody B72.3 in colorectal tumors.,Dis Colon Rectum,10.1007/BF02554623,
3652888,1987,The value of routine preoperative urologic evaluation in patients with colorectal carcinoma.,Dis Colon Rectum,10.1007/BF02554622,
3452258,1987,[Clinico-roentgenological diagnosis of the perifocal inflammatory process in patients with cancer of the rectum].,Vestn Khir Im I I Grek,,
3314662,1987,[Imaging by magnetic resonance in digestive pathology].,Ann Gastroenterol Hepatol (Paris),,
3666675,1987,Classification of normal colorectal mucosa and adenocarcinoma by morphometry.,Histopathology,10.1111/j.1365-2559.1987.tb01897.x,
3631974,1987,[The effect and CT imaging of FAM hepatic infusion chemotherapy in patients with liver metastasis from colorectal carcinoma].,Gan To Kagaku Ryoho,,
3615864,1987,Pelvic exenteration: role of CT in follow-up.,Radiology,10.1148/radiology.164.3.3615864,
3615859,1987,"Perforated colorectal neoplasms: correlation of clinical, contrast enema, and CT examinations.",Radiology,10.1148/radiology.164.3.3615859,
3303117,1987,Colorectal carcinoma: detection with indium-111 anticarcinoembryonic-antigen monoclonal antibody ZCE-025.,Radiology,10.1148/radiology.164.3.3303117,
2958472,1987,CT evaluation of extrahepatic disease in patients with metastatic colorectal carcinoma receiving hepatic arterial chemotherapy.,Can Assoc Radiol J,,
3664175,1987,Quantitative magnetic resonance imaging in rectal carcinoma.,Br J Radiol,10.1259/0007-1285-60-716-761,
3629468,1987,[Liver metastases of colorectal carcinoma: computerized tomographic follow-ups and prognoses in relation to therapy].,Strahlenther Onkol,,
3607761,1987,Complementation of intracavitary and intravenous administration of a monoclonal antibody (B72.3) in patients with carcinoma.,Cancer Res,,
3603339,1987,"The value of lymphoscintigraphy, lymphangiography and computer tomography scanning in the preoperative assessment of lymph nodes involved by pelvic malignant conditions.",Surg Gynecol Obstet,,
3597163,1987,Postoperative adjuvant radiotherapy for adenocarcinoma of the rectum and rectosigmoid.,Int J Radiat Oncol Biol Phys,10.1016/0360-3016(87)90037-x,
3589978,1987,A simplified plan for follow-up of patients with colon and rectal cancer supported by prospective studies of laboratory and radiologic test results.,Surgery,,
3475059,1987,Pre-operative isotope liver scanning in clinicopathological staging of patients with large bowel cancer.,Aust N Z J Surg,10.1111/j.1445-2197.1987.tb01396.x,
3448654,1987,Computed tomography of the rectum.,Radiographics,10.1148/radiographics.7.4.3448654,
3435011,1987,"Advanced colorectal carcinoma--5 year survival of 76 cases treated at the Department of Therapeutic Radiology, Singapore General Hospital.",Ann Acad Med Singap,,
3109860,1987,Definitive combined modality therapy of carcinoma of the anus. A report of 30 cases including results of salvage therapy in patients with residual disease.,Dis Colon Rectum,10.1007/BF02554777,
3473248,1987,Lymphoscintigraphy of human colorectal carcinoma metastases in athymic mice by use of radioiodinated B72.3 monoclonal antibody.,J Natl Cancer Inst,,
3828954,1987,Perfusion of colorectal hepatic metastases. Relative distribution of flow from the hepatic artery and portal vein.,Cancer,10.1002/1097-0142(19870501)59:9<1547::aid-cncr2820590903>3.0.co;2-6,
3661258,1987,[Current contribution of computerized tomography to the study of the pathology of the pelvic region: 2. Non-vesico-prostatic pathology].,Actas Urol Esp,,
3617781,1987,[Early clinical diagnosis of stomach and large intestine cancer].,Z Alternsforsch,,
3605996,1987,The value and significance of the limited barium enema examination following restorative resection for carcinoma of the rectum.,Ann R Coll Surg Engl,,PMC2498479
3602868,1987,[Roentgen diagnosis of colorectal endometriosis].,Rontgenblatter,,
3595617,1987,CT guided transgluteal fine needle aspiration biopsy.,Eur J Radiol,,
3568929,1987,Solitary rectal ulcer syndrome. Twenty cases seen at an oncology center.,Dis Colon Rectum,10.1007/BF02555459,
3568920,1987,Epidermoid carcinoma of the anal canal. A series of 276 cases.,Dis Colon Rectum,10.1007/BF02555448,
3562810,1987,Recurrent colorectal carcinoma: evaluation with barium enema examination and CT.,Radiology,10.1148/radiology.163.2.3562810,
2437869,1987,Pelvic recurrence of rectal cancer. Options for curative resection.,Ann Surg,10.1097/00000658-198705000-00006,PMC1493032
3829875,1987,The efficacy of barium-enema examinations in patients with anorectal disease.,Dis Colon Rectum,10.1007/BF02556175,
3586911,1987,[Lymphography of malignant tumors of organs of the small pelvis].,Med Radiol (Mosk),,
3556597,1987,Diagnostic procedures in colo-rectal cancer: barium enema or colonoscopy? Or both?,Eur J Surg Oncol,,
3106836,1987,[Cost-effectiveness of follow-up studies after curative surgery of colon or rectum carcinoma].,Ned Tijdschr Geneeskd,,
3104242,1987,Feasibility of non-surgical definitive management of anal canal carcinoma.,Int J Radiat Oncol Biol Phys,10.1016/0360-3016(87)90002-2,
2952068,1987,[Missile therapy using monoclonal antibody drug conjugates in colorectal carcinoma].,Gan To Kagaku Ryoho,,
3493455,1987,Colonoscopy--a ten year Wellington experience.,N Z Med J,,
3549618,1987,"Computed tomographic staging of gastrointestinal malignancies. Part II. The small bowel, colon, and rectum.",Invest Radiol,10.1097/00004424-198702000-00002,
3809635,1987,[Reservations in the routine use of preoperative urography in colorectal carcinomas].,Radiol Med,,
3798642,1987,Delayed bladder dysfunction after abdominoperineal resection: an indicator of local recurrence.,Urology,10.1016/0090-4295(87)90614-5,
3792765,1987,Perception errors with double-contrast enema after a positive guaiac test.,Gastrointest Radiol,10.1007/BF01885109,
3792761,1987,Computed tomography of rectal and perirectal disease in AIDS patients.,Gastrointest Radiol,10.1007/BF01885105,
3792758,1987,Bowel cancer characteristics in patients with regional enteritis.,Gastrointest Radiol,10.1007/BF01885102,
3695823,1987,The value of MRI in evaluating perirectal and pelvic disease.,Magn Reson Imaging,10.1016/0730-725x(87)90126-3,
3686199,1987,[Computerized tomography in the diagnosis of recurrence of rectal cancer].,Sov Med,,
3667307,1987,Radiolabeled monoclonal antibody B72.3 localization in metastatic lesions of colorectal cancer patients.,Int J Rad Appl Instrum B,10.1016/0883-2897(87)90049-3,
3628859,1987,Multiple carcinomas of the colon and rectum.,Rays,,
3622555,1987,Tumor scintigraphy with 131I anti CEA monoclonal antibodies and F(ab')2 in colorectal cancer.,Eur J Nucl Med,10.1007/BF00289023,
3596146,1987,CT staging of early rectal carcinoma.,Gastrointest Radiol,10.1007/BF01885154,
3568032,1987,Immunoscintigraphy of colorectal carcinoma with F (ab')2 fragments of anti-CEA monoclonal antibody.,Cancer Detect Prev,,
3566123,1987,Colostomy or ileostomy after colorectal anastomosis?: a randomised trial.,Ann R Coll Surg Engl,,PMC2498441
3509732,1987,Endoscopic lymphoscintigraphy. A new tool for target surgery of rectal cancer.,Surg Endosc,10.1007/BF00312697,
3493442,1987,Use of second antibody in radioimmunotherapy.,NCI Monogr,,
3480055,1987,Imaging of primary and metastatic colorectal carcinoma with monoclonal antibody 791T/36 and the therapeutic potential of antibody-drug conjugates.,Cancer Detect Prev Suppl,,
3331379,1987,Nuclear magnetic resonance imaging in oncology.,Important Adv Oncol,,
3325290,1987,A new approach to image subtraction in immunoscintigraphy: preliminary results.,Eur J Nucl Med,10.1007/BF00292489,
2952140,1987,Computed tomography in early diagnosis of local recurrence of rectal carcinoma.,Acta Radiol,,
3187013,1988,CT of the bowel: use of water to enhance depiction.,Radiology,10.1148/radiology.169.3.3187013,
3186985,1988,Colorectal carcinoma detected initially with barium enema examination: site distribution and implications.,Radiology,10.1148/radiology.169.3.3186985,
3246778,1988,A comparison of pelvic retroperitoneal pneumography and computed tomography in the assessment of extramural invasion of rectal carcinoma.,Jpn J Surg,10.1007/BF02471529,
3225913,1988,[Imaging technics for x-ray computerized tomography].,Rinsho Hoshasen,,
3178471,1988,Artifactual CEA elevation due to human anti-mouse antibodies.,Arch Surg,10.1001/archsurg.1988.01400340068012,
3229165,1988,[Perforation of the large intestine by a contrast medium enema with barium].,Chirurg,,
3180672,1988,The value of a barium enema in the investigation of patients with rectal carcinoma.,Clin Radiol,10.1016/s0009-9260(88)80225-3,
3415258,1988,[Transcatheter arterial chemoembolization and selective hepatic arterial infusion using totally implantable reservoir].,Gan To Kagaku Ryoho,,
3411338,1988,Monoclonal antibody imaging in the management of patients with colorectal cancer.,J Clin Oncol,10.1200/JCO.1988.6.8.1213,
3393651,1988,Recurrent rectal cancer: diagnosis with MR imaging versus CT.,Radiology,10.1148/radiology.168.2.3393651,
3390828,1988,Localization and imaging of radiolabeled monoclonal antibodies against colorectal carcinoma in tumor-bearing nude mice.,Cancer Res,,
3192653,1988,[Evaluation of 242 laparotomies for hepatic metastasis performed at the Institut Gustave Roussy over 5 years].,J Chir (Paris),,
3172504,1988,[Early detection and differential diagnosis of metastatic lung tumor].,Gan No Rinsho,,
3045263,1988,Improved tumor localization with increasing dose of indium-111-labeled anti-carcinoembryonic antigen monoclonal antibody ZCE-025 in metastatic colorectal cancer.,J Clin Oncol,10.1200/JCO.1988.6.8.1220,
3042924,1988,Semiquantitative in vitro binding assay of indium-111-labeled monoclonal antibodies to human cancer and normal tissues.,J Nucl Med,,
3185942,1988,[Mesenteric and hypogastric arteriography in surgery of cancer of the rectum].,Minerva Chir,,
3416116,1988,Growth rate of hepatic metastases in colorectal carcinoma.,Br J Surg,10.1002/bjs.1800750707,
3400048,1988,"[Radiotherapy of locally recurring colorectal tumors. Prognostic factors, follow-up diagnosis and results].",Strahlenther Onkol,,
3380977,1988,Hepatic metastasis detection: comparison of three CT contrast enhancement methods.,Radiology,10.1148/radiology.168.1.3380977,
3230335,1988,Antiferritin antibodies in immunoscintigraphic detection of human tumor xenografts.,Int J Biol Markers,10.1177/172460088800300303,
3180652,1988,Colorectal polyps: a correlation of radiological and pathological findings.,Clin Radiol,10.1016/s0009-9260(88)80285-x,
3215084,1988,[Experimental radiologic and pathologic study on the innominate groove of the colon--with 30 human colon specimens].,Zhonghua Fang She Xue Za Zhi,,
3048195,1988,[Magnetic resonance imaging of cancer of the rectum].,Ann Gastroenterol Hepatol (Paris),,
3045695,1988,[Combined radio-surgical treatment of tumors of the rectum and the recto-sigmoid junction. Review of the literature].,Minerva Chir,,
3359401,1988,Carcinoma of the colon and rectum. Tumors missed by radiologic examination in 61 patients.,Cancer,10.1002/1097-0142(19880515)61:10<1999::aid-cncr2820611012>3.0.co;2-w,
3374303,1988,[Radionuclide visualization of the superior rectal and inferior mesenteric lymph nodes in rectal cancer].,Med Radiol (Mosk),,
3293183,1988,[Radiotherapy of rectal carcinoma].,Rontgenblatter,,
3128400,1988,Antibody delivery and effector cell activation in a phase II trial of recombinant gamma-interferon and the murine monoclonal antibody CO17-1A in advanced colorectal carcinoma.,Cancer Res,,
2967049,1988,[Clinical application of monoclonal antibody-drug conjugates in colorectal carcinoma].,Gan To Kagaku Ryoho,,
3347741,1988,Colorectal hemangioma: radiologic findings.,Radiology,10.1148/radiology.167.1.3347741,
3168087,1988,[Synchronous and metachronous carcinoma of the large intestine].,Chir Ital,,
3372187,1988,Recurrent colorectal carcinoma: evaluation with barium enema examination and CT.,Invest Radiol,,
3369339,1988,Selection of elderly patients for barium enema examination with respect to significant bowel pathology especially carcinoma of the colon and rectum: the results of a retrospective study.,Age Ageing,10.1093/ageing/17.2.134,
3351032,1988,"Preoperative assessment of the extension of rectal carcinoma: correlation of MR, surgical, and histopathologic findings.",J Comput Assist Tomogr,10.1097/00004728-198803000-00006,
3277244,1988,"Colorectal tumors: scintigraphy with In-111 anti-CEA monoclonal antibody and correlation with surgical, histopathologic, and immunohistochemical findings.",Radiology,10.1148/radiology.166.3.3277244,
2962733,1988,Clinical application of monoclonal antibody-drug conjugates for immunotargeting chemotherapy of colorectal carcinoma.,Cancer,10.1002/1097-0142(19880301)61:5<881::aid-cncr2820610505>3.0.co;2-y,
2457274,1988,[Intra-arterial catheter embolization in malignant tumors of the rectum].,Vestn Rentgenol Radiol,,
2451301,1988,[Te place of radiotherapy in the treatment of local recurrences of rectal cancer].,Strahlenther Onkol,,
3343846,1988,Intraperitoneal infusion of 5-FU in liver metastases from colorectal cancer.,J Surg Oncol,10.1002/jso.2930370206,
3341792,1988,[Studies of 5-FU concentrations associated with microangiography in colorectal cancer tissue].,Gan To Kagaku Ryoho,,
3338339,1988,Intra-abdominal extrahepatic disease in patients with colorectal hepatic metastases.,Dis Colon Rectum,10.1007/BF02562637,
3420823,1988,[Diagnostic significance of lymphoscintigraphy in cancer of the rectum].,Vopr Onkol,,
3415436,1988,The value of computed tomography in the diagnostics of recurrent rectal tumors.,Arch Geschwulstforsch,,
3360572,1988,Double stapling technique for low colorectal anastomoses after anterior resection for rectal cancer.,Int Surg,,
3360247,1988,Progressive CT appearance of hepatic metastases from colorectal carcinoma.,Gastrointest Radiol,10.1007/BF01889044,
3336668,1988,MR imaging of the pelvis.,Radiology,10.1148/radiology.166.1.3336668,
3162449,1988,Tumor imaging of colo-rectal carcinoma with an anti-CEA monoclonal antibody.,Int J Cancer Suppl,10.1002/ijc.2910410719,
3162436,1988,Biodistribution of a monoclonal antibody-methotrexate conjugate (791T/36-MTX) in patients with colorectal cancer.,Int J Cancer Suppl,10.1002/ijc.2910410724,
3153962,1988,[Recurrence of cancer of the rectum: role of computer tomography].,G Chir,,
2829302,1988,[Diagnosis of recurrent rectal cancer: Comparison of CT and MR].,Rofo,10.1055/s-2008-1048140,
2695626,1989,[Current radiologic aspects of surgical technics for resection of cancer of the rectum].,J Radiol,,
2632468,1989,[The significance of omentum-plasty for early detection of local recurrence following abdomino-perineal rectum amputation in cancer].,Helv Chir Acta,,
2602902,1989,99mTc-labeled monoclonal anti-carcinoembryonic antigen antibody (BW 431/26). Clinical results in the detection of colorectal carcinomas and recurrences.,Scand J Gastroenterol,10.3109/00365528909090788,
2806020,1989,The impact of radioimmunoguided surgery (RIGS) on surgical decision-making in colorectal cancer.,Dis Colon Rectum,10.1007/BF02552267,
2601870,1989,[CT in the follow-up of rectal neoplasms].,Minerva Med,,
2809888,1989,"Morphometric analysis of nuclear features, ploidy status, and staging in rectal carcinoma.",J Pathol,10.1002/path.1711590205,
2792396,1989,Bone metastases in carcinoma of the rectum: a clinical and pathological review.,Eur J Surg Oncol,,
2687590,1989,Computed tomography of the large bowel and appendix.,Mayo Clin Proc,10.1016/s0025-6196(12)61291-9,
2603076,1989,[Perineal infiltrates after amputation procedures in carcinoma of the rectum].,Rozhl Chir,,
2806995,1989,"Comparative study of carcinoembryonic antigen and epithelial membrane antigen expression in normal colon, adenomas and adenocarcinomas of the colon and rectum.",Gut,10.1136/gut.30.9.1260,PMC1434233
2789951,1989,Antibody distribution and dosimetry in patients receiving radiolabelled antibody therapy for colorectal cancer.,Br J Cancer,10.1038/bjc.1989.295,PMC2247181
2811592,1989,[Low anterior resection of the rectum with the linear and circular stapler in the treatment of carcinoma of the middle third of the rectum].,Lijec Vjesn,,
2782894,1989,[Hepatic arterial infusion chemotherapy using totally implantable reservoir in liver metastases in colorectal cancer].,Gan To Kagaku Ryoho,,
2752850,1989,"Spatial clustering of multiple hyperplastic, adenomatous, and malignant colonic polyps in individual patients.",Dis Colon Rectum,10.1007/BF02555767,
2680290,1989,Carcinoma of the anal region.,Curr Probl Surg,10.1016/0011-3840(89)90027-0,
2781064,1989,[Carcinomatous neuropathy in recurrent rectal carcinoma. The results of radiotherapy and the role of CT].,Radiol Med,,
2779824,1989,[Preoperative staging of rectal cancer with computed tomography].,Minerva Med,,
2657857,1989,MRI of the gastrointestinal tract.,Radiol Clin North Am,,
2657851,1989,CT evaluation of carcinomas of the colon and rectum.,Radiol Clin North Am,,
2742713,1989,Nuclear morphometric measurements in rectal adenocarcinoma cells of patients of different races.,Anal Quant Cytol Histol,,
2746954,1989,[Usefulness and limitation of computed tomography in the diagnosis of rectal cancer].,Rinsho Hoshasen,,
2746952,1989,[Diagnosis of colon cancer (depth of invasion) by barium enema examination; present condition].,Rinsho Hoshasen,,
2740581,1989,[Groups at risk and early detection of cancer of the colon and rectum].,Rev Esp Enferm Apar Dig,,
2721301,1989,[The surgical anatomy of the genital nerves of the male and their preservation in excision of the rectum].,Chirurg,,
2925912,1989,The value of CT in rectal villous tumors.,J Comput Assist Tomogr,10.1097/00004728-198903000-00016,
2743189,1989,Preoperative computed tomography staging of rectal carcinoma.,Clin Imaging,10.1016/0899-7071(89)90122-8,
2654747,1989,[Pelviperineal recurrence after abdominoperineal amputation of the rectum in cancer].,Minerva Chir,,
2911656,1989,Suspected recurrent rectosigmoid carcinoma after abdominoperineal resection: MR imaging and histopathologic findings.,Radiology,10.1148/radiology.170.2.2911656,
2783844,1989,Scar or recurrent rectal cancer. Positron emission tomography is more helpful for diagnosis than immunoscintigraphy.,Arch Surg,10.1001/archsurg.1989.01410020067011,
2715977,1989,[Contribution of imaging in complications of colo-anal anastomoses. Apropos of 61 cases].,J Radiol,,
2654153,1989,[Prevention of radiation injuries of the small intestine with pelvic exclusion by polyglactin 910 mesh. Contribution to gynecologic and digestive cancer surgery].,J Chir (Paris),,
2537580,1989,Emergence of Na+-glucose cotransport in an epithelial secretory cell line sensitive to cholera toxin.,Am J Physiol,10.1152/ajpgi.1989.256.2.G335,
2913991,1989,How useful is pre-operative computerized tomography scanning in staging rectal cancer?,Aust N Z J Surg,10.1111/j.1445-2197.1989.tb01461.x,
2815694,1989,[Intravital study of lymph outflow in rectal cancer].,Vopr Onkol,,
2806824,1989,The diagnostic value of combining flexible sigmoidoscopy and double-contrast barium enema as a one-stage procedure.,Gastrointest Radiol,10.1007/BF01889237,
2806823,1989,Computed tomography of the rectum with water as contrast agent.,Gastrointest Radiol,10.1007/BF01889234,
2798810,1989,[Computed tomographic diagnosis of rectal tumors].,Radiol Diagn (Berl),,
2767081,1989,A rapid method for the determination of human CEA/mouse anti-CEA immune complexes in patients undergoing immunoscintigraphy.,Eur J Nucl Med,10.1007/BF00435473,
2746136,1989,A prospective study of the use of 111In-labelled monoclonal antibody against carcino-embryonic antigen in colorectal cancer and of some biological factors affecting its uptake.,Int J Colorectal Dis,10.1007/BF01646868,
2724360,1989,Magnetic resonance imaging of rectal carcinoma.,J Natl Med Assoc,,PMC2625909
2642789,1989,Early infective complications and late recurrent cancer in stapled colonic anastomoses.,Dis Colon Rectum,10.1007/BF02554722,
2642153,1989,[Immunoscintigraphy or intraoperative isotopic detection of colorectal neoplastic lesions using labelled monoclonal antibodies. Preliminary study. 20 cases].,Chirurgie,,
2587722,1989,[Computed tomography of recurrent rectal cancer with reference to guided fine-needle biopsy].,Radiol Diagn (Berl),,
2552386,1989,Colorectal adenocarcinoma in childhood and adolescent. Report of 11 cases and review of the literature.,Pediatr Radiol,10.1007/BF02389557,
2077134,1990,Rectal polyposis in tuberous sclerosis.,J Ment Defic Res,10.1111/j.1365-2788.1990.tb01558.x,
2278782,1990,Computed tomography of the urinary bladder shortly after radiation therapy for rectal carcinoma.,Acta Radiol,,
2267383,1990,[Opaque enema and radiography of defecation in the pre- and postoperative morpho-functional evaluation of rectal neoplasms].,Radiol Med,,
2259762,1990,Carcinoids of the gastrointestinal tract.,Radiographics,10.1148/radiographics.10.6.2259762,
2254116,1990,Combined chemotherapy--radiotherapy of anal cancer.,Int J Radiat Oncol Biol Phys,10.1016/0360-3016(90)90234-b,
2245571,1990,The accuracy of computed tomography of the liver in colo-rectal carcinoma.,Clin Radiol,10.1016/s0009-9260(05)82148-8,
2217794,1990,Rectal carcinoma: CT staging with water as contrast medium.,Radiology,10.1148/radiology.177.2.2217794,
2399313,1990,Internal hemorrhoids: diagnosis with double-contrast barium enema examinations.,Radiology,10.1148/radiology.177.1.2399313,
2219505,1990,[Rectoscopy and Hemoccult II in irritable colon. A prospective study].,Ugeskr Laeger,,
2400968,1990,Independent prognostic value of ploidy in colorectal cancer. A prospective study using image cytometry.,Cancer,10.1002/1097-0142(19900915)66:6<1168::aid-cncr2820660616>3.0.co;2-i,
2389016,1990,Preoperative staging of rectal carcinoma with MR imaging: surgical and histopathologic correlation.,Radiology,10.1148/radiology.176.3.2389016,
2389014,1990,Body MR imaging and the local staging of neoplasms.,Radiology,10.1148/radiology.176.3.2389014,
2255823,1990,Proctosigmoidoscopy in primary health care.,Scand J Prim Health Care,10.3109/02813439008994954,
2242746,1990,Rectal pseudotumor due to Chlamydia trachomatis in a male homosexual.,Endoscopy,10.1055/s-2007-1012857,
2244018,1990,Dose-volume correlation in radiation-related late small-bowel complications: a clinical study.,Radiother Oncol,10.1016/0167-8140(90)90111-9,
2214218,1990,[CT in colon cancer].,Rinsho Hoshasen,,
2286396,1990,"[Pelvic carcinomatous neuropathy: clinical, radiologic, therapeutic implications].",G Ital Oncol,,
2382027,1990,[Extra-abdominal spread of pelvic neoplasms. CT evaluation and radiotherapeutic implications].,Radiol Med,,
2343132,1990,Postirradiation changes in the pelvis: assessment with MR imaging.,Radiology,10.1148/radiology.175.3.2343132,
2208914,1990,[Initial experience with the use of oral gadolinium-DTPA in nuclear magnetic resonance tomography of the pelvis].,Digitale Bilddiagn,,
2359854,1990,[MR in rectal cancer recurrences].,Radiol Med,,
2334018,1990,Combined chemotherapy and radiotherapy for carcinomas of the anus.,Am J Surg,10.1016/s0002-9610(05)81260-7,
2242119,1990,Is there a preference for different ways of performing faecal occult blood tests?,Int J Colorectal Dis,10.1007/BF00298474,
2213699,1990,[Comparative study of MRI and x-ray computed tomography in the preoperative evaluation of rectal carcinoma].,J Radiol,,
2188307,1990,CT of malignant anal canal tumors.,Radiographics,10.1148/radiographics.10.3.2188307,
2183978,1990,Progress in the assessment of lymphatic spread in rectal cancer. Rectal endoscopic lymphoscintigraphy.,Dis Colon Rectum,10.1007/BF02156266,
1695545,1990,"Characterization of human colorectal mucosa, polyps, and cancers by means of computerized morphonuclear image analyses.",Cancer,10.1002/1097-0142(19900501)65:9<2047::aid-cncr2820650926>3.0.co;2-4,
2336014,1990,[Experimental studies of the possibilities of radioimmunodetection of cancer of the large intestine by subcutaneous administration of iodinated antibodies to intestinal antigen beta1-MA].,Med Radiol (Mosk),,
2323277,1990,A prospective study of the accuracy of preoperative computed tomographic staging of patients with biopsy-proven rectal carcinoma.,Dis Colon Rectum,10.1007/BF02055469,
2315476,1990,"In-111-labeled monoclonal antibody immunoscintigraphy in colorectal carcinoma: safety, sensitivity, and preliminary clinical results.",Radiology,10.1148/radiology.175.1.2315476,
2115813,1990,[Intra-arterial chemotherapy in inoperable and recurrent rectal tumors].,Bratisl Lek Listy,,
2329866,1990,[Clinical application of radioimmunolocalization in colorectal cancer].,Med Clin (Barc),,
2326737,1990,[In vivo determination of tumor volume: what does a CT-based calculation mean in recurrences of rectal carcinoma?].,Strahlenther Onkol,,
2306185,1990,Comparison of magnetic resonance imaging and computed tomography in the preoperative staging of rectal cancer.,Arch Surg,10.1001/archsurg.1990.01410150107019,
2320873,1990,[Methodologic optimization of computerized tomography diagnosis of the large intestine].,Rontgenblatter,,
2302062,1990,Indium 111 ZCE-025 immunoscintigraphy in occult recurrent colorectal cancer with elevated carcinoembryonic antigen level.,Arch Surg,10.1001/archsurg.1990.01410140104017,
2391887,1990,[Informative value of special examinations in establishing spreading of sigmoid colon and rectal cancer].,Klin Khir (1962),,
2313926,1990,[MRI of lymphedema using short-TI-IR (STIR)].,Rinsho Hoshasen,,
2300891,1990,Photon-neutron therapy for recurrent colorectal cancer--follow up and preliminary results.,Strahlenther Onkol,,
2300889,1990,Quantification of subcutaneous fibrosis after combined photon neutron therapy.,Strahlenther Onkol,,
2296605,1990,Tumor trapping of 5-fluorouracil: in vivo 19F NMR spectroscopic pharmacokinetics in tumor-bearing humans and rabbits.,Proc Natl Acad Sci U S A,10.1073/pnas.87.1.492,PMC53290
2294807,1990,Postoperative surveillance of patients with carcinoma of the colon and rectum.,Am Surg,,
2281647,1990,[Radionuclide visualization of cancer of the large intestine using antibodies to intestinal antigen beta-1 MA].,Vopr Onkol,,
2238957,1990,[The value of positron emission tomography in the diagnosis of recurrent rectal cancer].,Zentralbl Chir,,
2090187,1990,The role of CEA and liver function tests in the detection of hepatic metastases from colo-rectal cancer.,HPB Surg,10.1155/1990/87874,PMC2442975
1964231,1990,"[Cell nucleus analyses on the heterogenicity, proliferation and metastasis of malignant tumors].",Acta Histochem Suppl,,
1689079,1990,"Neutron therapy (dT, 14 MeV) for recurrence of rectal cancer: interim analysis from Münster.",Strahlenther Onkol,,
1657360,1991,Prevention of radiation enteritis by an absorbable polyglycolic acid mesh sling. A 60-case multicentric study.,Cancer,10.1002/1097-0142(19911215)68:12<2545::aid-cncr2820681202>3.0.co;2-f,
1792183,1991,Morphology of lymph nodes in the resected rectum of patients with rectal carcinoma.,Pathol Res Pract,10.1016/S0344-0338(11)81075-7,
1787583,1991,[Diagnostic ability of barium enema examination for the protruded lesions of the large intestine and rectum].,Nihon Rinsho,,
1787564,1991,[Polyps of the colon and rectum].,Nihon Rinsho,,
1924789,1991,Rectal carcinoma: staging at MR imaging with endorectal surface coil. Work in progress.,Radiology,10.1148/radiology.181.2.1924789,
1770281,1991,Anastomotic leaks in colorectal cancer surgery: a risk factor for recurrence?,Int J Colorectal Dis,10.1007/BF00341385,
1781195,1991,[Value of magnetic resonance tomography in gastroenterological diagnosis].,Z Gastroenterol,,
1745934,1991,[The potentialities of MRT in radiation planning for rectal cancer].,Rontgenpraxis,,
1914737,1991,Predictive value of a negative computed tomographic scan in 100 patients with rectal carcinoma.,Dis Colon Rectum,10.1007/BF02051063,
1880564,1991,Assessment of response to cancer therapy using fluorine-18-fluorodeoxyglucose and positron emission tomography.,J Nucl Med,,
1799040,1991,[Computed tomography in the diagnosis of colorectal cancer].,Vestn Rentgenol Radiol,,
1764342,1991,Application of single-photon emission computed tomography (SPECT) with 99mTc-MAA in evaluation of perfusion patterns during hepatic infusion chemotherapy.,Ann Nucl Med,10.1007/BF03164625,
2068294,1991,Hepatic colorectal metastases: correlation of MR imaging and pathologic appearance.,Radiology,10.1148/radiology.180.2.2068294,
1768746,1991,[Diagnosis using monoclonal antibody imaging in the clinical follow-up of colorectal cancer].,An Med Interna,,
2066784,1991,Anti-carcinoembryonic antigen immunoscintigraphy (technetium-99m-monoclonal antibody BW 431/26) and serum CEA levels in patients with suspected primary and recurrent colorectal carcinoma.,J Nucl Med,,
1854610,1991,Angiotensin II as a potential method of targeting cytotoxic-loaded microspheres in patients with colorectal liver metastases.,Br J Cancer,10.1038/bjc.1991.252,PMC1977313
1772696,1991,Physiological considerations in imaging liver metastases from colorectal carcinoma.,Am J Physiol Imaging,,
1711439,1991,Use of photodynamic therapy in the palliation of massive advanced rectal cancer. Phase I/II study.,Dis Colon Rectum,10.1007/BF02049901,
2056836,1991,[Double contrast colon radiography plus rectosigmoidoscopy. The combination method is necessary for the diagnosis of colorectal neoplasms].,Lakartidningen,,
1894710,1991,[Radiologic-surgical treatment of cancer of the rectum].,J Chir (Paris),,
1859783,1991,Contrast material for computed tomography and magnetic resonance imaging of the gastrointestinal tract.,Curr Opin Radiol,,
2040527,1991,"Patients treated with a monoclonal antibody (ab1) to the colorectal carcinoma antigen 17-1A develop a cellular response (DTH) to the ""internal image of the antigen"" (ab2).",Int J Cancer,10.1002/ijc.2910480306,
1870955,1991,[Computed tomographic evaluation of thickness of perirectal fascia in rectal cancer treated by preoperative radiotherapy--diagnostic value for prediction of local recurrence].,Nihon Igaku Hoshasen Gakkai Zasshi,,
2039134,1991,Anastomotic recurrence of carcinoma of the colon and rectum. The value of endoscopy and serum CEA levels.,Am Surg,,
1875118,1991,Alterations in anorectal function after anterior resection for cancer of the rectum.,Int J Colorectal Dis,10.1007/BF00300205,
2007350,1991,What affects continence after anterior resection of the rectum?,Dis Colon Rectum,10.1007/BF02050593,
2004962,1991,Decreasing gastrointestinal morbidity with the use of small bowel contrast during treatment planning for pelvic irradiation.,Int J Radiat Oncol Biol Phys,10.1016/0360-3016(91)90031-x,
1784761,1991,[Control of colorectal cancer recurrence treated with curative surgery: results of a prospective study].,Rev Clin Esp,,
2041400,1991,[Immunoscintigraphy with monoclonal antibody Tc99m BW 431/26 in the diagnosis of colorectal carcinoma].,Med Clin (Barc),,
1873154,1991,[A new reconstructive model after total proctectomy].,G Chir,,
1847798,1991,The use of a biodegradable mesh to prevent radiation-associated small-bowel injury.,Arch Surg,10.1001/archsurg.1991.01410270114018,
2004491,1991,In-111 labeled monoclonal anti-carcinoembryonic antigen antibody (ZCE025) in the immunoscintigraphic imaging of metastatic antigen-producing adenocarcinomas.,Clin Nucl Med,10.1097/00003072-199102000-00010,
2064292,1991,"[Evaluation of a 20 years' experience of colo-anal anastomoses. Indications, results and pitfalls].",Ann Chir,,
2060750,1991,[Can magnetic resonance imaging help to predict sphincter saving resection for low rectal cancers].,Gastroenterol Clin Biol,,
2034093,1991,[Diagnosis of tumors of the rectum using computerized tomography].,Med Radiol (Mosk),,
2010308,1991,Qualitative and quantitative kinetics of submucosally administered antibody fragments in patients with rectal carcinoma: the detection of lymph node metastasis in relation to local tracer diffusion.,Int J Rad Appl Instrum B,10.1016/0883-2897(91)90048-p,
2001338,1991,The sensitivity of human tissues to changes in dose fractionation: deductions from the RCR survey among UK radiotherapists.,Clin Oncol (R Coll Radiol),10.1016/s0936-6555(05)81036-2,
1846697,1991,[Correlation of the x-ray morphology with the histopathological staging and grading of colorectal cancer].,Rofo,10.1055/s-2008-1033087,
1843668,1991,[Biodistribution of murine XF-8 monoclonal antibody in patients with colonic cancer].,Chirurgie,,
1769467,1991,[Contribution of 131I MIBG scintigraphy in the diagnosis of carcinoid tumors of the digestive tract. Experience of 14 cases].,Gastroenterol Clin Biol,,
1708073,1991,[The combined radionuclide diagnosis of rectal cancer recurrences].,Med Radiol (Mosk),,
1491757,1992,[Defecography and manometry in the postoperative follow-up of patients treated with colo-anal anastomosis by the Parks technique for neoplasm stenosis of the rectum].,Minerva Med,,
1483951,1992,Detection of locally recurrent colorectal cancer with radiolabeled monoclonal antibody H-15.,Jpn J Cancer Res,10.1111/j.1349-7006.1992.tb02772.x,PMC5918731
1576915,1992,[Image analysis of precancerous and carcinomatous changes of large intestine in histopathologic diagnosis].,Zhonghua Zhong Liu Za Zhi,,
1576912,1992,[Value of MR imaging in the staging of rectal carcinoma].,Zhonghua Zhong Liu Za Zhi,,
1489979,1992,Computed tomography detection of gastrointestinal neoplasms.,Ital J Gastroenterol,,
1463689,1992,Usefulness of immunoscintigraphy in the follow-up of surgically treated gastrointestinal carcinomas using 111In-labelled anti-CEA monoclonal antibodies.,Clin Oncol (R Coll Radiol),10.1016/s0936-6555(05)81129-x,
1411932,1992,Radioimmunoguided surgery challenges traditional decision making in patients with primary colorectal cancer.,Surgery,,
1529837,1992,Regional lymph node metastases in carcinoma of the left side of the colon and rectum: CT demonstration.,AJR Am J Roentgenol,10.2214/ajr.159.4.1529837,
1425758,1992,Magnetic resonance imaging of the gastrointestinal tract: investigation of baby milk as a low cost contrast medium.,Eur J Radiol,10.1016/0720-048x(92)90148-3,
1389653,1992,Nonresectable adenocarcinoma of the rectum assessed by MR imaging before and after chemotherapy and irradiation.,Acta Radiol,,
1529194,1992,[Role of current diagnostic procedures in gastroenterology: MRI].,Schweiz Rundsch Med Prax,,
1623474,1992,Experience with high-dose radiation therapy and the intestinal sling procedure in patients with rectal carcinoma.,Cancer,10.1002/1097-0142(19920801)70:3<581::aid-cncr2820700307>3.0.co;2-e,
1530296,1992,[Intermittent intra-arterial infusion chemotherapy using implantable reservoir for the treatment of hepatic metastasis].,Gan To Kagaku Ryoho,,
1643485,1992,Flush aortic tie versus selective preservation of the ascending left colic artery in low anterior resection for rectal carcinoma.,Br J Surg,10.1002/bjs.1800790730,
1611955,1992,Biopathologic characteristics of DNA content in crypt cells of transitional mucosa adjacent to carcinomas of the rectum and rectosigmoid.,Dis Colon Rectum,10.1007/BF02053758,
1504120,1992,[Typical findings and erroneous findings in SPECT-radioimmunoscintigraphy using 99mTc-labeled CEA antibodies in colorectal tumors].,Aktuelle Radiol,,
1431344,1992,"Pilot, multicenter and prospective trials with an anti-CEA antibody.",Int J Biol Markers,10.1177/172460089200700312,
1591680,1992,Extensive en bloc resection of regionally recurrent carcinoma of the rectum.,Cancer,10.1002/1097-0142(19920615)69:12<2876::aid-cncr2820691203>3.0.co;2-q,
1587176,1992,Results of abdominoperineal resections for failures after combination chemotherapy and radiation therapy for anal canal cancers.,Dis Colon Rectum,10.1007/BF02050538,
1613070,1992,[Supplement of CT evaluation on staging of rectal carcinoma].,Nihon Ika Daigaku Zasshi,,
1511212,1992,[Magnetic resonance tomography: value and limits in gastroenterologic diagnosis].,Bildgebung,,
1306144,1992,[Anastomotic complications in the surgical treatment of rectal neoplasms].,Chir Ital,,
1568394,1992,DNA image cytometry: a prognostic tool in rectal cancer?,Dis Colon Rectum,10.1007/BF02049399,
1579094,1992,[Image cytometric DNA analysis in the evaluation of the risk of recurrence after resection of rectal carcinoma].,Med Klin (Munich),,
1589179,1992,Radioimmunoscintigraphy of colorectal carcinoma with a 99Tcm-labelled anti-CEA monoclonal antibody (BW 431/26).,Nucl Med Commun,10.1097/00006231-199204000-00158,
1574769,1992,"Therapy monitoring of presacral recurrences after high-dose irradiation: value of PET, CT, CEA and pain score.",Strahlenther Onkol,,
1558288,1992,Radiolabeled monoclonal antibody imaging (immunoscintigraphy) of colorectal cancers: current status and future perspectives.,Am J Surg,10.1016/0002-9610(92)90053-t,
1506272,1992,Autoradiographic analysis of radiolabeled anti-carcinoembryonic antigen monoclonal antibody CEA102 in colorectal cancer using computed radiography.,Jpn J Cancer Res,10.1111/j.1349-7006.1992.tb00118.x,PMC5918825
1566194,1992,[Magnetic resonance tomography and magnetic resonance angiography of an infiltration of the left and right atria by a liver metastasis].,Rontgenpraxis,,
1545593,1992,Colorectal cancer: the case for barium enema.,Mayo Clin Proc,10.1016/s0025-6196(12)60102-5,
1313554,1992,"Pattern of 2-deoxy-2-[18F]-fluro-D-glucose accumulation in liver tumours: primary, metastatic and after chemotherapy.",Nucl Med Commun,10.1097/00006231-199203000-00010,
1732979,1992,Recurrent rectal cancer and scar: differentiation with PET and MR imaging.,Radiology,10.1148/radiology.182.2.1732979,
1730114,1992,Preoperative imaging of colorectal cancers. Targeting the epithelial membrane antigen with a radiation-labeled monoclonal antibody.,Cancer,10.1002/1097-0142(19920201)69:3<620::aid-cncr2820690304>3.0.co;2-k,
1729783,1992,Rectal carcinoma treated by preoperative irradiation: MR imaging and histopathologic correlation.,AJR Am J Roentgenol,10.2214/ajr.158.2.1729783,
1565782,1992,[Diagnostic and therapeutic strategies in locally recurrent rectal cancer].,Radiologe,,
1540805,1992,"Mitomycin C, 5-fluorouracil and radiation in advanced, locally recurrent rectal cancer.",Br J Radiol,10.1259/0007-1285-65-770-143,
1736344,1992,Reliability of in situ measurements of colorectal polyps.,Scand J Gastroenterol,10.3109/00365529209011168,
1733469,1992,[X-ray measurement of the level of rectal carcinomas and its dependence on the functional status of the pelvic floor].,Rofo,10.1055/s-2008-1032828,
1733440,1992,The combination of degradable starch microspheres and angiotensin II in the manipulation of drug delivery in an animal model of colorectal metastasis.,Br J Cancer,10.1038/bjc.1992.7,PMC1977339
1730980,1992,Safety and role of repeated administrations of Indium-111-labeled anti-carcinoembryonic antigen monoclonal antibody ZCE 025 in the postoperative follow-up of colorectal carcinoma patients.,J Nucl Med,,
1644105,1992,Kinetics and dosimetry of iodine-131-labelled antibody fragments after local administration in patients with rectal cancer.,Eur J Nucl Med,10.1007/BF00185854,
1618669,1992,Hyperthermia combined with radiation therapy for primarily unresectable and recurrent colorectal cancer.,Int J Radiat Oncol Biol Phys,10.1016/0360-3016(92)90649-3,
1617236,1992,The effect of angiotensin II on tumor blood flow and the delivery of microparticulate cytotoxic drugs.,EXS,10.1007/978-3-0348-7001-6_55,
1612314,1992,"Comparison of precontrast, postcontrast, and delayed CT scanning for the staging of rectal carcinoma.",Gastrointest Radiol,10.1007/BF01888564,
1605550,1992,[Place of surgery in primary digestive non-Hodgkin's lymphomas].,Ann Chir,,
1481964,1992,[Diagnostic possibilities of computerized tomography in disseminated forms of genital endometriosis with involvement of the adjacent organs].,Akush Ginekol (Mosk),,
1426852,1992,Benign colorectal neoplasms undetected by colonoscopy.,Gastrointest Radiol,10.1007/BF01888584,
1426839,1992,[What is the role of rectosigmoidoscopy in the early diagnosis of colorectal cancer?].,Gastroenterol Clin Biol,,
1377557,1992,Clinical investigations on blood perfusion in human malignancies of the pelvis and abdomen: significance for tumor therapy.,EXS,10.1007/978-3-0348-7001-6_59,
1335098,1992,Modulation of gene expression as a biomarker in colon.,J Cell Biochem Suppl,10.1002/jcb.240501126,
1305114,1992,[Colorectal cancer. Experience in 120 patients].,G E N,,
1299163,1992,[Quality of life of patients after restorative surgery for cancer of the rectum].,Ann Chir,,
1290207,1992,CT of the urinary tract after abdominoperineal resection for rectal carcinoma.,Urol Radiol,10.1007/BF02926924,
1282054,1992,Radical lymphadenectomy for rectal cancer facilitated by a carbon particle infusion lymphangiography.,Surg Today,10.1007/BF00308896,
8242578,1993,"Immunoscintigraphy in patients with colorectal, ovarian, and prostate cancer. Results with site-specific immunoconjugates.",Cancer,10.1002/1097-0142(19931201)72:11+<3453::aid-cncr2820721612>3.0.co;2-#,
8234720,1993,Recurrent rectal cancer: diagnosis with dynamic MR imaging.,Radiology,10.1148/radiology.189.3.8234720,
8310150,1993,Role of portal imaging in clinical radiotherapy: Florence experience.,Radiother Oncol,10.1016/0167-8140(93)90252-4,
8240891,1993,Postirradiation changes in the pelvic wall. Findings on MR.,Acta Radiol,,
8223065,1993,Practice parameters for the treatment of rectal carcinoma. The American Society of Colon and Rectal Surgeons.,Dis Colon Rectum,10.1007/BF02047288,
8210369,1993,Colorectal metastases to the liver: selective chemoembolization.,Radiology,10.1148/radiology.189.2.8210369,
7801595,1993,[Comprehensive clinical and roentgeno-endoscopic examination in the diagnosis of tumors of the large intestine].,Vestn Rentgenol Radiol,,
8379605,1993,"Polyp guideline: diagnosis, treatment, and surveillance for patients with nonfamilial colorectal polyps. The Practice Parameters Committee of the American College of Gastroenterology.",Ann Intern Med,10.7326/0003-4819-119-8-199310150-00010,
8374111,1993,[The value of dynamic MRT in the perfusion evaluation of pelvic tumors under hyperthermia].,Rofo,10.1055/s-2008-1032758,
8370828,1993,CT in local recurrence of rectal carcinoma.,J Comput Assist Tomogr,10.1097/00004728-199309000-00014,
8348494,1993,Evaluation of computed tomography in patients with peritoneal carcinomatosis.,Cancer,10.1002/1097-0142(19930901)72:5<1631::aid-cncr2820720523>3.0.co;2-i,
8233244,1993,Radioimmunoscintigraphy of recurrent colorectal carcinoma using 111In-labelled murine monoclonal antibody B72.3: a comparison with contrast-enhanced computed tomography.,Nucl Med Commun,10.1097/00006231-199309000-00008,
8233243,1993,Radioimmunoscintigraphy of colorectal carcinoma with a 111In-labelled anti-TAG-72 monoclonal antibody.,Nucl Med Commun,10.1097/00006231-199309000-00007,
8333373,1993,Polypoid lesions at the anorectal junction: barium enema findings.,AJR Am J Roentgenol,10.2214/ajr.161.2.8333373,
8409691,1993,The value of exfoliative cytology in the diagnosis of rectal malignancy.,Int J Colorectal Dis,10.1007/BF00299332,
8369941,1993,Safety of double-stapled anastomosis in low anterior resection.,Br J Surg,10.1002/bjs.1800800746,
8508392,1993,Radioimmunodetection of solid tumors. Future horizons and applications for radioimmunotherapy.,Cancer,10.1002/1097-0142(19930615)71:12+<4302::aid-cncr2820711820>3.0.co;2-m,
8508387,1993,Pitfalls in antibody imaging in colorectal cancer.,Cancer,10.1002/1097-0142(19930615)71:12+<4248::aid-cncr2820711814>3.0.co;2-t,
8508386,1993,In-111 CYT-103 monoclonal antibody imaging in patients with suspected recurrent colorectal cancer.,Cancer,10.1002/1097-0142(19930615)71:12+<4241::aid-cncr2820711813>3.0.co;2-g,
8508385,1993,New imaging modalities for follow-up of colorectal carcinoma.,Cancer,10.1002/1097-0142(19930615)71:12+<4236::aid-cncr2820711812>3.0.co;2-5,
8508383,1993,Immunoscintigraphy in primary colorectal cancer.,Cancer,10.1002/1097-0142(19930615)71:12+<4217::aid-cncr2820711810>3.0.co;2-a,
8389662,1993,Monoclonal antibody imaging in patients with colorectal cancer and increasing levels of serum carcinoembryonic antigen. Experience with ZCE-025 and IMMU-4 monoclonal antibodies and proposed directions for clinical trials.,Cancer,10.1002/1097-0142(19930615)71:12+<4293::aid-cncr2820711818>3.0.co;2-r,
8500374,1993,Preoperative or postoperative irradiation in adenocarcinoma of the rectum: final treatment results of a randomized trial and an evaluation of late secondary effects.,Dis Colon Rectum,10.1007/BF02049863,
8261872,1993,[Rectosigmoid carcinoma--role of postoperative follow-up pelvic CT].,Zhonghua Zhong Liu Za Zhi,,
8493073,1993,[Staging of rectal cancer: assessment with Gd-DTPA enhanced MR imaging].,Nihon Igaku Hoshasen Gakkai Zasshi,,
8489812,1993,[Resection of hepatic metastases of colo-rectal carcinoma. Indications and initial results].,Rev Esp Enferm Dig,,
8448394,1993,Preoperative local staging of rectal carcinoma with MR imaging and a rectal balloon.,J Magn Reson Imaging,10.1002/jmri.1880030207,
8223123,1993,[Magnetic resonance imaging study of liver metastases].,Zhonghua Zhong Liu Za Zhi,,
8465017,1993,Time trend of patient setup deviations during pelvic irradiation using electronic portal imaging.,Radiother Oncol,10.1016/0167-8140(93)90098-s,
8384868,1993,"Radioimmunodetection of lung cancer with IMACIS-1, I-131 labeled monoclonal antibodies to CEA and CA19-9. Comparison of accumulations in irradiated and non-irradiated site.",Ann Nucl Med,10.1007/BF03164790,
8462013,1993,Radioimmunodetection of colorectal cancer metastases with 131I-labeled monoclonal antibody B72.3: a pilot study to determine efficacy of detection and pharmacokinetics.,Cancer Invest,10.3109/07357909309024830,
8419443,1993,MRI of liver metastases from colorectal cancer vs. CT during arterial portography.,J Comput Assist Tomogr,10.1097/00004728-199301000-00012,
8398268,1993,"Determination of the optimal dose of 5-fluorouracil when combined with low dose D,L-leucovorin and irradiation in rectal cancer: results of three consecutive phase II studies. EORTC Radiotherapy Group.",Eur J Cancer,10.1016/0959-8049(93)90012-5,
8343279,1993,CEA-immunoscintigraphy with 99m-technetium correlates with tumour cell differentiation in colorectal cancer.,Eur J Cancer,10.1016/0959-8049(93)90084-s,
8330692,1993,[Pseudo-continent perineal colostomies after amputation of the rectum for cancer].,Gastroenterol Clin Biol,,
8271898,1993,A birdcage resonator for intracavitary MR imaging.,Magn Reson Imaging,10.1016/0730-725x(93)90239-a,
8220042,1993,Primary lymphoma of the colon and rectum: CT and barium enema correlation.,Abdom Imaging,10.1007/BF00201787,
8217240,1993,Relation between preoperative CT findings in rectal cancer and local recurrence rate. A pilot study.,Acta Oncol,10.3109/02841869309096117,
8217238,1993,A phase I study of escalating interferon alpha-2a combined with 5-fluorouracil and leucovorin in patients with gastrointestinal malignancies.,Acta Oncol,10.3109/02841869309096114,
7805492,1993,[Tumor markers in the follow-up of colorectal cancers].,Chirurgie,,
7989979,1994,Radioimmunoguided surgery using iodine-125-labeled biotinylated monoclonal antibodies and cold avidin.,J Nucl Med,,
7878508,1994,DNA analysis with flow cytometry and image cytometry in colorectal polyps.,Surg Endosc,10.1007/BF00187347,
7878239,1994,"[Kohlrausch's plica (plica transversalis recti): localization, morphology, function].",Radiol Med,,
7742575,1994,Current CT/MRI examination of the lower intestinal tract.,Baillieres Clin Gastroenterol,10.1016/0950-3528(94)90023-x,
7962800,1994,Squamous cell carcinoma of the anus and rectum in homosexual men: CT findings.,J Comput Assist Tomogr,10.1097/00004728-199411000-00013,
17977436,1994,[Local recidives after rectal tumour operations].,Srp Arh Celok Lek,,
7919246,1994,[MRT and dynamic CT in the diagnosis of a recurrence of rectal carcinoma].,Rofo,10.1055/s-2008-1032524,
8055723,1994,Immunoscintigraphy with a new indium-111-labeled monoclonal antibody (MAb 1A3) in patients with colorectal cancer.,Dis Colon Rectum,10.1007/BF02050143,
7972904,1994,The volume effect in radiation-related late small bowel complications: results of a clinical study of the EORTC Radiotherapy Cooperative Group in patients treated for rectal carcinoma.,Radiother Oncol,10.1016/0167-8140(94)90097-3,
7948175,1994,Double-contrast barium enema study with computed radiography: assessment in detection of colorectal polyps.,J Digit Imaging,10.1007/BF03168509,
7882773,1994,"[p21ras expression, DNA ploidy and prognosis in colorectal cancer].",Zhonghua Wai Ke Za Zhi,,
8087711,1994,The application of laparoscopy in colorectal surgery: a preliminary report of twelve cases.,Zhonghua Yi Xue Za Zhi (Taipei),,
8044620,1994,Magnetic resonance imaging of rectal carcinoma: a prospective study.,Br J Surg,10.1002/bjs.1800810640,
8012001,1994,[High-resolution magnetic resonance tomography of the lesser pelvis using an endorectal coil].,Rofo,10.1055/s-2008-1032474,
7956955,1994,In situ measurement of colorectal polyps to compare video and fiberoptic endoscopes.,Endoscopy,10.1055/s-2007-1009004,
7514303,1994,An epitope on carcinoembryonic antigen defined by the clinically relevant antibody PR1A3.,Proc Natl Acad Sci U S A,10.1073/pnas.91.10.4313,PMC43775
8066189,1994,The variation of small bowel volume within the pelvis before and during adjuvant radiation for rectal cancer.,Radiother Oncol,10.1016/0167-8140(94)90390-5,
8064191,1994,Does the frequency of paracolostomy hernias depend on the position of the colostomy in the abdominal wall?,Int J Colorectal Dis,10.1007/BF00699414,
8061898,1994,Inhibition of CT-26 murine adenocarcinoma growth in the rectum of mice treated with recombinant human interleukin-6.,J Immunother Emphasis Tumor Immunol,10.1097/00002371-199405000-00004,
8168408,1994,Local excision of rectal carcinoma. Early results with combined chemoradiation therapy using 5-fluorouracil and leucovorin.,Dis Colon Rectum,10.1007/BF02053589,
8033006,1994,CT of primary colonic lymphoma.,Clin Imaging,10.1016/0899-7071(94)90050-7,
8009660,1994,[99mTc anti-carcinoembryonic antigen in colorectal cancer].,Ugeskr Laeger,,
8177949,1994,[The value of CT for the diagnosis of rectal cancer recurrence. A ROC study and a retrospective analysis].,Radiologe,,
8126277,1994,CT vs MRI in diagnosis of recurrent rectosigmoid carcinoma.,J Comput Assist Tomogr,10.1097/00004728-199403000-00016,
8115616,1994,Rectal tumor stage: correlation of endorectal MR imaging and pathologic findings.,Radiology,10.1148/radiology.190.3.8115616,
7834434,1994,Salvage abdominoperineal resection following combined chemotherapy and radiotherapy for epidermoid carcinoma of the anus.,Ann Surg Oncol,10.1007/BF02303552,
8306836,1994,Positron emission tomography for preoperative staging of colorectal carcinoma.,Dis Colon Rectum,10.1007/BF02047538,
8204403,1994,Radioimmunoscintigraphy of CEA/CA 19-9 producing tumors with I-131 labeled monoclonal antibodies.,Ann Nucl Med,10.1007/BF03164981,
8113102,1994,Late complications of postoperative radiation therapy for cancer of the rectum and rectosigmoid.,Int J Radiat Oncol Biol Phys,10.1016/0360-3016(94)90184-8,
8208466,1994,[Recurrent neoplasms of the rectum: their CT diagnosis].,Minerva Chir,,
8152691,1994,Dosimetric assessment of radiolabelled lipiodol as a potential therapeutic agent in colorectal liver metastases using combined CT and SPECT.,Nucl Med Commun,10.1097/00006231-199401000-00007,
8128038,1994,[Computed tomography and magnetic resonance in the preoperative staging of the spread of rectal cancer. A correlation with the anatomicopathological aspects].,Radiol Med,,
7931827,1994,An evaluation of six antibodies for immunohistochemistry of mutant p53 gene product in archival colorectal neoplasms.,J Pathol,10.1002/path.1711720104,
7743838,1994,[Locoregional recurrences of rectal cancers. Disappointments and hopes apropos of 54 cases].,Chirurgie,,
8732093,1995,[A clinicopathological study of 3 dimensional structure in adenoma of large intestine].,Zhonghua Bing Li Xue Za Zhi,,
8547624,1995,[Percutaneous drainage of refractory necrotizing tumors: experience in 9 patients].,Rofo,10.1055/s-2007-1016040,
7480740,1995,"Detection of pelvic recurrence of colorectal carcinoma: prospective, blinded comparison of Tc-99m-IMMU-4 monoclonal antibody scanning and CT.",Radiology,10.1148/radiology.197.3.7480740,
7480739,1995,Colon cancer: morphology detected with barium enema examination versus histopathologic stage.,Radiology,10.1148/radiology.197.3.7480739,
7591890,1995,Secondary malignancy among seminoma patients treated with adjuvant radiation therapy.,Int J Radiat Oncol Biol Phys,10.1016/0360-3016(95)00200-8,
7480672,1995,Hepatic metastases: basic principles and implications for radiologists.,Radiology,10.1148/radiology.197.2.7480672,
7666087,1995,Modulation of O6-alkylguanine alkyltransferase-directed DNA repair in metastatic colon cancers.,J Clin Oncol,10.1200/JCO.1995.13.9.2301,
7645472,1995,Anastomotic leaks after low anterior resection for rectal carcinoma: evaluation with CT and barium enema.,AJR Am J Roentgenol,10.2214/ajr.165.3.7645472,
7560320,1995,MRI of the anal sphincter.,J Comput Assist Tomogr,10.1097/00004728-199509000-00010,
7554742,1995,Wessex regional radiology audit: barium enema in colo-rectal carcinoma.,Clin Radiol,10.1016/s0009-9260(05)83297-0,
7553684,1995,Immunoscintigraphy of colorectal cancer using 111In-labeled monoclonal antibody to mucin.,Cancer Immunol Immunother,10.1007/BF01521341,PMC11037787
7490320,1995,Influence of local peritoneal involvement on pelvic recurrence and prognosis in rectal cancer.,J Clin Pathol,10.1136/jcp.48.9.849,PMC502875
8528485,1995,Sphincter-saving surgery with and without pre-operative radiation therapy as treatment for adenocarcinoma of the mid-rectum.,Surg Oncol,10.1016/s0960-7404(10)80039-8,
7652666,1995,[The belly-board technic for the sparing of the small intestine. Studies on positioning accuracy taking into consideration conformational irradiation technics].,Strahlenther Onkol,,
7492817,1995,[Positron-emission tomography: role of 18F-fluorodeoxyglucose (18FDG) imaging in oncology].,Bull Cancer,,
7622689,1995,Endoscopic MRI using 3D-spoiled GRASS (SPGR) sequence for local staging of rectal carcinoma.,J Comput Assist Tomogr,10.1097/00004728-199507000-00015,
7549750,1995,Screening for colorectal cancer and suspected lower gastrointestinal bleeding.,Abdom Imaging,10.1007/BF00203378,
7773931,1995,The significance of intraoperative periportal lymph node metastasis identification in patients with colorectal carcinoma.,Cancer,10.1002/1097-0142(19950615)75:12<2809::aid-cncr2820751205>3.0.co;2-0,
7794081,1995,Preoperative radiation and chemotherapy in the treatment of adenocarcinoma of the rectum.,Ann Surg,10.1097/00000658-199506000-00016,PMC1234712
7779721,1995,Evaluation of p53 protein expression as a marker for long-term prognosis in colorectal carcinoma.,Br J Cancer,10.1038/bjc.1995.243,PMC2033814
7751874,1995,Royal Marsden phase III trial of fluorouracil with or without interferon alfa-2b in advanced colorectal cancer.,J Clin Oncol,10.1200/JCO.1995.13.6.1297,
7659856,1995,Quantification of nucleolar organiser regions in canine perianal gland tumours.,Res Vet Sci,10.1016/0034-5288(95)90117-5,
7645930,1995,Radioimmunoassisted follow-up and surgery vs traditional examinations and surgery after radical excision of colorectal cancer.,Anticancer Res,,
7644451,1995,Agreement between self-reported early cancer detection practices and medical audits among Hispanic and non-Hispanic white health plan members in northern California.,Prev Med,10.1006/pmed.1995.1045,
7794602,1995,CT for the evaluation of carcinomas in the colon and rectum.,Semin Ultrasound CT MR,10.1016/0887-2171(95)90004-7,
7597226,1995,[The role of CT and MR in assessing the patient operated on for rectal carcinoma: the local recurrence of the disease].,Radiol Med,,
7763024,1995,Immunoscintigraphy using 99mTc-labeled anti-CEA monoclonal antibody for patients with colorectal cancer.,Anticancer Res,,
7754117,1995,[Role of CT and RM in postoperative evaluation of the patient after rectal carcinoma surgery: postoperative anatomy and nonneoplastic sequelae].,Radiol Med,,
7863431,1995,[Three-dimensional planned radiotherapy in rectal cancer. Feasibility study and preliminary clinical results].,Strahlenther Onkol,,
7601048,1995,The yield of flexible sigmoidoscopy and double-contrast barium enema in the diagnosis of neoplasms in the large bowel in patients with a positive Hemoccult test.,Endoscopy,10.1055/s-2007-1005655,
8809951,1995,Morbidity and mortality following preoperative radiation therapy and total pelvic exenteration for primary rectal adenocarcinoma.,Surg Oncol,10.1016/s0960-7404(10)80041-6,
8583876,1995,Vegetable oil as an MR contrast agent for rectal applications.,Magn Reson Imaging,10.1016/0730-725x(95)00049-m,
7841406,1995,[The CT-guided perineal axial needle biopsy of presacral pelvic space-occupying lesions].,Rofo,10.1055/s-2007-1015837,
7745937,1995,[Differential diagnosis of non-epithelial rectal neoplasms].,Khirurgiia (Mosk),,
7569069,1995,"Staging rectal cancer with magnetic resonance imaging: methodology, signs and parameters.",Rays,,
7569068,1995,"Staging rectal cancer with CT: methodology, signs and parameters.",Rays,,
7569065,1995,Rectal exploration in rectal cancer. Double contrast enema vs rectoscopy: a comparison of present diagnostic accuracy.,Rays,,
7569064,1995,The pathologist's role in the diagnosis and therapy of rectal cancer.,Rays,,
7569062,1995,Diagnostic imaging and combined modality therapy of rectal cancer.,Rays,,
9679614,1996,[CT-guided interventions in diseases of the small pelvis following rectal resection].,Orv Hetil,,
8982844,1996,Endoanal MRI of the anal sphincter complex: correlation with cross-sectional anatomy and histology.,J Anat,,PMC1167711
8969665,1996,Intraoperative radiation therapy in integrated treatment of rectal cancers. Results of phase II study.,Dis Colon Rectum,10.1007/BF02054528,
9064391,1996,[Immunogammagraphy with anti-CEA and anti-TAG-72 monoclonal antibodies in the diagnosis of colorectal carcinoma].,Med Clin (Barc),,
8975392,1996,[An interstitial miniature antenna for localized in vivo P-31 MR spectroscopy].,Strahlenther Onkol,,
8953601,1996,NCCN Colorectal Cancer Practice Guidelines. The National Comprehensive Cancer Network.,Oncology (Williston Park),,
8918430,1996,Pelvic floor reconstruction after major cancer surgery.,Dis Colon Rectum,10.1007/BF02055114,
8909304,1996,Phase I/II trial of combined 131I anti-CEA monoclonal antibody and hyperthermia in patients with advanced colorectal adenocarcinoma.,Cancer,,
9127810,1996,Endorectal magnetic resonance imaging in the preoperative staging of rectal tumors.,Int Surg,,
8961679,1996,Colorectal surgery using a biofragmentable anastomotic ring.,J Formos Med Assoc,,
8831519,1996,Early detection of anastomotic leaks after low anterior resection of the rectum.,Dis Colon Rectum,10.1007/BF02081404,
8816548,1996,Natural history of superficial depressed colorectal cancer: retrospective radiographic and histologic analysis.,Radiology,10.1148/radiology.201.1.8816548,
8781143,1996,Fluorine-18 fluoro-2-deoxyglucose positron emission tomography in recurrent rectal cancer: relation to tumour size and cellularity.,Eur J Nucl Med,10.1007/BF01367594,
8949653,1996,Growth of colorectal polyps: redetection and evaluation of unresected polyps for a period of three years.,Gut,10.1136/gut.39.3.449,PMC1383355
8915295,1996,Preoperative staging of rectal carcinoma using double-contrast MR imaging. Technical aspects and early clinical experiences.,Acta Radiol,10.1177/02841851960373P272,
8915293,1996,"MR imaging, CT and CEA scintigraphy in the diagnosis of local recurrence of rectal carcinoma.",Acta Radiol,10.1177/02841851960373P270,
8831735,1996,[Diagnosis and surgical treatment of metastatic lung tumors].,Gan To Kagaku Ryoho,,
8869044,1996,"[Simultaneous screening of cancers of the breast, cervix, colon and rectum. The Isère experience].",Bull Cancer,,
8772070,1996,The utility of pre-operative abdominal computerized tomography scanning in colorectal surgery.,J R Coll Surg Edinb,,
8756850,1996,High resolution magnetic resonance imaging of the anal sphincter using a dedicated endoanal coil. Comparison of magnetic resonance imaging with surgical findings.,Dis Colon Rectum,10.1007/BF02053993,
8708720,1996,"Clinical utility of external immunoscintigraphy with the IMMU-4 technetium-99m Fab' antibody fragment in patients undergoing surgery for carcinoma of the colon and rectum: results of a pivotal, phase III trial. The Immunomedics Study Group.",J Clin Oncol,10.1200/JCO.1996.14.8.2295,
8685340,1996,CT and MR imaging in the staging of colorectal carcinoma: report of the Radiology Diagnostic Oncology Group II.,Radiology,10.1148/radiology.200.2.8685340,
8751414,1996,Preoperative radiotherapy in rectal carcinoma--aspects of acute adverse effects and radiation technique.,Int J Radiat Oncol Biol Phys,10.1016/0360-3016(96)00229-5,
8673995,1996,Preoperative treatment of patients with locally advanced unresectable rectal adenocarcinoma utilizing continuous chronobiologically shaped 5-fluorouracil infusion and radiation therapy.,Cancer,10.1002/(SICI)1097-0142(19960715)78:2<217::AID-CNCR5>3.0.CO;2-I,
8877472,1996,Simulation studies promote technological development of radiofrequency phased array hyperthermia.,Int J Hyperthermia,10.3109/02656739609023525,
8829284,1996,New methods for the staging of colorectal cancer using noninvasive techniques.,Semin Surg Oncol,10.1002/(SICI)1098-2388(199607/08)12:4<253::AID-SSU4>3.0.CO;2-4,
8696700,1996,Bipedal lymphography in the management of carcinoma of the anal canal.,Br J Radiol,10.1259/0007-1285-69-823-632,
8689836,1996,Wessex regional radiology audit: barium enema in colo-rectal carcinoma.,Clin Radiol,10.1016/s0009-9260(96)80201-7,
8685749,1996,Surgical management of malignant tumors of the adult bony spine.,South Med J,10.1097/00007611-199607000-00002,
8661581,1996,Value of endorectal coil versus body coil MRI for diagnosis of recurrent pelvic malignancies.,Abdom Imaging,10.1007/s002619900079,
8657944,1996,Colorectal polyp detection with CT colography: two- versus three-dimensional techniques. Work in progress.,Radiology,10.1148/radiology.200.1.8657944,
8657938,1996,Virtual endoscopy: is it reality?,Radiology,10.1148/radiology.200.1.8657938,
8822748,1996,Biodistribution of anti-CEA F(ab')2 fragments after intra-arterial and intravenous injection in patients with liver metastases due to colorectal carcinoma.,Nucl Med Commun,10.1097/00006231-199606000-00008,
8726827,1996,Determining depth of invasion of advanced colorectal cancer using MRI short inversion time inversion recovery sequences.,J Gastroenterol,10.1007/BF02355025,
8876904,1996,The role of radiotherapy in the management of cancer--an overview.,Ann Acad Med Singap,,
8793428,1996,Computed tomography of the rectosigmoid region.,Eur J Radiol,10.1016/0720-048x(96)00744-9,
8726186,1996,Preoperative therapy for advanced pelvic malignancy by isolated pelvic perfusion with the balloon-occlusion technique.,Ann Surg Oncol,10.1007/BF02306286,
8724412,1996,Rectal carcinoma: prospective comparison of conventional and gadopentetate dimeglumine enhanced fat-suppressed MR imaging.,J Magn Reson Imaging,10.1002/jmri.1880060309,
8710467,1996,[Palliation of brain metastases: factors associated with survival].,Nihon Igaku Hoshasen Gakkai Zasshi,,
8693127,1996,[Computerized tomography and magnetic resonance in the diagnosis of recurrent rectal neoplasms: comparison of reliability and errors of both methods].,Radiol Med,,
8661545,1996,MRI diagnosis and staging of rectal carcinoma.,Abdom Imaging,10.1007/s002619900048,
8667749,1996,[Avoid unnecessary colonic radiography! Suspected cancer can be excluded by more stringent diagnostic methods].,Lakartidningen,,
8848729,1996,Barium enema: colorectal polyps and carcinoma.,Semin Roentgenol,10.1016/s0037-198x(96)80007-1,
8695262,1996,An image analysis study of DNA content in early colorectal cancer.,Eur J Cancer,10.1016/0959-8049(95)00596-x,
8617053,1996,Wessex Regional Radiology Audit: barium enema in colo-rectal carcinoma.,Clin Radiol,10.1016/s0009-9260(96)80358-8,
8929041,1996,[Prognostic factors in local-regional recurrences of colorectal neoplasms].,Ann Ital Chir,,
8737501,1996,[Imaging of the recurrence of colorectal cancer].,Ann Gastroenterol Hepatol (Paris),,
8687145,1996,Intraoperative radioimmunolocalization of an anti-CEA MAb F(Ab')2 (FO23C5) in CEA serum-negative colorectal cancer patients.,Anticancer Res,,
8837299,1996,Local and regional recurrence of carcinoma of the colon and rectum: II. Factors relating to operative technique.,Surg Oncol,10.1016/s0960-7404(96)80016-8,
8679975,1996,[High-resolution magnetic resonance tomography by means of an endorectal coil--the results in rectal tumors].,Rofo,10.1055/s-2007-1015625,
8661826,1996,PET scans of abdominal malignancy.,World J Surg,10.1007/s002689900039,
8661824,1996,Use of monoclonal antibodies in colorectal cancer: a review.,World J Surg,10.1007/s002689900037,
8621293,1996,An analysis of intratreatment and intertreatment displacements in pelvic radiotherapy using electronic portal imaging.,Int J Radiat Oncol Biol Phys,10.1016/0360-3016(95)02057-8,
10388005,1996,Beware the Medical-Industrial Complex.,Oncologist,,
9073057,1996,Ki-67 index in fine needle aspiration cytology specimens from primary and recurrent rectal cancer.,Acta Oncol,10.3109/02841869609098529,
9007621,1996,Evaluation of digitally guided fine needle aspiration cytology versus fine needle core biopsy for the diagnosis of recurrent rectal cancer.,Int J Colorectal Dis,10.1007/s003840050060,
8949758,1996,Present status of fast neutron therapy in Asian countries.,Bull Cancer Radiother,10.1016/0924-4212(96)84891-2,
8893338,1996,Radiological modalities in the staging of colorectal tumors: new perspectives for increasing accuracy.,Recent Results Cancer Res,10.1007/978-3-642-80035-1_8,
8720005,1996,Pelvic exenteration for recurrent rectal cancer.,Adv Surg,,
9479992,1997,"[Oncologic ""second-look"" today].",G Chir,,
9479977,1997,[Histopathologic changes of cancer of the rectum after neoadjuvant radio-chemotherapy. Anatomo-radiologic correlation and prognostic implications].,G Chir,,
9449446,1997,A randomised study of colostomies in low colorectal anastomoses.,Eur J Surg,,
9431339,1997,Management and causes of acute large-bowel obstruction.,Surg Clin North Am,10.1016/s0039-6109(05)70617-4,
9428914,1997,Radiation therapy for local-regional recurrences of rectal carcinoma following primary surgery.,Tumori,10.1177/030089169708300508,
9386051,1997,Cancer screening in women by internal medicine resident physicians.,South Med J,10.1097/00007611-199711000-00009,
9400845,1997,MRI of pelvic masses: efficacy of the rectal superparamagnetic contrast agent Ferumoxsil.,J Magn Reson Imaging,10.1002/jmri.1880070614,
9393524,1997,Visualization of colorectal polyps with spiral CT colography: evaluation of processing parameters with perspective volume rendering.,Radiology,10.1148/radiology.205.3.9393524,
9388521,1997,[Preoperative chemoradiation therapy for advanced rectal cancer].,Gan To Kagaku Ryoho,,
9382505,1997,[Arterial infusion chemotherapy in pelvic space for advanced rectal cancer].,Gan To Kagaku Ryoho,,
9332240,1997,Compulsory superselective arterial embolization in hypovascular local hepatic tumor ablation. Microballoon coaxial catheterization.,Acta Radiol,10.1080/02841859709172420,
9298295,1997,Clinical experience with Tc-99m nofetumomab merpentan (Verluma) radioimmunoscintigraphy.,Clin Nucl Med,10.1097/00003072-199709000-00007,
9333352,1997,[Bladder and rectal infiltration by uterine carcinomas: the accuracy of CT and MRI compared to endoscopic procedures].,Rofo,10.1055/s-2007-1015505,
9300741,1997,Efficacy of a belly board device with CT-simulation in reducing small bowel volume within pelvic irradiation fields.,Int J Radiat Oncol Biol Phys,10.1016/s0360-3016(97)00310-6,
9221850,1997,Selective chemoembolization in the management of hepatic metastases in refractory colorectal carcinoma: a phase II trial.,Dis Colon Rectum,10.1007/BF02055430,
9221848,1997,Treatment of colorectal and ileoanal anastomotic sinuses.,Dis Colon Rectum,10.1007/BF02055427,
9248087,1997,[Diagnosis of local recurrences and metastases from colorectal cancers].,Rev Prat,,
9263539,1997,Imaging of recurrent intestinal carcinoma with indium-111-labeled anti-carcinoembryonic antigen monoclonal antibody CEA102.,Jpn J Cancer Res,10.1111/j.1349-7006.1997.tb00425.x,PMC5921471
9235639,1997,[Results of the treatment with fast neutrons (d.T 13 MeV) in recurrent rectal carcinoma].,Strahlenther Onkol,10.1007/BF03038914,
9168702,1997,Accuracy of staging rectal tumors with contrast-enhanced transrectal MR imaging.,AJR Am J Roentgenol,10.2214/ajr.168.6.9168702,
9191437,1997,"Rectal tumours--MR imaging with endorectal and/or phased-array coils, and histopathological staging on giant sections. A comparative study.",Acta Radiol,10.1080/02841859709172097,
9191433,1997,Rim enhancement in colorectal metastases at CT during infusion hepatic arteriography. Does it represent liver parenchyma or live tumor cell zone?,Acta Radiol,10.1080/02841859709172093,
9171763,1997,Skin appendage involvement in anal intraepithelial neoplasia.,Br J Surg,,
9168072,1997,Radioimmunoguided surgery for colorectal cancer.,Am J Surg,10.1016/S0002-9610(97)00070-6,
9135647,1997,New barium paste mixture for helical (slip-ring) CT evaluation of rectal carcinoma.,J Comput Assist Tomogr,10.1097/00004728-199705000-00011,
9129408,1997,Reducing data size and radiation dose for CT colonography.,AJR Am J Roentgenol,10.2214/ajr.168.5.9129408,
9107665,1997,Is magnetic resonance imaging the method of choice in the diagnosis of recurrent rectal carcinoma.,Abdom Imaging,10.1007/s002619900204,
9107664,1997,MRI of recurrent rectosigmoid carcinoma.,Abdom Imaging,10.1007/s002619900203,
9107663,1997,Local recurrence of rectal cancer: evaluation with F-18 fluorodeoxyglucose PET imaging.,Abdom Imaging,10.1007/s002619900202,
9187227,1997,Total mesorectal excision--the new golden standard of surgery for rectal cancer.,Ann Med,10.3109/07853899709113698,
9176753,1997,Anal canal cancer diagnosis: usefulness of serum tumor markers.,J Chemother,10.1179/joc.1997.9.2.121,
9136107,1997,Anterior-posterior treatment localization in pelvic radiotherapy: tattoos or fixed couch-to-isocentre distance.,Med Dosim,10.1016/s0958-3947(96)00156-2,
9122417,1997,Device for occlusion of rectovaginal fistula: clinical trials.,Radiology,10.1148/radiology.203.1.9122417,
9112909,1997,Preoperative staging of rectal carcinoma by magnetic resonance imaging with a pelvic phased-array coil.,Br J Surg,,
9333494,1997,"[The intra-arterial chemotherapy of tumorous lesions of the stomach, rectum and liver].",Lik Sprava,,
9265373,1997,[Endobronchial metastases in extrapulmonary malignant tumors].,Vojnosanit Pregl,,
9239608,1997,Development of oncology protocol using fluorine-18-FDG: one center's experience.,J Nucl Med Technol,,
9239599,1997,"Cancer imaging with radiolabeled antibodies: new advances with technetium-99m-labeled monoclonal antibody Fab' fragments, especially CEA-Scan and prospects for therapy.",J Nucl Med Technol,,
9148206,1997,[Prosthetic materials in surgery of esophageal cancer. Personal experience].,Minerva Chir,,
9051048,1997,MR endoscopy: preliminary experience in human trials.,Radiology,10.1148/radiology.202.3.9051048,
9075747,1997,Value of carcinoembryonic antigen monitoring in curative surgery for recurrent colorectal carcinoma.,Dis Colon Rectum,10.1007/BF02054978,
9072842,1997,[The locoregional recurrence of rectal carcinoma. A computed tomographic analysis and a target volume concept for adjuvant radiotherapy].,Strahlenther Onkol,10.1007/BF03038925,
9010096,1997,The significance of allelic deletions and aneuploidy in colorectal carcinoma. Results of a 5-year follow-up study.,Cancer,,
9498205,1997,[111-indium DTPA octreotide scintigraphy in colorectal liver metastases].,Langenbecks Arch Chir,,
11995042,1998,[The Hartmann procedure in colorectal emergencies. Report of 76 cases].,Ann Ital Chir,,
11995041,1998,[Role of adjuvant radiotherapy in the treatment of rectal carcinoma].,Ann Ital Chir,,
10921037,1998,[The value of MRI for diagnosis of recurrence of rectal carcinoma after surgical resection].,Zhonghua Zhong Liu Za Zhi,,
10920965,1998,[CT findings of calcified liver metastases].,Zhonghua Zhong Liu Za Zhi,,
10210933,1998,[Phantom rectum after Miles' operation].,Minerva Chir,,
10063380,1998,[Radiotherapy of local recurrence of rectal carcinoma].,Vojnosanit Pregl,,
9931984,1998,[Significance of CT in the detection of regional lymph node metastases in colorectal carcinoma].,Radiologe,10.1007/s001170050465,
9926806,1998,Differential effect of radiation on endothelial cell function in rectal cancer and normal rectum.,Am J Surg,10.1016/s0002-9610(98)00280-3,
9922186,1998,Virtual endoscopic colonography based on 3D MRI.,Abdom Imaging,10.1007/s002619900405,
9881074,1998,Multimodal therapy in rectal cancer.,Gan To Kagaku Ryoho,,
9860327,1998,Results of salvage abdominoperineal resection for anal cancer after radiotherapy.,Dis Colon Rectum,10.1007/BF02237294,
9829383,1998,Novel clinical approaches in monoclonal antibody-based management in colorectal cancer patients: radioimmunoguided surgery and antigen augmentation.,Semin Surg Oncol,10.1002/(sici)1098-2388(199812)15:4<254::aid-ssu14>3.0.co;2-v,
9829379,1998,Preoperative and intraoperative radioimmunodetection of cancer pretargeted by biotinylated monoclonal antibodies.,Semin Surg Oncol,10.1002/(sici)1098-2388(199812)15:4<235::aid-ssu10>3.0.co;2-b,
9829374,1998,Radioimmunoguided surgery and intraoperative lung cancer staging.,Semin Surg Oncol,10.1002/(sici)1098-2388(199812)15:4<215::aid-ssu5>3.0.co;2-i,
9827400,1998,[Is it necessary to monitor patients surgically treated for colorectal cancer?].,J Chir (Paris),,
9810332,1998,MRI-assisted specification/localization of target volumes. Aspects of quality control.,Strahlenther Onkol,,
9795704,1998,Usefulness of thallium-201 SPECT imaging for the evaluation of local recurrence of colorectal cancer.,Ann Nucl Med,10.1007/BF03164844,
9788412,1998,"Role of a DT-diaphorase mutation in the response of anal canal carcinoma to radiation, 5-fluorouracil, and mitomycin C.",Int J Radiat Oncol Biol Phys,10.1016/s0360-3016(98)00234-x,
9788411,1998,High dose rate intraoperative radiation therapy (HDR-IORT) as part of the management strategy for locally advanced primary and recurrent rectal cancer.,Int J Radiat Oncol Biol Phys,10.1016/s0360-3016(98)00211-9,
9762288,1998,[Therapeutic approach of French practitioners to rectal cancer].,Gastroenterol Clin Biol,,
9755749,1998,[Retrospective analysis of the reproducibility of the daily set-up of the irradiation fields of cancer of the rectum using a megavoltage imaging system].,Cancer Radiother,10.1016/s1278-3218(98)80347-8,
9744602,1998,Self-expandable metallic stents in the palliation of rectosigmoidal carcinoma: a follow-up study.,Gastrointest Endosc,10.1016/s0016-5107(98)70189-0,
9739380,1998,Conservative treatment of anorectal tumors.,Strahlenther Onkol,10.1007/BF03038561,
9735391,1998,Effects of pharmacokinetic modulating chemotherapy using oral UFT and continuous venous 5FU infusion on the prognosis of irradiated rectal carcinomas with p53 overexpression.,Int J Oncol,10.3892/ijo.13.4.653,
9730411,1998,Embryology and anatomy of the rectum.,Semin Surg Oncol,10.1002/(sici)1098-2388(199809)15:2<66::aid-ssu2>3.0.co;2-3,
9719132,1998,Comparison of two methods for anterior-posterior isocenter localization in pelvic radiotherapy using electronic portal imaging.,Int J Radiat Oncol Biol Phys,10.1016/s0360-3016(98)00160-6,
9719124,1998,Rationale for using invasive thermometry for regional hyperthermia of pelvic tumors.,Int J Radiat Oncol Biol Phys,10.1016/s0360-3016(98)00165-5,
9718009,1998,Influence of a defunctioning stoma on leakage rates after low colorectal anastomosis and colonic J pouch-anal anastomosis.,Br J Surg,10.1046/j.1365-2168.1998.00790.x,
9707828,1998,Total mesorectal excision. The new European gold standard.,G Chir,,
9704963,1998,Combined preoperative radiation and mitomycin/5-fluorouracil treatment for locally advanced rectal adenocarcinoma.,J Am Coll Surg,10.1016/s1072-7515(98)00135-5,
9679899,1998,Urinary tract cancer and hereditary nonpolyposis colorectal cancer: risks and screening options.,J Urol,,
9678379,1998,Femoral neuropathy: unusual presentation for recurrent large-bowel cancer.,Dis Colon Rectum,10.1007/BF02235377,
9670251,1998,Radical surgery for extensive rectal cancer: is it worthwhile?,Recent Results Cancer Res,10.1007/978-3-642-71967-7_7,
9670247,1998,Use and applications of MRI techniques in the diagnosis and staging of rectal lesions.,Recent Results Cancer Res,10.1007/978-3-642-71967-7_3,
9667276,1998,Radiation therapy for rectosigmoid and rectal cancer: results of the 1992-1994 Patterns of Care process survey.,J Clin Oncol,10.1200/JCO.1998.16.7.2542,
9662242,1998,123I-labelled vasoactive intestinal peptide receptor scintigraphy in patients with colorectal cancer.,Br J Cancer,10.1038/bjc.1998.433,PMC2062941
9601965,1998,The pelvis after surgery and radio-chemotherapy for rectal cancer studied with Gd-DTPA-enhanced fast dynamic MR imaging.,Eur Radiol,10.1007/s003300050472,
9631903,1998,Diagnostic failure in colonoscopies for malignant disease.,Aust N Z J Surg,10.1111/j.1445-2197.1998.tb04765.x,
9607618,1998,p53 protein overexpression and response to induction chemoradiation therapy in patients with locally advanced rectal adenocarcinoma.,Ann Surg Oncol,10.1007/BF02303772,
9584461,1998,[Detection of recurrent rectal cancer using helical CT with SmartPrep: a new technique for obtaining optimal contrast enhancement].,Nihon Igaku Hoshasen Gakkai Zasshi,,
9574621,1998,Intraperitoneal rhabdomyosarcoma in children: incidence and imaging characteristics on CT.,AJR Am J Roentgenol,10.2214/ajr.170.5.9574621,
9568652,1998,Accuracy of computed tomography in determining resectability for locally advanced primary or recurrent colorectal cancers.,Am J Surg,10.1016/s0002-9610(98)00017-8,
9551109,1998,[When is it meaningful to support magnetic resonance tomography by administering a positive enteral contrast medium?--an account of practical experience].,Rofo,10.1055/s-2007-1015119,
9544678,1998,Biodistribution studies on L-3-[fluorine-18]fluoro-alpha-methyl tyrosine: a potential tumor-detecting agent.,J Nucl Med,,
9535599,1998,Persistent vesicourethral dysfunction following radical surgery for rectal carcinoma: urodynamic features and potential abatement with modified sphincterotomy (radical transurethral resection of the prostate).,Int J Urol,10.1111/j.1442-2042.1998.tb00232.x,
9516585,1998,Clinical and molecular prognostic factors in sphincter-preserving surgery for rectal cancer.,Semin Radiat Oncol,10.1016/s1053-4296(98)80038-6,
9442120,1998,MRI of the rectum: non-neoplastic disease.,Eur Radiol,10.1007/s003300050328,
9492970,1998,Design of the Women's Health Initiative clinical trial and observational study. The Women's Health Initiative Study Group.,Control Clin Trials,10.1016/s0197-2456(97)00078-0,
9486612,1998,Effect of customized small bowel displacement system in pelvic irradiation.,Int J Radiat Oncol Biol Phys,10.1016/s0360-3016(97)00764-5,
9460109,1998,The normal and pathologic ischiorectal fossa at CT and MR imaging.,Radiographics,10.1148/radiographics.18.1.9460109,
9448765,1998,Staging of invasive cervical carcinoma and of pelvic lymph nodes by high resolution MRI with a phased-array coil in comparison with pathological findings.,J Comput Assist Tomogr,10.1097/00004728-199801000-00013,
9442955,1998,Elimination of artifactual accumulation of FDG in PET imaging of colorectal cancer.,Clin Nucl Med,10.1097/00003072-199801000-00002,
11829932,1999,[Lymphoscintigraphy: evaluating lymphatic spread of rectal cancer].,Zhonghua Wai Ke Za Zhi,,
11829854,1999,[The accessory diagnosis of rectal carcinoma by ICM and oncogene expressions].,Zhonghua Wai Ke Za Zhi,,
10714227,1999,[Diagnosis of remote metastases of rectal cancer with the aid of minimally invasive diagnostic procedures under computerized tomography control].,Vestn Rentgenol Radiol,,
10703471,1999,Differentiation of recurrent rectal cancer and scarring with dynamic MR imaging.,Br J Radiol,10.1259/bjr.72.864.10703471,
10697611,1999,Selective use of preoperative radiotherapy in the treatment of cancer in the lower two thirds of the rectum.,Anticancer Res,,
10639703,1999,Detection of a rectocele-like prolapse in the colonic J-pouch using pouchography: cause or effect of evacuation difficulties?,Surg Today,10.1007/BF02482214,
10614109,1999,[Retrospective radiographic study of growth of colorectal carcinoma].,Nihon Igaku Hoshasen Gakkai Zasshi,,
10613474,1999,Horizontal inclination of the longitudinal axis of the colonic J-pouch: defining causes of evacuation difficulty.,Dis Colon Rectum,10.1007/BF02236207,
10613312,1999,Influence of patient positioning on dose-volume histogram and normal tissue complication probability for small bowel and bladder in patients receiving pelvic irradiation: a prospective study using a 3D planning system and a radiobiological model.,Int J Radiat Oncol Biol Phys,10.1016/s0360-3016(99)00345-4,
10604137,1999,"""MAURITIUS"": tumour dose in patients with advanced carcinoma.",Ital J Gastroenterol Hepatol,,
10597072,1999,The use of FDG-positron emission tomography for the evaluation of colorectal metastases of the liver.,Am Surg,,
10594856,1999,Chemoradiation with or without intraoperative radiation therapy in patients with locally recurrent rectal carcinoma: prognostic factors and long term outcome.,Cancer,10.1002/(sici)1097-0142(19991215)86:12<2612::aid-cncr5>3.0.co;2-m,
10590359,1999,Rationale for bladder-sparing surgery in patients with locally advanced colorectal carcinoma.,Cancer,10.1002/(sici)1097-0142(19991201)86:11<2212::aid-cncr6>3.0.co;2-2,
10589801,1999,Gd-DTPA enhancement of cranial nerves on MR imaging. Neoplastic lesions.,Acta Neurol Scand,10.1111/j.1600-0404.1999.tb01060.x,
10584439,1999,Early detection reminder systems a boon for cancer screenings.,Del Med J,,
10584128,1999,[Development and application of dynamic MR imaging in the evaluation of perfusion changes in rectal carcinoma during radiotherapy in clinical routine. Preliminary results].,Strahlenther Onkol,10.1007/s000660050043,
10580973,1999,Percutaneous interventions in the presacral space: CT-guided precoccygeal approach--early experience.,Radiology,10.1148/radiology.213.3.r99dc15901,
10540644,1999,Mucinous versus nonmucinous rectal carcinomas: differentiation with MR imaging.,Radiology,10.1148/radiology.213.1.r99se3879,
10575446,1999,[Colonoscopy with computed tomography with volume reconstruction. The results and a comparison with endoscopy and surgery].,Radiol Med,,
10566532,1999,Pelvic resection of recurrent rectal cancer: technical considerations and outcomes.,Dis Colon Rectum,10.1007/BF02235044,
10556005,1999,Location of pelvic recurrence after 'curative' low anterior resection for rectal cancer.,Eur J Surg Oncol,10.1053/ejso.1999.0712,
10544470,1999,[Computerized tomography (CT) and magnetic resonance tomography (MRI) in diseases of the pelvic floor].,Zentralbl Chir,,
10525811,1999,High-resolution magnetic resonance imaging of the anorectal region without an endocoil.,Abdom Imaging,10.1007/s002619900567,
10518976,1999,[Delayed toxicity of brief preoperative irradiation and risk-adjusted postoperative radiotherapy of operative rectal carcinoma. Results of a randomized prospective study].,Strahlenther Onkol,10.1007/s000660050032,
10504363,1999,"Preoperative radiotherapy for rectal cancer: implications for surgeons, pathologists and radiologists.",Br J Surg,10.1046/j.1365-2168.1999.01209.x,
10496559,1999,Enlargement of colonic pouch after proctectomy and coloanal anastomosis: potential cause for evacuation difficulty.,Dis Colon Rectum,10.1007/BF02238571,
10495119,1999,Beam-orientation customization using an artificial neural network.,Phys Med Biol,10.1088/0031-9155/44/9/312,
10494679,1999,Endoscopic resection of laterally spreading tumours of the large intestine using a distal attachment.,Endoscopy,10.1055/s-1999-123,
10487058,1999,MR imaging of rectal cancer using endorectal surface coil: histopathological correlation.,Nihon Igaku Hoshasen Gakkai Zasshi,,
10486538,1999,[Current data and perspectives on positron emission tomography oncology-radiotherapy].,Cancer Radiother,10.1016/s1278-3218(99)80069-9,
10470880,1999,First International Symposium on Virtual Colonoscopy.,AJR Am J Roentgenol,10.2214/ajr.173.3.10470880,
10470879,1999,Usefulness of CT colonography in patients with incomplete colonoscopy.,AJR Am J Roentgenol,10.2214/ajr.173.3.10470879,
10470878,1999,Helical CT colonography (virtual colonoscopy): the challenge that exists between advancing technology and generalizability.,AJR Am J Roentgenol,10.2214/ajr.173.3.10470878,
10421395,1999,Effects of parenteral nutrition support and chemotherapy on the phasic composition of tumor cells in gastrointestinal cancer.,JPEN J Parenter Enteral Nutr,10.1177/0148607199023004237,
10417568,1999,Clinical assessment of positron emission tomography for the diagnosis of local recurrence in colorectal cancer.,Br J Surg,10.1046/j.1365-2168.1999.01178.x,
10408404,1999,Assessment of long-term quality of life in patients with anal carcinomas treated by radiotherapy with or without chemotherapy.,Br J Cancer,10.1038/sj.bjc.6690567,PMC2363100
10389329,1999,[General review of the value of hepatic MRI in the diagnosis and preoperative staging of liver metastasis from colon and rectum cancer].,Ann Chir,,
10384334,1999,[Clinical value of positron emission tomography in the detection and staging of recurrent colorectal cancer].,Gastroenterol Clin Biol,,
10362879,1999,[Abdominosacral resection for locoregional recurrence rectal cancer].,Rev Esp Enferm Dig,,
10341684,1999,Rectal adenocarcinoma: assessment of tumour involvement of the lateral resection margin by MRI of resected specimen.,Br J Radiol,10.1259/bjr.72.853.10341684,
10336195,1999,Have you been checked?,Radiographics,10.1148/radiographics.19.3.g99ma35654,
10219795,1999,Pelvic insufficiency fractures in patients with pelvic irradiation.,Int J Radiat Oncol Biol Phys,10.1016/s0360-3016(98)00534-3,
10189474,1999,Rectal carcinoma: thin-section MR imaging for staging in 28 patients.,Radiology,10.1148/radiology.211.1.r99ap35215,
10188860,1999,Anal submucosal injection: a novel modality for the treatment of advanced rectal cancer.,Eur J Surg Oncol,10.1053/ejso.1998.0604,
10100797,1999,Preoperative magnetic resonance staging of rectal cancer with an endorectal coil and dynamic gadolinium enhancement.,Br J Surg,10.1046/j.1365-2168.1999.01019.x,
10098437,1999,The incidence and clinical consequences of treatment-related bowel injury.,Int J Radiat Oncol Biol Phys,10.1016/s0360-3016(98)00485-4,
10091757,1999,The effect of preoperative radiation therapy on glucose utilization and cell kinetics in patients with primary rectal carcinoma.,Cancer,10.1002/(sici)1097-0142(19990215)85:4<803::aid-cncr7>3.0.co;2-t,
10087112,1999,High-resolution magnetic resonance imaging of the anal sphincter using a dedicated endoanal receiver coil.,Eur Radiol,10.1007/s003300050688,
10082181,1999,An evaluation of intelligent prognostic systems for colorectal cancer.,Artif Intell Med,10.1016/s0933-3657(98)00052-9,
10074212,1999,[Radioimmunoscintigraphy of colorectal cancer using the anti-CEA monoclonal antibody BW 431/26. Final results].,Rev Esp Med Nucl,,
9933385,1999,Evaluation of spiral CT in staging of colon and rectum carcinoma.,Eur Radiol,10.1007/s003300050632,
9921970,1999,Treatment of anal carcinoma in the elderly: feasibility and outcome of radical radiotherapy with or without concomitant chemotherapy.,Cancer,10.1002/(sici)1097-0142(19990101)85:1<26::aid-cncr4>3.0.co;2-0,
9888473,1999,Evaluation of a follow-up programme after curative resection for colorectal cancer.,Br J Cancer,10.1038/sj.bjc.6690049,PMC2362203
9841771,1999,Anterior transhepatic approach for isolated resection of the caudate lobe of the liver.,World J Surg,10.1007/s002689900572,
9824365,1999,The radioimmunoguided surgery (RIGS) system as a diagnostic tool.,Surg Oncol Clin N Am,,
