source,pmid,doi,pmc,year,title,title_norm
retry,10851945,,,2000,[Use of magnetic resonance tomography in the diagnosis of gastrointestinal diseases].,use of magnetic resonance tomography in the diagnosis of gastrointestinal diseases
retry,10857180,10.1007/978-3-642-57151-0_24,,2000,Probe-guided surgery for colorectal cancer.,probe guided surgery for colorectal cancer
retry,11008098,10.1016/s1095-0397(00)00047-9,,2000,Evaluation of Abdominal Tumors with.,evaluation of abdominal tumors with
retry,11037562,,,2000,Rectal cancer: presentation with metastatic and locally advanced disease. American College of Radiology. ACR Appropriateness Criteria.,rectal cancer presentation with metastatic and locally advanced disease american college of radiology acr appropriateness criteria
retry,11062753,,,2000,An improved system for quantifying AgNOR and PCNA in canine tumors.,an improved system for quantifying agnor and pcna in canine tumors
retry,11341018,,,2001,[Treatment of rectal carcinoma].,treatment of rectal carcinoma
retry,11760541,,,2001,[Staging of rectal cancer by means of MRI. Experiences with the first twenty-five patients].,staging of rectal cancer by means of mri experiences with the first twenty five patients
retry,12587476,10.2298/aci0202079r,,2002,[Carcinoma of the anal canal--results of radical radiotherapy].,carcinoma of the anal canal results of radical radiotherapy
retry,12661247,,,2002,[Ilio-pelvic lymphatic dissection in the rectal cancer].,ilio pelvic lymphatic dissection in the rectal cancer
retry,12772518,,,2003,Practical issues in adjuvant therapy for rectal cancer.,practical issues in adjuvant therapy for rectal cancer
retry,12848107,,,2003,"[Report from The 3rd International Sentinel Node Congress, Yokohama, November 16-18, 2002].",report from the 3rd international sentinel node congress yokohama november 16 18 2002
retry,15457670,,,2004,"Morphometric analysis of AgNORs in thin-layer, liquid-based liver specimens.",morphometric analysis of agnors in thin layer liquid based liver specimens
retry,15458146,,,2002,Integration of intraoperative radiotherapy (IORT) dose distribution into the postoperative CT-based external beam radiotherapy (EBRT) treatment planing.,integration of intraoperative radiotherapy iort dose distribution into the postoperative ct based external beam radiotherapy ebrt treatment planing
retry,15487856,10.1024/0369-8394.93.36.1441,,2004,[Radiotherapy of rectal cancer].,radiotherapy of rectal cancer
retry,15978431,10.1016/j.soc.2005.05.005,,2005,Evolution of pelvic exenteration.,evolution of pelvic exenteration
retry,16480589,,,2006,[Types of liver metastases on MR imaging and characteristics of uncommon types].,types of liver metastases on mr imaging and characteristics of uncommon types
retry,16718825,10.3748/wjg.v12.i18.2945,PMC4087817,2006,Clinical value of CT three-dimensional imaging in diagnosing gastrointestinal tract diseases.,clinical value of ct three dimensional imaging in diagnosing gastrointestinal tract diseases
retry,17337392,,,2007,[48th meeting of the American Society for Therapeutic Radiology and Oncology (Astro)].,48th meeting of the american society for therapeutic radiology and oncology astro
retry,17338096,,,2007,"[Recommendations for clinical practice: use of TEP-FDG in cancer of the esophagus, stomach, colon and rectum, anal canal, large intestine, pancreas and bile ducts, liver and endocrine tumors (digestive system)].",recommendations for clinical practice use of tep fdg in cancer of the esophagus stomach colon and rectum anal canal large intestine pancreas and bile ducts liver and endocrine tumors digestive system
retry,17419902,,,2007,T-level downstaging and complete pathologic response after preoperative long-term radiochemotherapy for locally advanced rectal cancer.,t level downstaging and complete pathologic response after preoperative long term radiochemotherapy for locally advanced rectal cancer
retry,17604465,,,2007,Expression of epidermal growth factor receptor as a predictive factor for rectal cancer.,expression of epidermal growth factor receptor as a predictive factor for rectal cancer
retry,17940397,,,2007,[A case of liver metastasis from anorectal malignant melanoma on hemodialysis treated by chemotherapy].,a case of liver metastasis from anorectal malignant melanoma on hemodialysis treated by chemotherapy
retry,18049504,,,2007,[Recurrence of rectal cancer--treatment in Norwegian hospitals].,recurrence of rectal cancer treatment in norwegian hospitals
retry,18251142,,,2007,The contributions of virtual colonoscopy to laparoscopic colorectal surgery.,the contributions of virtual colonoscopy to laparoscopic colorectal surgery
retry,18472440,,,2008,Images in HIV/AIDS. The changing face of anal cancer.,images in hiv aids the changing face of anal cancer
retry,18478469,,,2008,[Diagnosis on the preoperative staging of rectal cancer by magnetic resonance imaging with water-bag in rectum].,diagnosis on the preoperative staging of rectal cancer by magnetic resonance imaging with water bag in rectum
retry,18795673,,,2008,A short course of preoperative radiotherapy improves prognosis of operable rectal carcinoma: a case control study.,a short course of preoperative radiotherapy improves prognosis of operable rectal carcinoma a case control study
retry,18956704,,,2008,[CT guided 125I seeds implantation in treatment of local recurrent rectal cancer after surgery resection: analysis of 21 cases].,ct guided 125i seeds implantation in treatment of local recurrent rectal cancer after surgery resection analysis of 21 cases
retry,19031952,,,2008,"Hypofractionated accelerated radiotherapy, cytoprotection and capecitabine in the treatment of rectal cancer: a feasibility study.",hypofractionated accelerated radiotherapy cytoprotection and capecitabine in the treatment of rectal cancer a feasibility study
retry,19058413,,,2008,"[Minutes of the 27th meeting of the European Society for Therapeutic Radiology and Oncology (ESTRO), Goteborg (Sweden), 14-18 September 2008].",minutes of the 27th meeting of the european society for therapeutic radiology and oncology estro goteborg sweden 14 18 september 2008
retry,19069694,10.2298/aci0803061p,,2008,Influence of long-term radiotherapy on symptoms and signs of locally advanced primary rectal cancer of distant localisation.,influence of long term radiotherapy on symptoms and signs of locally advanced primary rectal cancer of distant localisation
retry,19330178,,,2009,Evaluation by 18F-FDG-PET of patients with anal squamous cell carcinoma.,evaluation by 18f fdg pet of patients with anal squamous cell carcinoma
retry,19391334,,,2009,[Integrated multidisciplinary treatment of colorectal neoplasms].,integrated multidisciplinary treatment of colorectal neoplasms
retry,19507600,,,2009,[Diffusion weighted imaging combined with magnetic resonance conventional sequences for the diagnosis of rectal cancer].,diffusion weighted imaging combined with magnetic resonance conventional sequences for the diagnosis of rectal cancer
retry,19579600,,,2009,Prognostic role of vascularisation and proliferation in rectal cancer with liver metastasis.,prognostic role of vascularisation and proliferation in rectal cancer with liver metastasis
retry,19595040,,,2009,[Study on the tumor infiltration in mesorectum of rectal cancer by spiral computed tomography and histopathology].,study on the tumor infiltration in mesorectum of rectal cancer by spiral computed tomography and histopathology
retry,19617075,,,2006,[Chemotherapy in advanced rectal cancers].,chemotherapy in advanced rectal cancers
retry,19858619,10.4103/1319-3767.32183,,2007,Clinico-pathological patterns of colorectal cancer in Saudi Arabia: younger with an advanced stage presentation.,clinico pathological patterns of colorectal cancer in saudi arabia younger with an advanced stage presentation
retry,19886046,,,2009,[Study on the evaluation of complementary imaging methods in rectal neoplasia].,study on the evaluation of complementary imaging methods in rectal neoplasia
retry,20037351,,,2009,[Evaluation of preoperative chemoradiation therapy for lower rectal carcinoma using DWIBS].,evaluation of preoperative chemoradiation therapy for lower rectal carcinoma using dwibs
retry,20392380,,,2010,Role of neo-adjuvant chemoradiation in locally advanced rectal cancers.,role of neo adjuvant chemoradiation in locally advanced rectal cancers
retry,20496544,,,2010,The role of multimodality treatment in M0 rectal cancer: evidence and research.,the role of multimodality treatment in m0 rectal cancer evidence and research
retry,20601343,,,2010,Assessment of metabolic response to pre-operative treatment of rectal cancer.,assessment of metabolic response to pre operative treatment of rectal cancer
retry,21197735,,,2010,[Non-invasive imaging tools in colorectal cancer].,non invasive imaging tools in colorectal cancer
retry,21224664,,,2010,[A case of local relapsed rectal cancer responding to low-dose S-1].,a case of local relapsed rectal cancer responding to low dose s 1
retry,21232193,,,2010,Rectal cancer surgery. A ten years experience.,rectal cancer surgery a ten years experience
retry,21284128,,,2010,"[Minutes of the 29th meeting of the European Society for Therapeutic Radiology and Oncology (Estro), Barcelona (Spain), 12-16 September 2010].",minutes of the 29th meeting of the european society for therapeutic radiology and oncology estro barcelona spain 12 16 september 2010
retry,21322272,,,2010,[Transanal endocopic microsurgery (TEM) in advanced rectal cancer disease treatment].,transanal endocopic microsurgery tem in advanced rectal cancer disease treatment
retry,21532870,10.4329/wjr.v3.i4.92,PMC3084438,2011,Clinical significance of magnetic resonance imaging findings in rectal cancer.,clinical significance of magnetic resonance imaging findings in rectal cancer
retry,21614690,,,2011,[Application of ⁹⁹mTc-SPECT-CT and carbon nanoparticles suspension injection in sentinel lymph node mapping for rectal cancer].,application of ⁹⁹mtc spect ct and carbon nanoparticles suspension injection in sentinel lymph node mapping for rectal cancer
retry,21918654,10.1136/bcr.11.2008.1191,PMC3030094,2009,Sclerosing angiomatoid nodular transformation of the spleen presenting as a rapidly growing tumour in a patient with rectal cancer.,sclerosing angiomatoid nodular transformation of the spleen presenting as a rapidly growing tumour in a patient with rectal cancer
retry,22040541,,,2011,Simultaneous laparoscopic excision for rectal carcinoma and synchronous hepatic metastasis.,simultaneous laparoscopic excision for rectal carcinoma and synchronous hepatic metastasis
retry,22199304,,,2011,Feasibility of image-guided radiotherapy based on tomotherapy for the treatment of locally advanced anal carcinoma.,feasibility of image guided radiotherapy based on tomotherapy for the treatment of locally advanced anal carcinoma
retry,22773935,10.1007/s12328-012-0304-7,PMC3382280,2012,Chylous ascites occurring after low anterior resection of the rectum successfully treated with an oral fat-free elemental diet (Elental(®)).,chylous ascites occurring after low anterior resection of the rectum successfully treated with an oral fat free elemental diet elental ®
retry,22798154,10.4261/1305-3825.DIR.5755-12.1,,2012,Can diffusion-weighted MRI determine complete responders after neoadjuvant chemoradiation for locally advanced rectal cancer?,can diffusion weighted mri determine complete responders after neoadjuvant chemoradiation for locally advanced rectal cancer
retry,22820704,10.1007/s00464-012-2466-2,,2013,Outcome of laparoscopic colectomy for cancer in elderly patients.,outcome of laparoscopic colectomy for cancer in elderly patients
retry,22993703,10.3393/jksc.2012.28.4.179,PMC3440486,2012,An update on preoperative radiotherapy for locally advanced rectal cancer.,an update on preoperative radiotherapy for locally advanced rectal cancer
retry,23474523,,,2013,Pelvic magnetic resonance imaging for rectal cancer in a provincial centre: time to follow the standards?,pelvic magnetic resonance imaging for rectal cancer in a provincial centre time to follow the standards
retry,23808225,,,2013,[Immediate and five-year results of application of preoperative oily chemoembolization of rectal arteries in complex treatment of the loco-regional rectal cancer].,immediate and five year results of application of preoperative oily chemoembolization of rectal arteries in complex treatment of the loco regional rectal cancer
retry,24068404,,,2013,Microanatomic aspects of arterial blood supply in rectal carcinomas--predictive models.,microanatomic aspects of arterial blood supply in rectal carcinomas predictive models
retry,24415852,10.3748/wjg.v20.i1.1,PMC3885997,2014,Advances in radiotherapy and targeted therapies for rectal cancer.,advances in radiotherapy and targeted therapies for rectal cancer
retry,24511597,,,2014,[Rectal cancer--a combination of MRT and PET allows accurate diagnosis of recurrence].,rectal cancer a combination of mrt and pet allows accurate diagnosis of recurrence
retry,24629807,,PMC3926475,2013,Treatment of lateral pelvic nodes metastases from rectal cancer: the future prospective.,treatment of lateral pelvic nodes metastases from rectal cancer the future prospective
retry,24702293,,,2014,[Evaluation of safe resection margins in rectal carcinoma].,evaluation of safe resection margins in rectal carcinoma
retry,24914419,10.3978/j.issn.2223-4292.2014.01.02,PMC4032916,2014,Diagnostic accuracy of MR imaging to identify and characterize focal liver lesions: comparison between gadolinium and superparamagnetic iron oxide contrast media.,diagnostic accuracy of mr imaging to identify and characterize focal liver lesions comparison between gadolinium and superparamagnetic iron oxide contrast media
retry,24922690,,,2014,Short-term clinical outcomes of postoperative intrapelvic bleeding after extended pelvic surgery: a single institute experience.,short term clinical outcomes of postoperative intrapelvic bleeding after extended pelvic surgery a single institute experience
retry,25082122,10.12809/hkmj144232,,2014,Limitation of radiological T3 subclassification of rectal cancer due to paucity of mesorectal fat in Chinese patients.,limitation of radiological t3 subclassification of rectal cancer due to paucity of mesorectal fat in chinese patients
retry,25140623,,,2014,Pelvic MRI for guiding treatment decisions in rectal cancer.,pelvic mri for guiding treatment decisions in rectal cancer
retry,25373735,10.18632/oncotarget.2563,PMC4294384,2014,The role of systemic chemotherapy and multidisciplinary management in improving the overall survival of patients with metastatic squamous cell carcinoma of the anal canal.,the role of systemic chemotherapy and multidisciplinary management in improving the overall survival of patients with metastatic squamous cell carcinoma of the anal canal
retry,25421763,,,2014,[Timing of radiotherapy for locally advanced rectal cancer].,timing of radiotherapy for locally advanced rectal cancer
retry,25596047,,,2014,[Particle beam radiotherapy].,particle beam radiotherapy
retry,25731357,,,2014,Mucinous adenocarcinoma associated with a chronic perianal fistula - a review of cases from a single institution.,mucinous adenocarcinoma associated with a chronic perianal fistula a review of cases from a single institution
retry,25780294,10.3748/wjg.v21.i10.2967,PMC4356916,2015,Indeterminate pulmonary nodules in colorectal cancer.,indeterminate pulmonary nodules in colorectal cancer
retry,25796796,,,2014,[18F-FPRGD2 PET/CT imaging of integrin αVβ3].,18f fprgd2 pet ct imaging of integrin αvβ3
retry,25909169,10.18632/oncotarget.3418,PMC4484489,2015,Implications for selecting local excision in locally advanced rectal cancer after preoperative chemoradiation.,implications for selecting local excision in locally advanced rectal cancer after preoperative chemoradiation
retry,25969638,10.4103/0971-3026.155865,PMC4419424,2015,Imaging in rectal cancer with emphasis on local staging with MRI.,imaging in rectal cancer with emphasis on local staging with mri
retry,26157683,10.3857/roj.2015.33.2.134,PMC4493425,2015,Morphologic change of rectosigmoid colon using belly board and distended bladder protocol.,morphologic change of rectosigmoid colon using belly board and distended bladder protocol
retry,26359071,,,2015,[Retrospective analysis of 856 cases with stage 0 to III rectal cancer underwent curative surgery combined modality therapy].,retrospective analysis of 856 cases with stage 0 to iii rectal cancer underwent curative surgery combined modality therapy
retry,26550194,,PMC4612879,2015,Survival implications of pretreatment pelvic CT in rectal cancer patients after neoadjuvant chemoradiotherapy and surgery.,survival implications of pretreatment pelvic ct in rectal cancer patients after neoadjuvant chemoradiotherapy and surgery
retry,26666099,,,2015,MAGNETIC RESONANCE IMAGING TO EVALUATE NEOADJUVANT THERAPY EFFECTS ON RECTAL CARCINOMA.,magnetic resonance imaging to evaluate neoadjuvant therapy effects on rectal carcinoma
retry,26668530,10.5152/UCD.2015.3015,PMC4674043,2015,Adjuvant versus neoadjuvant chemoradiotherapy in distal rectal cancer: Comparison of two decades in a single center.,adjuvant versus neoadjuvant chemoradiotherapy in distal rectal cancer comparison of two decades in a single center
retry,26897937,,,2015,Outlet Obstruction of Temporary Loop Diverting Ileostomy.,outlet obstruction of temporary loop diverting ileostomy
retry,26997222,10.4103/1319-3767.178526,PMC4817299,2016,Utility of rectoscopy in the assessment of response to neoadjuvant treatment for locally advanced rectal cancer.,utility of rectoscopy in the assessment of response to neoadjuvant treatment for locally advanced rectal cancer
retry,27003990,10.3748/wjg.v22.i11.3127,PMC4789988,2016,Evidence-based medical oncology and interventional radiology paradigms for liver-dominant colorectal cancer metastases.,evidence based medical oncology and interventional radiology paradigms for liver dominant colorectal cancer metastases
retry,27070083,10.18632/oncotarget.7979,PMC5053642,2016,Pretreatment magnetic resonance imaging of regional lymph nodes with carcinoembryonic antigen in prediction of synchronous distant metastasis in patients with rectal cancer.,pretreatment magnetic resonance imaging of regional lymph nodes with carcinoembryonic antigen in prediction of synchronous distant metastasis in patients with rectal cancer
retry,27215513,,,2016,[Robotic surgery for colorectal cancer in elderly patients].,robotic surgery for colorectal cancer in elderly patients
retry,27353096,,,2016,[Prevention of intraoperative incidental injuries during sphincter-preserving surgery for rectal cancer and management of postoperative complication].,prevention of intraoperative incidental injuries during sphincter preserving surgery for rectal cancer and management of postoperative complication
retry,27452756,,,2016,[Analysis of metastatic patterns after curative colorectal cancer surgery based on primary tumor location].,analysis of metastatic patterns after curative colorectal cancer surgery based on primary tumor location
retry,27501592,,,2016,Retrospective Audit: Does Prior Assessment by Oral and Maxillofacial Surgeons Reduce the Risk of Osteonecrosis of The Jaw in Patients Receiving Bone-Targeted Therapies for Metastatic Cancers to the Skeleton?--Part II.,retrospective audit does prior assessment by oral and maxillofacial surgeons reduce the risk of osteonecrosis of the jaw in patients receiving bone targeted therapies for metastatic cancers to the skeleton part ii
retry,27630331,10.21873/anticanres.11039,,2016,Prediction of KRAS Mutation in Rectal Cancer Using MRI.,prediction of kras mutation in rectal cancer using mri
retry,27784970,10.3748/wjg.v22.i38.8576,PMC5064039,2016,Combination of three-gene immunohistochemical panel and magnetic resonance imaging-detected extramural vascular invasion to assess prognosis in non-advanced rectal cancer patients.,combination of three gene immunohistochemical panel and magnetic resonance imaging detected extramural vascular invasion to assess prognosis in non advanced rectal cancer patients
retry,27888592,,,2016,Problems in Diagnosis and Treatment of Retrorectal Tumors: Our Experience in 50 Patients.,problems in diagnosis and treatment of retrorectal tumors our experience in 50 patients
retry,28125177,,,2016,CT Colonography in the Detection of Colorectal Cancer in Ireland; Economical Considerations and the Potential for Centralisation of Service Provision.,ct colonography in the detection of colorectal cancer in ireland economical considerations and the potential for centralisation of service provision
retry,28177987,10.1097/DCR.0000000000000762,PMC5881116,2017,Quality of Life and Functional Outcome After Transanal Abdominal Transanal Proctectomy for Low Rectal Cancer.,quality of life and functional outcome after transanal abdominal transanal proctectomy for low rectal cancer
retry,28240361,10.1002/bjs.10490,PMC5391264,2017,Local tumour progression after percutaneous ablation of colorectal liver metastases according to RAS mutation status.,local tumour progression after percutaneous ablation of colorectal liver metastases according to ras mutation status
retry,28643316,,,2017,[Endoscopic metallic stent followed by elective laparoscopic surgery for malignant colorectal obstruction].,endoscopic metallic stent followed by elective laparoscopic surgery for malignant colorectal obstruction
retry,28690775,10.4240/wjgs.v9.i6.153,PMC5483415,2017,Value of multi-disciplinary input into laparoscopic management of rectal cancer - An observational study.,value of multi disciplinary input into laparoscopic management of rectal cancer an observational study
retry,28722086,,,2017,[Current surgical strategy of locally recurrent rectal cancer].,current surgical strategy of locally recurrent rectal cancer
retry,29088894,10.18632/oncotarget.17491,PMC5650449,2017,The value of diffusion kurtosis imaging in assessing pathological complete response to neoadjuvant chemoradiation therapy in rectal cancer: a comparison with conventional diffusion-weighted imaging.,the value of diffusion kurtosis imaging in assessing pathological complete response to neoadjuvant chemoradiation therapy in rectal cancer a comparison with conventional diffusion weighted imaging
retry,29108380,10.18632/oncotarget.20567,PMC5668113,2017,Peri-treatment change of anorectal function in patients with rectal cancer after preoperative chemoradiotherapy.,peri treatment change of anorectal function in patients with rectal cancer after preoperative chemoradiotherapy
retry,29324431,,,2017,"A Descriptive, Qualitative Study to Assess Patient Experiences Following Stoma Reversal After Rectal Cancer Surgery.",a descriptive qualitative study to assess patient experiences following stoma reversal after rectal cancer surgery
retry,29354903,,,2018,[The value of MRI with CUBE sequence in early evaluation of the efficacy of neoadjuvant therapy for locally advanced rectal cancer].,the value of mri with cube sequence in early evaluation of the efficacy of neoadjuvant therapy for locally advanced rectal cancer
retry,29435147,10.18632/oncotarget.23419,PMC5797018,2018,Morphologic predictors of pathological complete response to neoadjuvant chemoradiotherapy in locally advanced rectal cancer.,morphologic predictors of pathological complete response to neoadjuvant chemoradiotherapy in locally advanced rectal cancer
retry,29460882,10.17116/hirurgia2018266-73,,2018,[Results of video-assisted technologies in colorectal surgery].,results of video assisted technologies in colorectal surgery
retry,29471618,10.23736/S0026-4733.18.07642-3,,2018,Visual probing of rectal neoplasia: near-infrared interrogation of primary tumors and secondary lymph nodes.,visual probing of rectal neoplasia near infrared interrogation of primary tumors and secondary lymph nodes
retry,29535985,10.3393/ac.2018.34.1.29,PMC5847400,2018,Transanal Endoscopic and Transabdominal Robotic Total Mesorectal Excision for Mid-to-Low Rectal Cancer: Comparison of Short-term Postoperative and Oncologic Outcomes by Using a Case-Matched Analysis.,transanal endoscopic and transabdominal robotic total mesorectal excision for mid to low rectal cancer comparison of short term postoperative and oncologic outcomes by using a case matched analysis
retry,29682713,,,2018,[Risk factors of anastomotic leakage after anterior resection for rectal cancer and the diagnostic value of computed tomography signs in anastomotic leakage].,risk factors of anastomotic leakage after anterior resection for rectal cancer and the diagnostic value of computed tomography signs in anastomotic leakage
retry,29726263,,,2018,[The importance of pre-operative MRI-detected extramural vascular invasion in the treatment of rectal carcinoma].,the importance of pre operative mri detected extramural vascular invasion in the treatment of rectal carcinoma
retry,29949150,10.26355/eurrev_201806_15257,,2018,Evaluation of magnetic resonance imaging in staging of rectal cancer and its relationship with P16 expression.,evaluation of magnetic resonance imaging in staging of rectal cancer and its relationship with p16 expression
retry,29968240,,,2018,[Radical surgery combined with adjuvant radiotherapy for elderly patients aged over 75 years with stage II( or III( rectal cancer: a retrospective study from a single center].,radical surgery combined with adjuvant radiotherapy for elderly patients aged over 75 years with stage ii or iii rectal cancer a retrospective study from a single center
retry,30506537,,,2018,[Prognostic factors of patients with unresectable liver metastasis from colorectal cancer after failed conversion chemotherapy].,prognostic factors of patients with unresectable liver metastasis from colorectal cancer after failed conversion chemotherapy
retry,30662629,,PMC6291705,2018,Histogram parameters derived from T2 weighted images are associated with histopathological findings in rectal cancer - a preliminary study.,histogram parameters derived from t2 weighted images are associated with histopathological findings in rectal cancer a preliminary study
retry,30692356,,,2018,[Two Cases of CT-Guided Radiofrequency Ablation Therapy for Pelvic Recurrence from Rectal Cancer].,two cases of ct guided radiofrequency ablation therapy for pelvic recurrence from rectal cancer
retry,30704213,10.3760/cma.j.issn.0529-5815.2019.02.007,,2019,[High definition MRI rectal lymph node aided diagnostic system based on deep neural network].,high definition mri rectal lymph node aided diagnostic system based on deep neural network
retry,30779052,10.26355/eurrev_201902_16970,,2019,"The radiation oncologist point of view on ""Predictive value of 18F-FDG PET/CT on survival in locally advanced rectal cancer after neoadjuvant chemoradiation"".",the radiation oncologist point of view on predictive value of 18f fdg pet ct on survival in locally advanced rectal cancer after neoadjuvant chemoradiation
retry,30983773,10.4103/jmp.JMP_74_18,PMC6438049,2019,Determination of Optimal Clinical Target Volume to Planning Target Volume Margins for Conformal Radiotherapy Planning using Image Guidance System in Rectal Cancer in Prone Position.,determination of optimal clinical target volume to planning target volume margins for conformal radiotherapy planning using image guidance system in rectal cancer in prone position
retry,31113171,10.3393/ac.2019.03.17,PMC6529754,2019,Oncologic Outcomes of Organ Preserving Approaches in Patients With Rectal Cancer Treated With Preoperative Chemoradiotherapy.,oncologic outcomes of organ preserving approaches in patients with rectal cancer treated with preoperative chemoradiotherapy
retry,31238634,10.3760/cma.j.issn.1671-0274.2019.06.008,,2019,"[""Watch and wait"" strategy after neoadjuvant therapy for rectal cancer: status survey of perceptions, attitudes and treatment selection in Chinese surgeons].",watch and wait strategy after neoadjuvant therapy for rectal cancer status survey of perceptions attitudes and treatment selection in chinese surgeons
retry,31351576,10.1016/j.ciresp.2019.05.014,,2019,Rectal cancer treatment by transanal total mesorectal excision: Results in 100 consecutive patients.,rectal cancer treatment by transanal total mesorectal excision results in 100 consecutive patients
retry,31593515,10.2214/AJR.19.21357,,2020,A Review of Viral-Related Malignancies and the Associated Imaging Findings.,a review of viral related malignancies and the associated imaging findings
retry,31687781,,,2019,T≤2N0 TRG1-2 in Post-Chemoradiation Therapy MRI: What can it Predict?,t≤2n0 trg1 2 in post chemoradiation therapy mri what can it predict
retry,31770851,10.3760/cma.j.issn.0253-3766.2019.11.007,,2019,[The value of MR T2WI signal intensity related parameters for predicting pathological complete response to neoadjuvant chemoradiotherapy in locally advanced rectal cancer].,the value of mr t2wi signal intensity related parameters for predicting pathological complete response to neoadjuvant chemoradiotherapy in locally advanced rectal cancer
retry,31786842,,,2019,Comparison of efficacy between natural orifice specimen extraction without abdominal incision and conventional laparoscopic surgery in the treatment of sigmoid colon cancer and upper rectal cancer.,comparison of efficacy between natural orifice specimen extraction without abdominal incision and conventional laparoscopic surgery in the treatment of sigmoid colon cancer and upper rectal cancer
retry,31801316,10.4143/crt.2019.249,PMC7176960,2020,Association of Body Composition with Long-Term Survival in Non-metastatic Rectal Cancer Patients.,association of body composition with long term survival in non metastatic rectal cancer patients
retry,31807525,10.21037/atm.2019.09.127,PMC6861767,2019,Preoperative assessment of lymph node metastasis in clinically node-negative rectal cancer patients based on a nomogram consisting of five clinical factors.,preoperative assessment of lymph node metastasis in clinically node negative rectal cancer patients based on a nomogram consisting of five clinical factors
retry,31874527,10.3760/cma.j.issn.1671-0274.2019.12.006,,2019,[Short-term clinical efficacy of robotic radical resection for high rectal cancer with transvaginal specimen extraction].,short term clinical efficacy of robotic radical resection for high rectal cancer with transvaginal specimen extraction
retry,31939430,10.4103/jcrt.JCRT_76_19,,2019,Value of intravoxel incoherent motion magnetic resonance imaging for differentiating metastatic from nonmetastatic mesorectal lymph nodes with different short-axis diameters in rectal cancer.,value of intravoxel incoherent motion magnetic resonance imaging for differentiating metastatic from nonmetastatic mesorectal lymph nodes with different short axis diameters in rectal cancer
retry,32072254,10.1007/s00330-020-06711-1,,2020,"The added value of pelvic surveillance by MRI during postoperative follow-up of rectal cancer, with a focus on abbreviated MRI.",the added value of pelvic surveillance by mri during postoperative follow up of rectal cancer with a focus on abbreviated mri
retry,32106682,10.1177/0284185120906663,PMC7653401,2020,Rectal cancer staging using MRI: adherence in reporting to evidence-based practice.,rectal cancer staging using mri adherence in reporting to evidence based practice
retry,32107687,10.1007/s10151-020-02170-4,,2020,A mathematical 3D-method applied to MRI to evaluate prostatic infiltration in advanced rectal cancer.,a mathematical 3d method applied to mri to evaluate prostatic infiltration in advanced rectal cancer
retry,32113887,10.1016/j.ejso.2020.02.034,,2020,The impact of circumferential tumour location on the clinical outcome of rectal cancer patients managed with neoadjuvant chemoradiotherapy followed by total mesorectal excision.,the impact of circumferential tumour location on the clinical outcome of rectal cancer patients managed with neoadjuvant chemoradiotherapy followed by total mesorectal excision
retry,32121328,10.3390/cancers12030563,PMC7139832,2020,The Determination of Immunomodulation and Its Impact on Survival of Rectal Cancer Patients Depends on the Area Comprising a Tissue Microarray.,the determination of immunomodulation and its impact on survival of rectal cancer patients depends on the area comprising a tissue microarray
retry,32138828,,,2020,Stoma-site hernia after stoma reversal following rectal cancer resection.,stoma site hernia after stoma reversal following rectal cancer resection
retry,32152823,10.1007/s12029-020-00393-0,,2021,Optimal Radiotherapy Dose in Anal Cancer: Trends in Prescription Dose and Association with Survival.,optimal radiotherapy dose in anal cancer trends in prescription dose and association with survival
retry,32154585,10.1002/bjs.11471,,2020,"Colonic transit in patients after anterior resection: prospective, comparative study using single-photon emission CT/CT scintigraphy.",colonic transit in patients after anterior resection prospective comparative study using single photon emission ct ct scintigraphy
retry,32157055,,,2019,[Study of Skip Metastasis to Lateral Lymph Nodes in Low Rectal Cancer].,study of skip metastasis to lateral lymph nodes in low rectal cancer
retry,32173832,,,2019,Predictive factors for histological response to neo-adjuvant treatment in rectal cancers.,predictive factors for histological response to neo adjuvant treatment in rectal cancers
retry,32192301,10.3760/cma.j.cn.441530-20200224-00077,,2020,[Interpretation of consensus on the watch and wait strategy in rectal cancer patients after neoadjuvant treatment (2020)].,interpretation of consensus on the watch and wait strategy in rectal cancer patients after neoadjuvant treatment 2020
retry,32198787,10.1111/codi.15045,,2020,"Robotic transanal minimally invasive surgery - technical, oncological and patient outcomes from a single institution.",robotic transanal minimally invasive surgery technical oncological and patient outcomes from a single institution
retry,32216771,10.1186/s12885-020-06761-0,PMC7099769,2020,Risk factor analysis for inaccurate pre-operative MRI staging in rectal cancer.,risk factor analysis for inaccurate pre operative mri staging in rectal cancer
retry,32234900,10.21873/anticanres.14166,,2020,Predicting Difficult Laparoscopic Total Mesorectal Excision for Locally-advanced Mid-low Rectal Cancer: The EuMaRCS Score Validation.,predicting difficult laparoscopic total mesorectal excision for locally advanced mid low rectal cancer the eumarcs score validation
retry,32234911,10.21873/anticanres.14177,,2020,Nomogram for Predicting the Pathological Tumor Response from Pre-treatment Clinical Characteristics in Rectal Cancer.,nomogram for predicting the pathological tumor response from pre treatment clinical characteristics in rectal cancer
retry,32239978,10.1200/EDBK_279871,,2020,Controversies in Rectal Cancer Treatment and Management.,controversies in rectal cancer treatment and management
retry,32247689,10.1016/j.canrad.2020.02.009,,2020,Positron-emission tomography-guided radiation therapy: Ongoing projects and future hopes.,positron emission tomography guided radiation therapy ongoing projects and future hopes
retry,32306605,10.3760/cma.j.cn.441530-20190725-00289,,2020,[Short-term efficacy of robotic-assisted total mesorectal excision with and without lateral lymph node dissection for mid-low advanced rectal cancer: a propensity score matching analysis].,short term efficacy of robotic assisted total mesorectal excision with and without lateral lymph node dissection for mid low advanced rectal cancer a propensity score matching analysis
retry,32319859,10.1148/radiol.2020200417,,2020,Using Deep Learning for MRI to Identify Responders to Chemoradiotherapy in Rectal Cancer.,using deep learning for mri to identify responders to chemoradiotherapy in rectal cancer
retry,32328461,10.3389/fonc.2020.00459,PMC7160694,2020,Preoperative Prediction of Extramural Venous Invasion in Rectal Cancer: Comparison of the Diagnostic Efficacy of Radiomics Models and Quantitative Dynamic Contrast-Enhanced Magnetic Resonance Imaging.,preoperative prediction of extramural venous invasion in rectal cancer comparison of the diagnostic efficacy of radiomics models and quantitative dynamic contrast enhanced magnetic resonance imaging
retry,32336000,10.1111/codi.15080,,2020,Clinical management of 52 consecutive retro-rectal tumours treated at a tertiary referral centre.,clinical management of 52 consecutive retro rectal tumours treated at a tertiary referral centre
retry,32339781,10.1016/j.radonc.2020.03.046,,2020,Predicting poor response to neoadjuvant chemoradiotherapy for locally advanced rectal cancer: Model constructed using pre-treatment MRI features of structured report template.,predicting poor response to neoadjuvant chemoradiotherapy for locally advanced rectal cancer model constructed using pre treatment mri features of structured report template
retry,32342670,10.1002/bjs5.50292,PMC7397373,2020,Prediction of surgical difficulty in minimally invasive surgery for rectal cancer by use of MRI pelvimetry.,prediction of surgical difficulty in minimally invasive surgery for rectal cancer by use of mri pelvimetry
retry,32355671,10.1159/000500730,PMC7184829,2020,Comparison of Changes in Disease-Free and Overall Survival of Resectable Rectal Adenocarcinoma between 2010 and 2015.,comparison of changes in disease free and overall survival of resectable rectal adenocarcinoma between 2010 and 2015
retry,32363115,10.1080/2162402X.2020.1746149,PMC7185207,2020,Regulatory T cells and cytotoxic T cells close to the epithelial-stromal interface are associated with a favorable prognosis.,regulatory t cells and cytotoxic t cells close to the epithelial stromal interface are associated with a favorable prognosis
retry,32386109,10.1111/1754-9485.13044,,2020,CT-based radiomic features to predict pathological response in rectal cancer: A retrospective cohort study.,ct based radiomic features to predict pathological response in rectal cancer a retrospective cohort study
retry,32387305,10.1016/j.clcc.2020.04.002,,2020,The Effects of Neoadjuvant Treatment on the Tumor Microenvironment in Rectal Cancer: Implications for Immune Activation and Therapy Response.,the effects of neoadjuvant treatment on the tumor microenvironment in rectal cancer implications for immune activation and therapy response
retry,32410082,10.1007/s00464-020-07617-1,,2021,Impact of pelvic dimensions on anastomotic leak after anterior resection for patients with rectal cancer.,impact of pelvic dimensions on anastomotic leak after anterior resection for patients with rectal cancer
retry,32417346,10.1016/j.radonc.2020.05.019,,2020,Predicting pathological response after radio-chemotherapy for rectal cancer: Impact of late oxaliplatin administration.,predicting pathological response after radio chemotherapy for rectal cancer impact of late oxaliplatin administration
retry,32417349,10.1016/j.radonc.2020.05.018,,2020,Patterns of inguinal lymph node metastases in anal canal cancer and recommendations for elective clinical target volume (CTV) delineation.,patterns of inguinal lymph node metastases in anal canal cancer and recommendations for elective clinical target volume ctv delineation
retry,32424463,10.1007/s00117-020-00661-x,,2020,Hybrid imaging of the abdomen and pelvis.,hybrid imaging of the abdomen and pelvis
retry,32487684,10.1136/ijgc-2020-001363,,2020,Radiologic Assessment of Groin Lymph Nodes in Pelvic Malignancies.,radiologic assessment of groin lymph nodes in pelvic malignancies
retry,32520954,10.1371/journal.pone.0234310,PMC7286508,2020,Analysis of influencing factors of no/low response to preoperative concurrent chemoradiotherapy in locally advanced rectal cancer.,analysis of influencing factors of no low response to preoperative concurrent chemoradiotherapy in locally advanced rectal cancer
retry,32522084,10.1089/lap.2020.0093,,2020,Short Term Postoperative and Oncological Outcomes of Two-Dimensional Versus Three-Dimensional Laparoscopic Transanal Total Mesorectal Excision of Rectal Cancer.,short term postoperative and oncological outcomes of two dimensional versus three dimensional laparoscopic transanal total mesorectal excision of rectal cancer
retry,32548618,10.1093/jrr/rraa038,PMC7336818,2020,Linac-based fractionated stereotactic radiotherapy with a micro-multileaf collimator for large brain metastasis unsuitable for surgical resection.,linac based fractionated stereotactic radiotherapy with a micro multileaf collimator for large brain metastasis unsuitable for surgical resection
retry,32557898,10.1002/jmri.27265,,2020,"Editorial for ""Comparative Analysis of Amide Proton Transfer MRI and Diffusion-Weighted Imaging in Assessing p53 and Ki-67 Expression of Rectal Adenocarcinoma"".",editorial for comparative analysis of amide proton transfer mri and diffusion weighted imaging in assessing p53 and ki 67 expression of rectal adenocarcinoma
retry,32561971,10.1007/s00259-020-04911-x,,2021,Diagnostic accuracy of FDG-PET/MRI versus pelvic MRI and thoracic and abdominal CT for detecting synchronous distant metastases in rectal cancer patients.,diagnostic accuracy of fdg pet mri versus pelvic mri and thoracic and abdominal ct for detecting synchronous distant metastases in rectal cancer patients
retry,32575082,10.1088/1361-6560/ab9f61,,2020,Standardization of CT radiomics features for multi-center analysis: impact of software settings and parameters.,standardization of ct radiomics features for multi center analysis impact of software settings and parameters
retry,32623536,10.1007/s10151-020-02274-x,,2020,The role of MRI pelvimetry in predicting technical difficulty and outcomes of open and minimally invasive total mesorectal excision: a systematic review.,the role of mri pelvimetry in predicting technical difficulty and outcomes of open and minimally invasive total mesorectal excision a systematic review
retry,32624161,10.1016/j.mric.2020.03.009,,2020,MR Imaging Texture Analysis in the Abdomen and Pelvis.,mr imaging texture analysis in the abdomen and pelvis
retry,32639566,10.1001/jamanetworkopen.2020.8522,PMC7344384,2020,Association of Image-Guided Navigation With Complete Resection Rate in Patients With Locally Advanced Primary and Recurrent Rectal Cancer: A Nonrandomized Controlled Trial.,association of image guided navigation with complete resection rate in patients with locally advanced primary and recurrent rectal cancer a nonrandomized controlled trial
retry,32654177,10.1002/jso.26111,PMC7689834,2020,Effect of understaging on local recurrence of rectal cancer.,effect of understaging on local recurrence of rectal cancer
retry,32655115,10.11405/nisshoshi.117.552,,2020,[Imaging of rectal cancer].,imaging of rectal cancer
retry,32661298,10.1038/s41379-020-0619-8,,2021,Intratumoral budding and automated CD8-positive T-cell density in pretreatment biopsies can predict response to neoadjuvant therapy in rectal adenocarcinoma.,intratumoral budding and automated cd8 positive t cell density in pretreatment biopsies can predict response to neoadjuvant therapy in rectal adenocarcinoma
retry,32662098,10.1111/ases.12841,,2021,"Preventing anastomotic leakage after laparoscopic intersphincteric resection without a diverting stoma: ""pull-through/reborn"".",preventing anastomotic leakage after laparoscopic intersphincteric resection without a diverting stoma pull through reborn
retry,32669377,10.1158/1078-0432.CCR-20-0337,,2020,A Diagnostic Biopsy-Adapted Immunoscore Predicts Response to Neoadjuvant Treatment and Selects Patients with Rectal Cancer Eligible for a Watch-and-Wait Strategy.,a diagnostic biopsy adapted immunoscore predicts response to neoadjuvant treatment and selects patients with rectal cancer eligible for a watch and wait strategy
retry,32690604,10.1136/gutjnl-2019-319866,PMC7873419,2021,Image-based consensus molecular subtype (imCMS) classification of colorectal cancer using deep learning.,image based consensus molecular subtype imcms classification of colorectal cancer using deep learning
retry,32691110,10.1007/s00261-020-02654-9,,2021,How to accurately measure the distance from the anal verge to rectal cancer on MRI: a prospective study using anal verge markers.,how to accurately measure the distance from the anal verge to rectal cancer on mri a prospective study using anal verge markers
retry,32712044,10.1016/j.asjsur.2020.07.001,,2021,Accuracy of high-resolution rectal magnetic resonance imaging re-staging with histopathology in locally advanced rectal cancer after neoadjuvant chemoradiotherapy.,accuracy of high resolution rectal magnetic resonance imaging re staging with histopathology in locally advanced rectal cancer after neoadjuvant chemoradiotherapy
retry,32738130,10.2478/raon-2020-0043,PMC7585344,2020,"Influence of concurrent capecitabine based chemoradiotherapy with bevacizumab on the survival rate, late toxicity and health-related quality of life in locally advanced rectal cancer: a prospective phase II CRAB trial.",influence of concurrent capecitabine based chemoradiotherapy with bevacizumab on the survival rate late toxicity and health related quality of life in locally advanced rectal cancer a prospective phase ii crab trial
retry,32758641,10.1016/j.ijrobp.2020.07.2323,,2020,External Validation of Early Regression Index (ERI(TCP)) as Predictor of Pathologic Complete Response in Rectal Cancer Using Magnetic Resonance-Guided Radiation Therapy.,external validation of early regression index eri tcp as predictor of pathologic complete response in rectal cancer using magnetic resonance guided radiation therapy
retry,32761428,10.1245/s10434-020-08978-6,,2020,Radiomics for Diagnosing Lateral Pelvic Lymph Nodes in Rectal Cancer: Artificial Intelligence Enabling Precision Medicine?,radiomics for diagnosing lateral pelvic lymph nodes in rectal cancer artificial intelligence enabling precision medicine
retry,32763060,10.1016/j.acra.2020.06.037,,2020,Utilization of Pelvic MRI for Nodal Staging in Rectal Cancer Staging.,utilization of pelvic mri for nodal staging in rectal cancer staging
retry,32768009,10.1053/j.semnuclmed.2020.04.003,,2020,Molecular Imaging and Therapy of Colorectal and Anal Cancer.,molecular imaging and therapy of colorectal and anal cancer
retry,32793726,10.21037/atm-20-5102,PMC7396747,2020,Quantitative CT measurement of left colonic and pelvic mesenteric adipose volume in radiation proctitis.,quantitative ct measurement of left colonic and pelvic mesenteric adipose volume in radiation proctitis
retry,32794029,10.1245/s10434-020-09018-z,,2020,Prognostic Significance of Neoadjuvant Rectal Scores in Preoperative Short-Course Radiotherapy and Long-Course Concurrent Chemoradiotherapy for Patients with Locally Advanced Rectal Cancer.,prognostic significance of neoadjuvant rectal scores in preoperative short course radiotherapy and long course concurrent chemoradiotherapy for patients with locally advanced rectal cancer
retry,32810348,10.1111/codi.15319,,2020,Novel use of the Bakri balloon to minimize empty pelvis syndrome following laparoscopic total pelvic exenteration.,novel use of the bakri balloon to minimize empty pelvis syndrome following laparoscopic total pelvic exenteration
retry,32829150,10.1016/j.clinimag.2020.08.005,,2020,Diffusion tensor imaging of rectal carcinoma: Clinical evaluation and its correlation with histopathological findings.,diffusion tensor imaging of rectal carcinoma clinical evaluation and its correlation with histopathological findings
retry,32830799,10.1188/20.ONF.557-566,PMC7793555,2020,Skeletal Muscle Mass Loss During Cancer Treatment: Differences by Race and Cancer Site.,skeletal muscle mass loss during cancer treatment differences by race and cancer site
retry,32842428,10.3760/cma.j.cn.441530-20190406-00149,,2020,[Analysis on clinical factors affecting transrectal natural orifice specimen extraction in rectal cancer surgery].,analysis on clinical factors affecting transrectal natural orifice specimen extraction in rectal cancer surgery
retry,32848330,10.3748/wjg.v26.i29.4218,PMC7422545,2020,Watch and wait approach in rectal cancer: Current controversies and future directions.,watch and wait approach in rectal cancer current controversies and future directions
retry,32854730,10.1186/s13014-020-01648-7,PMC7453535,2020,Multicentre clinical radiotherapy audit in rectal cancer: results of the IROCA project.,multicentre clinical radiotherapy audit in rectal cancer results of the iroca project
retry,32855399,10.1038/s41467-020-18162-9,PMC7452897,2020,Predicting distant metastasis and chemotherapy benefit in locally advanced rectal cancer.,predicting distant metastasis and chemotherapy benefit in locally advanced rectal cancer
retry,32866283,10.1002/bjs.12027,,2020,Improving initial nodal staging of T3 rectal cancer using quantitative image features.,improving initial nodal staging of t3 rectal cancer using quantitative image features
retry,32870349,10.1007/s00261-020-02710-4,,2021,Pretreatment MR-based radiomics nomogram as potential imaging biomarker for individualized assessment of perineural invasion status in rectal cancer.,pretreatment mr based radiomics nomogram as potential imaging biomarker for individualized assessment of perineural invasion status in rectal cancer
retry,32873308,10.1186/s13014-020-01650-z,PMC7466827,2020,Evaluation of small bowel motion and feasibility of using the peritoneal space to replace bowel loops for dose constraints during intensity-modulated radiotherapy for rectal cancer.,evaluation of small bowel motion and feasibility of using the peritoneal space to replace bowel loops for dose constraints during intensity modulated radiotherapy for rectal cancer
retry,32877210,10.1259/bjr.20200543,PMC7548370,2020,Manual and semi-automated delineation of locally advanced rectal cancer subvolumes with diffusion-weighted MRI.,manual and semi automated delineation of locally advanced rectal cancer subvolumes with diffusion weighted mri
retry,32884036,10.1038/s41598-020-71577-8,PMC7471696,2020,Impact of sentinel lymph-node biopsy and FDG-PET in staging and radiation treatment of anal cancer patients.,impact of sentinel lymph node biopsy and fdg pet in staging and radiation treatment of anal cancer patients
retry,32885328,10.1007/s10151-020-02335-1,,2021,Assessment of intraoperative use of indocyanine green fluorescence imaging on the incidence of anastomotic leakage after rectal cancer surgery: a PRISMA-compliant systematic review and meta-analysis.,assessment of intraoperative use of indocyanine green fluorescence imaging on the incidence of anastomotic leakage after rectal cancer surgery a prisma compliant systematic review and meta analysis
retry,32889250,10.1016/j.suronc.2020.08.013,,2020,Lateral lymph node and its association with distant recurrence in rectal cancer: A clue of systemic disease.,lateral lymph node and its association with distant recurrence in rectal cancer a clue of systemic disease
retry,32890612,10.1016/j.radonc.2020.08.028,,2020,"Magnetic resonance imaging tumor response score (mrTRS) predicts therapeutic effect and prognosis of locally advanced rectal cancer after neoadjuvant chemoradiotherapy: A prospective, multi-center study.",magnetic resonance imaging tumor response score mrtrs predicts therapeutic effect and prognosis of locally advanced rectal cancer after neoadjuvant chemoradiotherapy a prospective multi center study
retry,32892128,10.1016/j.jss.2020.08.003,,2021,Selecting Image-Guided Surgical Technologies in Oncology: A Surgeon's Perspective.,selecting image guided surgical technologies in oncology a surgeon s perspective
retry,32898334,10.1002/ctm2.159,PMC7507021,2020,Artificial intelligence-based 5-year survival prediction and prognosis of DNp73 expression in rectal cancer patients.,artificial intelligence based 5 year survival prediction and prognosis of dnp73 expression in rectal cancer patients
retry,32926212,10.1007/s00261-020-02718-w,PMC7946648,2021,Does microenema administration improve the quality of DWI sequences in rectal MRI?,does microenema administration improve the quality of dwi sequences in rectal mri
retry,32940753,10.1007/s00261-020-02757-3,PMC7946652,2021,Measurement of rectal tumor height from the anal verge on MRI: a comparison of internal versus external anal sphincter.,measurement of rectal tumor height from the anal verge on mri a comparison of internal versus external anal sphincter
retry,32969877,10.1097/DCR.0000000000001791,,2020,Diagnosis and Treatment of Anal Squamous Cell Carcinoma.,diagnosis and treatment of anal squamous cell carcinoma
retry,32976875,10.1016/j.radonc.2020.09.024,,2021,Online adaptive MR-guided radiotherapy for rectal cancer; feasibility of the workflow on a 1.5T MR-linac: clinical implementation and initial experience.,online adaptive mr guided radiotherapy for rectal cancer feasibility of the workflow on a 1 5t mr linac clinical implementation and initial experience
retry,32996713,10.1002/bjs5.50355,PMC8370463,2020,Tumour growth rate of carcinoma of the colon and rectum: retrospective cohort study.,tumour growth rate of carcinoma of the colon and rectum retrospective cohort study
retry,33002647,10.1016/j.prro.2020.09.009,,2021,Long-Term Results of a Prospective Phase 2 Study on Volume De-Escalation in Neoadjuvant Chemoradiotherapy of Rectal Cancer.,long term results of a prospective phase 2 study on volume de escalation in neoadjuvant chemoradiotherapy of rectal cancer
retry,33006704,10.1186/s40792-020-00988-6,PMC7532260,2020,Four cases of laparoscopic colectomy for sigmoid colon and rectal cancer with persistent descending mesocolon.,four cases of laparoscopic colectomy for sigmoid colon and rectal cancer with persistent descending mesocolon
retry,33023215,10.3390/diagnostics10100780,PMC7601888,2020,The Elevated Pre-Treatment C-Reactive Protein Predicts Poor Prognosis in Patients with Locally Advanced Rectal Cancer Treated with Neo-Adjuvant Radiochemotherapy.,the elevated pre treatment c reactive protein predicts poor prognosis in patients with locally advanced rectal cancer treated with neo adjuvant radiochemotherapy
retry,33036648,10.1186/s13104-020-05327-4,PMC7547447,2020,Radiological staging of rectal cancer in a resource limited setting.,radiological staging of rectal cancer in a resource limited setting
retry,33083648,10.1016/j.adro.2020.05.004,PMC7557137,2020,Clinical Implementation of Preoperative Short-Course Pencil Beam Scanning Proton Therapy for Patients With Rectal Cancer.,clinical implementation of preoperative short course pencil beam scanning proton therapy for patients with rectal cancer
retry,33102603,10.1155/2020/9842732,PMC7576357,2020,Magnetic Resonance of Rectal Cancer Response to Therapy: An Image Quality Comparison between 3.0 and 1.5 Tesla.,magnetic resonance of rectal cancer response to therapy an image quality comparison between 3 0 and 1 5 tesla
retry,33108881,10.14735/amko2020362,,2020,New trends in neoadjuvant therapy of locally advanced rectal cancer from a surgeons perspective - a commentary.,new trends in neoadjuvant therapy of locally advanced rectal cancer from a surgeons perspective a commentary
retry,33120239,10.1016/j.ejrad.2020.109345,,2020,Correlation of the tumour-stroma ratio with diffusion weighted MRI in rectal cancer.,correlation of the tumour stroma ratio with diffusion weighted mri in rectal cancer
retry,33150976,10.1111/jgh.15333,,2021,Nomogram for predicting the feasibility of natural orifice specimen extraction after laparoscopic rectal resection.,nomogram for predicting the feasibility of natural orifice specimen extraction after laparoscopic rectal resection
retry,33153929,10.1016/j.dld.2020.10.012,,2021,Comparison of 18FDG-PET/CT and conventional follow-up methods in colorectal cancer: A randomised prospective study.,comparison of 18fdg pet ct and conventional follow up methods in colorectal cancer a randomised prospective study
retry,33154671,10.2147/CMAR.S270727,PMC7608140,2020,Diameter of Superior Rectal Vein - CT Predictor of KRAS Mutation in Rectal Carcinoma.,diameter of superior rectal vein ct predictor of kras mutation in rectal carcinoma
retry,33162318,10.1016/j.acra.2020.09.024,,2021,MRI-Based Radiomics of Rectal Cancer: Assessment of the Local Recurrence at the Site of Anastomosis.,mri based radiomics of rectal cancer assessment of the local recurrence at the site of anastomosis
retry,33180166,10.1007/s00330-020-07403-6,,2021,Multiparametric MRI-based radiomics signature for preoperative estimation of tumor-stroma ratio in rectal cancer.,multiparametric mri based radiomics signature for preoperative estimation of tumor stroma ratio in rectal cancer
retry,33189492,10.1016/j.ejso.2020.10.038,,2021,Indications for neoadjuvant treatment based on risk factors for poor prognosis before and after neoadjuvant chemotherapy alone in patients with locally advanced rectal cancer.,indications for neoadjuvant treatment based on risk factors for poor prognosis before and after neoadjuvant chemotherapy alone in patients with locally advanced rectal cancer
retry,33194696,10.3389/fonc.2020.577653,PMC7653406,2020,Potential of miR-21 to Predict Incomplete Response to Chemoradiotherapy in Rectal Adenocarcinoma.,potential of mir 21 to predict incomplete response to chemoradiotherapy in rectal adenocarcinoma
retry,33207287,10.1016/j.ejrad.2020.109368,,2020,Application of liver acquisition with volume acceleration enhanced sequence in improving the accuracy of reassessing organ-invasive rectal mucinous adenocarcinoma after chemoradiation.,application of liver acquisition with volume acceleration enhanced sequence in improving the accuracy of reassessing organ invasive rectal mucinous adenocarcinoma after chemoradiation
retry,33264638,10.1016/j.radonc.2020.11.027,PMC8050018,2021,"Multicentre, deep learning, synthetic-CT generation for ano-rectal MR-only radiotherapy treatment planning.",multicentre deep learning synthetic ct generation for ano rectal mr only radiotherapy treatment planning
retry,33287114,10.3390/cancers12123611,PMC7761666,2020,Neoadjuvant Chemotherapy in Locally Advanced Rectal Cancer.,neoadjuvant chemotherapy in locally advanced rectal cancer
retry,33289435,10.1080/14737140.2021.1860762,,2021,MRI radiomics in the prediction of therapeutic response to neoadjuvant therapy for locoregionally advanced rectal cancer: a systematic review.,mri radiomics in the prediction of therapeutic response to neoadjuvant therapy for locoregionally advanced rectal cancer a systematic review
retry,33300090,10.1186/s40792-020-01090-7,PMC7726059,2020,Breast metastasis from pelvic high-grade serous adenocarcinoma: a report of two cases.,breast metastasis from pelvic high grade serous adenocarcinoma a report of two cases
retry,33349519,10.1016/j.clcc.2020.11.001,,2021,Radiomics for the Prediction of Treatment Outcome and Survival in Patients With Colorectal Cancer: A Systematic Review.,radiomics for the prediction of treatment outcome and survival in patients with colorectal cancer a systematic review
retry,33375133,10.3390/cancers13010016,PMC7792936,2020,A Comprehensive Evaluation of Associations Between Routinely Collected Staging Information and The Response to (Chemo)Radiotherapy in Rectal Cancer.,a comprehensive evaluation of associations between routinely collected staging information and the response to chemo radiotherapy in rectal cancer
retry,33379270,10.3390/jcm10010072,PMC7795301,2020,Initial Experience with the Safe Implementation of Transanal Total Mesorectal Excision (TaTME) as a Standardized Procedure for Low Rectal Cancer.,initial experience with the safe implementation of transanal total mesorectal excision tatme as a standardized procedure for low rectal cancer
retry,33402599,10.4103/ijc.IJC_435_19,,2021,Factors affecting pathological response and survival following neoadjuvant chemoradiotherapy in rectal cancer patients.,factors affecting pathological response and survival following neoadjuvant chemoradiotherapy in rectal cancer patients
retry,33418008,10.1016/j.radonc.2020.12.034,,2021,Automatic segmentation of three clinical target volumes in radiotherapy using lifelong learning.,automatic segmentation of three clinical target volumes in radiotherapy using lifelong learning
retry,33423883,10.1016/j.clon.2020.12.011,PMC7985673,2021,Intensity-modulated Radiotherapy for Rectal Cancer in the UK in 2020.,intensity modulated radiotherapy for rectal cancer in the uk in 2020
retry,33428144,10.1007/s11596-020-2298-6,,2020,Feasibility of MRI Radiomics for Predicting KRAS Mutation in Rectal Cancer.,feasibility of mri radiomics for predicting kras mutation in rectal cancer
retry,33466369,10.3390/diagnostics11010073,PMC7824834,2021,The Feasibility of Patient-Specific Circulating Tumor DNA Monitoring throughout Multi-Modality Therapy for Locally Advanced Esophageal and Rectal Cancer: A Potential Biomarker for Early Detection of Subclinical Disease.,the feasibility of patient specific circulating tumor dna monitoring throughout multi modality therapy for locally advanced esophageal and rectal cancer a potential biomarker for early detection of subclinical disease
retry,33543320,10.1007/s00261-020-02923-7,PMC9309895,2021,Bone lesions on baseline staging rectal MRI: prevalence and significance in patients with rectal adenocarcinoma.,bone lesions on baseline staging rectal mri prevalence and significance in patients with rectal adenocarcinoma
retry,33569436,10.21037/atm-20-7673,PMC7867944,2021,Development and validation of magnetic resonance imaging-based radiomics models for preoperative prediction of microsatellite instability in rectal cancer.,development and validation of magnetic resonance imaging based radiomics models for preoperative prediction of microsatellite instability in rectal cancer
retry,33570769,10.1111/codi.15582,PMC8248146,2021,Widespread anorectal lymphovascular networks and tissue drainage: analyses from submucosal India ink injection and indocyanine green fluorescence imaging.,widespread anorectal lymphovascular networks and tissue drainage analyses from submucosal india ink injection and indocyanine green fluorescence imaging
retry,33573925,10.1016/j.asjsur.2021.01.011,,2021,Persistent extramural vascular invasion positivity on magnetic resonance imaging after neoadjuvant chemoradiotherapy predicts poor outcome in rectal cancer.,persistent extramural vascular invasion positivity on magnetic resonance imaging after neoadjuvant chemoradiotherapy predicts poor outcome in rectal cancer
retry,33590632,10.1111/ans.16466,,2021,Staging rectal cancer in 2020.,staging rectal cancer in 2020
retry,33591043,10.1097/DCR.0000000000001984,,2021,The American Society of Colon and Rectal Surgeons Clinical Practice Guidelines for the Surveillance and Survivorship Care of Patients After Curative Treatment of Colon and Rectal Cancer.,the american society of colon and rectal surgeons clinical practice guidelines for the surveillance and survivorship care of patients after curative treatment of colon and rectal cancer
retry,33618522,10.4149/neo_2021_201217N1366,,2021,Tumor regression grading after preoperative hyperfractionated radiotherapy/chemoradiotherapy for locally advanced rectal cancers: interim analysis of phase III clinical study.,tumor regression grading after preoperative hyperfractionated radiotherapy chemoradiotherapy for locally advanced rectal cancers interim analysis of phase iii clinical study
retry,33628729,10.3389/fonc.2020.594182,PMC7899045,2020,Artificial Intelligence in Decision-Making for Colorectal Cancer Treatment Strategy: An Observational Study of Implementing Watson for Oncology in a 250-Case Cohort.,artificial intelligence in decision making for colorectal cancer treatment strategy an observational study of implementing watson for oncology in a 250 case cohort
retry,33643920,10.3389/fonc.2020.625459,PMC7907590,2020,Which Definition of Upper Rectal Cancer Is Optimal in Selecting Stage II or III Rectal Cancer Patients to Avoid Postoperative Adjuvant Radiation?,which definition of upper rectal cancer is optimal in selecting stage ii or iii rectal cancer patients to avoid postoperative adjuvant radiation
retry,33650664,10.3892/ijo.2021.5175,,2021,Emerging roles of non‑coding RNAs in the response of rectal cancer to radiotherapy (Review).,emerging roles of non‑coding rnas in the response of rectal cancer to radiotherapy review
retry,33710824,10.17116/hirurgia202103136,,2021,[Computed tomography for assessment of postoperative outcomes in patients with parastomal hernia].,computed tomography for assessment of postoperative outcomes in patients with parastomal hernia
retry,33731051,10.1186/s12880-021-00583-7,PMC7967971,2021,MRI-based nomogram analysis: recognition of anterior peritoneal reflection and its relationship to rectal cancers.,mri based nomogram analysis recognition of anterior peritoneal reflection and its relationship to rectal cancers
retry,33747528,10.1093/gastro/goaa083,PMC7962745,2021,Transanal vs laparoscopic total mesorectal excision for rectal cancer: a multicenter randomized phase III clinical trial (TaLaR trial) protocol.,transanal vs laparoscopic total mesorectal excision for rectal cancer a multicenter randomized phase iii clinical trial talar trial protocol
retry,33759582,10.1148/radiol.2021210261,PMC8103911,2021,High-Precision Assessment of Chemoradiotherapy of Rectal Cancer with Near-Infrared Photoacoustic Microscopy and Deep Learning.,high precision assessment of chemoradiotherapy of rectal cancer with near infrared photoacoustic microscopy and deep learning
retry,33763362,10.3389/fonc.2021.626626,PMC7982570,2021,Establishment and Clinical Application of an Artificial Intelligence Diagnostic Platform for Identifying Rectal Cancer Tumor Budding.,establishment and clinical application of an artificial intelligence diagnostic platform for identifying rectal cancer tumor budding
retry,33779742,10.1001/jamanetworkopen.2021.3304,PMC8008289,2021,Assessment of Simulated SARS-CoV-2 Infection and Mortality Risk Associated With Radiation Therapy Among Patients in 8 Randomized Clinical Trials.,assessment of simulated sars cov 2 infection and mortality risk associated with radiation therapy among patients in 8 randomized clinical trials
retry,33797468,10.1097/CM9.0000000000001401,PMC8104246,2021,Establishment and clinical application value of an automatic diagnosis platform for rectal cancer T-staging based on a deep neural network.,establishment and clinical application value of an automatic diagnosis platform for rectal cancer t staging based on a deep neural network
retry,33813405,10.21873/anticanres.14966,,2021,"Treatment Volume, Dose Prescription and Delivery Techniques for Dose-intensification in Rectal Cancer: A National Survey.",treatment volume dose prescription and delivery techniques for dose intensification in rectal cancer a national survey
retry,33838677,10.1186/s12893-021-01191-6,PMC8035779,2021,ICG fluorescence imaging in colorectal surgery: a snapshot from the ICRAL study group.,icg fluorescence imaging in colorectal surgery a snapshot from the icral study group
retry,33842316,10.3389/fonc.2021.610338,PMC8033032,2021,Machine Learning-Based Radiomics Nomogram for Detecting Extramural Venous Invasion in Rectal Cancer.,machine learning based radiomics nomogram for detecting extramural venous invasion in rectal cancer
retry,33858644,10.1053/j.ro.2020.07.009,,2021,MRI Evaluation of Rectal Cancer Following Preoperative Chemoradiotherapy.,mri evaluation of rectal cancer following preoperative chemoradiotherapy
retry,33872284,10.1097/DCR.0000000000002007,,2021,"Perfusion Assessment in Left-Sided/Low Anterior Resection (PILLAR III): A Randomized, Controlled, Parallel, Multicenter Study Assessing Perfusion Outcomes With PINPOINT Near-Infrared Fluorescence Imaging in Low Anterior Resection.",perfusion assessment in left sided low anterior resection pillar iii a randomized controlled parallel multicenter study assessing perfusion outcomes with pinpoint near infrared fluorescence imaging in low anterior resection
retry,33878823,10.3760/cma.j.cn.441530-20201203-00636,,2021,[A comparative study of the effects of different treatment strategies on postoperative anal function and quality of life in patients with complete obstructive left hemicolon cancer].,a comparative study of the effects of different treatment strategies on postoperative anal function and quality of life in patients with complete obstructive left hemicolon cancer
retry,33926780,10.1016/j.ejso.2021.04.021,,2021,Magnetic resonance imaging as a predictor of surgical outcome in patients with local pelvic recurrence of colorectal cancer.,magnetic resonance imaging as a predictor of surgical outcome in patients with local pelvic recurrence of colorectal cancer
retry,33941817,10.1038/s41598-021-88831-2,PMC8093213,2021,Preoperative prediction of perineural invasion with multi-modality radiomics in rectal cancer.,preoperative prediction of perineural invasion with multi modality radiomics in rectal cancer
retry,33949877,10.2214/AJR.21.25556,,2021,"MRI Staging in an Evolving Management Paradigm for Rectal Cancer, From the AJR Special Series on Cancer Staging.",mri staging in an evolving management paradigm for rectal cancer from the ajr special series on cancer staging
retry,33952435,10.1016/j.bjps.2021.03.038,,2021,The combined use of pedicled profunda artery perforator and bilateral gracilis flaps for pelvic reconstruction: A cohort study.,the combined use of pedicled profunda artery perforator and bilateral gracilis flaps for pelvic reconstruction a cohort study
retry,33962569,10.1186/s12885-021-08278-6,PMC8105987,2021,Efficacy of positron emission tomography in diagnosis of lateral lymph node metastases in patients with rectal Cancer: a retrospective study.,efficacy of positron emission tomography in diagnosis of lateral lymph node metastases in patients with rectal cancer a retrospective study
retry,33971571,10.1016/j.ejrad.2021.109742,,2021,Early conformational changes at tumour bed and long term response after neoadjuvant therapy in locally-advanced rectal cancer.,early conformational changes at tumour bed and long term response after neoadjuvant therapy in locally advanced rectal cancer
retry,34024807,10.3233/XST-210877,,2021,Prognostic value of CT radiomics in evaluating lymphovascular invasion in rectal cancer: Diagnostic performance based on different volumes of interest.,prognostic value of ct radiomics in evaluating lymphovascular invasion in rectal cancer diagnostic performance based on different volumes of interest
retry,34041033,10.3389/fonc.2021.671354,PMC8141802,2021,Radiomics Based on T2-Weighted Imaging and Apparent Diffusion Coefficient Images for Preoperative Evaluation of Lymph Node Metastasis in Rectal Cancer Patients.,radiomics based on t2 weighted imaging and apparent diffusion coefficient images for preoperative evaluation of lymph node metastasis in rectal cancer patients
retry,34041663,10.1007/s11547-021-01369-1,,2021,Validation of the standardized index of shape tool to analyze DCE-MRI data in the assessment of neo-adjuvant therapy in locally advanced rectal cancer.,validation of the standardized index of shape tool to analyze dce mri data in the assessment of neo adjuvant therapy in locally advanced rectal cancer
retry,34051043,10.1111/codi.15760,PMC8519080,2021,Poor response at restaging MRI and high incomplete resection rates of locally advanced mucinous rectal cancer after chemoradiation therapy.,poor response at restaging mri and high incomplete resection rates of locally advanced mucinous rectal cancer after chemoradiation therapy
retry,34083312,10.21873/anticanres.15103,,2021,Comparison of Risk Factors for Locally Advanced Lower Rectal Cancer Recurrence Evaluated by Magnetic Resonance Imaging and Pathological Factors Analysed by Longitudinal Slicing Method.,comparison of risk factors for locally advanced lower rectal cancer recurrence evaluated by magnetic resonance imaging and pathological factors analysed by longitudinal slicing method
retry,34098631,10.3393/ac.2021.03.15,PMC8566143,2021,The Effect of Anastomotic Leakage on the Incidence and Severity of Low Anterior Resection Syndrome in Patients Undergoing Proctectomy: A Propensity Score Matching Analysis.,the effect of anastomotic leakage on the incidence and severity of low anterior resection syndrome in patients undergoing proctectomy a propensity score matching analysis
retry,34109120,10.3389/fonc.2021.670156,PMC8180870,2021,Quantitative T2*-Weighted Imaging and Reduced Field-of-View Diffusion-Weighted Imaging of Rectal Cancer: Correlation of R2* and Apparent Diffusion Coefficient With Histopathological Prognostic Factors.,quantitative t2 weighted imaging and reduced field of view diffusion weighted imaging of rectal cancer correlation of r2 and apparent diffusion coefficient with histopathological prognostic factors
retry,34112180,10.1186/s12967-021-02919-x,PMC8194221,2021,Radiomic signature of the FOWARC trial predicts pathological response to neoadjuvant treatment in rectal cancer.,radiomic signature of the fowarc trial predicts pathological response to neoadjuvant treatment in rectal cancer
retry,34132075,10.3348/kjr.2020.1403,PMC8390818,2021,How to Combine Diffusion-Weighted and T2-Weighted Imaging for MRI Assessment of Pathologic Complete Response to Neoadjuvant Chemoradiotherapy in Patients with Rectal Cancer?,how to combine diffusion weighted and t2 weighted imaging for mri assessment of pathologic complete response to neoadjuvant chemoradiotherapy in patients with rectal cancer
retry,34136391,10.3389/fonc.2021.655325,PMC8201514,2021,MV CBCT-Based Synthetic CT Generation Using a Deep Learning Method for Rectal Cancer Adaptive Radiotherapy.,mv cbct based synthetic ct generation using a deep learning method for rectal cancer adaptive radiotherapy
retry,34148312,10.3760/cma.j.cn.441530-20210401-00140,,2021,[Research progress on early diagnosis and prevention of anastomotic leak after rectal cancer surgery].,research progress on early diagnosis and prevention of anastomotic leak after rectal cancer surgery
retry,34148319,10.3760/cma.j.cn.441530-20210330-00136,,2021,[Value of high resolution magnetic resonance imaging for preoperative evaluation of Denonvilliers fascia in patients with rectal cancer].,value of high resolution magnetic resonance imaging for preoperative evaluation of denonvilliers fascia in patients with rectal cancer
retry,34155222,10.1038/s41598-021-92118-x,PMC8217562,2021,Prognostic value of metabolic parameters on (18)F-fluorodeoxyglucose positron tomography/computed tomography in classical rectal adenocarcinoma.,prognostic value of metabolic parameters on 18 f fluorodeoxyglucose positron tomography computed tomography in classical rectal adenocarcinoma
retry,34162410,10.1186/s13014-021-01837-y,PMC8220801,2021,The dosimetric impact of deep learning-based auto-segmentation of organs at risk on nasopharyngeal and rectal cancer.,the dosimetric impact of deep learning based auto segmentation of organs at risk on nasopharyngeal and rectal cancer
retry,34185174,10.1007/s10147-021-01937-5,,2021,Perspectives for circulating tumor DNA in clinical management of colorectal cancer.,perspectives for circulating tumor dna in clinical management of colorectal cancer
retry,34265357,10.1016/j.radonc.2021.07.004,,2021,A radiomic signature model to predict the chemoradiation-induced alteration in tumor-infiltrating CD8(+) cells in locally advanced rectal cancer.,a radiomic signature model to predict the chemoradiation induced alteration in tumor infiltrating cd8 cells in locally advanced rectal cancer
retry,34284904,10.1016/j.ejso.2021.07.011,,2021,Oncologic impact of lateral lymph node metastasis at the distal lateral compartment in locally advanced low rectal cancer after neoadjuvant (chemo)radiotherapy.,oncologic impact of lateral lymph node metastasis at the distal lateral compartment in locally advanced low rectal cancer after neoadjuvant chemo radiotherapy
retry,34289546,10.3760/cma.j.issn.441530-20210131-00046,,2021,[Comparison on efficacy between fascia-oriented versus vascular-oriented lateral lymph node dissection in patients with rectal cancer].,comparison on efficacy between fascia oriented versus vascular oriented lateral lymph node dissection in patients with rectal cancer
retry,34298803,10.3390/cancers13143590,PMC8303203,2021,Radiomics in the Setting of Neoadjuvant Radiotherapy: A New Approach for Tailored Treatment.,radiomics in the setting of neoadjuvant radiotherapy a new approach for tailored treatment
retry,34307922,10.1016/j.phro.2021.07.005,PMC8295842,2021,Patient position verification in magnetic-resonance imaging only radiotherapy of anal and rectal cancers.,patient position verification in magnetic resonance imaging only radiotherapy of anal and rectal cancers
retry,34321845,10.3748/wjg.v27.i25.3802,PMC8291019,2021,Emerging applications of radiomics in rectal cancer: State of the art and future perspectives.,emerging applications of radiomics in rectal cancer state of the art and future perspectives
retry,34323052,10.12182/20210460201,PMC10409384,2021,[Application of Automated Machine Learning Based on Radiomics Features of T2WI and RS-EPI DWI to Predict Preoperative T Staging of Rectal Cancer].,application of automated machine learning based on radiomics features of t2wi and rs epi dwi to predict preoperative t staging of rectal cancer
retry,34386458,10.4174/astr.2021.101.2.93,PMC8331553,2021,Oncologic comparison between nonradical management and total mesorectal excision in good responders after chemoradiotherapy in patients with mid-to-low rectal cancer.,oncologic comparison between nonradical management and total mesorectal excision in good responders after chemoradiotherapy in patients with mid to low rectal cancer
retry,34441441,10.3390/diagnostics11081507,PMC8394713,2021,Watch and Wait Approach for Rectal Cancer Following Neoadjuvant Treatment: The Experience of a High Volume Cancer Center.,watch and wait approach for rectal cancer following neoadjuvant treatment the experience of a high volume cancer center
retry,34464382,10.1371/journal.pmed.1003741,PMC8407540,2021,Utility of ctDNA in predicting response to neoadjuvant chemoradiotherapy and prognosis assessment in locally advanced rectal cancer: A prospective cohort study.,utility of ctdna in predicting response to neoadjuvant chemoradiotherapy and prognosis assessment in locally advanced rectal cancer a prospective cohort study
retry,34475997,10.7150/jca.57926,PMC8408126,2021,(18)F-FDG PET/CT metabolic parameters correlate with EIF2S2 expression status in colorectal cancer.,18 f fdg pet ct metabolic parameters correlate with eif2s2 expression status in colorectal cancer
retry,34508014,10.1097/DCR.0000000000002122,PMC8820240,2021,Organ Preservation in Patients with Rectal Cancer Treated with Total Neoadjuvant Therapy.,organ preservation in patients with rectal cancer treated with total neoadjuvant therapy
retry,34562744,10.1016/j.ejrad.2021.109963,,2021,Diffusion kurtosis imaging-derived histogram metrics for prediction of resistance to neoadjuvant chemoradiotherapy in rectal adenocarcinoma: Preliminary findings.,diffusion kurtosis imaging derived histogram metrics for prediction of resistance to neoadjuvant chemoradiotherapy in rectal adenocarcinoma preliminary findings
retry,34584334,10.5455/aim.2021.29.113-117,PMC8443141,2021,MRI Evaluation of Extramural Venous Invasion (EMVI) with Rectal Carcinoma Using High Resolution T2 and Combination of High Resolution T2 and Contrast Enhanced T1 Weighted Imaging.,mri evaluation of extramural venous invasion emvi with rectal carcinoma using high resolution t2 and combination of high resolution t2 and contrast enhanced t1 weighted imaging
retry,34597228,10.1148/rg.2021210035,,2021,Applications of PET/MRI in Abdominopelvic Oncology.,applications of pet mri in abdominopelvic oncology
retry,34660266,10.3389/fonc.2021.695726,PMC8515850,2021,One to Two Cycles of Consolidation Chemotherapy With Capecitabine After Neoadjuvant Chemoradiotherapy Does Not Benefit Low-Risk Patients With Locally Advanced Middle-Low Rectal Cancer.,one to two cycles of consolidation chemotherapy with capecitabine after neoadjuvant chemoradiotherapy does not benefit low risk patients with locally advanced middle low rectal cancer
retry,34674666,10.1186/s12885-021-08873-7,PMC8529852,2021,The efficiency of (18)F-FDG-PET/CT in the assessment of tumor response to preoperative chemoradiation therapy for locally recurrent rectal cancer.,the efficiency of 18 f fdg pet ct in the assessment of tumor response to preoperative chemoradiation therapy for locally recurrent rectal cancer
retry,34680269,10.3390/cancers13205120,PMC8534180,2021,Intra- and Interobserver Variability in Magnetic Resonance Imaging Measurements in Rectal Cancer Patients.,intra and interobserver variability in magnetic resonance imaging measurements in rectal cancer patients
retry,34720528,10.3748/wjg.v27.i38.6374,PMC8517789,2021,Intraoperative use of indocyanine green fluorescence imaging in rectal cancer surgery: The state of the art.,intraoperative use of indocyanine green fluorescence imaging in rectal cancer surgery the state of the art
retry,34722724,10.1159/000514800,PMC8543365,2021,"Multimodal Treatment of cT3 Rectal Cancer in a Prospective Multi-Center Observational Study: Can Neoadjuvant Chemoradiation Be Omitted in Patients with an MRI-Assessed, Negative Circumferential Resection Margin?",multimodal treatment of ct3 rectal cancer in a prospective multi center observational study can neoadjuvant chemoradiation be omitted in patients with an mri assessed negative circumferential resection margin
retry,34785927,10.2147/JIR.S342214,PMC8591410,2021,Predicting Neoadjuvant Chemoradiotherapy Response in Locally Advanced Rectal Cancer Using Tumor-Infiltrating Lymphocytes Density.,predicting neoadjuvant chemoradiotherapy response in locally advanced rectal cancer using tumor infiltrating lymphocytes density
retry,34802716,10.1016/j.bulcan.2021.09.007,,2021,[Rectal Cancer: Organ preservation and neoadjuvant treatment escalation].,rectal cancer organ preservation and neoadjuvant treatment escalation
retry,34814260,10.3934/mbe.2021371,,2021,A deep learning based automatic segmentation approach for anatomical structures in intensity modulation radiotherapy.,a deep learning based automatic segmentation approach for anatomical structures in intensity modulation radiotherapy
retry,34817508,10.1590/1806-9282.20210325,,2021,Early results of novel robotic surgery-assisted low anterior resection for rectal cancer and transvaginal specimen extraction by using Da Vinci XI: initial clinical experience.,early results of novel robotic surgery assisted low anterior resection for rectal cancer and transvaginal specimen extraction by using da vinci xi initial clinical experience
retry,34876924,10.1155/2021/4520450,PMC8645400,2021,Evaluation of the Risk of Recurrence in Patients with Local Advanced Rectal Tumours by Different Radiomic Analysis Approaches.,evaluation of the risk of recurrence in patients with local advanced rectal tumours by different radiomic analysis approaches
retry,34901474,10.1016/j.phro.2021.10.001,PMC8640865,2021,Optimisation and validation of an integrated magnetic resonance imaging-only radiotherapy planning solution.,optimisation and validation of an integrated magnetic resonance imaging only radiotherapy planning solution
retry,34926566,10.3389/fsurg.2021.752009,PMC8674929,2021,Comparison of Clinical Efficacy and Safety Between da Vinci Robotic and Laparoscopic Intersphincteric Resection for Low Rectal Cancer: A Meta-Analysis.,comparison of clinical efficacy and safety between da vinci robotic and laparoscopic intersphincteric resection for low rectal cancer a meta analysis
retry,34956868,10.3389/fonc.2021.741612,PMC8695495,2021,Clinical Significance and Prognostic Value of the Maximum Standardized Uptake Value of (18)F-Flurodeoxyglucose Positron Emission Tomography-Computed Tomography in Colorectal Cancer.,clinical significance and prognostic value of the maximum standardized uptake value of 18 f flurodeoxyglucose positron emission tomography computed tomography in colorectal cancer
retry,35017368,10.4103/ijc.IJC_80_20,,2021,The role of MRI and 18F-FDG PET/CT with respect to evaluation of pathological response in the rectal cancer patients after neoadjuvant chemoradiotherapy.,the role of mri and 18f fdg pet ct with respect to evaluation of pathological response in the rectal cancer patients after neoadjuvant chemoradiotherapy
retry,35070064,10.4240/wjgs.v13.i12.1567,PMC8727185,2021,Mucinous adenocarcinoma: A unique clinicopathological subtype in colorectal cancer.,mucinous adenocarcinoma a unique clinicopathological subtype in colorectal cancer
retry,35117393,10.21037/tcr.2019.11.33,PMC8799155,2020,Effect of prone and supine treatment positions for postoperative treatment of rectal cancer on target dose coverage and small bowel sparing using intensity-modulated radiation therapy.,effect of prone and supine treatment positions for postoperative treatment of rectal cancer on target dose coverage and small bowel sparing using intensity modulated radiation therapy
retry,35166221,,,2021,"MRI and correlation between TNM and CEA, CA19.9, AFP in rectal cancer Experience of a single academic surgical center.",mri and correlation between tnm and cea ca19 9 afp in rectal cancer experience of a single academic surgical center
retry,35166227,,,2021,Transrectal vacuum treatment for low colorectal anastomotic leaks.,transrectal vacuum treatment for low colorectal anastomotic leaks
new,31278459,10.1007/s10151-019-02015-9,,2019,Protection of colorectal anastomosis with an intraluminal bypass device for patients undergoing an elective anterior resection: a pilot study.,protection of colorectal anastomosis with an intraluminal bypass device for patients undergoing an elective anterior resection a pilot study
new,30140624,10.21037/qims.2018.07.03,PMC6081354,2018,Bone marrow reconversion mimicking pelvis metastases in a patient with rectal cancer: a pitfall on magnetic resonance images.,bone marrow reconversion mimicking pelvis metastases in a patient with rectal cancer a pitfall on magnetic resonance images
new,16828909,10.1016/j.radonc.2006.06.008,,2006,Distal rectal cancer: sphincter-sparing is also a challenge for the radiation oncologist.,distal rectal cancer sphincter sparing is also a challenge for the radiation oncologist
new,27543254,10.1016/j.radonc.2016.07.027,,2016,Plan selection strategy for rectum cancer patients: An interobserver study to assess clinical feasibility.,plan selection strategy for rectum cancer patients an interobserver study to assess clinical feasibility
new,30972294,10.3389/fonc.2019.00181,PMC6445888,2019,Prospective Study of Isolated Recurrent Tumor Re-irradiation With Carbon-Ion Beams.,prospective study of isolated recurrent tumor re irradiation with carbon ion beams
new,30102197,10.1016/j.ijrobp.2018.05.033,,2018,Error Detection in Intensity-Modulated Radiation Therapy Quality Assurance Using Radiomic Analysis of Gamma Distributions.,error detection in intensity modulated radiation therapy quality assurance using radiomic analysis of gamma distributions
new,31628513,10.1007/s00261-019-02094-0,,2019,Nodal drainage pathways in primary rectal cancer: anatomy of regional and distant nodal spread.,nodal drainage pathways in primary rectal cancer anatomy of regional and distant nodal spread
new,32203400,10.1038/s41575-020-0275-y,,2020,The multidisciplinary management of rectal cancer.,the multidisciplinary management of rectal cancer
new,33825830,10.1042/BSR20204136,PMC8062955,2021,Association analysis of miRNA-related genetic polymorphisms in miR-143/145 and KRAS with colorectal cancer susceptibility and survival.,association analysis of mirna related genetic polymorphisms in mir 143 145 and kras with colorectal cancer susceptibility and survival
new,30114928,10.1177/0284185118791201,,2019,Perfusion-sensitive parameters of intravoxel incoherent motion MRI in rectal cancer: evaluation of reproducibility and correlation with dynamic contrast-enhanced MRI.,perfusion sensitive parameters of intravoxel incoherent motion mri in rectal cancer evaluation of reproducibility and correlation with dynamic contrast enhanced mri
new,18376220,10.1097/COC.0b013e31805c142f,,2008,Phase I study of capecitabine and oxaliplatin in combination with the proteasome inhibitor bortezomib in patients with advanced solid tumors.,phase i study of capecitabine and oxaliplatin in combination with the proteasome inhibitor bortezomib in patients with advanced solid tumors
new,16228842,10.1007/s10350-005-0155-0,,2005,Quality of life of patients operated on for low rectal cancer: impact of the type of surgery and patients' characteristics.,quality of life of patients operated on for low rectal cancer impact of the type of surgery and patients characteristics
new,33420827,10.1007/s00595-020-02211-3,PMC8215037,2021,MRI pelvimetry-based evaluation of surgical difficulty in laparoscopic total mesorectal excision after neoadjuvant chemoradiation for male rectal cancer.,mri pelvimetry based evaluation of surgical difficulty in laparoscopic total mesorectal excision after neoadjuvant chemoradiation for male rectal cancer
new,24604580,10.1245/s10434-014-3559-z,,2014,Neoadjuvant chemoradiotherapy affects the indications for lateral pelvic node dissection in mid/low rectal cancer with clinically suspected lateral node involvement: a multicenter retrospective cohort study.,neoadjuvant chemoradiotherapy affects the indications for lateral pelvic node dissection in mid low rectal cancer with clinically suspected lateral node involvement a multicenter retrospective cohort study
new,20478003,10.1111/j.1463-1318.2010.02317.x,,2011,Nurse or surgeon follow-up after rectal cancer: a randomized trial.,nurse or surgeon follow up after rectal cancer a randomized trial
new,24011671,10.1016/j.canrad.2013.06.041,,2013,[Preoperative radiotherapy for rectal cancer: target volumes].,preoperative radiotherapy for rectal cancer target volumes
new,24597365,,,2014,[Diagnosis and treatment for carcinoma associated with anal fistula].,diagnosis and treatment for carcinoma associated with anal fistula
new,34367318,10.1155/2021/5095940,PMC8346302,2021,Comparison of Diagnostic Performance between Perfusion-Related Intravoxel Incoherent Motion DWI and Dynamic Contrast-Enhanced MRI in Rectal Cancer.,comparison of diagnostic performance between perfusion related intravoxel incoherent motion dwi and dynamic contrast enhanced mri in rectal cancer
new,16627212,10.1016/j.gassur.2006.01.002,,2006,Postchemotherapy characteristics of hepatic colorectal metastases: remnants of uncertain malignant potential.,postchemotherapy characteristics of hepatic colorectal metastases remnants of uncertain malignant potential
new,25615776,10.2214/AJR.14.12599,PMC4518447,2015,Does gadolinium-based contrast material improve diagnostic accuracy of local invasion in rectal cancer MRI? A multireader study.,does gadolinium based contrast material improve diagnostic accuracy of local invasion in rectal cancer mri a multireader study
new,17596744,10.1159/000102557,,2007,Phase II study of temozolomide and concomitant whole-brain radiotherapy in patients with brain metastases from solid tumors.,phase ii study of temozolomide and concomitant whole brain radiotherapy in patients with brain metastases from solid tumors
new,16396757,,,2005,[47th meeting of the American Society for Therapeutic Radiology and Oncology (Astro)].,47th meeting of the american society for therapeutic radiology and oncology astro
new,26556476,10.1007/s11605-015-3011-0,,2016,Use of Preoperative Magnetic Resonance Imaging to Select Patients with Rectal Cancer for Neoadjuvant Chemoradiation--Interim Analysis of the German OCUM Trial (NCT01325649).,use of preoperative magnetic resonance imaging to select patients with rectal cancer for neoadjuvant chemoradiation interim analysis of the german ocum trial nct01325649
new,20176406,10.1016/j.radonc.2010.01.021,,2010,Blood glucose level normalization and accurate timing improves the accuracy of PET-based treatment response predictions in rectal cancer.,blood glucose level normalization and accurate timing improves the accuracy of pet based treatment response predictions in rectal cancer
new,23865006,10.3857/roj.2013.31.2.97,PMC3712179,2013,"The location of locoregional recurrence in pathologic T3N0, non-irradiated lower rectal cancer.",the location of locoregional recurrence in pathologic t3n0 non irradiated lower rectal cancer
new,31627933,10.1016/j.ejso.2019.10.012,,2020,Stepwise neoadjuvant chemoradiotherapy in the management of mid-low locally advanced rectal cancer.,stepwise neoadjuvant chemoradiotherapy in the management of mid low locally advanced rectal cancer
new,21160619,10.4251/wjgo.v2.i5.213,PMC2998836,2010,Positron emission tomography as predictor of rectal cancer response during or following neoadjuvant chemoradiation.,positron emission tomography as predictor of rectal cancer response during or following neoadjuvant chemoradiation
new,30026330,10.1158/0008-5472.CAN-18-0494,,2018,Identification of Metastatic Lymph Nodes in MR Imaging with Faster Region-Based Convolutional Neural Networks.,identification of metastatic lymph nodes in mr imaging with faster region based convolutional neural networks
new,30825957,10.1016/j.radonc.2018.11.007,,2019,Quantitative analysis of diffusion weighted imaging to predict pathological good response to neoadjuvant chemoradiation for locally advanced rectal cancer.,quantitative analysis of diffusion weighted imaging to predict pathological good response to neoadjuvant chemoradiation for locally advanced rectal cancer
new,19569177,10.1002/ijc.24707,,2009,Precise detection of lymph node metastases in mouse rectal cancer by using 5-aminolevulinic acid.,precise detection of lymph node metastases in mouse rectal cancer by using 5 aminolevulinic acid
new,28060889,10.1371/journal.pone.0169462,PMC5217944,2017,Sequential PET/CT with [18F]-FDG Predicts Pathological Tumor Response to Preoperative Short Course Radiotherapy with Delayed Surgery in Patients with Locally Advanced Rectal Cancer Using Logistic Regression Analysis.,sequential pet ct with 18f fdg predicts pathological tumor response to preoperative short course radiotherapy with delayed surgery in patients with locally advanced rectal cancer using logistic regression analysis
new,19440794,10.1007/s00464-009-0484-5,,2009,A novel approach of robotic-assisted anterior resection with transanal or transvaginal retrieval of the specimen for colorectal cancer.,a novel approach of robotic assisted anterior resection with transanal or transvaginal retrieval of the specimen for colorectal cancer
new,33665727,10.1007/s00595-021-02250-4,,2021,MRI-detected extramural vascular invasion potentiates the risk for pathological metastasis to the lateral lymph nodes in rectal cancer.,mri detected extramural vascular invasion potentiates the risk for pathological metastasis to the lateral lymph nodes in rectal cancer
new,28395761,10.1053/j.seminoncol.2017.02.002,,2017,Screening for colorectal cancer.,screening for colorectal cancer
new,25963525,10.1016/j.cancergen.2015.03.010,,2015,Comprehensive evaluation of the effectiveness of gene expression signatures to predict complete response to neoadjuvant chemoradiotherapy and guide surgical intervention in rectal cancer.,comprehensive evaluation of the effectiveness of gene expression signatures to predict complete response to neoadjuvant chemoradiotherapy and guide surgical intervention in rectal cancer
new,24671810,,,2014,[Anatomy of the anal canal and staging of low rectal cancer with high resolution magnetic resonance imaging].,anatomy of the anal canal and staging of low rectal cancer with high resolution magnetic resonance imaging
new,26200679,10.1097/DCR.0000000000000390,,2015,Effect of Multidisciplinary Cancer Conference on Treatment Plan for Patients With Primary Rectal Cancer.,effect of multidisciplinary cancer conference on treatment plan for patients with primary rectal cancer
new,22646752,10.1111/j.1463-1318.2012.03089.x,,2012,Improved local control of rectal cancer reduces distant metastases.,improved local control of rectal cancer reduces distant metastases
new,14529793,10.1016/s0360-3016(03)00346-8,,2003,Radiation treatment planning with an integrated positron emission and computer tomography (PET/CT): a feasibility study.,radiation treatment planning with an integrated positron emission and computer tomography pet ct a feasibility study
new,12907896,10.1007/s10350-004-7277-7,,2003,Sentinel lymph node procedure in patients with epidermoid carcinoma of the anal canal: early experience.,sentinel lymph node procedure in patients with epidermoid carcinoma of the anal canal early experience
new,32065902,10.1016/j.radonc.2020.01.014,,2020,MRI predicts increased eligibility for sphincter preservation after CRT in low rectal cancer.,mri predicts increased eligibility for sphincter preservation after crt in low rectal cancer
new,32839078,10.1016/j.clcc.2020.07.005,,2020,Do We Have to Treat All T3 Rectal Cancer the Same Way?,do we have to treat all t3 rectal cancer the same way
new,24377520,10.7314/apjcp.2013.14.11.6293,,2013,Pre-operative predictive factors for intra-operative pathological lymph node metastasis in rectal cancers.,pre operative predictive factors for intra operative pathological lymph node metastasis in rectal cancers
new,30451764,10.1097/DCR.0000000000001224,,2019,Magnetic Resonance Texture Analysis in Identifying Complete Pathological Response to Neoadjuvant Treatment in Locally Advanced Rectal Cancer.,magnetic resonance texture analysis in identifying complete pathological response to neoadjuvant treatment in locally advanced rectal cancer
new,27284466,10.21037/jgo.2015.11.05,PMC4880788,2016,Selective extra levator versus conventional abdomino perineal resection: experience from a tertiary-care center.,selective extra levator versus conventional abdomino perineal resection experience from a tertiary care center
new,30240291,10.2214/AJR.17.19135,,2018,MRI-Based Apparent Diffusion Coefficient for Predicting Pathologic Response of Rectal Cancer After Neoadjuvant Therapy: Systematic Review and Meta-Analysis.,mri based apparent diffusion coefficient for predicting pathologic response of rectal cancer after neoadjuvant therapy systematic review and meta analysis
new,11109453,,,2000,[Antineoplastic perfusion with percutaneous stop-flow control in the treatment of advanced pelvic malignant neoplasms].,antineoplastic perfusion with percutaneous stop flow control in the treatment of advanced pelvic malignant neoplasms
new,34792107,10.1093/bjs/znab388,PMC10364694,2021,Early response to upfront neoadjuvant chemotherapy (CAPOX) alone in low- and intermediate-risk rectal cancer: a single-arm phase II trial.,early response to upfront neoadjuvant chemotherapy capox alone in low and intermediate risk rectal cancer a single arm phase ii trial
new,27636146,10.1097/SLE.0000000000000321,,2016,Sensitivity and Specificity of Fractal Analysis to Distinguish Between Healthy and Pathologic Rectal Mucosa Microvasculature Seen During Colonoscopy.,sensitivity and specificity of fractal analysis to distinguish between healthy and pathologic rectal mucosa microvasculature seen during colonoscopy
new,28044947,10.21614/chirurgia.111.6.463,,2016,The Importance of Preoperative Staging of Rectal Cancer Using ultiparametric MRI Part II: TNM Cancer Staging.,the importance of preoperative staging of rectal cancer using ultiparametric mri part ii tnm cancer staging
new,29396399,10.1038/s41598-018-20029-5,PMC5797196,2018,Author Correction: Deep Learning for Fully-Automated Localization and Segmentation of Rectal Cancer on Multiparametric MR.,author correction deep learning for fully automated localization and segmentation of rectal cancer on multiparametric mr
new,15655636,10.1007/s10151-004-0105-1,,2004,The surgical approach to locally recurrent rectal cancer.,the surgical approach to locally recurrent rectal cancer
new,20674203,10.1016/j.ejrad.2010.06.048,,2011,Quantitative assessment of perirectal tumor infiltration with dynamic contrast-enhanced multi-detector row CT in rectal cancer.,quantitative assessment of perirectal tumor infiltration with dynamic contrast enhanced multi detector row ct in rectal cancer
new,16466553,10.1111/j.1463-1318.2005.00913.x,,2006,Can the results of anorectal (abdominoperineal) resection be improved: are circumferential resection margins too often positive?,can the results of anorectal abdominoperineal resection be improved are circumferential resection margins too often positive
new,22497951,10.5754/hge12165,,2012,Computed tomography with histological correlation for evaluating tumor regression of rectal carcinoma after preoperative chemoradiation therapy.,computed tomography with histological correlation for evaluating tumor regression of rectal carcinoma after preoperative chemoradiation therapy
new,30152747,10.1148/radiol.2018181689,,2018,MRI of Extramural Venous Invasion in Rectal Cancer: A New Marker for Patient Prognosis?,mri of extramural venous invasion in rectal cancer a new marker for patient prognosis
new,24051676,10.1007/s00330-013-3016-6,,2014,Performance of gadofosveset-enhanced MRI for staging rectal cancer nodes: can the initial promising results be reproduced?,performance of gadofosveset enhanced mri for staging rectal cancer nodes can the initial promising results be reproduced
new,22167723,,,2011,"[Multicenter registry of diagnosis, staging and treatment of rectal cancer in Buenos Aires City].",multicenter registry of diagnosis staging and treatment of rectal cancer in buenos aires city
new,32789755,10.1007/s00330-020-07149-1,,2021,Detection of distant metastases in rectal cancer: contrast-enhanced CT vs whole body MRI.,detection of distant metastases in rectal cancer contrast enhanced ct vs whole body mri
new,16736686,,,2006,[Sexuality and body image in patients with rectal cancer].,sexuality and body image in patients with rectal cancer
new,34672343,10.1093/bjsopen/zrab096,PMC8529522,2021,Impact of nutritional status and body composition on postoperative outcomes after pelvic exenteration for locally advanced and locally recurrent rectal cancer.,impact of nutritional status and body composition on postoperative outcomes after pelvic exenteration for locally advanced and locally recurrent rectal cancer
new,26643583,10.1111/jgh.13261,,2016,Safety and efficacy of intraoperative iodine-125 seed implantation brachytherapy for rectal cancer patients: A retrospective clinical research.,safety and efficacy of intraoperative iodine 125 seed implantation brachytherapy for rectal cancer patients a retrospective clinical research
new,31084973,10.1016/j.crad.2019.04.015,,2019,Radiologist and multidisciplinary team clinician opinions on the quality of MRI rectal cancer staging reports: how are we doing?,radiologist and multidisciplinary team clinician opinions on the quality of mri rectal cancer staging reports how are we doing
new,31330175,10.1016/j.ijrobp.2019.07.003,,2019,"Dosimetric Considerations for Ytterbium-169, Selenium-75, and Iridium-192 Radioisotopes in High-Dose-Rate Endorectal Brachytherapy.",dosimetric considerations for ytterbium 169 selenium 75 and iridium 192 radioisotopes in high dose rate endorectal brachytherapy
new,22197192,10.1016/j.canrad.2011.05.015,,2012,[Should the treatment of anal carcinoma be adapted in the elderly? A retrospective analysis of acute toxicities in a French centre and a review of the literature].,should the treatment of anal carcinoma be adapted in the elderly a retrospective analysis of acute toxicities in a french centre and a review of the literature
new,34081158,10.1007/s00261-021-03137-1,PMC8435521,2021,A radiomics-based nomogram for preoperative T staging prediction of rectal cancer.,a radiomics based nomogram for preoperative t staging prediction of rectal cancer
new,33107816,10.1503/cjs.013619,PMC7608706,2020,Assessment of quality-of-care indicators for colorectal cancer surgery at a single centre in a developing country.,assessment of quality of care indicators for colorectal cancer surgery at a single centre in a developing country
new,29878685,10.1111/codi.14084,,2018,Session 3: Beyond TME and radiotherapy MRI evaluation of rectal cancer treatment response.,session 3 beyond tme and radiotherapy mri evaluation of rectal cancer treatment response
new,20821121,10.1007/s12194-009-0067-0,,2009,Study of intra-abdominal fat distribution in sigmoid colon cancer in Japanese patients by use of MDCT data.,study of intra abdominal fat distribution in sigmoid colon cancer in japanese patients by use of mdct data
new,32367283,10.1007/s11605-020-04626-2,,2020,Potential Usefulness of Three-dimensional Navigation Tools for the Resection of Intra-abdominal Recurrence of Colorectal Cancer.,potential usefulness of three dimensional navigation tools for the resection of intra abdominal recurrence of colorectal cancer
new,19036679,10.1684/bdc.2008.0747,,2008,[Edifice program: analysis of screening exam practices for cancer in France].,edifice program analysis of screening exam practices for cancer in france
new,25409311,10.1097/SLA.0000000000000570,,2015,Multicenter Evaluation of Rectal cancer ReImaging POst Neoadjuvant (MERRION) Therapy.,multicenter evaluation of rectal cancer reimaging post neoadjuvant merrion therapy
new,21671218,10.4261/1305-3825.DIR.3394-10.2,,2012,The ability of phased-array MRI in preoperative staging of primary rectal cancer: correlation with histopathological results.,the ability of phased array mri in preoperative staging of primary rectal cancer correlation with histopathological results
new,20093522,10.1148/radiol.2541090484,,2010,Resected colorectal cancer among Medicare beneficiaries:adoption of FDG PET.,resected colorectal cancer among medicare beneficiaries adoption of fdg pet
new,22137981,10.1016/j.cca.2011.11.019,,2012,No correlation between pretreatment serum CEA levels and tumor volume in locally advanced rectal cancer patients.,no correlation between pretreatment serum cea levels and tumor volume in locally advanced rectal cancer patients
new,29582794,10.4103/jmas.JMAS_12_18,PMC6438075,2019,Application of a newly designed microfork probe for robotic-guided pelvic intraoperative neuromapping.,application of a newly designed microfork probe for robotic guided pelvic intraoperative neuromapping
new,22595848,10.1097/DCR.0b013e31824f873f,PMC3356567,2012,Chromosomal copy number alterations are associated with persistent lymph node metastasis after chemoradiation in locally advanced rectal cancer.,chromosomal copy number alterations are associated with persistent lymph node metastasis after chemoradiation in locally advanced rectal cancer
new,27697137,,,2016,Cancer of the upper rectum.,cancer of the upper rectum
new,27889030,10.1016/j.soc.2016.07.006,,2017,Locally Recurrent Disease Related to Anal Canal Cancers.,locally recurrent disease related to anal canal cancers
new,24460263,10.7314/apjcp.2013.14.12.7127,,2013,RPSA gene mutants associated with risk of colorectal cancer among the chinese population.,rpsa gene mutants associated with risk of colorectal cancer among the chinese population
new,26440834,,,2015,Short term outcome and predictors of response to neoadjuvant treatment in rectal cancer.,short term outcome and predictors of response to neoadjuvant treatment in rectal cancer
new,25075111,,,2014,Benefit of lateral lymph node dissection for rectal cancer: long-term analysis of 944 cases undergoing surgery at a single center (1975-2004).,benefit of lateral lymph node dissection for rectal cancer long term analysis of 944 cases undergoing surgery at a single center 1975 2004
new,16632979,,,2006,[Radiation therapy for rectal cancer].,radiation therapy for rectal cancer
new,10859074,10.1007/BF02238010,,2000,Usefulness of FDG-PET scan in the assessment of suspected metastatic or recurrent adenocarcinoma of the colon and rectum.,usefulness of fdg pet scan in the assessment of suspected metastatic or recurrent adenocarcinoma of the colon and rectum
new,28123730,10.3892/mco.2016.1096,PMC5244901,2017,Pseudocirrhosis caused by regorafenib in an advanced rectal cancer patient with multiple liver metastases.,pseudocirrhosis caused by regorafenib in an advanced rectal cancer patient with multiple liver metastases
new,20106720,10.1016/S1470-2045(09)70381-X,,2010,Neoadjuvant capecitabine and oxaliplatin before chemoradiotherapy and total mesorectal excision in MRI-defined poor-risk rectal cancer: a phase 2 trial.,neoadjuvant capecitabine and oxaliplatin before chemoradiotherapy and total mesorectal excision in mri defined poor risk rectal cancer a phase 2 trial
new,33992498,10.1016/j.clon.2021.04.014,,2021,Magnetic Resonance Imaging Simulation for Anal and Rectal Cancer - Optimising the Patient Experience.,magnetic resonance imaging simulation for anal and rectal cancer optimising the patient experience
new,17932879,10.1002/bjs.5917,,2008,Prognostic significance of magnetic resonance imaging-detected extramural vascular invasion in rectal cancer.,prognostic significance of magnetic resonance imaging detected extramural vascular invasion in rectal cancer
new,34003351,10.1007/s00330-021-08045-y,,2021,Prognostic risk factors and survival models for T3 locally advanced rectal cancer: what can we learn from the baseline MRI?,prognostic risk factors and survival models for t3 locally advanced rectal cancer what can we learn from the baseline mri
new,26347011,10.1007/s00104-015-0083-z,,2015,[Spincter preservation after selective chemoradiotherapy of rectal cancer. Interim results of the OCUM study].,spincter preservation after selective chemoradiotherapy of rectal cancer interim results of the ocum study
new,25731228,,,2014,Prophylactic laparoscopic lateral pelvic lymph node dissection for lower rectal cancer: remarking on the vesicohypogastric fascia.,prophylactic laparoscopic lateral pelvic lymph node dissection for lower rectal cancer remarking on the vesicohypogastric fascia
new,30866965,10.1186/s13014-019-1246-8,PMC6417065,2019,Delta-radiomics signature predicts treatment outcomes after preoperative chemoradiotherapy and surgery in rectal cancer.,delta radiomics signature predicts treatment outcomes after preoperative chemoradiotherapy and surgery in rectal cancer
new,32724164,10.1038/s41598-020-69345-9,PMC7387337,2020,Machine learning for predicting pathological complete response in patients with locally advanced rectal cancer after neoadjuvant chemoradiotherapy.,machine learning for predicting pathological complete response in patients with locally advanced rectal cancer after neoadjuvant chemoradiotherapy
new,19665323,10.1016/j.ijrobp.2009.04.048,,2010,Predicting grade 3 acute diarrhea during radiation therapy for rectal cancer using a cutoff-dose logistic regression normal tissue complication probability model.,predicting grade 3 acute diarrhea during radiation therapy for rectal cancer using a cutoff dose logistic regression normal tissue complication probability model
new,16479664,10.1007/s10406-005-0125-6,,2005,Virtual colonoscopy: clinical application.,virtual colonoscopy clinical application
new,30933653,10.2214/AJR.18.20564,,2019,DWI and T2-Weighted MRI Volumetry in Resectable Rectal Cancer: Correlation With Lymphovascular Invasion and Lymph Node Metastases.,dwi and t2 weighted mri volumetry in resectable rectal cancer correlation with lymphovascular invasion and lymph node metastases
new,19101955,10.1002/jso.21217,,2009,Rectal cancer surgery and regional lymph nodes.,rectal cancer surgery and regional lymph nodes
new,19325047,10.1259/bjr/61056525,,2009,Locally advanced rectal cancer: histopathological correlation and predictive accuracy of serial MRI after neoadjuvant chemotherapy.,locally advanced rectal cancer histopathological correlation and predictive accuracy of serial mri after neoadjuvant chemotherapy
new,22491045,10.6004/jnccn.2012.0046,,2012,"Anal Carcinoma, Version 2.2012: featured updates to the NCCN guidelines.",anal carcinoma version 2 2012 featured updates to the nccn guidelines
new,24127204,10.1002/jmri.24385,,2014,Dynamic contrast enhanced-MRI in rectal cancer: Inter- and intraobserver reproducibility and the effect of slice selection on pharmacokinetic analysis.,dynamic contrast enhanced mri in rectal cancer inter and intraobserver reproducibility and the effect of slice selection on pharmacokinetic analysis
new,24420736,10.1007/s00384-013-1820-8,,2014,"Incidence, risks and outcome of radiological leak following early contrast enema after anterior resection.",incidence risks and outcome of radiological leak following early contrast enema after anterior resection
new,28987662,10.1016/j.ejrad.2017.08.009,,2017,Value of DCE-MRI for staging and response evaluation in rectal cancer: A systematic review.,value of dce mri for staging and response evaluation in rectal cancer a systematic review
new,33922483,10.3390/diagnostics11050756,PMC8146913,2021,Radiomics and Magnetic Resonance Imaging of Rectal Cancer: From Engineering to Clinical Practice.,radiomics and magnetic resonance imaging of rectal cancer from engineering to clinical practice
new,12780879,10.1046/j.1463-1318.2003.00482.x,,2003,Pathological staging of epidermoid anal carcinoma for the new era.,pathological staging of epidermoid anal carcinoma for the new era
new,16532432,10.1002/cncr.21794,,2006,Is T classification still correlated with lymph node status after preoperative chemoradiotherapy for rectal cancer?,is t classification still correlated with lymph node status after preoperative chemoradiotherapy for rectal cancer
new,10919008,,,2000,Three-dimensional reconstruction of colorectal tumors from serial tissue sections by computer graphics: a preliminary study.,three dimensional reconstruction of colorectal tumors from serial tissue sections by computer graphics a preliminary study
new,33446352,10.1016/j.ejso.2020.12.013,,2021,The clinical relevance of indeterminate lung nodules in patients with locally recurrent rectal cancer.,the clinical relevance of indeterminate lung nodules in patients with locally recurrent rectal cancer
new,27810119,10.1016/j.clon.2016.10.005,PMC5304408,2017,Initial Results from the Royal College of Radiologists' UK National Audit of Anal Cancer Radiotherapy 2015.,initial results from the royal college of radiologists uk national audit of anal cancer radiotherapy 2015
new,19959077,10.1016/S1470-2045(09)70084-1,,2009,Defining the surgical planes on MRI improves surgery for cancer of the low rectum.,defining the surgical planes on mri improves surgery for cancer of the low rectum
new,34540954,10.12998/wjcc.v9.i24.6987,PMC8409211,2021,Textural differences based on apparent diffusion coefficient maps for discriminating pT3 subclasses of rectal adenocarcinoma.,textural differences based on apparent diffusion coefficient maps for discriminating pt3 subclasses of rectal adenocarcinoma
new,21342671,10.1016/j.surge.2010.07.012,,2011,Detection and survival of colorectal cancer from a 2 week wait service.,detection and survival of colorectal cancer from a 2 week wait service
new,29157069,10.1080/0284186X.2017.1400689,,2018,Tumor volume regression during preoperative chemoradiotherapy for rectal cancer: a prospective observational study with weekly MRI.,tumor volume regression during preoperative chemoradiotherapy for rectal cancer a prospective observational study with weekly mri
new,28279170,10.1186/s12885-017-3170-3,PMC5343389,2017,Patients with pathological stage N2 rectal cancer treated with early adjuvant chemotherapy have a lower treatment failure rate.,patients with pathological stage n2 rectal cancer treated with early adjuvant chemotherapy have a lower treatment failure rate
new,32488420,10.1007/s00384-020-03632-9,,2020,The prognostic importance of MRI detected extramural vascular invasion (mrEMVI) in locally advanced rectal cancer.,the prognostic importance of mri detected extramural vascular invasion mremvi in locally advanced rectal cancer
new,16179172,10.1016/j.crad.2005.05.008,,2005,Magnetic resonance imaging of anal cancer.,magnetic resonance imaging of anal cancer
new,31201431,10.1007/s00261-019-02089-x,PMC7001508,2019,The use of PET/MRI for imaging rectal cancer.,the use of pet mri for imaging rectal cancer
new,31334366,10.1016/j.ctro.2019.07.001,PMC6617292,2019,Accurate outcome prediction after neo-adjuvant radio-chemotherapy for rectal cancer based on a TCP-based early regression index.,accurate outcome prediction after neo adjuvant radio chemotherapy for rectal cancer based on a tcp based early regression index
new,30719554,10.1007/s00268-019-04925-z,,2019,"Impact of Body Composition on Surgical Outcome in Rectal Cancer Patients, a Retrospective Cohort Study.",impact of body composition on surgical outcome in rectal cancer patients a retrospective cohort study
new,34868947,10.3389/fonc.2021.747250,PMC8635726,2021,Deep-Learning-Based Natural Language Processing of Serial Free-Text Radiological Reports for Predicting Rectal Cancer Patient Survival.,deep learning based natural language processing of serial free text radiological reports for predicting rectal cancer patient survival
new,29519410,10.1016/j.ejmp.2018.01.011,,2018,Cone-beam CT-based inter-fraction localization errors for tumors in the pelvic region.,cone beam ct based inter fraction localization errors for tumors in the pelvic region
new,23268014,,,2012,Laparoscopic lateral pelvic lymph node dissection for lower rectal cancer: initial clinical experiences with prophylactic dissection.,laparoscopic lateral pelvic lymph node dissection for lower rectal cancer initial clinical experiences with prophylactic dissection
new,31605186,10.1007/s00261-019-02251-5,,2019,Guidelines for MR imaging in rectal cancer: Europe versus United States.,guidelines for mr imaging in rectal cancer europe versus united states
new,10631370,10.1016/s1091-255x(00)80040-2,,2000,Role of laparoscopy in the initial multimodality management of patients with near-obstructing rectal cancer.,role of laparoscopy in the initial multimodality management of patients with near obstructing rectal cancer
new,24440086,10.1016/j.ejca.2013.12.007,,2014,Magnetic resonance imaging defined mucinous rectal carcinoma is an independent imaging biomarker for poor prognosis and poor response to preoperative chemoradiotherapy.,magnetic resonance imaging defined mucinous rectal carcinoma is an independent imaging biomarker for poor prognosis and poor response to preoperative chemoradiotherapy
new,25368289,,,2014,"Preoperative treatment with capecitabine, cetuximab and radiotherapy for primary locally advanced rectal cancer--a phase II clinical trial.",preoperative treatment with capecitabine cetuximab and radiotherapy for primary locally advanced rectal cancer a phase ii clinical trial
new,33818750,10.1007/s13304-021-01044-0,PMC8500860,2021,Contemporary snapshot of tumor regression grade (TRG) distribution in locally advanced rectal cancer: a cross sectional multicentric experience.,contemporary snapshot of tumor regression grade trg distribution in locally advanced rectal cancer a cross sectional multicentric experience
new,23411588,10.2478/v10019-012-0038-7,PMC3572886,2012,Is rectal MRI beneficial for determining the location of rectal cancer with respect to the peritoneal reflection?,is rectal mri beneficial for determining the location of rectal cancer with respect to the peritoneal reflection
new,26991526,10.1111/jgh.13354,,2016,Perianal CD assessment surgery.,perianal cd assessment surgery
new,33174810,10.1148/radiol.2020203975,PMC7771988,2021,Submucosal Enhancing Stripe: An Important Contrast-enhanced MRI Feature for Staging of Rectal Cancers.,submucosal enhancing stripe an important contrast enhanced mri feature for staging of rectal cancers
new,15859954,10.1111/j.1463-1318.2005.00827.x,,2005,Size matters--in rectal cancer.,size matters in rectal cancer
new,31596129,10.1259/bjr.20181055,PMC6913373,2019,MRI evaluation of extramural vascular invasion by inexperienced radiologists.,mri evaluation of extramural vascular invasion by inexperienced radiologists
new,33900009,10.1111/codi.15691,,2021,Long-term surgical outcomes after resection of presacral tumours and risk factors associated with recurrence.,long term surgical outcomes after resection of presacral tumours and risk factors associated with recurrence
new,10823637,10.1007/s003300051008,,2000,Tissue transition projection (TTP) of the intestines.,tissue transition projection ttp of the intestines
new,20730540,10.1007/s00330-010-1937-x,PMC3034880,2011,Value of ADC measurements for nodal staging after chemoradiation in locally advanced rectal cancer-a per lesion validation study.,value of adc measurements for nodal staging after chemoradiation in locally advanced rectal cancer a per lesion validation study
new,32551426,10.5578/turkjsurg.4397,PMC7282446,2019,Erectile dysfunction after surgery for rectal cancer: a prospective study.,erectile dysfunction after surgery for rectal cancer a prospective study
new,30806918,10.1007/s11547-019-01007-x,,2019,Trends in combined radio-chemotherapy for locally advanced rectal cancer: a survey among radiation oncology centers of Sicily region on behalf of AIRO.,trends in combined radio chemotherapy for locally advanced rectal cancer a survey among radiation oncology centers of sicily region on behalf of airo
new,31046085,10.1093/annonc/mdz147,,2019,"Extramural spread of rectal cancer and the AJCC Cancer Staging Manual 8th edition, 2017.",extramural spread of rectal cancer and the ajcc cancer staging manual 8th edition 2017
new,11008722,10.1007/s003840000237,,2000,Vascular organization in the mesorectum: angiography of rectal resection specimens.,vascular organization in the mesorectum angiography of rectal resection specimens
new,27780791,10.1016/j.bone.2016.10.021,,2017,Early dose-dependent cortical thinning of the femoral neck in anal cancer patients treated with pelvic radiation therapy.,early dose dependent cortical thinning of the femoral neck in anal cancer patients treated with pelvic radiation therapy
new,32740816,10.1007/s00330-020-07101-3,,2021,Diffusion-weighted MR volume and apparent diffusion coefficient for discriminating lymph node metastases and good response after chemoradiation therapy in locally advanced rectal cancer.,diffusion weighted mr volume and apparent diffusion coefficient for discriminating lymph node metastases and good response after chemoradiation therapy in locally advanced rectal cancer
new,16147436,10.1080/02656730500070102,,2005,Methods and potentials of magnetic resonance imaging for monitoring radiofrequency hyperthermia in a hybrid system.,methods and potentials of magnetic resonance imaging for monitoring radiofrequency hyperthermia in a hybrid system
new,35694154,10.1093/pcmedi/pbab011,PMC8982618,2021,Combining quantitative and qualitative magnetic resonance imaging features to differentiate anorectal malignant melanoma from low rectal cancer.,combining quantitative and qualitative magnetic resonance imaging features to differentiate anorectal malignant melanoma from low rectal cancer
new,27672742,10.1097/COC.0000000000000333,,2018,Pretreatment Tumor Thickness as a Predictor of Pathologic Complete Response to Neoadjuvant Chemoradiation Therapy for Stage II/III Rectal Adenocarcinoma.,pretreatment tumor thickness as a predictor of pathologic complete response to neoadjuvant chemoradiation therapy for stage ii iii rectal adenocarcinoma
new,29067278,10.5306/wjco.v8.i5.412,PMC5638717,2017,Prophylactic lateral pelvic lymph node dissection in stage IV low rectal cancer.,prophylactic lateral pelvic lymph node dissection in stage iv low rectal cancer
new,18195379,10.1148/radiol.2463070221,,2008,USPIO-enhanced MR imaging for nodal staging in patients with primary rectal cancer: predictive criteria.,uspio enhanced mr imaging for nodal staging in patients with primary rectal cancer predictive criteria
new,20614227,10.1007/s10151-010-0600-5,,2010,Use of the endostapler for the treatment of non-healing sinus secondary to a dehisced colorectal anastomosis.,use of the endostapler for the treatment of non healing sinus secondary to a dehisced colorectal anastomosis
new,25489707,10.1097/DCR.0000000000000265,,2015,Robotic-assisted laparoscopic transanal total mesorectal excision for rectal cancer: a prospective pilot study.,robotic assisted laparoscopic transanal total mesorectal excision for rectal cancer a prospective pilot study
new,28503519,10.3393/ac.2017.33.2.70,PMC5426200,2017,Multiple Myeloma Mimics Bone Metastasis From a Rectal Adenocarcinoma.,multiple myeloma mimics bone metastasis from a rectal adenocarcinoma
new,33395141,10.1097/DCR.0000000000001866,,2021,Optimal Size Criteria for Lateral Lymph Node Dissection After Neoadjuvant Chemoradiotherapy for Rectal Cancer.,optimal size criteria for lateral lymph node dissection after neoadjuvant chemoradiotherapy for rectal cancer
new,21741509,10.1016/j.amjsurg.2010.04.014,,2011,Protection of stapled colorectal anastomoses with a biodegradable device: the C-Seal feasibility study.,protection of stapled colorectal anastomoses with a biodegradable device the c seal feasibility study
new,31728763,10.1007/s12149-019-01416-y,,2020,The prognostic role of FDG PET/CT before combined radio-chemotherapy in anal cancer patients.,the prognostic role of fdg pet ct before combined radio chemotherapy in anal cancer patients
new,34351625,10.1002/jso.26637,,2021,Optimal neoadjuvant strategy for signet ring cell carcinoma of the rectum-Is TNT the solution?,optimal neoadjuvant strategy for signet ring cell carcinoma of the rectum is tnt the solution
new,21337749,,,2008,[Current x-ray studies in the diagnosis of colorectal metastases to the liver].,current x ray studies in the diagnosis of colorectal metastases to the liver
new,22498730,10.1016/j.crad.2012.01.016,,2012,Diffusion-weighted MRI of adult male pelvic cancers.,diffusion weighted mri of adult male pelvic cancers
new,16905310,10.1016/j.suronc.2006.05.004,,2006,Small bowel obstruction caused by secondary tumors.,small bowel obstruction caused by secondary tumors
new,26972375,10.1016/j.ejso.2016.02.018,,2016,A multicenter experience with peri-rectal tumors: The risk of local recurrence.,a multicenter experience with peri rectal tumors the risk of local recurrence
new,31456114,10.1007/s12029-019-00291-0,PMC7205769,2020,Prediction of Response to Neoadjuvant Chemoradiotherapy by MRI-Based Machine Learning Texture Analysis in Rectal Cancer Patients.,prediction of response to neoadjuvant chemoradiotherapy by mri based machine learning texture analysis in rectal cancer patients
new,25568506,10.5455/medarh.2013.67.397-401,PMC4272469,2013,Cancer Antigens (CEA and CA 19-9) as Markers of Advanced Stage of Colorectal Carcinoma.,cancer antigens cea and ca 19 9 as markers of advanced stage of colorectal carcinoma
new,27028038,10.1111/codi.13342,,2016,Chemoradiotherapy for squamous cell anal carcinoma: a review of prognostic factors.,chemoradiotherapy for squamous cell anal carcinoma a review of prognostic factors
new,21467148,10.1634/theoncologist.2010-0285,PMC3228198,2011,Addition of bevacizumab to XELOX induction therapy plus concomitant capecitabine-based chemoradiotherapy in magnetic resonance imaging-defined poor-prognosis locally advanced rectal cancer: the AVACROSS study.,addition of bevacizumab to xelox induction therapy plus concomitant capecitabine based chemoradiotherapy in magnetic resonance imaging defined poor prognosis locally advanced rectal cancer the avacross study
new,16916475,10.1186/1748-717X-1-29,PMC1570351,2006,Local tumor control and toxicity in HIV-associated anal carcinoma treated with radiotherapy in the era of antiretroviral therapy.,local tumor control and toxicity in hiv associated anal carcinoma treated with radiotherapy in the era of antiretroviral therapy
new,24563189,10.1007/s12029-014-9586-y,,2014,Role of pelvic exenteration in the management of locally advanced primary and recurrent rectal cancer.,role of pelvic exenteration in the management of locally advanced primary and recurrent rectal cancer
new,29218690,10.5301/tj.5000702,,2018,Neoadjuvant volumetric modulated arc therapy in rectal cancer and the correlation of pathological response with diffusion-weighted MRI and apoptotic markers.,neoadjuvant volumetric modulated arc therapy in rectal cancer and the correlation of pathological response with diffusion weighted mri and apoptotic markers
new,12777189,10.3816/CCC.2003.n.009,,2003,Overview of preoperative and postoperative therapy for colorectal cancer: the European and United States perspectives.,overview of preoperative and postoperative therapy for colorectal cancer the european and united states perspectives
new,24507994,10.1016/j.jvir.2013.12.016,,2014,Direct translumbar inferior vena cava ports for long-term central venous access in patients with cancer.,direct translumbar inferior vena cava ports for long term central venous access in patients with cancer
new,33675509,10.1007/s13304-020-00965-6,,2021,State of the art in robotic rectal surgery: marginal gains worth the pain?,state of the art in robotic rectal surgery marginal gains worth the pain
new,16446339,10.1200/JCO.2005.04.4875,,2006,Neoadjuvant capecitabine and oxaliplatin followed by synchronous chemoradiation and total mesorectal excision in magnetic resonance imaging-defined poor-risk rectal cancer.,neoadjuvant capecitabine and oxaliplatin followed by synchronous chemoradiation and total mesorectal excision in magnetic resonance imaging defined poor risk rectal cancer
new,19350796,,,2009,[Current understanding of the role of virtual colonoscopy in abdominal diagnosis].,current understanding of the role of virtual colonoscopy in abdominal diagnosis
new,18559449,10.1136/jech.2007.066258,,2008,"Would compliance with cancer care standards improve survival for breast, colorectal and lung cancers?",would compliance with cancer care standards improve survival for breast colorectal and lung cancers
new,27822086,10.2147/CLEP.S99481,PMC5094575,2016,Danish Colorectal Cancer Group Database.,danish colorectal cancer group database
new,34301300,10.1186/s13014-021-01866-7,PMC8305875,2021,Feasibility of Conebeam CT-based online adaptive radiotherapy for neoadjuvant treatment of rectal cancer.,feasibility of conebeam ct based online adaptive radiotherapy for neoadjuvant treatment of rectal cancer
new,28237642,10.1016/j.surg.2017.01.011,,2017,"Oncologic relevance of magnetic resonance imaging-detected threatened mesorectal fascia for patients with mid or low rectal cancer: A longitudinal analysis before and after long-course, concurrent chemoradiotherapy.",oncologic relevance of magnetic resonance imaging detected threatened mesorectal fascia for patients with mid or low rectal cancer a longitudinal analysis before and after long course concurrent chemoradiotherapy
new,28394749,10.1089/sur.2016.222,,2017,"Predicting Value of Serum Procalcitonin, C-Reactive Protein, Drain Fluid Culture, Drain Fluid Interleukin-6, and Tumor Necrosis Factor-α Levels in Anastomotic Leakage after Rectal Resection.",predicting value of serum procalcitonin c reactive protein drain fluid culture drain fluid interleukin 6 and tumor necrosis factor α levels in anastomotic leakage after rectal resection
new,31579761,10.1515/iss-2017-0049,PMC6754048,2018,Imaging of colorectal cancer - the clue to individualized treatment.,imaging of colorectal cancer the clue to individualized treatment
new,23910050,10.1111/codi.12372,,2013,Is follow-up CT imaging of the chest and abdomen necessary after preoperative neoadjuvant therapy in rectal cancer patients without evidence of metastatic disease at diagnosis?,is follow up ct imaging of the chest and abdomen necessary after preoperative neoadjuvant therapy in rectal cancer patients without evidence of metastatic disease at diagnosis
new,25763908,,,2015,[New trends and novel possibilities in the management of oncologic patients: clinical uses of PET/MRI].,new trends and novel possibilities in the management of oncologic patients clinical uses of pet mri
new,34336663,10.3389/fonc.2021.674253,PMC8322741,2021,Management of Clinically Involved Lateral Lymph Node Metastasis in Locally Advanced Rectal Cancer: A Radiation Dose Escalation Study.,management of clinically involved lateral lymph node metastasis in locally advanced rectal cancer a radiation dose escalation study
new,26730717,10.1371/journal.pone.0146235,PMC4701470,2016,MRI Risk Stratification for Tumor Relapse in Rectal Cancer Achieving Pathological Complete Remission after Neoadjuvant Chemoradiation Therapy and Curative Resection.,mri risk stratification for tumor relapse in rectal cancer achieving pathological complete remission after neoadjuvant chemoradiation therapy and curative resection
new,19888629,10.1007/s00261-009-9586-8,PMC2980629,2010,CT colonography with limited bowel preparation for the detection of colorectal neoplasia in an FOBT positive screening population.,ct colonography with limited bowel preparation for the detection of colorectal neoplasia in an fobt positive screening population
new,20189426,10.1016/j.canrad.2009.12.001,,2010,"[Minutes of the 51st meeting of the American Society for Therapeutic Radiology and Oncology (ASTRO). Chicago (USA), November 1-5, 2009].",minutes of the 51st meeting of the american society for therapeutic radiology and oncology astro chicago usa november 1 5 2009
new,27461232,10.1016/j.ciresp.2016.06.001,,2016,Response to treatment and interval to surgery after preoperative short-course radiotherapy in rectal cancer.,response to treatment and interval to surgery after preoperative short course radiotherapy in rectal cancer
new,11432235,,,2000,Rectal cancer in the year 2000.,rectal cancer in the year 2000
new,18723850,10.1093/jjco/hyn083,,2008,Stereotactic body radiation therapy in patients with pelvic recurrence from rectal carcinoma.,stereotactic body radiation therapy in patients with pelvic recurrence from rectal carcinoma
new,29440057,10.1136/bmj.j5304,,2018,The role of robotics in colorectal surgery.,the role of robotics in colorectal surgery
new,18227560,10.1148/radiol.2462070843,,2008,Degree of error of thin-section MR in measuring extramural depth of tumor invasion in patients with rectal cancer.,degree of error of thin section mr in measuring extramural depth of tumor invasion in patients with rectal cancer
new,21455890,,,2011,[Regaining dignity: the experience and process of reconstructing normal defecation functions through an anal sphincter-saving operation].,regaining dignity the experience and process of reconstructing normal defecation functions through an anal sphincter saving operation
new,25874523,10.1097/MEG.0000000000000315,,2015,The diagnostic yield of preoperative staging computed tomography of the thorax in colorectal cancer patients without hepatic metastases.,the diagnostic yield of preoperative staging computed tomography of the thorax in colorectal cancer patients without hepatic metastases
new,17630005,10.1016/j.surg.2007.01.013,,2007,Surgical and oncology trials for rectal cancer: who will participate?,surgical and oncology trials for rectal cancer who will participate
new,34912724,10.3389/fonc.2021.790894,PMC8666428,2021,A Novel Scoring System for Response of Preoperative Chemoradiotherapy in Locally Advanced Rectal Cancer Using Early-Treatment Blood Features Derived From Machine Learning.,a novel scoring system for response of preoperative chemoradiotherapy in locally advanced rectal cancer using early treatment blood features derived from machine learning
new,19231109,10.1016/j.ijrobp.2008.11.021,PMC6455914,2009,Intensity-modulated radiation therapy for the treatment of squamous cell anal cancer with para-aortic nodal involvement.,intensity modulated radiation therapy for the treatment of squamous cell anal cancer with para aortic nodal involvement
new,15197548,10.1007/s00423-004-0484-9,,2004,Sentinel lymph node biopsy progress in surgical treatment of cancer.,sentinel lymph node biopsy progress in surgical treatment of cancer
new,12169356,10.1016/s0002-9610(02)00911-x,,2002,Preoperative staging by multidetector-row computed tomography in patients with rectal carcinoma.,preoperative staging by multidetector row computed tomography in patients with rectal carcinoma
new,20626204,10.1177/153303461000900408,,2010,Target volume delineation for preoperative radiotherapy of rectal cancer: inter-observer variability and potential impact of FDG-PET/CT imaging.,target volume delineation for preoperative radiotherapy of rectal cancer inter observer variability and potential impact of fdg pet ct imaging
new,30466454,10.1186/s13014-018-1174-z,PMC6249729,2018,"Dosimetric comparison of different radiation techniques (IMRT vs. 3-dimensional) of the ""true"" (deep) ano-inguinal lymphatic drainage of anal cancer patients.",dosimetric comparison of different radiation techniques imrt vs 3 dimensional of the true deep ano inguinal lymphatic drainage of anal cancer patients
new,17974136,,,2007,[A role of PET and CT examinations in the management of malignant disorders of the large intestine and rectum--a review].,a role of pet and ct examinations in the management of malignant disorders of the large intestine and rectum a review
new,20975554,10.1097/MOG.0b013e328340b842,,2011,New developments in colorectal surgery.,new developments in colorectal surgery
new,23322520,10.1007/s12032-012-0402-x,,2013,Radiochemotherapy and brachytherapy could be the standard treatment for anal canal cancer in elderly patients? A retrospective single-centre analysis.,radiochemotherapy and brachytherapy could be the standard treatment for anal canal cancer in elderly patients a retrospective single centre analysis
new,27050597,10.1097/DCR.0000000000000564,,2016,Complete Pathological Response After Neoadjuvant Long-Course Chemoradiotherapy for Rectal Cancer and Its Relationship to the Degree of T3 Mesorectal Invasion.,complete pathological response after neoadjuvant long course chemoradiotherapy for rectal cancer and its relationship to the degree of t3 mesorectal invasion
new,16784651,,,2006,[Experience of laparoscopic salvage surgery for locally recurrent rectal cancer].,experience of laparoscopic salvage surgery for locally recurrent rectal cancer
new,33721764,10.1016/j.ejrad.2021.109628,,2021,Evaluation of a multiparametric MRI scoring system for histopathologic treatment response following preoperative chemoradiotherapy for rectal cancer.,evaluation of a multiparametric mri scoring system for histopathologic treatment response following preoperative chemoradiotherapy for rectal cancer
new,30759785,10.3390/molecules24030644,PMC6384893,2019,Development of a Potential Gallium-68-Labelled Radiotracer Based on DOTA-Curcumin for Colon-Rectal Carcinoma: From Synthesis to In Vivo Studies.,development of a potential gallium 68 labelled radiotracer based on dota curcumin for colon rectal carcinoma from synthesis to in vivo studies
new,33033006,10.1136/bmjopen-2019-033395,PMC7542933,2020,Can extranodal tumour deposits be diagnosed on MRI? Protocol for a multicentre clinical trial (the COMET trial).,can extranodal tumour deposits be diagnosed on mri protocol for a multicentre clinical trial the comet trial
new,32270337,10.1007/s11307-020-01484-x,,2020,PET/MRI Radiomics in Rectal Cancer: a Pilot Study on the Correlation Between PET- and MRI-Derived Image Features with a Clinical Interpretation.,pet mri radiomics in rectal cancer a pilot study on the correlation between pet and mri derived image features with a clinical interpretation
new,33708844,10.21037/atm-20-4040,PMC7940951,2021,Preliminary results of simultaneous integrated boost intensity-modulated radiation therapy based neoadjuvant chemoradiotherapy on locally advanced rectal cancer with clinically suspected positive lateral pelvic lymph nodes.,preliminary results of simultaneous integrated boost intensity modulated radiation therapy based neoadjuvant chemoradiotherapy on locally advanced rectal cancer with clinically suspected positive lateral pelvic lymph nodes
new,32297096,10.1007/s11547-020-01193-z,,2021,Cone-beam computed tomography for organ motion evaluation in locally advanced rectal cancer patients.,cone beam computed tomography for organ motion evaluation in locally advanced rectal cancer patients
new,21160857,10.4240/wjgs.v2.i4.95,PMC2999227,2010,Preoperative chemoradiation and extended pelvic lymphadenectomy for rectal cancer: Two distinct principles.,preoperative chemoradiation and extended pelvic lymphadenectomy for rectal cancer two distinct principles
new,15026950,10.1055/s-2004-812736,,2004,[Part-body hyperthermia with a radiofrequency multiantenna applicator under online control in a 1.5 T MR-tomograph].,part body hyperthermia with a radiofrequency multiantenna applicator under online control in a 1 5 t mr tomograph
new,29112561,10.1097/DCR.0000000000000947,,2017,Nodal Disease in Rectal Cancer Patients With Complete Tumor Response After Neoadjuvant Chemoradiation: Danger Below Calm Waters.,nodal disease in rectal cancer patients with complete tumor response after neoadjuvant chemoradiation danger below calm waters
new,17468974,10.1007/s00268-007-9007-5,,2007,Variations in pelvic dimensions do not predict the risk of circumferential resection margin (CRM) involvement in rectal cancer.,variations in pelvic dimensions do not predict the risk of circumferential resection margin crm involvement in rectal cancer
new,24709234,,,2014,Comparing histopathological and magnetic resonance imaging based mesorectal fascia status in patients with rectal carcinoma.,comparing histopathological and magnetic resonance imaging based mesorectal fascia status in patients with rectal carcinoma
new,25348731,10.1007/s00261-014-0277-8,,2015,Comparison of (18)F-FDG PET/CT methods of analysis for predicting response to neoadjuvant chemoradiation therapy in patients with locally advanced low rectal cancer.,comparison of 18 f fdg pet ct methods of analysis for predicting response to neoadjuvant chemoradiation therapy in patients with locally advanced low rectal cancer
new,22442906,10.1080/00015458.2012.11680791,,2012,Cost-effectiveness analysis of postoperative surveillance protocols following radical surgery for colorectal cancer.,cost effectiveness analysis of postoperative surveillance protocols following radical surgery for colorectal cancer
new,25421779,,,2014,[Evaluation of current imaging in restaging rectal cancer after neoadjuvant therapy].,evaluation of current imaging in restaging rectal cancer after neoadjuvant therapy
new,32296896,10.1007/s00261-020-02502-w,PMC7572430,2020,Clinical utility of radiomics at baseline rectal MRI to predict complete response of rectal cancer after chemoradiation therapy.,clinical utility of radiomics at baseline rectal mri to predict complete response of rectal cancer after chemoradiation therapy
new,25559888,10.1002/jso.23852,,2015,Can chemoradiation allow for omission of lateral pelvic node dissection for locally advanced rectal cancer?,can chemoradiation allow for omission of lateral pelvic node dissection for locally advanced rectal cancer
new,16222693,10.1002/cncr.21484,,2005,VEGF as a predictive marker of rectal tumor response to preoperative radiotherapy.,vegf as a predictive marker of rectal tumor response to preoperative radiotherapy
new,33404195,10.1111/ans.16531,,2021,Clinical predictors of response to chemoradiotherapy for rectal cancer as an aid to organ preservation.,clinical predictors of response to chemoradiotherapy for rectal cancer as an aid to organ preservation
new,29221180,10.18632/oncotarget.21616,PMC5707074,2017,Pelvic recurrence after definitive surgery for locally advanced rectal cancer: a retrospective investigation of implications for precision radiotherapy field design.,pelvic recurrence after definitive surgery for locally advanced rectal cancer a retrospective investigation of implications for precision radiotherapy field design
new,30879281,10.3393/ac.2018.07.31,PMC6425248,2019,Variation in the Height of Rectal Cancers According to the Diagnostic Modalities.,variation in the height of rectal cancers according to the diagnostic modalities
new,34079717,10.21037/qims-20-525,PMC8107313,2021,Deep transfer learning based on magnetic resonance imaging can improve the diagnosis of lymph node metastasis in patients with rectal cancer.,deep transfer learning based on magnetic resonance imaging can improve the diagnosis of lymph node metastasis in patients with rectal cancer
new,34601837,10.29271/jcpsp.2021.10.1174,,2021,Detection of Kras Gene in Colorectal Cancer Patients through Liquid Biopsy: A Cost-effective Method.,detection of kras gene in colorectal cancer patients through liquid biopsy a cost effective method
new,10723492,10.1055/s-2000-7957,,2000,[Laser-induced thermotherapy (LITT) for liver metastasis in an open 0.2T MRI].,laser induced thermotherapy litt for liver metastasis in an open 0 2t mri
new,12760929,10.2214/ajr.180.6.1801607,,2003,Anorectal gastrointestinal stromal tumors: CT and MR imaging features with clinical and pathologic correlation.,anorectal gastrointestinal stromal tumors ct and mr imaging features with clinical and pathologic correlation
new,10863088,10.1016/s0360-3016(00)00425-9,,2000,Clinical evaluation and verification of the hyperthermia treatment planning system hyperplan.,clinical evaluation and verification of the hyperthermia treatment planning system hyperplan
new,11071332,,,2000,Magnetic resonance imaging using endoanal coil in anal canal tumors after radiochemotherapy or local excision.,magnetic resonance imaging using endoanal coil in anal canal tumors after radiochemotherapy or local excision
new,29992773,10.1002/cam4.1662,PMC6089167,2018,Circumferential resection margin as a prognostic factor after rectal cancer surgery: A large population-based retrospective study.,circumferential resection margin as a prognostic factor after rectal cancer surgery a large population based retrospective study
new,21962822,10.1016/j.radonc.2011.08.043,,2012,Performance of an atlas-based autosegmentation software for delineation of target volumes for radiotherapy of breast and anorectal cancer.,performance of an atlas based autosegmentation software for delineation of target volumes for radiotherapy of breast and anorectal cancer
new,15761225,10.1159/000084345,,2005,Local excision of rectal cancer: review of literature.,local excision of rectal cancer review of literature
new,27653304,,,2016,[Quality of life after extensive pelvic surgery].,quality of life after extensive pelvic surgery
new,25896145,10.1245/s10434-015-4565-5,,2015,Indications for Lateral Pelvic Lymph Node Dissection Based on Magnetic Resonance Imaging Before and After Preoperative Chemoradiotherapy in Patients with Advanced Low-Rectal Cancer.,indications for lateral pelvic lymph node dissection based on magnetic resonance imaging before and after preoperative chemoradiotherapy in patients with advanced low rectal cancer
new,23997939,10.3978/j.issn.2078-6891.2013.037,PMC3712302,2013,The status of targeted agents in the setting of neoadjuvant radiation therapy in locally advanced rectal cancers.,the status of targeted agents in the setting of neoadjuvant radiation therapy in locally advanced rectal cancers
new,30953096,10.1007/s00261-019-02003-5,,2019,Locally recurrent rectal cancer: what the radiologist should know.,locally recurrent rectal cancer what the radiologist should know
new,32345649,10.1158/1078-0432.CCR-19-4156,,2020,"First-in-Human Assessment of cRGD-ZW800-1, a Zwitterionic, Integrin-Targeted, Near-Infrared Fluorescent Peptide in Colon Carcinoma.",first in human assessment of crgd zw800 1 a zwitterionic integrin targeted near infrared fluorescent peptide in colon carcinoma
new,29887692,10.1007/s13193-017-0719-1,PMC5984847,2018,Incidence and Predictive Model for Lateral Pelvic Lymph Node Metastasis in Lower Rectal Cancer.,incidence and predictive model for lateral pelvic lymph node metastasis in lower rectal cancer
new,34865190,10.1007/s11547-021-01436-7,,2021,Delta radiomics: a systematic review.,delta radiomics a systematic review
new,29594584,10.1007/s12032-018-1118-3,,2018,Genital marginal failures after intensity-modulated radiation therapy (IMRT) in squamous cell anal cancer: no higher risk with IMRT when compared to 3DCRT.,genital marginal failures after intensity modulated radiation therapy imrt in squamous cell anal cancer no higher risk with imrt when compared to 3dcrt
new,28643977,,,2017,[Multidisciplinary management of localized rectal cancer].,multidisciplinary management of localized rectal cancer
new,33960865,10.1177/00368504211016214,PMC10364940,2021,Morphometric assessment of the mesorectal fat in Chinese Han population: A clinical MRI study.,morphometric assessment of the mesorectal fat in chinese han population a clinical mri study
new,23863536,10.1097/RCT.0b013e31828d616a,,2013,Preoperative evaluation of lymphovascular invasion using high-resolution pelvic magnetic resonance in patients with rectal cancer: a 2-year follow-up study.,preoperative evaluation of lymphovascular invasion using high resolution pelvic magnetic resonance in patients with rectal cancer a 2 year follow up study
new,17654583,10.1002/mrm.21336,,2007,On the identifiability of pharmacokinetic parameters in dynamic contrast-enhanced imaging.,on the identifiability of pharmacokinetic parameters in dynamic contrast enhanced imaging
new,22200938,10.1007/s11136-011-0067-5,,2012,A five-year prospective study of quality of life after colorectal cancer.,a five year prospective study of quality of life after colorectal cancer
new,23303141,10.1097/DCR.0b013e31827541e2,PMC4674069,2013,Distribution of residual cancer cells in the bowel wall after neoadjuvant chemoradiation in patients with rectal cancer.,distribution of residual cancer cells in the bowel wall after neoadjuvant chemoradiation in patients with rectal cancer
new,32974055,10.1177/2058460120957295,PMC7495679,2020,The apparent diffusion coefficient is a useful biomarker in predicting treatment response in patients with locally advanced rectal cancer.,the apparent diffusion coefficient is a useful biomarker in predicting treatment response in patients with locally advanced rectal cancer
new,31417874,10.3389/fonc.2019.00702,PMC6684773,2019,Prospective Observational Study of High-Dose Carbon-Ion Radiotherapy for Pelvic Recurrence of Rectal Cancer (GUNMA 0801).,prospective observational study of high dose carbon ion radiotherapy for pelvic recurrence of rectal cancer gunma 0801
new,17629049,,,2007,Predictors of tumor downsizing and regression with preoperative radiotherapy alone and with concomitant tegafur/uracil (UFT) for resectable advanced rectal adenocarcinoma.,predictors of tumor downsizing and regression with preoperative radiotherapy alone and with concomitant tegafur uracil uft for resectable advanced rectal adenocarcinoma
new,28209482,10.1016/j.clcc.2017.01.010,,2017,Effectiveness of a Tailored Anterior Saturation Band in the Improvement of the Image Quality of Pelvic Magnetic Resonance for Assessing Rectal Cancer.,effectiveness of a tailored anterior saturation band in the improvement of the image quality of pelvic magnetic resonance for assessing rectal cancer
new,31270972,10.3348/kjr.2018.0611,PMC6609432,2019,Response Assessment with MRI after Chemoradiotherapy in Rectal Cancer: Current Evidences.,response assessment with mri after chemoradiotherapy in rectal cancer current evidences
new,30412091,10.1097/MD.0000000000012901,PMC6221727,2018,The value of magnetic resonance imaging to diagnose pathological complete response of rectal cancer after therapy: A protocol for meta-analysis.,the value of magnetic resonance imaging to diagnose pathological complete response of rectal cancer after therapy a protocol for meta analysis
new,32685211,10.1155/2020/6789709,PMC7336229,2020,Predictive Factors of Positive Circumferential and Longitudinal Margins in Early T3 Colorectal Cancer Resection.,predictive factors of positive circumferential and longitudinal margins in early t3 colorectal cancer resection
new,17463134,10.1148/radiol.2433060421,,2007,Rectal cancer: MR imaging before neoadjuvant chemotherapy and radiation therapy for prediction of tumor-free circumferential resection margins and long-term survival.,rectal cancer mr imaging before neoadjuvant chemotherapy and radiation therapy for prediction of tumor free circumferential resection margins and long term survival
new,31378480,10.1016/j.surg.2019.03.026,,2019,Impact of residual nodal involvement after complete tumor response in patients undergoing neoadjuvant (chemo)radiotherapy for rectal cancer.,impact of residual nodal involvement after complete tumor response in patients undergoing neoadjuvant chemo radiotherapy for rectal cancer
new,25130647,,,2014,[Endoscopic classification of colon and rectal neoplasias].,endoscopic classification of colon and rectal neoplasias
new,17579856,10.1007/s00259-007-0483-5,,2007,Predicting response to chemoradiotherapy in rectal and oesophageal cancer with 18F-FDG: prognostic value and possible role in patient management.,predicting response to chemoradiotherapy in rectal and oesophageal cancer with 18f fdg prognostic value and possible role in patient management
new,11711899,10.1097/00006231-200112000-00004,,2001,The value of immunoscintigraphy in the detection of recurrent colorectal cancer.,the value of immunoscintigraphy in the detection of recurrent colorectal cancer
new,27861230,10.1097/RLI.0000000000000336,,2017,Structured Reporting of Rectal Magnetic Resonance Imaging in Suspected Primary Rectal Cancer: Potential Benefits for Surgical Planning and Interdisciplinary Communication.,structured reporting of rectal magnetic resonance imaging in suspected primary rectal cancer potential benefits for surgical planning and interdisciplinary communication
new,31201525,10.1007/s00330-019-06277-7,PMC6828641,2019,USPIO-enhanced MRI of pelvic lymph nodes at 7-T: preliminary experience.,uspio enhanced mri of pelvic lymph nodes at 7 t preliminary experience
new,32016420,10.1093/jnci/djaa018,PMC7492766,2020,The Evolving Status of Radiomics.,the evolving status of radiomics
new,29850949,10.1007/s00268-018-4683-x,,2018,The Estimate of the Impact of Coccyx Resection in Surgical Field Exposure During Abdominal Perineal Resection Using Preoperative High-Resolution Magnetic Resonance.,the estimate of the impact of coccyx resection in surgical field exposure during abdominal perineal resection using preoperative high resolution magnetic resonance
new,27781246,,,2016,[Influences of inferior mesenteric artery types and Riolan artery arcade absence on the incidence of anastomotic leakage after laparoscopic resection of rectal cancer].,influences of inferior mesenteric artery types and riolan artery arcade absence on the incidence of anastomotic leakage after laparoscopic resection of rectal cancer
new,32306613,10.3760/cma.j.cn.441530-20190525-00219,,2020,[Current status of research on short-term quality of life after sphincteric-saving surgery in rectal cancer patients].,current status of research on short term quality of life after sphincteric saving surgery in rectal cancer patients
new,18504761,10.1002/jmri.21378,,2008,3D dynamic contrast-enhanced MRI of rectal carcinoma at 3T: correlation with microvascular density and vascular endothelial growth factor markers of tumor angiogenesis.,3d dynamic contrast enhanced mri of rectal carcinoma at 3t correlation with microvascular density and vascular endothelial growth factor markers of tumor angiogenesis
new,33750342,10.1186/s12885-021-07980-9,PMC7941741,2021,Baseline liver steatosis has no impact on liver metastases and overall survival in rectal cancer patients.,baseline liver steatosis has no impact on liver metastases and overall survival in rectal cancer patients
new,34741081,10.1038/s41598-021-01106-8,PMC8571354,2021,Three-dimensional anatomy of the Denonvilliers' fascia after micro-CT reconstruction.,three dimensional anatomy of the denonvilliers fascia after micro ct reconstruction
new,24439446,10.1016/j.ejso.2013.10.029,,2014,EURECCA consensus conference highlights about colon & rectal cancer multidisciplinary management: the radiology experts review.,eurecca consensus conference highlights about colon rectal cancer multidisciplinary management the radiology experts review
new,28594719,10.1097/DCR.0000000000000801,,2017,Bowel Dysfunction After Low Anterior Resection With Neoadjuvant Chemoradiotherapy or Chemotherapy Alone for Rectal Cancer: A Cross-Sectional Study from China.,bowel dysfunction after low anterior resection with neoadjuvant chemoradiotherapy or chemotherapy alone for rectal cancer a cross sectional study from china
new,16328130,10.1007/s10151-005-0226-1,,2005,The circumferential resection margin in rectal carcinoma surgery.,the circumferential resection margin in rectal carcinoma surgery
new,34336808,10.3389/fbioe.2021.696251,PMC8317500,2021,MBFFNet: Multi-Branch Feature Fusion Network for Colonoscopy.,mbffnet multi branch feature fusion network for colonoscopy
new,24005562,10.1177/0284185113503154,,2014,Assessment of aggressiveness of rectal cancer using 3-T MRI: correlation between the apparent diffusion coefficient as a potential imaging biomarker and histologic prognostic factors.,assessment of aggressiveness of rectal cancer using 3 t mri correlation between the apparent diffusion coefficient as a potential imaging biomarker and histologic prognostic factors
new,34466668,10.1016/j.phro.2021.08.001,PMC8385438,2021,Mesorectal shape variation in rectal cancer radiotherapy in prone position using a belly board.,mesorectal shape variation in rectal cancer radiotherapy in prone position using a belly board
new,28583651,10.1016/j.ejrad.2017.02.005,,2017,Dual-energy CT can detect malignant lymph nodes in rectal cancer.,dual energy ct can detect malignant lymph nodes in rectal cancer
new,29261809,10.1371/journal.pone.0190290,PMC5738107,2017,Correction: Diffusion weighted imaging in patients with rectal cancer: Comparison between Gaussian and non-Gaussian models.,correction diffusion weighted imaging in patients with rectal cancer comparison between gaussian and non gaussian models
new,23109696,10.1200/JCO.2012.42.8771,,2012,Clinical outcome of the ACCORD 12/0405 PRODIGE 2 randomized trial in rectal cancer.,clinical outcome of the accord 12 0405 prodige 2 randomized trial in rectal cancer
new,31289005,10.1016/j.jiph.2019.06.026,,2020,Diagnosis of lymph node metastasis on rectal cancer by PET-CT computer imaging combined with MRI technology.,diagnosis of lymph node metastasis on rectal cancer by pet ct computer imaging combined with mri technology
new,29967984,10.1007/s00261-018-1673-2,,2019,"Extramural venous invasion in rectal cancer: overview of imaging, histopathology, and clinical implications.",extramural venous invasion in rectal cancer overview of imaging histopathology and clinical implications
new,17045800,10.1016/j.suronc.2006.08.003,,2006,Predictive poor prognostic factors in colonic carcinoma.,predictive poor prognostic factors in colonic carcinoma
new,20037199,10.3233/CBM-2009-0108,PMC12922828,2009,Methylenetetrahydrofolate reductase gene polymorphisms and the risk of colorectal carcinoma in a sample of Egyptian individuals.,methylenetetrahydrofolate reductase gene polymorphisms and the risk of colorectal carcinoma in a sample of egyptian individuals
new,11894111,,,2002,Clinical relevance of fusion images using (18)F-2-fluoro-2-deoxy-D-glucose positron emission tomography in local recurrence of rectal cancer.,clinical relevance of fusion images using 18 f 2 fluoro 2 deoxy d glucose positron emission tomography in local recurrence of rectal cancer
new,26600936,10.4251/wjgo.v7.i11.361,PMC4644859,2015,Tumor neoangiogenesis detection by confocal laser endomicroscopy and anti-CD105 antibody: Pilot study.,tumor neoangiogenesis detection by confocal laser endomicroscopy and anti cd105 antibody pilot study
new,27353102,,,2016,[Diagnostic value of 3.0-tesla high-resolution magnetic resonance imaging for invasion depth of rectal cancer].,diagnostic value of 3 0 tesla high resolution magnetic resonance imaging for invasion depth of rectal cancer
new,17972513,,,2007,Optimal diagnostic criteria for lateral pelvic lymph node metastasis in rectal carcinoma.,optimal diagnostic criteria for lateral pelvic lymph node metastasis in rectal carcinoma
new,34508016,10.1097/DCR.0000000000002248,,2021,An Observational Analysis of a Novel Digital Rectoscope.,an observational analysis of a novel digital rectoscope
new,16436832,10.1148/radiol.2382050862,,2006,Assessing tumor perfusion and treatment response in rectal cancer.,assessing tumor perfusion and treatment response in rectal cancer
new,23134220,10.1089/cbr.2012.1179,,2013,Usefulness of dual-time point imaging after carbonated water for the fluorodeoxyglucose positron emission imaging of peritoneal carcinomatosis in colon cancer.,usefulness of dual time point imaging after carbonated water for the fluorodeoxyglucose positron emission imaging of peritoneal carcinomatosis in colon cancer
new,23934463,10.4318/tjg.2013.0660,,2013,The value of diffusion-weighted magnetic resonance imaging in the differential diagnosis in diffuse bowel wall thickening.,the value of diffusion weighted magnetic resonance imaging in the differential diagnosis in diffuse bowel wall thickening
new,15856426,10.1002/cncr.21082,,2005,Neoplastic meningitis in patients with adenocarcinoma of the gastrointestinal tract.,neoplastic meningitis in patients with adenocarcinoma of the gastrointestinal tract
new,24267977,10.1186/1471-2482-13-S2-S56,PMC3851153,2013,TEM in the treatment of recurrent rectal cancer in elderly.,tem in the treatment of recurrent rectal cancer in elderly
new,24138801,10.1186/1476-4598-12-121,PMC3819675,2013,¹H NMR-based metabolic profiling of human rectal cancer tissue.,¹h nmr based metabolic profiling of human rectal cancer tissue
new,32156907,,,2019,[Implantation Cyst at Anastomosis after Anterior Resection of the Rectum-A Report of Five Cases].,implantation cyst at anastomosis after anterior resection of the rectum a report of five cases
new,32178647,10.1186/s12893-020-00711-0,PMC7077149,2020,Analysis of anatomical variations of intrapelvic vessels for advanced pelvic surgery.,analysis of anatomical variations of intrapelvic vessels for advanced pelvic surgery
new,26017737,10.1007/s00330-015-3837-6,,2016,Feasibility of mesorectal vascular invasion in predicting early distant metastasis in patients with stage T3 rectal cancer based on rectal MRI.,feasibility of mesorectal vascular invasion in predicting early distant metastasis in patients with stage t3 rectal cancer based on rectal mri
new,30123315,10.1186/s13017-018-0192-3,PMC6090779,2018,2017 WSES guidelines on colon and rectal cancer emergencies: obstruction and perforation.,2017 wses guidelines on colon and rectal cancer emergencies obstruction and perforation
new,34815634,10.21147/j.issn.1000-9604.2021.05.07,PMC8580799,2021,Better prognostic determination of cT3 rectal cancer through measurement of distance to mesorectal fascia: A multicenter study.,better prognostic determination of ct3 rectal cancer through measurement of distance to mesorectal fascia a multicenter study
new,21267531,10.1007/s00066-010-2182-6,,2011,"Preoperative oxaliplatin, capecitabine, and external beam radiotherapy in patients with newly diagnosed, primary operable, cT₃NxM0, low rectal cancer: a phase II study.",preoperative oxaliplatin capecitabine and external beam radiotherapy in patients with newly diagnosed primary operable ct₃nxm0 low rectal cancer a phase ii study
new,26035164,,,2015,[Clinical experience in image-guided ultra-conformal hypofractionated radiotherapy in case of metastatic diseases at the University of Pécs].,clinical experience in image guided ultra conformal hypofractionated radiotherapy in case of metastatic diseases at the university of pécs
new,19652930,10.1007/s00066-009-2043-3,,2009,[The role of magnetic resonance imaging to select patients for preoperative treatment in rectal cancer].,the role of magnetic resonance imaging to select patients for preoperative treatment in rectal cancer
new,23113591,10.3109/0284186X.2012.737022,,2013,Integrated peripheral boost in preoperative radiotherapy for the locally most advanced non-resectable rectal cancer patients.,integrated peripheral boost in preoperative radiotherapy for the locally most advanced non resectable rectal cancer patients
new,33963688,10.1002/cam4.3957,PMC8209621,2021,Development and validation of MRI-based deep learning models for prediction of microsatellite instability in rectal cancer.,development and validation of mri based deep learning models for prediction of microsatellite instability in rectal cancer
new,29208445,10.1016/j.clcc.2017.11.005,,2018,Optimal Interval for (18)F-FDG-PET After Chemoradiotherapy for Rectal Cancer.,optimal interval for 18 f fdg pet after chemoradiotherapy for rectal cancer
new,17325727,10.1038/ncponc0767,,2007,Magnetic resonance imaging for rectal cancer.,magnetic resonance imaging for rectal cancer
new,19031179,10.1080/02841850802477916,,2008,"Morphological assessment of the interface between tumor and neighboring tissues, by magnetic resonance imaging, before and after radiotherapy in patients with locally advanced rectal cancer.",morphological assessment of the interface between tumor and neighboring tissues by magnetic resonance imaging before and after radiotherapy in patients with locally advanced rectal cancer
new,33945023,10.1007/s00330-021-07920-y,,2021,The development and validation of a predictive model for recurrence in rectal cancer based on radiological and clinicopathological data.,the development and validation of a predictive model for recurrence in rectal cancer based on radiological and clinicopathological data
new,15043733,10.1111/j.1445-2197.2004.02946.x,,2004,"Is palliative resection of the primary tumour, in the presence of advanced rectal cancer, a safe and useful technique for symptom control?",is palliative resection of the primary tumour in the presence of advanced rectal cancer a safe and useful technique for symptom control
new,30508974,10.1097/MD.0000000000013468,PMC6283098,2018,Clinical significance of the EMD/mesorectum ratio of T3 mid-low rectal cancer: A retrospective observational study.,clinical significance of the emd mesorectum ratio of t3 mid low rectal cancer a retrospective observational study
new,31760186,10.1016/j.wneu.2019.11.083,,2020,Nondiscogenic Sciatica: What Clinical Examination and Imaging Can Tell Us?,nondiscogenic sciatica what clinical examination and imaging can tell us
new,32620457,10.1016/j.canrad.2020.04.010,,2020,Correlation between fluorodeoxyglucose hotspots on preradiotherapy PET/CT and areas of cancer local relapse: Systematic review of literature.,correlation between fluorodeoxyglucose hotspots on preradiotherapy pet ct and areas of cancer local relapse systematic review of literature
new,32767224,10.1245/s10434-020-08974-w,,2020,Radiomics Approach Outperforms Diameter Criteria for Predicting Pathological Lateral Lymph Node Metastasis After Neoadjuvant (Chemo)Radiotherapy in Advanced Low Rectal Cancer.,radiomics approach outperforms diameter criteria for predicting pathological lateral lymph node metastasis after neoadjuvant chemo radiotherapy in advanced low rectal cancer
new,22273219,,,2011,The reversal of a protective stoma is feasible before the complete healing of a colorectal anastomotic leak.,the reversal of a protective stoma is feasible before the complete healing of a colorectal anastomotic leak
new,33533932,10.1001/jamanetworkopen.2020.36330,PMC7859847,2021,Association of Transanal Total Mesorectal Excision With Local Recurrence of Rectal Cancer.,association of transanal total mesorectal excision with local recurrence of rectal cancer
new,19350861,,,2009,Retrorectal tumors: the choice of surgical approach based on a new classification.,retrorectal tumors the choice of surgical approach based on a new classification
new,19674027,10.1111/j.1463-1318.2009.02021.x,,2010,MRI for the assessment of locally advanced rectal cancer - a window of opportunity.,mri for the assessment of locally advanced rectal cancer a window of opportunity
new,21422901,10.1097/COC.0b013e3182118e7d,,2012,The predictive role of sequential FDG-PET/CT in response of locally advanced rectal cancer to neoadjuvant chemoradiation.,the predictive role of sequential fdg pet ct in response of locally advanced rectal cancer to neoadjuvant chemoradiation
new,27997526,10.1038/bjc.2016.417,PMC5243997,2017,Organ preservation with local excision or active surveillance following chemoradiotherapy for rectal cancer.,organ preservation with local excision or active surveillance following chemoradiotherapy for rectal cancer
new,30051446,,,2018,[Factors affecting the difficulty of laparoscopy-assisted triple-port anterior resection].,factors affecting the difficulty of laparoscopy assisted triple port anterior resection
new,15380850,10.1016/j.ejrad.2003.12.005,,2004,High-resolution MR imaging for nodal staging in rectal cancer: are there any criteria in addition to the size?,high resolution mr imaging for nodal staging in rectal cancer are there any criteria in addition to the size
new,22947271,10.1016/j.acra.2012.07.010,PMC3525763,2013,Optimizing adjuvant treatment decisions for stage t2 rectal cancer based on mesorectal node size: a decision analysis.,optimizing adjuvant treatment decisions for stage t2 rectal cancer based on mesorectal node size a decision analysis
new,25155395,10.1245/s10434-014-3996-8,,2015,Consequence of restaging after neoadjuvant treatment for locally advanced rectal cancer.,consequence of restaging after neoadjuvant treatment for locally advanced rectal cancer
new,11776494,10.1007/s10434-001-0801-2,,2001,Complete response to neoadjuvant chemoradiation for rectal cancer does not influence survival.,complete response to neoadjuvant chemoradiation for rectal cancer does not influence survival
new,26910373,10.18632/oncotarget.7548,PMC4924749,2016,A predictive nomogram improved diagnostic accuracy and interobserver agreement of perirectal lymph nodes metastases in rectal cancer.,a predictive nomogram improved diagnostic accuracy and interobserver agreement of perirectal lymph nodes metastases in rectal cancer
new,23081822,10.1007/s00259-012-2257-y,,2013,The value of 18F-FDG PET/CT for assessing the response to neoadjuvant therapy in locally advanced rectal cancer.,the value of 18f fdg pet ct for assessing the response to neoadjuvant therapy in locally advanced rectal cancer
new,34402948,10.1007/s00261-021-03224-3,PMC8502129,2021,Diagnostic performance of (18)F-fluorodeoxyglucose-PET/MRI versus MRI alone in the diagnosis of pelvic recurrence of rectal cancer.,diagnostic performance of 18 f fluorodeoxyglucose pet mri versus mri alone in the diagnosis of pelvic recurrence of rectal cancer
new,20381276,10.1016/j.ejrad.2010.03.010,,2011,Contrast enhanced MR imaging of female pelvic cancers: established methods and emerging applications.,contrast enhanced mr imaging of female pelvic cancers established methods and emerging applications
new,20367556,10.3109/02656731003605662,,2010,Tumour perfusion assessment during regional hyperthermia treatment: comparison of temperature probe measurement with H(2)(15)O-PET perfusion.,tumour perfusion assessment during regional hyperthermia treatment comparison of temperature probe measurement with h 2 15 o pet perfusion
new,16700625,10.1177/153303460600500310,,2006,Multi-detector CT in the evaluation of patients with recurrence of rectal cancer.,multi detector ct in the evaluation of patients with recurrence of rectal cancer
new,19147305,10.1016/j.ijrobp.2008.08.054,PMC3071557,2009,"Sacral insufficiency fractures after preoperative chemoradiation for rectal cancer: incidence, risk factors, and clinical course.",sacral insufficiency fractures after preoperative chemoradiation for rectal cancer incidence risk factors and clinical course
new,28660522,10.1007/s12029-017-9984-z,,2018,Rectal Cancer Surveillance-Recurrence Patterns and Survival Outcomes from a Cohort Followed up Beyond 10 Years.,rectal cancer surveillance recurrence patterns and survival outcomes from a cohort followed up beyond 10 years
new,19350306,10.1007/s00104-009-1707-y,,2009,[Neoadjuvant radiochemotherapy for rectal cancer].,neoadjuvant radiochemotherapy for rectal cancer
new,25211270,10.1097/SLA.0000000000000909,,2015,MRI and Diffusion-weighted MRI Volumetry for Identification of Complete Tumor Responders After Preoperative Chemoradiotherapy in Patients With Rectal Cancer: A Bi-institutional Validation Study.,mri and diffusion weighted mri volumetry for identification of complete tumor responders after preoperative chemoradiotherapy in patients with rectal cancer a bi institutional validation study
new,18722050,10.1016/j.canlet.2008.07.008,,2008,Thymidylate synthase genotypes and tumour regression in stage II/III rectal cancer patients after neoadjuvant fluorouracil-based chemoradiation.,thymidylate synthase genotypes and tumour regression in stage ii iii rectal cancer patients after neoadjuvant fluorouracil based chemoradiation
new,34281860,10.21873/anticanres.15193,,2021,Radiogenomic and Deep Learning Network Approaches to Predict KRAS Mutation from Radiotherapy Plan CT.,radiogenomic and deep learning network approaches to predict kras mutation from radiotherapy plan ct
new,20464850,,,2010,"Management of anal cancer in 2010. Part 1: Overview, screening, and diagnosis.",management of anal cancer in 2010 part 1 overview screening and diagnosis
new,34116856,10.1016/j.surg.2021.05.023,,2021,Association of the collagen score with anastomotic leakage in rectal cancer patients after neoadjuvant chemoradiotherapy.,association of the collagen score with anastomotic leakage in rectal cancer patients after neoadjuvant chemoradiotherapy
new,24268789,10.1016/j.ejrad.2013.10.029,,2014,Clinical implication of negative conversion of predicted circumferential resection margin status after preoperative chemoradiotherapy for locally advanced rectal cancer.,clinical implication of negative conversion of predicted circumferential resection margin status after preoperative chemoradiotherapy for locally advanced rectal cancer
new,22841019,10.1016/j.radonc.2012.05.011,,2012,Reproducibility and genital sparing with a vaginal dilator used for female anal cancer patients.,reproducibility and genital sparing with a vaginal dilator used for female anal cancer patients
new,23143592,10.1245/s10434-012-2738-z,,2013,Do MRI reports contain adequate preoperative staging information for end users to make appropriate treatment decisions for rectal cancer?,do mri reports contain adequate preoperative staging information for end users to make appropriate treatment decisions for rectal cancer
new,31361381,10.1111/codi.14795,,2019,The Aortic Calcification Index is a risk factor associated with anastomotic leakage after anterior resection of rectal cancer.,the aortic calcification index is a risk factor associated with anastomotic leakage after anterior resection of rectal cancer
new,25164903,,,2014,[Effect of preoperative long course radiotherapy on anastomotic leakage after low anterior resection for rectal cancer: a Meta-analysis].,effect of preoperative long course radiotherapy on anastomotic leakage after low anterior resection for rectal cancer a meta analysis
new,15827791,10.1245/ASO.2005.12.036,,2005,Prospective evaluation of quality of life of patients receiving either abdominoperineal resection or sphincter-preserving procedure for rectal cancer.,prospective evaluation of quality of life of patients receiving either abdominoperineal resection or sphincter preserving procedure for rectal cancer
new,34917505,10.3389/fonc.2021.750922,PMC8670938,2021,"Commentary: ""Long-Term Outcomes and Prognostic Analysis of Computed Tomography-Guided Radioactive (125) I Seed Implantation for Locally Recurrent Rectal Cancer After External Beam Radiotherapy or Surgery"": Letter to the Editor.",commentary long term outcomes and prognostic analysis of computed tomography guided radioactive 125 i seed implantation for locally recurrent rectal cancer after external beam radiotherapy or surgery letter to the editor
new,34146635,10.1016/j.ijrobp.2021.06.013,,2021,Prognostic Implications of MRI-Detected EMVI and Tumor Deposits and Their Response to Neoadjuvant Therapy in cT3 and cT4 Rectal Cancer.,prognostic implications of mri detected emvi and tumor deposits and their response to neoadjuvant therapy in ct3 and ct4 rectal cancer
new,26747329,10.1016/j.crad.2015.11.011,,2016,Profiling of rectal cancers MRI in pathological complete remission states after neoadjuvant concurrent chemoradiation therapy.,profiling of rectal cancers mri in pathological complete remission states after neoadjuvant concurrent chemoradiation therapy
new,12841663,10.1177/030089160308900210,,2003,Preoperative concomitant radiochemotherapy with a 5-fluorouracil plus folinic acid bolus in the combined treatment of locally advanced extraperitoneal rectal cancer: a long-term analysis on 27 patients.,preoperative concomitant radiochemotherapy with a 5 fluorouracil plus folinic acid bolus in the combined treatment of locally advanced extraperitoneal rectal cancer a long term analysis on 27 patients
new,31422001,10.1016/j.canrad.2019.07.123,,2019,[Follow-up after rectal cancer treatment].,follow up after rectal cancer treatment
new,11702139,10.1007/s003300100966,,2001,MR-guided laser-induced thermotherapy in recurrent extrahepatic abdominal tumors.,mr guided laser induced thermotherapy in recurrent extrahepatic abdominal tumors
new,19774415,10.1245/s10434-009-0711-2,,2010,Feasibility of a lateral region sentinel node biopsy of lower rectal cancer guided by indocyanine green using a near-infrared camera system.,feasibility of a lateral region sentinel node biopsy of lower rectal cancer guided by indocyanine green using a near infrared camera system
new,23346506,10.3393/jksc.2012.28.6.286,PMC3548142,2012,Pelvic exenteration: surgical approaches.,pelvic exenteration surgical approaches
new,26679658,,,2015,[Clinical analysis of 31 ankylosing spondylitis patients with malignancies].,clinical analysis of 31 ankylosing spondylitis patients with malignancies
new,24074924,10.1016/j.ijrobp.2013.06.2052,,2013,MRI predictive factors for tumor response in rectal cancer following neoadjuvant chemoradiation therapy--implications for induction chemotherapy?,mri predictive factors for tumor response in rectal cancer following neoadjuvant chemoradiation therapy implications for induction chemotherapy
new,24183379,10.1016/j.ejca.2013.06.048,,2014,EURECCA colorectal: multidisciplinary management: European consensus conference colon & rectum.,eurecca colorectal multidisciplinary management european consensus conference colon rectum
new,29888969,10.1259/bjr.20180205,PMC6223145,2018,The influence of endorectal filling on rectal cancer staging with MRI.,the influence of endorectal filling on rectal cancer staging with mri
new,33346333,10.7417/CT.2021.2287,,2021,Adherence to the three Italian screening in a sample of women (and men) in the Southern Italy.,adherence to the three italian screening in a sample of women and men in the southern italy
new,24147468,10.2214/AJR.12.9657,,2013,Prediction of lymphovascular invasion in rectal cancer by preoperative CT.,prediction of lymphovascular invasion in rectal cancer by preoperative ct
new,31431368,10.1016/j.radonc.2019.07.033,PMC6997038,2020,Predicting the tumor response to chemoradiotherapy for rectal cancer: Model development and external validation using MRI radiomics.,predicting the tumor response to chemoradiotherapy for rectal cancer model development and external validation using mri radiomics
new,31543678,10.3748/wjg.v25.i33.4850,PMC6737323,2019,Neoadjuvant radiotherapy for rectal cancer management.,neoadjuvant radiotherapy for rectal cancer management
new,26811619,10.3748/wjg.v22.i2.718,PMC4716071,2016,Technical feasibility of laparoscopic extended surgery beyond total mesorectal excision for primary or recurrent rectal cancer.,technical feasibility of laparoscopic extended surgery beyond total mesorectal excision for primary or recurrent rectal cancer
new,32786027,10.1002/bjs.11854,,2020,International variation in managing locally advanced or recurrent rectal cancer: prospective benchmark analysis.,international variation in managing locally advanced or recurrent rectal cancer prospective benchmark analysis
new,30152952,,,2016,ROLE OF MRI IN LOCAL STAGING OF RECTAL CANCER AND FOLLOW UP AFTER ADJUVANT AND NEOADJUVANT THERAPY.,role of mri in local staging of rectal cancer and follow up after adjuvant and neoadjuvant therapy
new,22469796,10.1097/DCR.0b013e318241b11f,,2012,Identification of consensus-based quality end points for colorectal surgery.,identification of consensus based quality end points for colorectal surgery
new,33436026,10.1186/s13014-020-01741-x,PMC7805032,2021,Clinical predictors of pathological good response in locally advanced rectal cancer.,clinical predictors of pathological good response in locally advanced rectal cancer
new,28947340,10.1016/j.ejso.2017.09.003,,2017,An audit comparing the reporting of staging MRI scans for rectal cancer with the London Cancer Alliance (LCA) guidelines.,an audit comparing the reporting of staging mri scans for rectal cancer with the london cancer alliance lca guidelines
new,31683174,10.1016/j.ctrv.2019.101908,,2019,Should we favour the use of 5 × 5 preoperative radiation in rectal cancer.,should we favour the use of 5 × 5 preoperative radiation in rectal cancer
new,19381032,,,2009,[Concurrent chemoradiation experience of the local relapse of rectal cancer patients].,concurrent chemoradiation experience of the local relapse of rectal cancer patients
new,17139455,10.1007/s00464-005-0783-4,,2007,Laparoscopic resection with intraoperative radiotherapy: a new step in the multimodal treatment of advanced colorectal cancer.,laparoscopic resection with intraoperative radiotherapy a new step in the multimodal treatment of advanced colorectal cancer
new,32825969,10.1016/j.prp.2020.153106,,2020,Large negative lymph nodes - a surrogate for immune activation in rectal cancer patients?,large negative lymph nodes a surrogate for immune activation in rectal cancer patients
new,32986174,10.1007/s00261-020-02763-5,,2021,Reduced field-of-view versus full field-of-view diffusion-weighted imaging for the evaluation of complete response to neoadjuvant chemoradiotherapy in patients with locally advanced rectal cancer.,reduced field of view versus full field of view diffusion weighted imaging for the evaluation of complete response to neoadjuvant chemoradiotherapy in patients with locally advanced rectal cancer
new,27872117,10.1136/bmjopen-2016-012496,PMC5129046,2016,Protocol for a multicentre randomised feasibility trial evaluating early Surgery Alone In LOw Rectal cancer (SAILOR).,protocol for a multicentre randomised feasibility trial evaluating early surgery alone in low rectal cancer sailor
new,32955607,10.1007/s00384-020-03751-3,,2021,Preoperative versus pathological staging of rectal cancer-challenging the indication of neoadjuvant chemoradiotherapy.,preoperative versus pathological staging of rectal cancer challenging the indication of neoadjuvant chemoradiotherapy
new,21571386,10.1016/j.radonc.2011.04.004,,2011,Residual metabolic tumor activity after chemo-radiotherapy is mainly located in initially high FDG uptake areas in rectal cancer.,residual metabolic tumor activity after chemo radiotherapy is mainly located in initially high fdg uptake areas in rectal cancer
new,24002079,10.1097/RLI.0b013e3182a3459b,,2014,Magnetization transfer ratio: a potential biomarker for the assessment of postradiation fibrosis in patients with rectal cancer.,magnetization transfer ratio a potential biomarker for the assessment of postradiation fibrosis in patients with rectal cancer
new,24300352,10.1097/RLU.0000000000000265,,2014,Biological target volume overlapping segmentation system method for avoiding false-positive PET findings in assessing response to neoadjuvant chemoradiation therapy in rectal cancer.,biological target volume overlapping segmentation system method for avoiding false positive pet findings in assessing response to neoadjuvant chemoradiation therapy in rectal cancer
new,30802158,10.1200/JGO.18.00214,PMC6426503,2019,Treatment of Patients With Early-Stage Colorectal Cancer: ASCO Resource-Stratified Guideline.,treatment of patients with early stage colorectal cancer asco resource stratified guideline
new,29928706,10.1016/j.ctro.2018.06.002,PMC6008279,2018,Variability of clinical target volume delineation for rectal cancer patients planned for neoadjuvant radiotherapy with the aid of the platform Anatom-e.,variability of clinical target volume delineation for rectal cancer patients planned for neoadjuvant radiotherapy with the aid of the platform anatom e
new,23129363,10.1007/978-3-642-31629-6_1,,2012,Clinically relevant study end points in rectal cancer.,clinically relevant study end points in rectal cancer
new,34222567,10.1016/j.reth.2021.05.003,PMC8220312,2021,A study on the clinical application of greater omental pedicle flap transplantation to correct anterior resection syndrome in patients with low rectal cancer.,a study on the clinical application of greater omental pedicle flap transplantation to correct anterior resection syndrome in patients with low rectal cancer
new,27503193,10.1007/s00259-016-3475-5,,2017,Prognostic impact of tumour burden assessed by metabolic tumour volume on FDG PET/CT in anal canal cancer.,prognostic impact of tumour burden assessed by metabolic tumour volume on fdg pet ct in anal canal cancer
new,15168118,10.1007/s00428-004-1033-1,,2004,A study into methodology and application of quantification of tumour vasculature in rectal cancer.,a study into methodology and application of quantification of tumour vasculature in rectal cancer
new,34211077,10.1038/s41598-021-93160-5,PMC8249635,2021,Time-frequency time-space long short-term memory networks for image classification of histopathological tissue.,time frequency time space long short term memory networks for image classification of histopathological tissue
new,16356818,10.1016/j.crad.2005.08.010,,2006,Distance between the rectal wall and mesorectal fascia measured by MRI: Effect of rectal distension and implications for preoperative prediction of a tumour-free circumferential resection margin.,distance between the rectal wall and mesorectal fascia measured by mri effect of rectal distension and implications for preoperative prediction of a tumour free circumferential resection margin
new,28427517,10.1016/j.critrevonc.2017.02.019,,2017,Interim (18)FDG PET/CT during radiochemotherapy in the management of pelvic malignancies: A systematic review.,interim 18 fdg pet ct during radiochemotherapy in the management of pelvic malignancies a systematic review
new,34307164,10.3389/fonc.2021.697497,PMC8293900,2021,Radiomics Analysis of Multi-Sequence MR Images For Predicting Microsatellite Instability Status Preoperatively in Rectal Cancer.,radiomics analysis of multi sequence mr images for predicting microsatellite instability status preoperatively in rectal cancer
new,23801218,,,2013,[Progress of surgical managements in patients with local recurrent rectal cancer].,progress of surgical managements in patients with local recurrent rectal cancer
new,32577580,10.1016/j.conctc.2020.100582,PMC7300121,2020,Stoma closure and reinforcement (SCAR): A study protocol for a pilot trial.,stoma closure and reinforcement scar a study protocol for a pilot trial
new,29900583,10.1111/jgh.14315,,2019,Amide proton transfer imaging to predict tumor response to neoadjuvant chemotherapy in locally advanced rectal cancer.,amide proton transfer imaging to predict tumor response to neoadjuvant chemotherapy in locally advanced rectal cancer
new,29151325,10.3906/sag-1609-59,,2017,Mean ADC values discriminate rectal mucinous carcinomafrom rectal nonmucinous adenocarcinoma.,mean adc values discriminate rectal mucinous carcinomafrom rectal nonmucinous adenocarcinoma
new,32399265,10.21037/jgo.2018.11.02,PMC7212101,2020,Evaluating treatment protocols for rectal squamous cell carcinomas: the Duke experience and literature.,evaluating treatment protocols for rectal squamous cell carcinomas the duke experience and literature
new,29987338,10.1007/s00066-018-1327-x,,2018,Cost analysis of a wait-and-see strategy after radiochemotherapy in distal rectal cancer.,cost analysis of a wait and see strategy after radiochemotherapy in distal rectal cancer
new,16311124,10.1016/j.humpath.2005.08.016,,2005,Correlation of spectral imaging and visual grading for the quantification of thymidylate synthase protein expression in rectal cancer.,correlation of spectral imaging and visual grading for the quantification of thymidylate synthase protein expression in rectal cancer
new,30603881,10.1007/s00261-018-01891-3,,2019,Diagnostic performance of F-18 FDG PET/CT for prediction of KRAS mutation in colorectal cancer patients: a systematic review and meta-analysis.,diagnostic performance of f 18 fdg pet ct for prediction of kras mutation in colorectal cancer patients a systematic review and meta analysis
new,11289123,,,2001,Tumor microcirculation evaluated by dynamic magnetic resonance imaging predicts therapy outcome for primary rectal carcinoma.,tumor microcirculation evaluated by dynamic magnetic resonance imaging predicts therapy outcome for primary rectal carcinoma
new,32695381,10.1002/ccr3.2833,PMC7364076,2020,"Vision loss, tractional retinal detachment, and profound anemia due to rectal carcinoma.",vision loss tractional retinal detachment and profound anemia due to rectal carcinoma
new,34228808,,,2021,[20-25 procent of patients with rectal cancer may be saved from a rectal resection].,20 25 procent of patients with rectal cancer may be saved from a rectal resection
new,33882087,10.1371/journal.pone.0249433,PMC8059798,2021,T-staging of rectal cancer: Utility of single-shot turbo spin-echo diffusion-weighted imaging with T2-weighted images and fusion images.,t staging of rectal cancer utility of single shot turbo spin echo diffusion weighted imaging with t2 weighted images and fusion images
new,17875605,10.1096/fj.07-8888com,,2008,Silencing of human ferrochelatase causes abundant protoporphyrin-IX accumulation in colon cancer.,silencing of human ferrochelatase causes abundant protoporphyrin ix accumulation in colon cancer
new,21928408,10.1002/bjs.7662,,2011,Relevance of magnetic resonance imaging-detected pelvic sidewall lymph node involvement in rectal cancer.,relevance of magnetic resonance imaging detected pelvic sidewall lymph node involvement in rectal cancer
new,29532205,10.1007/s00384-018-3021-y,,2018,Improved perioperative care is associated with improved long-term survival in colorectal cancer.,improved perioperative care is associated with improved long term survival in colorectal cancer
new,22270580,10.1007/s00261-011-9839-1,,2012,Response to neoadjuvant therapy in locally advanced rectal cancer: assessment with diffusion-weighted MR imaging and 18FDG PET/CT.,response to neoadjuvant therapy in locally advanced rectal cancer assessment with diffusion weighted mr imaging and 18fdg pet ct
new,33118384,10.1177/1073274820969449,PMC7791447,2020,Magnetic Resonance Guided Radiotherapy for Rectal Cancer: Expanding Opportunities for Non-Operative Management.,magnetic resonance guided radiotherapy for rectal cancer expanding opportunities for non operative management
new,30683447,10.1016/j.jpedsurg.2018.10.111,,2019,Anorectal malformations and perineal hemangiomas: The Arm-Net Consortium experience.,anorectal malformations and perineal hemangiomas the arm net consortium experience
new,22447461,10.1002/ijc.27557,,2012,18F-FDG-PET evaluation of treatment response to neo-adjuvant therapy in patients with locally advanced rectal cancer: a meta-analysis.,18f fdg pet evaluation of treatment response to neo adjuvant therapy in patients with locally advanced rectal cancer a meta analysis
new,15764219,10.1080/02841860512331336635,,2004,The potential impact of the tension of the pelvic muscles on set-up errors in radiotherapy for pelvic malignancies.,the potential impact of the tension of the pelvic muscles on set up errors in radiotherapy for pelvic malignancies
new,18504168,,,2008,Modern therapy of rectal carcinoma.,modern therapy of rectal carcinoma
new,32523318,10.3748/wjg.v26.i20.2657,PMC7265146,2020,Role of dynamic perfusion magnetic resonance imaging in patients with local advanced rectal cancer.,role of dynamic perfusion magnetic resonance imaging in patients with local advanced rectal cancer
new,32265157,10.1016/j.canrad.2020.01.011,,2020,Radiomics: A primer for the radiation oncologist.,radiomics a primer for the radiation oncologist
new,25680400,10.1007/s00259-015-3004-y,,2015,High FDG uptake areas on pre-radiotherapy PET/CT identify preferential sites of local relapse after chemoradiotherapy for locally advanced oesophageal cancer.,high fdg uptake areas on pre radiotherapy pet ct identify preferential sites of local relapse after chemoradiotherapy for locally advanced oesophageal cancer
new,25638685,10.1016/S1470-2045(14)70412-7,,2015,Carbon ion radiotherapy in Japan: an assessment of 20 years of clinical experience.,carbon ion radiotherapy in japan an assessment of 20 years of clinical experience
new,29613992,10.1097/RCT.0000000000000731,,2018,Whole-lesion Apparent Diffusion Coefficient First- and Second-Order Texture Features for the Characterization of Rectal Cancer Pathological Factors.,whole lesion apparent diffusion coefficient first and second order texture features for the characterization of rectal cancer pathological factors
new,33452859,10.1111/codi.15531,,2021,Factors impacting time to ileostomy closure after anterior resection: the UK closure of ileostomy timing cohort study (CLOSE-IT).,factors impacting time to ileostomy closure after anterior resection the uk closure of ileostomy timing cohort study close it
new,20574705,10.1007/s11547-010-0558-4,,2010,Contrast-enhanced MRI and PET-CT in the evaluation of patients with suspected local recurrence of rectal carcinoma.,contrast enhanced mri and pet ct in the evaluation of patients with suspected local recurrence of rectal carcinoma
new,27238470,10.1016/j.semradonc.2016.02.001,,2016,Magnetic Resonance Imaging and Other Imaging Modalities in Diagnostic and Tumor Response Evaluation.,magnetic resonance imaging and other imaging modalities in diagnostic and tumor response evaluation
new,21724526,,,2011,"Disease profile and treatment results of anal canal SCC: experience from AIIMS, New Delhi.",disease profile and treatment results of anal canal scc experience from aiims new delhi
new,16488206,10.1016/j.crad.2005.11.008,,2006,Surgery for recurrent rectal carcinoma: The role of preoperative magnetic resonance imaging.,surgery for recurrent rectal carcinoma the role of preoperative magnetic resonance imaging
new,22172904,10.1016/j.ijrobp.2011.08.034,,2012,Incidence of secondary cancer development after high-dose intensity-modulated radiotherapy and image-guided brachytherapy for the treatment of localized prostate cancer.,incidence of secondary cancer development after high dose intensity modulated radiotherapy and image guided brachytherapy for the treatment of localized prostate cancer
new,24025941,10.1148/rg.335115170,,2013,Patterns and signal intensity characteristics of pelvic recurrence of rectal cancer at MR imaging.,patterns and signal intensity characteristics of pelvic recurrence of rectal cancer at mr imaging
new,33299281,10.1007/s13193-020-01207-2,PMC7714891,2020,Prospective Study Comparing Clinical vs Indocyanine Green Fluorescence-Based Assessment of Line of Transection in Robotic Rectal Cancer Surgery-Indian Study.,prospective study comparing clinical vs indocyanine green fluorescence based assessment of line of transection in robotic rectal cancer surgery indian study
new,12456292,10.1080/09553000210158047,,2002,Early increase and later decrease in VIP and substance P nerve fiber densities following abdominal radiotherapy: a study on the human colon.,early increase and later decrease in vip and substance p nerve fiber densities following abdominal radiotherapy a study on the human colon
new,34459085,10.1111/codi.15893,,2021,Evolution of the management of retrorectal masses: A retrospective cohort study.,evolution of the management of retrorectal masses a retrospective cohort study
new,27316919,10.1016/j.clcc.2016.04.002,,2016,Interim Fluorine-18 Fluorodeoxyglucose Positron Emission Tomography/Computed Tomography to Predict Pathologic Response to Preoperative Chemoradiotherapy and Prognosis in Patients With Locally Advanced Rectal Cancer.,interim fluorine 18 fluorodeoxyglucose positron emission tomography computed tomography to predict pathologic response to preoperative chemoradiotherapy and prognosis in patients with locally advanced rectal cancer
new,30973610,10.1001/jamaoncol.2019.0186,PMC6583831,2019,"Safety and Feasibility of Using Magnetic Resonance Imaging Criteria to Identify Patients With ""Good Prognosis"" Rectal Cancer Eligible for Primary Surgery: The Phase 2 Nonrandomized QuickSilver Clinical Trial.",safety and feasibility of using magnetic resonance imaging criteria to identify patients with good prognosis rectal cancer eligible for primary surgery the phase 2 nonrandomized quicksilver clinical trial
new,30971519,10.11817/j.issn.1672-7347.2019.03.007,,2019,[Preoperative prediction for lymph node metastasis of rectal nonmucinous adenocarcinoma based on radiomics classifier].,preoperative prediction for lymph node metastasis of rectal nonmucinous adenocarcinoma based on radiomics classifier
new,31113192,10.4081/ejh.2019.3028,PMC6536912,2019,A method for semi-automated image analysis of HLA class I tumour epithelium expression in rectal cancer.,a method for semi automated image analysis of hla class i tumour epithelium expression in rectal cancer
new,33639954,10.1186/s12920-021-00905-2,PMC7913431,2021,Bioinformatic analysis reveals an exosomal miRNA-mRNA network in colorectal cancer.,bioinformatic analysis reveals an exosomal mirna mrna network in colorectal cancer
new,26678613,10.2967/jnumed.115.166975,,2016,Molecular Fluorescence Endoscopy Targeting Vascular Endothelial Growth Factor A for Improved Colorectal Polyp Detection.,molecular fluorescence endoscopy targeting vascular endothelial growth factor a for improved colorectal polyp detection
new,20159662,10.1102/1470-7330.2010.0011,PMC2842173,2010,Free-breathing diffusion-weighted single-shot echo-planar MR imaging using parallel imaging (GRAPPA 2) and high b value for the detection of primary rectal adenocarcinoma.,free breathing diffusion weighted single shot echo planar mr imaging using parallel imaging grappa 2 and high b value for the detection of primary rectal adenocarcinoma
new,35071450,10.21037/atm-21-5658,PMC8756231,2021,Magnetic resonance neuroimaging promotes the preservation of pelvic autonomic nerves in laparoscopic total mesorectal excision: a comparative study.,magnetic resonance neuroimaging promotes the preservation of pelvic autonomic nerves in laparoscopic total mesorectal excision a comparative study
new,11008241,,,2000,Current protocols and outcomes of local therapy for rectal cancer.,current protocols and outcomes of local therapy for rectal cancer
new,34343402,10.1002/acm2.13381,PMC8425941,2021,Automatic segmentation of rectal tumor on diffusion-weighted images by deep learning with U-Net.,automatic segmentation of rectal tumor on diffusion weighted images by deep learning with u net
new,22234959,10.1002/jso.23038,,2012,Improved guideline compliance after a 3-year audit of multidisciplinary colorectal cancer care in the western part of the Netherlands.,improved guideline compliance after a 3 year audit of multidisciplinary colorectal cancer care in the western part of the netherlands
new,26269765,,PMC4529625,2015,Tumor infiltrating lymphocytes (TILs) before and after neoadjuvant chemoradiotherapy and its clinical utility for rectal cancer.,tumor infiltrating lymphocytes tils before and after neoadjuvant chemoradiotherapy and its clinical utility for rectal cancer
new,30290819,10.1186/s12957-018-1498-z,PMC6173880,2018,Anatomical basis for the choice of laparoscopic surgery for low rectal cancer through the pelvic imaging data-a cohort study.,anatomical basis for the choice of laparoscopic surgery for low rectal cancer through the pelvic imaging data a cohort study
new,23748813,10.1177/030089161309900212,,2013,Is two-dimensional field definition sufficient for pelvic node coverage in rectal cancer compared to technical three-dimensional definition?,is two dimensional field definition sufficient for pelvic node coverage in rectal cancer compared to technical three dimensional definition
new,30976548,10.21037/qims.2018.12.10,PMC6414762,2019,Association between oncogenic RAS mutation and radiologic-pathologic findings in patients with primary rectal cancer.,association between oncogenic ras mutation and radiologic pathologic findings in patients with primary rectal cancer
new,29228455,10.1002/jso.24907,,2018,Prognostic significance of neoadjuvant rectal score in locally advanced rectal cancer after neoadjuvant chemoradiotherapy and construction of a prediction model.,prognostic significance of neoadjuvant rectal score in locally advanced rectal cancer after neoadjuvant chemoradiotherapy and construction of a prediction model
new,32832093,,PMC7439775,2020,The Evolving Role of Radiotherapy in Locally Advanced Rectal Cancer and the Potential for Nonoperative Management.,the evolving role of radiotherapy in locally advanced rectal cancer and the potential for nonoperative management
new,25809322,,,2015,[Value of magnetic resonance imaging in assessing the efficacy of neoadjuvant chemoradiotherapy for locally advanced rectal cancer].,value of magnetic resonance imaging in assessing the efficacy of neoadjuvant chemoradiotherapy for locally advanced rectal cancer
new,34111760,10.1016/j.esmoop.2021.100180,PMC8193111,2021,"Squamous rectal carcinoma: a rare malignancy, literature review and management recommendations.",squamous rectal carcinoma a rare malignancy literature review and management recommendations
new,22450150,10.1097/CCO.0b013e328352ea02,,2012,Rectal cancer: state of the art in 2012.,rectal cancer state of the art in 2012
new,34660054,10.7759/cureus.17848,PMC8502002,2021,Telehealth Adaptation for Multidisciplinary Colorectal Cancer Clinic During the COVID-19 Pandemic.,telehealth adaptation for multidisciplinary colorectal cancer clinic during the covid 19 pandemic
new,23053320,10.1007/s00259-012-2229-2,,2012,Early FDG PET response assessment of preoperative radiochemotherapy in locally advanced rectal cancer: correlation with long-term outcome.,early fdg pet response assessment of preoperative radiochemotherapy in locally advanced rectal cancer correlation with long term outcome
new,24679359,10.1016/j.ejso.2014.02.233,,2014,Abdominosacral resection: long-term outcome in 86 patients with locally advanced or locally recurrent rectal cancer.,abdominosacral resection long term outcome in 86 patients with locally advanced or locally recurrent rectal cancer
new,31229791,10.1016/j.jss.2019.04.080,PMC7751164,2019,Impact of PET/CT for Restaging Patients With Locally Advanced Rectal Cancer After Neoadjuvant Chemoradiation.,impact of pet ct for restaging patients with locally advanced rectal cancer after neoadjuvant chemoradiation
new,27981667,10.1002/jmri.25567,,2017,Assessment of pathological complete response to preoperative chemoradiotherapy by means of multiple mathematical models of diffusion-weighted MRI in locally advanced rectal cancer: A prospective single-center study.,assessment of pathological complete response to preoperative chemoradiotherapy by means of multiple mathematical models of diffusion weighted mri in locally advanced rectal cancer a prospective single center study
new,31838580,10.1007/s00384-019-03482-0,,2020,Efficacy of indocyanine green fluorescence angiography in preventing anastomotic leakage after laparoscopic colorectal cancer surgery.,efficacy of indocyanine green fluorescence angiography in preventing anastomotic leakage after laparoscopic colorectal cancer surgery
new,23830466,10.1016/j.radonc.2013.06.002,,2013,Clinical perspectives of cancer stem cell research in radiation oncology.,clinical perspectives of cancer stem cell research in radiation oncology
new,32517871,10.1016/j.anplas.2019.12.004,,2020,Biological mesh used to repair perineal hernias following abdominoperineal resection for anorectal cancer.,biological mesh used to repair perineal hernias following abdominoperineal resection for anorectal cancer
new,15118586,10.1016/j.surg.2003.10.004,,2004,Sentinel lymph node biopsy in rectal cancer--not yet ready for routine clinical use.,sentinel lymph node biopsy in rectal cancer not yet ready for routine clinical use
new,28157723,10.1097/XEB.0000000000000099,,2017,"Integrated care pathway for rectal cancer treatment: health care resource utilization, costs, and outcomes.",integrated care pathway for rectal cancer treatment health care resource utilization costs and outcomes
new,19931011,10.1016/j.meddos.2009.01.001,,2010,Rotation of the sacrum during bellyboard pelvic radiotherapy.,rotation of the sacrum during bellyboard pelvic radiotherapy
new,21767193,10.3109/0284186X.2011.590522,,2011,Plan robustness of simultaneous integrated boost radiotherapy of prostate and lymph nodes for different image-guidance and delivery techniques.,plan robustness of simultaneous integrated boost radiotherapy of prostate and lymph nodes for different image guidance and delivery techniques
new,24570133,10.1007/s00261-014-0103-3,,2014,Rectal cancer in inflammatory bowel diseases: MR imaging findings.,rectal cancer in inflammatory bowel diseases mr imaging findings
new,25885556,10.1186/s12885-015-1244-7,PMC4423099,2015,Multiparametric MRI as an outcome predictor for anal canal cancer managed with chemoradiotherapy.,multiparametric mri as an outcome predictor for anal canal cancer managed with chemoradiotherapy
new,12458380,10.1007/s00384-002-0399-2,,2003,Transureteroureterostomy: an adjunct to the management of advanced primary and recurrent pelvic malignancy.,transureteroureterostomy an adjunct to the management of advanced primary and recurrent pelvic malignancy
new,32328460,10.3389/fonc.2020.00457,PMC7160379,2020,A Novel Multimodal Radiomics Model for Preoperative Prediction of Lymphovascular Invasion in Rectal Cancer.,a novel multimodal radiomics model for preoperative prediction of lymphovascular invasion in rectal cancer
new,23606239,10.1007/s12032-013-0581-0,,2013,Prospective phase II trial of neoadjuvant chemo-radiotherapy with Oxaliplatin and Capecitabine in locally advanced rectal cancer (XELOXART).,prospective phase ii trial of neoadjuvant chemo radiotherapy with oxaliplatin and capecitabine in locally advanced rectal cancer xeloxart
new,30800199,10.5114/pjr.2018.81156,PMC6384410,2018,Magnetic resonance imaging in locally advanced rectal cancer: quantitative evaluation of the complete response to neoadjuvant therapy.,magnetic resonance imaging in locally advanced rectal cancer quantitative evaluation of the complete response to neoadjuvant therapy
new,21324800,10.1007/s12094-011-0628-7,,2011,"Radiotherapy in rectal cancer: development, adequacy and radiotherapy utilisation rate. A comparative analysis with the most frequent tumour sites.",radiotherapy in rectal cancer development adequacy and radiotherapy utilisation rate a comparative analysis with the most frequent tumour sites
new,26320185,10.18632/oncotarget.4724,PMC4745808,2015,Critical role of bevacizumab scheduling in combination with pre-surgical chemo-radiotherapy in MRI-defined high-risk locally advanced rectal cancer: Results of the BRANCH trial.,critical role of bevacizumab scheduling in combination with pre surgical chemo radiotherapy in mri defined high risk locally advanced rectal cancer results of the branch trial
new,16626889,10.1016/j.ijrobp.2006.01.009,,2006,FDG-PET/CT in the evaluation of anal carcinoma.,fdg pet ct in the evaluation of anal carcinoma
new,25743332,10.1245/s10434-015-4461-z,,2016,Risk Factors for Anastomotic Leakage After Intersphincteric Resection Without a Protective Defunctioning Stoma for Lower Rectal Cancer.,risk factors for anastomotic leakage after intersphincteric resection without a protective defunctioning stoma for lower rectal cancer
new,24809516,,,2014,[Postoperative pathological staging correlates the prognosis of rectal cancer after neoadjuvant chemoradiotherapy].,postoperative pathological staging correlates the prognosis of rectal cancer after neoadjuvant chemoradiotherapy
new,27729748,10.3748/wjg.v22.i37.8414,PMC5055872,2016,Defining response to radiotherapy in rectal cancer using magnetic resonance imaging and histopathological scales.,defining response to radiotherapy in rectal cancer using magnetic resonance imaging and histopathological scales
new,31622294,,,2019,Prognostic significance of pre- and post-operative serum carcinoembryonic antigen levels in patients presented with rectal carcinoma; an experience from Shaukat Khanum Memorial Cancer Hospital and Research Center Lahore.,prognostic significance of pre and post operative serum carcinoembryonic antigen levels in patients presented with rectal carcinoma an experience from shaukat khanum memorial cancer hospital and research center lahore
new,12868857,,,2003,Usefulness of early-phase helical CT for detecting recurrent rectal cancer.,usefulness of early phase helical ct for detecting recurrent rectal cancer
new,34926480,10.3389/fmed.2021.684238,PMC8678047,2021,A Deep-Learning Pipeline for TSS Coverage Imputation From Shallow Cell-Free DNA Sequencing.,a deep learning pipeline for tss coverage imputation from shallow cell free dna sequencing
new,34277445,10.3389/fonc.2021.698427,PMC8281887,2021,Predicting Treatment Response of Neoadjuvant Chemoradiotherapy in Locally Advanced Rectal Cancer Using Amide Proton Transfer MRI Combined With Diffusion-Weighted Imaging.,predicting treatment response of neoadjuvant chemoradiotherapy in locally advanced rectal cancer using amide proton transfer mri combined with diffusion weighted imaging
new,31444557,10.1007/s00261-019-02177-y,,2019,Tumor detectability and conspicuity comparison of standard b1000 and ultrahigh b2000 diffusion-weighted imaging in rectal cancer.,tumor detectability and conspicuity comparison of standard b1000 and ultrahigh b2000 diffusion weighted imaging in rectal cancer
new,30479672,10.1177/1758835918809875,PMC6243411,2018,Assessing response to neo-adjuvant therapy in locally advanced rectal cancer using Intra-voxel Incoherent Motion modelling by DWI data and Standardized Index of Shape from DCE-MRI.,assessing response to neo adjuvant therapy in locally advanced rectal cancer using intra voxel incoherent motion modelling by dwi data and standardized index of shape from dce mri
new,31857748,10.1007/s13193-019-00947-0,PMC6895291,2019,Utility of Preoperative Imaging for Predicting Pelvic Lateral Lymph Node Metastasis in Lower Rectal Cancer.,utility of preoperative imaging for predicting pelvic lateral lymph node metastasis in lower rectal cancer
new,26079928,10.1002/cncr.29469,PMC5512692,2015,"Trends in surveillance for resected colorectal cancer, 2001-2009.",trends in surveillance for resected colorectal cancer 2001 2009
new,18294894,10.1016/j.ejmp.2008.01.006,,2008,Identification of intratumour low frequency microvascular components via BOLD signal fractal dimension mapping.,identification of intratumour low frequency microvascular components via bold signal fractal dimension mapping
new,27545458,,,2016,[History and development trend of minimally invasive surgery for colorectal cancer in China].,history and development trend of minimally invasive surgery for colorectal cancer in china
new,16306636,10.1259/bjr/22543935,,2005,Advances in chemoradiation therapy in rectal cancer: the impact of imaging.,advances in chemoradiation therapy in rectal cancer the impact of imaging
new,31721221,10.1002/jso.25765,,2019,Mechanotechnical faults and particular issues of anastomotic complications following robot-assisted anterior resection in 968 rectal cancer patients.,mechanotechnical faults and particular issues of anastomotic complications following robot assisted anterior resection in 968 rectal cancer patients
new,34181153,10.1007/s10151-021-02478-9,,2021,"Author's reply to commentary on ""The role of MRI pelvimetry in predicting technical difficulty and outcomes of open and minimally invasive total mesorectal excision: a systematic review"".",author s reply to commentary on the role of mri pelvimetry in predicting technical difficulty and outcomes of open and minimally invasive total mesorectal excision a systematic review
new,17645836,,,2007,[Application of PET-CT in cancers of the digestive tract].,application of pet ct in cancers of the digestive tract
new,31414151,10.1007/s00117-019-00582-4,,2019,[Preoperative imaging for colorectal cancer: surgeons' perspective].,preoperative imaging for colorectal cancer surgeons perspective
new,25830037,10.3978/j.issn.2078-6891.2014.108,PMC4311095,2015,"Evolution of imaging in rectal cancer: multimodality imaging with MDCT, MRI, and PET.",evolution of imaging in rectal cancer multimodality imaging with mdct mri and pet
new,28280625,10.21037/jgo.2017.01.11,PMC5334053,2017,Defining the distal margin of rectal cancer for surgical planning.,defining the distal margin of rectal cancer for surgical planning
new,30688680,10.1097/DCR.0000000000001321,,2019,Long-term Oncologic Outcomes After Neoadjuvant Chemoradiation Followed by Intersphincteric Resection With Coloanal Anastomosis for Locally Advanced Low Rectal Cancer.,long term oncologic outcomes after neoadjuvant chemoradiation followed by intersphincteric resection with coloanal anastomosis for locally advanced low rectal cancer
new,32970178,10.1007/s00384-020-03761-1,,2021,Safety of early ileostomy closure: a systematic review and meta-analysis of randomized controlled trials.,safety of early ileostomy closure a systematic review and meta analysis of randomized controlled trials
new,33902088,10.1097/DCR.0000000000002025,,2021,Functional Outcomes and Quality of Life after Redo Anastomosis in Patients With Rectal Cancer: An International Multicenter Comparative Cohort Study.,functional outcomes and quality of life after redo anastomosis in patients with rectal cancer an international multicenter comparative cohort study
new,30214231,10.2147/OTT.S166614,PMC6120511,2018,Prognostic role of aspartate aminotransferase-lymphocyte ratio index in patients with metastatic colorectal cancer: results from the randomized ITACa trial.,prognostic role of aspartate aminotransferase lymphocyte ratio index in patients with metastatic colorectal cancer results from the randomized itaca trial
new,31915871,10.1007/s00104-019-01088-4,,2020,[Selection criteria for neoadjuvant chemoradiotherapy of rectal cancer : Neoadjuvant therapy even for locally advanced colon cancer?].,selection criteria for neoadjuvant chemoradiotherapy of rectal cancer neoadjuvant therapy even for locally advanced colon cancer
new,31614848,10.3390/cancers11101545,PMC6827048,2019,Translational Potential of MicroRNAs for Preoperative Staging and Prediction of Chemoradiotherapy Response in Rectal Cancer.,translational potential of micrornas for preoperative staging and prediction of chemoradiotherapy response in rectal cancer
new,12925090,10.1046/j.1463-1318.2003.00507.x,,2003,Surgery for locally recurrent rectal cancer.,surgery for locally recurrent rectal cancer
new,25682992,10.1016/j.dld.2015.01.150,,2015,Use of human papillomavirus genotyping and biomarkers for targeted screening of anal dysplasia in human immunodeficiency virus-infected patients.,use of human papillomavirus genotyping and biomarkers for targeted screening of anal dysplasia in human immunodeficiency virus infected patients
new,27672677,10.1016/j.gore.2016.09.002,PMC5030370,2016,"Left paraaortic, inframesenteric lymphadenectomy preserving the superior hypogastric plexus supported by indocyanine green (ICG) labeling of the lymphatic compartment in cervical cancer.",left paraaortic inframesenteric lymphadenectomy preserving the superior hypogastric plexus supported by indocyanine green icg labeling of the lymphatic compartment in cervical cancer
new,12828064,,,2003,Outcome of total pelvic exenteration for locally recurrent rectal cancer.,outcome of total pelvic exenteration for locally recurrent rectal cancer
new,26451271,10.1155/2015/434198,PMC4586962,2015,The Great Pretender: Rectal Syphilis Mimic a Cancer.,the great pretender rectal syphilis mimic a cancer
new,33449186,10.1007/s00330-020-07657-0,PMC8222060,2021,Rectal cancer with complete endoscopic response after neoadjuvant therapy: what is the meaning of a positive MRI?,rectal cancer with complete endoscopic response after neoadjuvant therapy what is the meaning of a positive mri
new,33170102,10.1148/radiol.2020201416,,2021,Submucosal Enhancing Stripe as a Contrast Material-enhanced MRI-based Imaging Feature for the Differentiation of Stage T0-T1 from Early T2 Rectal Cancers.,submucosal enhancing stripe as a contrast material enhanced mri based imaging feature for the differentiation of stage t0 t1 from early t2 rectal cancers
new,18024876,10.1200/JCO.2007.12.3133,,2007,Neoadjuvant cisplatin chemotherapy before chemoradiation: a flawed paradigm?,neoadjuvant cisplatin chemotherapy before chemoradiation a flawed paradigm
new,20710108,10.4103/1596-3519.68362,,2010,"Rectal cancer: pattern and outcome of management in University of Ilorin Teaching Hospital, Ilorin, Nigeria.",rectal cancer pattern and outcome of management in university of ilorin teaching hospital ilorin nigeria
new,16041212,10.1097/01.sla.0000171299.43954.ce,PMC1357727,2005,Prevalence of male and female sexual dysfunction is high following surgery for rectal cancer.,prevalence of male and female sexual dysfunction is high following surgery for rectal cancer
new,20607759,10.1002/jso.21651,,2010,Preoperative chest computerized tomography in patients with locally advanced mid or lower rectal cancer: its role in staging and impact on treatment strategy.,preoperative chest computerized tomography in patients with locally advanced mid or lower rectal cancer its role in staging and impact on treatment strategy
new,30144092,10.1002/mp.12879,,2018,The radiation oncology ontology (ROO): Publishing linked data in radiation oncology using semantic web and ontology techniques.,the radiation oncology ontology roo publishing linked data in radiation oncology using semantic web and ontology techniques
new,17764215,,PMC4781555,2006,Cancer care quality measures: diagnosis and treatment of colorectal cancer.,cancer care quality measures diagnosis and treatment of colorectal cancer
new,29720622,10.1038/s41598-018-25307-w,PMC5932032,2018,Variability and Reproducibility of 3(rd)-generation dual-source dynamic volume perfusion CT Parameters in Comparison to MR-perfusion Parameters in Rectal Cancer.,variability and reproducibility of 3 rd generation dual source dynamic volume perfusion ct parameters in comparison to mr perfusion parameters in rectal cancer
new,34616523,10.4251/wjgo.v13.i9.1196,PMC8465444,2021,Neoadjuvant chemotherapy without radiation as a potential alternative treatment for locally advanced rectal cancer: A meta-analysis.,neoadjuvant chemotherapy without radiation as a potential alternative treatment for locally advanced rectal cancer a meta analysis
new,28929282,10.1007/s10151-017-1684-y,,2017,Anoperineal lesions in Crohn's disease: French recommendations for clinical practice.,anoperineal lesions in crohn s disease french recommendations for clinical practice
new,21040991,10.1016/j.radonc.2010.10.012,,2011,The metabolic response using 18F-fluorodeoxyglucose-positron emission tomography/computed tomography and the change in the carcinoembryonic antigen level for predicting response to pre-operative chemoradiotherapy in patients with rectal cancer.,the metabolic response using 18f fluorodeoxyglucose positron emission tomography computed tomography and the change in the carcinoembryonic antigen level for predicting response to pre operative chemoradiotherapy in patients with rectal cancer
new,32722082,10.3390/cancers12082027,PMC7463898,2020,"Radiomic Texture and Shape Descriptors of the Rectal Environment on Post-Chemoradiation T2-Weighted MRI are Associated with Pathologic Tumor Stage Regression in Rectal Cancers: A Retrospective, Multi-Institution Study.",radiomic texture and shape descriptors of the rectal environment on post chemoradiation t2 weighted mri are associated with pathologic tumor stage regression in rectal cancers a retrospective multi institution study
