Batch,PMID,Year,DOI,PMC,Status,Title
Batch,PMID,Year,DOI,PMC,Status,Title
b1,42604092,2026,10.1016/j.ctro.2026.101254,PMC13476737,pending,"Total neoadjuvant therapy for rectal cancer: where are we now, where do we go?"
b1,42601975,2026,10.3389/fonc.2026.1910961,PMC13472932,pending,Early prediction of pathological complete response in rectal cancer: a dynamic immune remodeling hypothesis during neoadjuvant treatment.
b1,42594359,2026,10.1093/bjsopen/zrag100,PMC13472491,pending,Oncological outcomes and treatment characteristics of patients with cT3-4 mesorectal fascia positive rectal cancer operated in 2016: Dutch nationwide cohort with standardized magnetic resonance imaging re-assessment.
b1,42588609,2026,10.3390/cancers18152390,PMC13463893,pending,Predicting Pathological Complete Response in Rectal Cancer: External Validation of Clinical Models.
b1,42583456,2026,10.1097/MS9.0000000000005222,PMC13460672,pending,"Study on the mechanism of ""Sang-Mei Decoction"" in postoperative rectal cancer based on evaluation with a meridian assessment instrument."
b1,42582989,2026,10.1016/j.esmogo.2026.100355,PMC13459590,pending,Reassessing the role of CEA in the treatment of rectal cancer in the era of TNT.
b1,42571219,2026,10.1177/11795549261475518,PMC13451741,pending,Short-Course Radiotherapy Combined With CapeOx and PD-1 Inhibitor Following Local Excision in High-Risk Early Rectal Cancer: Study Protocol for a Prospective Phase II Trial (TORCH-LE).
b1,42569633,2026,10.1016/j.ctro.2026.101237,PMC13450439,pending,Quantitative MRI T1 relaxation time as a biomarker of complete response in rectal cancer six weeks after neoadjuvant therapy: a prospective study.
b1,42564594,2026,10.7759/cureus.112190,PMC13443989,pending,Impact of a Structured MRI Reporting Template on the Completeness of Primary Rectal Cancer Staging Reports: A Retrospective Audit.
b1,42551037,2026,10.1093/bjsopen/zrag045,PMC13436816,pending,"Quality of life, bowel dysfunction, and long-term oncological outcomes after transanal versus laparoscopic total mesorectal excision for mid- and low- rectal cancer (Ta-LaTME study): multicentre randomized open-label trial."
b1,42539793,2026,10.23922/jarc.2025-106,PMC13424421,pending,"Prediction of Pathological Complete Response after Chemoradiation for Locally Advanced Rectal Cancer Using Machine Learning with Clinical Features, the INTERCEPTOR Study Preliminary Model."
b1,42535226,2026,10.23922/jarc.2026-007,PMC13423477,pending,Vaginal Estriol Tablet Therapy for Rectovaginal Fistula after Low Rectal Surgery: Endoscopic Evaluation of Efficacy and Healing Mechanism.
b1,42528735,2026,10.3389/fonc.2026.1867185,PMC13414183,pending,Current evidence on the management of re-recurrent rectal cancer: a systematic review.
b1,42510157,2026,10.3390/diagnostics16142294,PMC13407901,pending,Pretreatment Staging FDG PET-Derived Radiomic Score Predicts Progression-Free Survival in Locally Advanced Rectal Cancer Treated with Total Neoadjuvant Therapy.
b1,42509089,2026,10.1016/j.ebiom.2026.106397,PMC13476900,pending,Tumour cell density quantified by artificial intelligence is associated with differential benefit from irinotecan-based chemo-radiotherapy in locally advanced rectal cancer: a post-hoc study of the phase 3 ARISTOTLE trial.
b1,42507765,2026,10.1177/15330338261473039,PMC13408062,pending,Prognostic Factors and Radiotherapy Benefit in pT3N0M0 Rectal Cancer: A Retrospective Analysis.
b1,42506362,2026,10.3390/medsci14030393,PMC13414229,pending,Total Neoadjuvant Therapy Versus Long-Course Chemoradiotherapy in Locally Advanced Rectal Cancer: Real-World Tumor Response and Clinical Outcomes.
b1,42500279,2026,10.3389/fonc.2026.1801287,PMC13395617,pending,Analysis of clinicopathological features and prognosis of mesenteric versus anti-mesenteric rectal cancer: a single-center retrospective cohort study.
b1,42495710,2026,10.34133/cancomm.0041,PMC13392285,pending,Short-Course Radiotherapy-Based Total Neoadjuvant Therapy plus Tislelizumab for Locally Advanced Rectal Cancer (Neo-STAR): Early Outcomes of a Randomized Phase II Trial.
b1,42495671,2026,10.1002/ags3.70218,PMC13393513,pending,Diagnostic Accuracy of Size-Based Preoperative CT Assessment for Predicting Lymph Node Metastasis in Colon Cancer: A Systematic Review and Meta-Analysis.
b1,42494071,2026,10.1111/codi.70560,PMC13396530,pending,A simple MRI/PET-derived index predicts relapse-free survival after neoadjuvant chemoradiotherapy in locally advanced rectal cancer.
b1,42490909,2026,10.3389/fonc.2026.1862322,PMC13375517,pending,Habitat-based amide proton transfer-weighted MRI model for predicting BRAF mutation and prognostic stratification in rectal cancer.
b1,42465005,2026,10.62347/JESM9471,PMC13373570,pending,Various machine learning prediction models for short-term postoperative prognosis of colorectal cancer based on intraoperative hypothermia.
b1,42458874,2026,10.1111/codi.70554,PMC13373332,pending,Indocyanine green-guided robotic-assisted mesorectal lymphadenectomy for high-risk T1 rectal carcinoma: Preliminary results of a prospective cohort study (IDEAL stage 2a).
b1,42452606,2026,10.3390/jcm15135146,PMC13362831,pending,MRI Dark-Light-Dark Sign and Node Reporting Score: An Integrated Model for Predicting Lymph Node Metastasis in Rectal Cancer.
b1,42449666,2026,10.3390/cancers18132124,PMC13359493,pending,Plasma Sphingomyelin as a Post-Treatment Monitoring Biomarker for Pathological Response in Locally Advanced Rectal Cancer.
b1,42449570,2026,10.3390/cancers18132024,PMC13360085,pending,Feasibility of Total Neoadjuvant Treatment Using Short-Course MRI-Guided Radiotherapy with an Integrated Boost in Locally Advanced Rectal Cancer: A Pilot Study.
b1,42446791,2026,10.1007/s10029-026-03786-5,PMC13368903,pending,Effectiveness of prophylactic Sugarbaker mesh during laparoscopic abdominoperineal resection: a cohort study with 4-year follow-up.
b1,42434286,2026,10.21037/jgo-2026-0269,PMC13350587,pending,Development of a multivariable prediction model for tumor response and treatment tolerance based on body composition dynamics in rectal cancer undergoing neoadjuvant chemoradiotherapy.
b1,42434230,2026,10.21037/jgo-2026-0226,PMC13350638,pending,Deep learning model based on MRI-derived microvascular network simulation parameters for noninvasive assessment of lymphovascular invasion in rectal cancer patients.
b1,42433537,2026,10.21037/qims-2025-aw-2441,PMC13350363,pending,Value of the DeepSeek-R1 large language model in extracting structured data from magnetic resonance imaging reports of rectal cancer and assisting in tumor staging.
b1,42422630,2026,10.7759/cureus.110470,PMC13344908,pending,Prevention of Parastomal Hernia and the Prophylactic Mesh Debate: A Critical Appraisal of the Chimney Trial.
b1,42415860,2026,10.3389/fonc.2026.1757933,PMC13337384,pending,Development and expert radiologist validation of a custom pipeline for simplification of oncology radiology reports using large language model.
b1,42403785,2026,10.7759/cureus.110314,PMC13333161,pending,Indocyanine Green-Guided Lateral Pelvic Sentinel Lymph Node Mapping in Low Rectal Cancer: Toward a Selective Alternative to Systematic Sidewall Lymphadenectomy.
b1,42394705,2026,10.3389/fonc.2026.1828958,PMC13324130,pending,Risk stratification for adjuvant radiotherapy in pathologic T3N0 rectal cancer using a DeepSurv-based survival model.
b1,42394497,2026,10.11817/j.issn.1672-7347.2026.250636,PMC13305691,pending,"[Survey of radiotherapy resource allocation and service capacity in Hunan Province, 2025]."
b1,42392853,2026,10.3393/ac.2025.01067.0152,PMC13327889,pending,From regression to machine learning: improving prediction of rectal cancer recurrence.
b1,42388096,2026,10.3348/kjr.2026.0046,PMC13333229,pending,Magnetic Resonance Imaging After Total Neoadjuvant Therapy in Rectal Cancer: Treatment-Oriented Response Assessment and Reporting for Watch-and-Wait Management.
b1,42383069,2026,10.1016/j.ctro.2026.101216,PMC13315657,pending,Organ preservation in rectal cancer following clinical complete response after short-course radiotherapy-based total neoadjuvant therapy.
b1,42380715,2026,10.1007/s40123-026-01418-w,PMC13424006,pending,Retinal Vascular Features and Risk of Colorectal Cancer Incidence and Mortality: A Population-Based Cohort Study.
b1,42369141,2026,10.3389/fmed.2026.1853753,PMC13303118,pending,Machine learning for predicting surgical difficulty of laparoscopic total mesorectal excision for rectal cancer: integrating MR-based pelvimetry and peritoneal reflection.
b1,42359756,2026,10.2478/raon-2026-0033,PMC13307003,pending,Weekly measurement of HMGB1 during neoadjuvant chemoradiotherapy in rectal cancer patients: correlations with MRI response and ctDNA.
b1,42352915,2026,10.3390/ijms27125191,PMC13300251,pending,Combined Analysis of Bulk and Single-Cell Transcriptomic Data Reveals Dormancy-Associated Genes in Colorectal Cancer.
b1,42346593,2026,10.3390/jpm16060282,PMC13302377,pending,MRI-Based Radiomics to Predict Response to Neoadjuvant Therapy in Locally Advanced Rectal Cancer: A Retrospective Study.
b1,42344374,2026,10.1055/a-2882-1469,PMC13289781,pending,Endoscopic Intermuscular Dissection - Short-term Outcomes.
b1,42327954,2026,10.1177/15353508261462778,PMC13276228,pending,Radiomic Analysis of MRI for Assessing Response to Neoadjuvant Chemoradiotherapy in Rectal Adenocarcinoma: A Systematic Review and Metaanalysis.
b1,42305096,2026,10.1177/15330338261461018,PMC13276233,pending,Clinical Analysis of Rotational-Translational Error Coupling in 3DoF Versus 6DoF CBCT Couch Corrections:A Cross-Sectional Study.
b1,42299312,2026,10.1109/isbi61048.2026.11515991,PMC13264811,pending,DUAL CROSS-ATTENTION SIAMESE TRANSFORMER FOR RECTAL TUMOR REGROWTH ASSESSMENT IN WATCH-AND-WAIT ENDOSCOPY.
b1,42298359,2026,10.1002/cam4.72056,PMC13269158,pending,"Correction to ""Macro Habitat-Based T2-Weighted MRI Radiomics and Deep Learning Fusion for Predicting Treatment Response and Prognosis After Neoadjuvant Chemoradiotherapy in Locally Advanced Rectal Cancer""."
b1,42293813,2026,10.1177/11795549261459800,PMC13261024,pending,Magnetic Resonance Imaging Features as Predictors of Response and Prognosis Following Neoadjuvant Therapy in Rectal Cancer: A Retrospective Cohort Study.
b1,42292396,2026,10.3389/fimmu.2026.1782231,PMC13260345,pending,MRI-guided risk stratification for neoadjuvant immunotherapy in rectal cancer.
b1,42290893,2026,10.1016/j.ctro.2026.101191,PMC13263622,pending,Safety and early organ preservation outcomes after dose escalation with MR-guided radiotherapy for rectal cancer (preRADAR): A phase I trial.
b1,42283058,2026,10.21037/qims-2025-1-2596,PMC13250403,pending,Amide proton transfer-weighted magnetic resonance imaging for predicting histopathology and biomarkers in rectal adenocarcinoma.
b1,42279492,2026,10.3390/diagnostics16111624,PMC13257115,pending,Differential Association of Visceral and Subcutaneous Adipose Tissue with Treatment Response to Neoadjuvant Chemoradiotherapy in Locally Advanced Rectal Cancer.
b1,42277750,2026,10.1186/s12885-026-16316-4,PMC13483857,pending,Fusion of MRI-radiomics and clinical features to improve pathological T-stage prediction of rectal cancer: a multicenter study.
b1,42273153,2026,10.21037/qims-2025-aw-2471,PMC13247935,pending,Histogram analysis of diffusion kurtosis imaging for T restaging and predicting complete response of locally advanced rectal cancer following neoadjuvant immunotherapy.
b1,42266126,2026,10.3393/ac.2025.01312.0187,PMC13254660,pending,Diagnostic accuracy of magnetic resonance imaging for rectal cancer: is it time to reassess the gold standard?
b1,42255982,2026,10.1016/j.ctro.2026.101194,PMC13234591,pending,MESORECT : Influence of bladder depletion on mesorectal movements during radiation therapy of locally advanced rectal cancers: a prospective comparative study.
b1,42255226,2026,10.3389/fonc.2026.1816420,PMC13236564,pending,Preoperative prediction of lymphatic metastasis in rectal cancer using a fusion model based on multiparameter magnetic resonance imaging: a retrospective validation study.
b1,42246062,2026,10.1002/cncr.70464,PMC13238446,pending,Executive summary of American Radium Society Appropriate Use Criteria for the treatment of locoregionally recurrent rectal cancer.
b1,42245732,2026,10.3389/fonc.2026.1834468,PMC13229763,pending,The predictive value of multi-phase contrast-enhanced MRI for pathological complete response after neoadjuvant chemoradiotherapy in rectal cancer.
b1,42240684,2026,10.1007/s10151-026-03344-2,PMC13454011,pending,Development and validation of an interpretable machine learning model for predicting postoperative complications after transanal total mesorectal excision: a multicenter study.
b1,42236830,2026,10.1038/s41598-026-55784-3,PMC13473617,pending,Rectal smooth muscle loss as a predictor of severe postoperative complications in rectal cancer surgery.
b1,42226565,2026,10.1002/jso.70294,PMC13427125,pending,Real‑World Experience of Circulating Tumor DNA Testing in Extended Pelvic Exenteration: A Chinese Single‑Institution Observational Study.
b1,42222428,2026,10.1016/j.ejro.2026.100762,PMC13217831,pending,Radiomics analysis of restaging MRI for detection of pathological complete response in locally advanced rectal cancer.
b1,42222427,2026,10.1016/j.ejro.2026.100763,PMC13218117,pending,A head-to-head comparison of MRI and CT using Node-RADS for rectal cancer lymph nodes: Observer agreement and diagnostic performance.
b1,42222388,2026,10.3389/fonc.2026.1841797,PMC13217689,pending,Correction: Radiomics analysis of multi-sequence MR images for predicting microsatellite instability status preoperatively in rectal cancer.
b1,42210090,2026,10.1186/s11658-026-00947-3,PMC13397665,pending,KRAS(G12V/A146T) mutations are associated with nCRT resistance via enhanced DNA double-strand break repair and support a deep learning prediction framework in LARC.
b1,42196891,2026,10.3390/diagnostics16101525,PMC13206658,pending,The Diagnostic Value of Deep Learning for Multi-Classification of Rectal Cancer T Staging Based on Regional Attention.
b1,42196847,2026,10.3390/diagnostics16101481,PMC13205548,pending,Diagnostic Performance and Misclassification Patterns of Preoperative MRI in Rectal Cancer: A Real-World Study.
b1,42192306,2026,10.1186/s10020-026-01516-2,PMC13390202,pending,"Evolution of Gastrointestinal Inflammatory Diseases and Neoplasm Burden in Super-Elderly Populations: Integrated GBD 2023, CHARLS, and CLHLS Analyses of China and G20 Countries."
b1,42192138,2026,10.1038/s41746-026-02798-w,PMC13483952,pending,Personalized neoadjuvant treatment regimen selection in locally advanced rectal cancer based on regimen-specific response modeling.
b1,42187894,2026,10.3390/diseases14050182,PMC13205331,pending,"Total Neoadjuvant Therapy, Organ Preservation and Beyond: A State-of-the-Art Systematic Review and Critical Appraisal of Locally Advanced Rectal Cancer Management."
b1,42187595,2026,10.3390/curroncol33050278,PMC13206133,pending,Significant Correlation of Dynamic Pan-Immune Inflammation Value and Magnetic Resonance Imaging Response in Patients with Locally Advanced Rectal Cancer Treated with Total Neoadjuvant Therapy.
b1,42187591,2026,10.3390/curroncol33050274,PMC13205845,pending,A Consensus Approach to the Incorporation of Total Neoadjuvant Therapy in a Treatment Algorithm for Stage I-III Resectable Rectal Cancer.
b1,42185305,2026,10.1038/s41467-026-73565-4,PMC13385896,pending,Machine learning model-guided selective use of temporary diverting ileostomy in rectal cancer surgery: a randomized controlled trial.
b1,42180157,2026,10.3389/pore.2026.1612303,PMC13189980,pending,Magnetic resonance imaging based radiomics for predicting pathogenetic features and survival in rectal cancer.
b1,42174531,2026,10.1186/s12885-026-16175-z,PMC13349071,pending,Radiological staging clinical decision support model for rectal cancer lymph node metastasis detection on MRI.
b1,42174369,2026,10.1007/s40291-026-00853-6,PMC13319260,pending,Real-Time Detection of Colorectal Cancer Using Topical Application of a pH-Activatable Fluorophore.
b1,42171860,2026,10.1186/s13244-026-02296-3,PMC13197564,pending,A pre-trained foundation model framework for multiplanar MRI classification of extramural vascular invasion and mesorectal fascia invasion in rectal cancer.
b1,42171757,2026,10.1007/s00384-026-05155-1,PMC13372953,pending,Automated deep learning model for predicting pathological complete response in rectal cancer: A tool to organ-preserving strategies.
b1,42163131,2026,10.1186/s12880-026-02443-8,PMC13390417,pending,Preoperative identification of tumor deposits in rectal cancer using a transformer-based multimodal fusion model: a multicenter retrospective study.
b1,42159837,2026,10.1186/s41747-026-00727-w,PMC13190968,pending,Preoperative prediction of tumor budding grade in rectal cancer by combining APT histogram analysis and ADC MRI.
b1,42158835,2026,10.5114/pjr/215289,PMC13182697,pending,Intravoxel incoherent motion diffusion-weighted imaging in the staging of rectal non-mucinous adenocarcinoma.
b1,42158315,2026,10.1016/j.phro.2026.100990,PMC13181284,pending,In-vivo dosimetry using electronic portal imaging in online-adaptive radiotherapy for rectal cancer.
b1,42151880,2026,10.1186/s12880-026-02367-3,PMC13360884,pending,Preoperative synthetic magnetic resonance imaging-based biomarkers for predicting tumor budding of rectal cancer.
b1,42151463,2026,10.1007/s00464-026-12878-3,PMC13246564,pending,SAGES colorectal and metabolic bariatric surgery committee joint task force call to action for synchronized severe obesity and colorectal cancer management.
b1,42147925,2026,10.21037/qims-2025-2040,PMC13178331,pending,Multiparametric MRI-derived biomarkers for preoperative prediction of recurrence and/or metastasis after neoadjuvant chemoradiotherapy in locally advanced rectal cancer.
b1,42147366,2026,10.21147/j.issn.1000-9604.2026.02.11,PMC13171412,pending,Development and validation of a multiparametric magnetic resonance imaging-based nomogram for predicting feasibility of sphincter-preserving surgery in mid-low rectal cancer.
b1,42146825,2026,10.1002/ags3.70162,PMC13178289,pending,Prognostic Value of Psoas Major Muscle Volume in Assessing Sarcopenia in Elderly Patients With Rectal Cancer.
b1,42146808,2026,10.1002/ags3.70146,PMC13178290,pending,Impact of Body Weight Loss During Preoperative Chemoradiotherapy on Prognosis of Patients With Lower Rectal Cancer.
b1,42142395,2026,10.1002/acm2.70601,PMC13179840,pending,Predictive value of primary gross tumor volume measured by MRI in response to neoadjuvant chemoradiotherapy in locally advanced rectal cancer.
b1,42138822,2026,10.1002/jmri.70373,PMC13466571,pending,"Editorial for ""MRI Habitat Analysis for Preoperative Prediction of Perineural Invasion and Prognostic Stratification in Rectal Cancer""."
b1,42138820,2026,10.1002/jmri.70375,PMC13466575,pending,MRI Habitat Analysis for Preoperative Prediction of Perineural Invasion and Prognostic Stratification in Rectal Cancer.
b1,42135422,2026,10.1038/s41698-026-01476-0,PMC13421654,pending,Multimodal prediction for radiotherapy-induced hematologic toxicity in rectal cancer patients.
b1,42133104,2026,10.1007/s10151-026-03333-5,PMC13341835,pending,Use of artificial intelligence in analysis of endoscopic images to detect residual disease or regrowth in rectal patients with complete clinical response to neoadjuvant chemoradiotherapy.
b1,42131461,2026,10.5603/rpor.110098,PMC13167014,pending,Prospective study on dose escalation using intensity modulated radiotherapy (IMRT) with simultaneous integrated boost (SIB) and concurrent chemotherapy in preoperative locally advanced rectal cancer.
b1,42129011,2026,10.1186/s13244-026-02299-0,PMC13172102,pending,Microstructural mapping of time-dependent diffusion MRI for predicting lymphovascular invasion in rectal cancer: a proof-of-concept investigation.
b1,42128940,2026,10.1007/s00384-026-05144-4,PMC13341913,pending,Effect of prolonged interval between neoadjuvant chemoradiotherapy and surgery on pathological and oncological outcomes in locally advanced rectal cancer: a randomized controlled trial.
b1,42125766,2026,10.3892/br.2026.2147,PMC13158723,pending,Machine learning-based identification of key genes underlying sex differences in hepatocellular carcinoma and targeted drug screening.
b1,42125433,2026,10.23922/jarc.2025-100,PMC13160577,pending,Validation of Magnetic Resonance Imaging-Based Diagnostic Criteria for Lateral Lymph Node Dissection in Rectal Cancer: A Multicenter Prospective Study.
b1,42122235,2026,10.3390/cancers18091440,PMC13163067,pending,"Radiomics' Role in Predicting Distant Metastases, Recurrence and Survival Outcome in Rectal Cancer: A Systematic Review."
b1,42094203,2026,10.3389/fonc.2026.1739343,PMC13138983,pending,Integrating MRI habitat heterogeneity and peritumoral radiomics into a nomogram for optimized risk stratification in locally advanced rectal cancer: a multicenter study.
b1,42087551,2026,10.1111/ans.70724,PMC13327583,pending,Artificial Intelligence Models Using Magnetic Resonance Imaging to Predict Response to Chemoradiotherapy in Rectal Cancer: A Systematic Review.
b1,42087101,2026,10.1186/s12880-026-02397-x,PMC13289560,pending,Prediction of tumor regression grading in rectal cancer neoadjuvant chemoradiotherapy: a habitat radiomics analysis of imaging biomarker.
b1,42073527,2026,10.3390/cancers18081200,PMC13115387,pending,Total Neoadjuvant Therapy Outcomes and Watch-and-Wait Feasibility in Locally Advanced Rectal Cancer: A Single-Institution Retrospective Cohort Study.
b1,42071310,2026,10.1002/cam4.71773,PMC13136072,pending,Macro Habitat-Based T2-Weighted MRI Radiomics and Deep Learning Fusion for Predicting Treatment Response and Prognosis After Neoadjuvant Chemoradiotherapy in Locally Advanced Rectal Cancer.
b1,42071008,2026,10.1038/s41392-026-02683-8,PMC13136308,pending,"Total neoadjuvant chemotherapy combined with PD‑1 blockade and IL‑2 in MSS/pMMR locally advanced rectal cancer: short-term results of a prospective, single-arm phase II study."
b1,42065055,2026,10.32604/or.2026.075314,PMC13126397,pending,Identify MTDH as a Key Gene of Radio-Resistance in Colorectal Cancer Based on Multi-Omics and Experimental Validation.
b1,42062990,2026,10.1186/s12885-026-16049-4,PMC13474779,pending,Transformer-based Siamese multimodal imaging model for predicting pathological complete response after neoadjuvant chemoradiotherapy in locally advanced rectal cancer.
b1,42057017,2026,10.1186/s12957-026-04368-6,PMC13267367,pending,Exploration of between-hospital variation and the basis for decision making in management of malignant colorectal polyps- a Danish population-based study.
b1,42044985,2026,10.3349/ymj.2024.0293,PMC13121786,pending,Deep Learning-Based Prediction System for Surgical Difficulty in Rectal Cancer Patients Using MRI Pelvimetry.
b1,42040897,2026,10.1155/humu/9790288,PMC13109662,pending,Variant-to-Biomarker Integration and Mechanistic Validation Identify CES1 as a Copy Number-Linked Predictor of Radiotherapy Response in Rectal Cancer.
b1,42039715,2026,10.4103/jmp.jmp_244_25,PMC13105380,pending,Can Rectal Cancer Patients with Complete Response to Neoadjuvant Chemoradiotherapy Avoid Surgery?
b1,42023195,2026,10.1007/s13193-026-02569-9,PMC13096359,pending,Tailoring Rectal Cancer Treatment: Total Neoadjuvant Therapy and the Shift Towards Organ Preservation.
b1,42022355,2026,10.1002/pro6.70055,PMC13097691,pending,"MRI-based qualitative, quantitative, and radiomics/deep learning methods for assessing treatment response after neoadjuvant chemoradiotherapy in patients with locally advanced rectal cancer."
b1,42018309,2026,10.1001/jamasurg.2026.1036,PMC13103874,pending,Prevention of Parastomal Hernia With Funnel-Shaped Intra-Abdominal Mesh vs No Mesh for Rectal Adenocarcinoma Surgery: 3-Year Follow-Up of a Randomized Clinical Trial.
b1,42016685,2026,10.1002/ccr3.72322,PMC13093551,pending,A Case Illustrating Challenges: Early-Onset Signet Ring Cell Rectal Carcinoma With Fulminant Peritoneal Progression.
b1,42014598,2026,10.1007/s12672-026-04895-4,PMC13234097,pending,Four clinical dilemmas in surgical decision making for low rectal cancer.
b1,42008048,2026,10.1186/s13244-026-02276-7,PMC13096300,pending,Decoding the association between CT-derived body composition metrics and prognosis in stage II rectal cancer.
b1,42005714,2026,10.1016/j.ctro.2026.101159,PMC13091465,pending,Plasma serine and glycine in relation to clinical outcomes following neoadjuvant radiotherapy for rectal cancer.
b1,41998194,2026,10.1007/s00423-026-04047-w,PMC13091882,pending,Discrepancies between clinical and radiological assessment of complete remission of rectal cancer after neoadjuvant radiochemotherapy.
b1,41992879,2026,10.2340/ao.v65.45169,PMC13097092,pending,Risk factors for distant recurrence in patients with rectal cancer supporting selection for total neoadjuvant therapy.
b1,41992467,2026,10.1002/ijc.70503,PMC13397155,pending,Availability of Cancer Screening Across HIV Treatment Sites in the IeDEA Consortium.
b1,41987351,2026,10.1002/jso.70263,PMC13353141,pending,Pelvic MRI Following Total Neoadjuvant Therapy for Rectal Cancer Poorly Predicts a Complete Clinical Response.
b1,41987267,2026,10.1186/s40644-026-01020-0,PMC13192049,pending,Magnetic resonance imaging-based radiomics of mesorectum for predicting extramural venous invasion in patients with rectal cancer: a bi-centric study.
b1,41978391,2026,10.19723/j.issn.1671-167X.2026.02.004,PMC13077302,pending,[Current status and future perspectives of precision treatment for locally advanced rectal cancer].
b1,41972022,2026,10.21037/qims-2025-1884,PMC13066833,pending,A comparative study of magnetic resonance imaging image-based deep learning and conventional turbo spin echo sequence in tumor-node staging of rectal cancer.
b1,41970537,2026,10.4174/astr.2026.110.4.237,PMC13062666,pending,Improving prediction of ypT0-1N0 response in rectal cancer: the added value of gross tumor type to magnetic resonance tumor regression grade after chemoradiotherapy in a retrospective cohort study.
b1,41970388,2026,10.3389/fmed.2026.1775773,PMC13061711,pending,Application of a MRI model based on tumor microenvironment habitat and peritumoral features in preoperative differentiation of rectal cancer T1-2/T3: a multicenter study.
b1,41969443,2026,10.21037/tcr-2025-aw-2295,PMC13066984,pending,Development and internal validation of a prognostic nomogram for lung metastasis in locally advanced rectal cancer incorporating molecular markers.
b1,41965570,2026,10.1186/s12885-026-15978-4,PMC13192233,pending,Metabolomics and proteomics analyses reveal the potiental mechanisms underlying colorectal cancer and chemotherapy targets.
b1,41961037,2026,10.1016/j.jaccas.2026.107722,PMC13184856,pending,Right Ventricular Metastasis From Rectal Cancer Recurrence.
b1,41948162,2026,10.1055/a-2769-1185,PMC13053106,pending,Can Artificial Intelligence Be Used to Predict Response in Rectal Cancer? Current Evidence and Future Possibilities.
b1,41935188,2026,10.1038/s41698-026-01401-5,PMC13230897,pending,Neoadjuvant FOLFOXIRI chemotherapy with or without camrelizumab in the treatment of locally advanced rectal cancer: a retrospective cohort study.
b1,41930174,2026,10.32604/or.2026.074385,PMC13040307,pending,Exploring Machine Learning Approaches for Decision Support in Neoadjuvant Therapy of Locally Advanced Rectal Cancer.
b1,41914320,2026,10.3349/ymj.2025.0133,PMC13040183,pending,Deep Learning for Automated Tumor Segmentation of Rectal Cancer on T2-Weighted Magnetic Resonance Images.
b1,41910447,2026,10.1093/bjs/znag006,PMC13034544,pending,"Anal high-grade squamous intraepithelial lesions: identification, classification, and management."
b1,41907627,2026,10.3389/fonc.2026.1781448,PMC13017242,pending,"Creating pelvic exenteration services: obstacles, cultural factors, and learning experiences from the first specialized service in Saudi Arabia and the Gulf region."
b1,41880130,2026,10.1186/s13244-026-02243-2,PMC13018487,pending,An interpretable machine learning model combining MRI-DKI habitat radiomic features and clinical biomarkers for noninvasive prediction of lymphatic metastasis in rectal cancer: a prospective study.
b1,41872553,2026,10.1007/s00402-026-06269-5,PMC13009100,pending,"Pelvic insufficiency fractures after radiation therapy for pelvic cancer in female patients: an updated meta-analysis of 11,272 patients."
b1,41871390,2026,10.3171/CASE25997,PMC13007646,pending,Perineural spread of colorectal carcinoma into the sciatic nerve with positive circulating tumor DNA test: illustrative case.
b1,41869119,2026,10.7759/cureus.103886,PMC13005167,pending,Correlation of Magnetic Resonance Imaging With the Histopathological Staging in Mid and Low Rectal Cancers.
b1,41868873,2026,10.20524/aog.2026.1038,PMC13004817,pending,Diffusion-weighted imaging increases the diagnostic performance of magnetic resonance imaging in assessing rectal cancer T stage and reduces intra- and interobserver variability.
b1,41864930,2026,10.1186/s12935-026-04256-9,PMC13130406,pending,A 13-gene prognostic model developed using machine learning to predict the response to neoadjuvant chemoradiotherapy in rectal carcinoma.
b1,41863063,2026,10.1002/cnr2.70515,PMC13093335,pending,Setup Error Differences and Margin Expansion Among Rectal Cancer Segments: Consistency Evaluation Between EPID and iSCOUT.
b1,41862880,2026,10.1186/s12893-026-03655-z,PMC13126902,pending,A preoperative MRI pelvic multiparameter nomogram for predicting sphincter preservation and operative difficulty in laparoscopic total mesorectal excision for ultra-low rectal cancer.
b1,41861175,2026,10.1097/MD.0000000000048012,PMC13008143,pending,Retrorectal tumors over 25 years: Surgical strategies and long-term outcomes from a high-volume tertiary center.
b1,41857541,2026,10.1186/s12880-026-02269-4,PMC13127060,pending,Interpretable machine learning models based on CT radiomics for predicting chemoradiotherapy response in rectal cancer.
b1,41853097,2026,10.7759/cureus.105371,PMC12994276,pending,Determination of the Accuracy of Computed Tomography in Staging Primary Rectal Carcinoma and Lymph Node Spread Post Chemoradiation Therapy.
b1,41851526,2026,10.1007/s00330-026-12467-x,PMC13342202,pending,Tumor deposits on MRI in rectal cancer-detection and differentiation from lymph nodes with histopathological correlation.
b1,41843889,2026,10.2196/77313,PMC12994884,pending,Rectal Cancer Radiotherapy Response Prediction: Retrospective Study of Development of a Deep Learning-Based Radiomics Model.
b1,41841060,2026,10.7759/cureus.103505,PMC12989249,pending,Pathological Analysis of Lateral Lymph Nodes in Patients With Advanced Rectal Cancer After Preoperative Chemoradiotherapy.
b1,41840743,2026,10.1136/bmjopen-2025-111289,PMC12993317,pending,Microsimulation model to identify suboptimal recurrence detection in patients with colorectal cancer following the current standard of care.
b1,41837262,2026,10.1016/j.vgie.2025.10.005,PMC12988410,pending,Saline-tunneling endoscopic submucosal dissection for residual rectal lesion at anastomotic staple line.
b1,41827698,2026,10.3390/cancers18050763,PMC12985280,pending,Clinical Complete Response and Organ Preservation Strategies in Rectal Cancer: A Real-World Single-Center Experience Clinical Complete Response and Organ Preservation in Rectal Cancer.
b1,41821894,2026,10.3389/fonc.2026.1763859,PMC12975492,pending,Identification of KRAS mutation in rectal cancer based on a 2.5D deep learning model.
b1,41816585,2026,10.21037/jgo-2025-792,PMC12972041,pending,Overstaging of the mesorectal fascia following neoadjuvant therapy and its impact on therapeutic management: a single-center retrospective cohort study of 506 mesorectal fascia positive patients.
b1,41815276,2026,10.1016/j.tipsro.2025.100359,PMC12974187,pending,Setup and target volume shape variation in rectal cancer radiotherapy: a systematic literature review.
b1,41815097,2026,10.1159/000550470,PMC12975277,pending,Predictors of Recurrence after Curative Surgery for Stage I-III Rectal Adenocarcinoma: A Single-Center Retrospective Cohort Study.
b1,41814438,2026,10.1186/s40644-026-01016-w,PMC13094038,pending,Response assessment in rectal cancer undergoing total neoadjuvant therapy: decision tree analysis integrating contrast enhanced T1-weighted MRI.
b1,41809348,2026,10.4240/wjgs.v18.i2.113021,PMC12968679,pending,Prediction of lymphovascular invasion in rectal cancer based on multimodal magnetic resonance imaging radiomics model.
b1,41802307,2026,10.3393/ac.2025.01438.0205,PMC12971175,pending,"Fluorescence-guided surgery in colorectal cancer: current evidence, quantitative advances, and future perspectives."
b1,41802304,2026,10.3393/ac.2025.01396.0199,PMC12971177,pending,The Korean Rectal Cancer Multidisciplinary Committee Clinical Practice Guidelines for Rectal Cancer version 2.0.
b1,41800050,2026,10.3389/fonc.2026.1760042,PMC12960087,pending,Watch-and-Wait strategy for locally advanced rectal cancer after neoadjuvant chemoradiotherapy: a comprehensive review.
b1,41799590,2026,10.1002/ags3.70131,PMC12962017,pending,Intraoperative Evaluation of Bladder Perfusion Using Indocyanine Green Fluorescence Imaging During Total Pelvic Exenteration After Interruption of Blood Flow From the Internal Iliac Vessels.
b1,41783373,2026,10.1016/j.ctro.2026.101131,PMC12954289,pending,ESTRO consensus guidelines on GTV delineation and dose-escalation in rectal cancer.
b1,41777414,2026,10.3332/ecancer.2026.2058,PMC12950887,pending,Predictors of radiotherapy non-compliance in a large public cancer center in the Philippines.
b1,41760644,2026,10.1038/s41598-026-35617-z,PMC13049150,pending,Application of simultaneous multi-slice accelerated readout-segmented echo planar diffusion-weighted imaging in assessing tumor response to neoadjuvant therapy in locally advanced rectal cancer.
b1,41756036,2026,10.1016/j.ejro.2026.100739,PMC12933455,pending,Predicting treatment response to neoadjuvant chemotherapy in locally advanced rectal cancer: A combined deep learning and machine learning approach utilizing longitudinal multi-sequence MRI.
b1,41755705,2026,10.1002/acm2.70524,PMC12946812,pending,Accumulated dose on daily iCBCT for rectal cancer: Effects of inter-fraction bowel cavity motion volume.
b1,41753084,2026,10.3390/jcm15041390,PMC12941611,pending,MRI-Based Differentiation of Tumor Deposits and Lymph Node Metastases in Rectal Cancer: A Systematic Review of Diagnostic Performance.
b1,41752727,2026,10.3390/medicina62020328,PMC12941917,pending,Preoperative Magnetic Resonance Imaging Results Are Concordant with Pathology Staging in Rectal Cancer.
b1,41749842,2026,10.3390/cancers18040589,PMC12938644,pending,Utility of Circulating Tumor DNA to Assess Tumor Response in Patients with Locally Advanced Rectal Cancer Undergoing Neoadjuvant Therapy.
b1,41745441,2026,10.3390/jimaging12020076,PMC12942313,pending,"A Multiphase CT-Based Integrated Deep Learning Framework for Rectal Cancer Detection, Segmentation, and Staging: Performance Comparison with Radiologist Assessment."
b1,41743382,2026,10.1177/17588359251379744,PMC12929870,pending,Clinical characteristics and outcomes in patients with early-onset locally advanced rectal cancer.
b1,41737205,2026,10.3389/fimmu.2026.1680500,PMC12926347,pending,Discordance between radiological and pathological response to neoadjuvant immunotherapy in mismatch repair-deficient/microsatellite instability-high colorectal cancer: a meta-analysis.
b1,41736123,2026,10.1186/s13014-026-02806-z,PMC13036909,pending,Segment-specific PTV margins for rectal cancer radiotherapy on the MR-Linac: characterization of rectal motion and dosimetric validation.
b1,41729601,2026,10.1177/15330338261426699,PMC12929820,pending,The Predictive Value of Extracellular Volume Fraction Derived from Enhanced CT Combined with Systemic Immune-Inflammation Index for Tumor Budding in Rectal Cancer.
b1,41726038,2026,10.1007/s13193-025-02339-z,PMC12921059,pending,Short-Term Surgical Outcomes of Curative Colorectal Resections from an Evolving Low-Volume Cancer Center in a Tier-2 City in India.
b1,41723209,2026,10.1038/s41598-026-40005-8,PMC13022250,pending,CDX2 expression dynamics in tumor clusters: a morpho-molecular biomarker in rectal cancer pretreatment biopsies revealed by sequential immunofluorescence.
b1,41709532,2026,10.1093/bjs/znag014,PMC13017942,pending,Locoregional and systemic control after total neoadjuvant therapy with short-course radiotherapy for locally advanced rectal cancer: long-term outcomes from the LARCT-US study.
b1,41692917,2026,10.1007/s00384-026-05106-w,PMC12907271,pending,Utilisation of intramuscular and intermuscular fat to develop a new skeletal muscle grading score which can predict treatment outcomes for locally advanced rectal cancer.
b1,41669464,2026,10.21037/qims-2025-862,PMC12883442,pending,Diagnostic efficacy of dual-energy computed tomography-based fractal analysis for assessing extramural venous invasion/tumor deposits and peripheral nerve invasion in rectal cancer.
b1,41664004,2026,10.1186/s12880-026-02215-4,PMC12983793,pending,Multiparametric MRI approach identifies pathologic complete response in patients with local advanced rectal cancer after neoadjuvant therapy.
b1,41653703,2026,10.1016/j.tranon.2026.102690,PMC12906146,pending,CMS subtypes correlate with complete response in trial of neoadjuvant Galunisertib plus chemoradiation in rectal cancer.
b1,41653360,2026,10.1007/s12094-025-04163-x,PMC13009044,pending,SEOM-GEMCAD-TTD clinical guidelines for anal cancer (2025).
b1,41642373,2026,10.1007/s00384-026-05081-2,PMC12876082,pending,Interpretable AI-driven prediction of early postoperative recurrence in locally advanced rectal cancer using the Systemic Inflammatory-Nutritional Index (SINTI): A multi-center study and clinical web tool.
b1,41641421,2026,10.1007/s13193-025-02260-5,PMC12864624,pending,Baseline Magnetic Resonance Imaging Assessment of Circumferential Resection Margin Predicts Long-term Survival in Rectal Adenocarcinoma: Experience from a Tertiary Care Center.
b1,41641412,2026,10.1007/s13193-025-02237-4,PMC12864610,pending,Patient-Reported Outcome After Extended Total Mesorectal Excision for Locally Advanced Rectal Cancer in Male Patients.
b1,41630204,2026,10.1097/MD.0000000000044491,PMC12863895,pending,Advantages of skeletonizing the left colic artery in low anterior resection cases related to vascularity with ICG: A systematic review.
b1,41629689,2026,10.1007/s12672-026-04412-7,PMC12957696,pending,Construction of immune related genes predictive models of elderly rectal cancer patients based on machine learning.
b1,41627653,2026,10.1186/s43044-026-00718-7,PMC12864643,pending,Mitral valve prosthesis endocarditis unveiling metastatic colorectal cancer as the primary infection source: a case study.
b1,41627633,2026,10.1186/s13244-025-02204-1,PMC12864629,pending,MRI-derived radiomics for risk stratification of tumor deposits in rectal cancer: a dual-center study.
b1,41619128,2026,10.1007/s12672-026-04551-x,PMC12953819,pending,Rectal diffuse large B-cell lymphoma misdiagnosed as bleeding cancer in an elderly patient.
b1,41618477,2026,10.1186/s40644-026-00999-w,PMC12931016,pending,Study on predicting microsatellite instability in rectal cancer using T(2) mapping combined with ADC value.
b1,41617831,2026,10.1007/s00330-026-12341-w,PMC13212393,pending,The predictive value of MR cytometry in histological differentiation of rectal cancer: an exploratory study.
b1,41612034,2026,10.1007/s00384-025-05034-1,PMC12855257,pending,Optimising response assessment to neoadjuvant therapy in rectal cancer to reduce the incidence of ypT0N0 resection.
b1,41609771,2026,10.1007/s00330-025-12275-9,PMC13212783,pending,MRI to guide clinical management of rectal cancer: updated consensus recommendations from the European Society of Gastrointestinal and Abdominal Radiology (ESGAR): PART II-Restaging and response evaluation.
b1,41609770,2026,10.1007/s00330-025-12274-w,PMC13212678,pending,MRI to guide clinical management of rectal cancer: updated consensus recommendations from the European Society of Gastrointestinal and Abdominal Radiology (ESGAR)-PART I primary staging.
b1,41607432,2026,10.5498/wjp.v16.i1.110146,PMC12836246,pending,Electroacupuncture improves psychosocial outcomes in rectal cancer patients with bowel dysfunction.
b1,41607293,2026,10.3238/arztebl.m2025.0226,PMC13137995,pending,Pretreatment MRI Versus Postoperative Pathology in Locoregional Staging of Rectal Cancer: A Germany-Wide Multicenter Re-Evaluation Study in Non-Pretreated Patients Based on the OCUM Study.
b1,41598368,2026,10.3390/jcm15020430,PMC12841941,pending,MRI-Based Morphological Features as Predictors of Clinical Outcomes in Locally Advanced Rectal Cancer Treated with Neoadjuvant Chemoradiotherapy: Insights from a Single-Institution Experience.
b1,41595144,2026,10.3390/cancers18020223,PMC12839286,pending,Pathological Complete Response in Rectal Cancer Patients: A Correlation Between Pathological and Clinical Stage and Oncological Outcome.
b1,41588219,2026,10.1111/codi.70377,PMC12834856,pending,The significance of MRI-detected lateral lymph node metastasis in rectal cancer on local recurrence and survival-A nationwide cohort study.
b1,41586954,2026,10.1186/s41747-025-00667-x,PMC12834858,pending,Deep learning reconstruction accelerated reduced field-of-view DWI in rectal cancer: mucosa-submucosa-muscularis visualization and T staging.
b1,41572118,2026,10.1245/s10434-025-19068-w,PMC13083428,pending,Locally Recurrent Rectal Cancer in the Lateral Compartment: Imaging Features and Association with Primary Tumour Characteristics.
b1,41562331,2026,10.1530/ERC-25-0303,PMC13138514,pending,NANETS Guidelines for the diagnosis and management of stage I-III rectal neuroendocrine tumors.
b1,41556384,2026,10.1097/DCR.0000000000004059,PMC13127738,pending,Laparoscopic Sacrectomy as Part of En Bloc Resection for Locally Recurrent Rectal Cancer.
b1,41555561,2026,10.1111/1754-9485.70071,PMC12954381,pending,Diagnostic and Therapeutic Impact of FDG-PET/CT Following MRI Staging in Anal Cancer: A Systematic Review and Meta-Analysis.
b1,41554898,2026,10.1038/s41598-026-35973-w,PMC12894970,pending,Multiparametric MRI radiomics nomogram predicts synchronous distant metastasis in rectal cancer.
b1,41550766,2026,10.1016/j.isci.2025.114455,PMC12803930,pending,Integrative analysis of transcriptomic data reveals a predictive gene signature for chemoradiotherapy response in rectal cancer.
b1,41540709,2026,10.12122/j.issn.1673-4254.2026.01.24,PMC12809014,pending,[Diffusion cycle-consistent generative adversarial networks for pelvic active bone marrow segmentation].
b1,41530192,2026,10.1038/s41598-025-14265-9,PMC12800309,pending,Improving rectal tumor segmentation with anomaly fusion derived from anatomical inpainting: a multicenter study.
b1,41524249,2026,10.1080/14737167.2026.2615683,PMC12829733,pending,Cost-effectiveness analysis of artificial intelligence (AI) for response prediction of neoadjuvant radio(chemo)therapy in locally advanced rectal cancer (LARC) in the Netherlands.
b1,41495165,2026,10.1038/s41598-026-35233-x,PMC12873433,pending,Artificial intelligence classification of rectal neoplasia by endoscopic fluorescence perfusion analysis.
b1,41492912,2026,10.1080/14796694.2025.2606910,PMC12802981,pending,A Phase III study of perioperative dostarlimab in patients with dMMR/MSI-H resectable colon cancer: AZUR-2 study design.
b1,41491765,2026,10.1186/s13244-025-02173-5,PMC12770130,pending,"Generative adversarial networks: multiparametric, multiregion super-resolution MRI in predicting lymph node metastasis in rectal cancer."
b1,41488832,2026,10.1002/ags3.70066,PMC12757149,pending,"Safety and Efficacy of Pelvic Reinforcement Procedure for Preventing Postoperative Perineal Hernia After Robotic Abdominoperineal Resection: A Single-Center, Retrospective Cohort Study."
b1,41484196,2026,10.1038/s41598-025-31068-0,PMC12800305,pending,Integrating single-cell and bulk transcriptomes identifies B cell features associated with neoadjuvant chemoradiotherapy sensitivity in rectal cancer.
b1,41478087,2026,10.1016/j.esmoop.2025.106022,PMC12804381,pending,Immune checkpoint blockade in locally advanced rectal cancer with deficient DNA mismatch repair: retrospective multicenter experience.
b1,41468688,2026,10.1016/j.esmoop.2025.106020,PMC12804033,pending,Evaluating MRI response criteria in microsatellite instability-high rectal cancer treated with immune checkpoint inhibitors.
b1,41435911,2026,10.1111/ases.70209,PMC12727126,pending,"The SPECTACLE Study: A Multicenter, Prospective, Single-Arm Trial Evaluating Quantitative Blood Flow Assessment Using SPY-QP Software in Minimally Invasive Rectal Cancer Surgery."
b1,41435426,2026,10.1088/2057-1976/ae308b,PMC13193058,pending,Patient outcome prognosis for external beam radiation therapy using CBCT-based radiomics: a systematic review.
b1,41417633,2026,10.1002/advs.202517721,PMC12931229,pending,MR-DELTAnet: A Longitudinal MRI-Transformer Model Predicting Pathological Complete Response and Revealing Immune Microenvironment via scRNA-seq in Locally Advanced Rectal Cancer.
b1,41414787,2026,10.1002/acm2.70429,PMC12715369,pending,Determining optimal GTV-to-PGTV margins for CT-guided dose-escalated radiotherapy with daily image guidance in locally advanced rectal cancer.
b1,41369760,2026,10.1007/s00464-025-12393-x,PMC12971788,pending,Association of skill and errors with outcomes in robotic rectal cancer surgery.
b1,41327771,2026,10.2174/0115734056399652251029204023,PMC13312386,pending,Comparison of Radiomic Features from Different MRI Sequences for Predicting Synchronous Liver Metastases after Rectal Cancer.
b1,41266919,2026,10.1245/s10434-025-18742-3,PMC12901133,pending,Robotic Intracorporeal Single-Stapled Anastomosis (RISS) is Associated with Lower Anastomotic Leakage Rates than the Double-Stapled Technique After Minimally Invasive Total Mesorectal Excision for Rectal Cancer.
b1,41236658,2026,10.1007/s00330-025-12132-9,PMC12895060,pending,Added value and clinical impact of second-opinion subspecialist radiologist interpretations of baseline rectal MRI in patients with rectal cancer.
b1,41212533,2026,10.1093/jnci/djaf324,PMC13016977,pending,Liver fat and clinical outcomes in individuals with stage I-III colon or rectal cancer.
b1,41200064,2026,10.3892/ol.2025.15363,PMC12587104,pending,Intratumoral and peritumoral radiomics of MRI predict pathological differentiation in patients with rectal cancer.
b1,41106380,2026,10.1016/j.ccell.2025.09.010,PMC12774452,pending,Tumor-infiltrating bacteria disrupt cancer epithelial cell interactions and induce cell-cycle arrest.
b1,41028637,2026,10.1245/s10434-025-18371-w,PMC12689810,pending,The Prognostic Impact of Imaging Detected Tumor Deposits in Rectal Cancer: A Systematic Review and Meta-analysis.
b1,41023215,2026,10.1007/s00464-025-12239-6,PMC12823711,pending,Oncologic and survival outcomes of pT2N0 rectal adenocarcinoma treated by transanal local excision: a retrospective cohort study.
b1,41002143,2026,10.1097/SLA.0000000000006948,PMC12695342,pending,Molecular Residual Disease and Recurrence in Rectal Cancer Patients Undergoing Upfront Surgery: A Prospective Cohort Study.
b1,40968737,2026,10.1097/JS9.0000000000003308,PMC12825836,pending,Risk and protective factors for postoperative anastomotic leakage in esophageal and gastrointestinal surgery: an umbrella review of meta-analyses and systematic reviews.
b1,40962914,2026,10.1007/s00330-025-11996-1,PMC12963163,pending,"Bisacodyl micro-enema before MRI of rectal tumors: effects on rectum, image quality and patient acceptance."
b1,40956184,2026,10.1097/JS9.0000000000003461,PMC12825710,pending,Laser speckle contrast imaging for real-time quantification of colonic perfusion following high versus low tie in anterior rectal resection surgery: a pilot prospective study.
b1,40856737,2026,10.1007/s00330-025-11967-6,PMC12548934,pending,Mucin quantity on MRI and outcomes following total neoadjuvant therapy in patients with rectal cancer.
b1,40853592,2026,10.1007/s00330-025-11945-y,PMC12945439,pending,Lymph nodes in MRI-based early-stage rectal cancer: can MRI accurately predict lymph node involvement?
b1,40791107,2026,10.4274/dir.2025.253270,PMC13320299,pending,Comparative analysis of tumor and mesorectum radiomics in predicting neoadjuvant chemoradiotherapy response in locally advanced rectal cancer.
b1,40782257,2026,10.1007/s00261-025-05126-0,PMC12971759,pending,"MRI for prognosis prediction of T3-stage rectal cancer based on ""DISTANCE"" structural report."
b1,40719928,2026,10.1007/s00261-025-05104-6,PMC12971794,pending,Advancing MRI diagnostic practices in rectal cancer: exploring the impact of web-based multi-reader study participation.
b1,40671482,2026,10.1111/ajco.14207,PMC12908089,pending,Understanding and Addressing Clinical Variation in Rectal Cancer Care: Application of an Analytic Framework.
b1,40646374,2026,10.1007/s10278-025-01586-4,PMC13103128,pending,Interpretable MRI Subregional Radiomics-Deep Learning Model for Preoperative Lymphovascular Invasion Prediction in Rectal Cancer: A Dual-Center Study.
b1,40601022,2026,10.1007/s00261-025-05096-3,PMC12971874,pending,Study on the application value of histogram parameters from reduced field-of-view VOI in rectal cancer.
b1,40571780,2026,10.1007/s10278-025-01574-8,PMC13103142,pending,Enhanced CT-Based Delta-Radiomics: Predicting Lymphovascular and Perineural Invasion in Rectal Cancer Preoperatively.
b1,39907722,2026,10.1007/s00261-025-04815-0,PMC12971816,pending,Inclusion of tumor periphery in radiomics analysis of magnetic resonance images does not improve predictions of preoperative therapy response in patients with rectal cancer.
b1,39835527,2026,10.1097/CEJ.0000000000000954,PMC12673891,pending,"Development of a prediction model based on Hemoglobin, Albumin, Lymphocyte count, and Platelet-score for lymph node metastasis in rectal cancer."
b1,42558977,2025,10.1007/s13193-025-02484-5,PMC13438430,pending,Feasibility and Oncological Outcomes of Sacral Resection for Locally Advanced and Recurrent Rectal Cancer : A Single Institutional Experience.
b1,41822290,2025,10.3389/fgstr.2025.1598686,PMC12952417,pending,Machine learning prediction model for lateral lymph node metastasis in rectal cancer.
b1,41737732,2025,10.3389/fonc.2025.1643852,PMC12927481,pending,Deep learning analysis of MRI to assess rectal cancer treatment.
b1,41684502,2025,10.4103/jmp.jmp_123_25,PMC12893374,pending,Assessing Axis-specific Set-up Errors in Rectal Cancer Radiotherapy: A Prospective Cone-beam Computed Tomography-Based Study with Body Mass Index Correlation.
b1,41661200,2025,10.1093/bjsopen/zraf163,PMC12884854,pending,Neoadjuvant FOLFOXIRI plus bevacizumab without radiotherapy for high-risk rectal cancer: multicentre phase II trial.
b1,41602378,2025,10.3389/fonc.2025.1656898,PMC12832774,pending,Post-radiation levator ani atrophy is associated with worse Low Anterior Resection Syndrome score after nonoperative management for locally advanced rectal cancer: a potential MRI biomarker.
b1,41602368,2025,10.3389/fonc.2025.1671586,PMC12832534,pending,Comparison of positioning errors and PTV expansion between the iSCOUT image-guidance system and onboard EPID in rectal cancer radiotherapy: a real-world study.
b1,41602307,2025,10.3389/frai.2025.1696984,PMC12833258,pending,Rectal cancer segmentation via HHF-SAM: a hierarchical hypercolumn-guided fusion segment anything model.
b1,41561548,2025,10.3332/ecancer.2025.1988,PMC12812839,pending,Feasibility and impact of knowledge-based automated radiotherapy treatment planning in low- and middle-income countries.
b1,41560941,2025,10.3389/fsurg.2025.1644048,PMC12812900,pending,Left colic artery-preserving radical rectal cancer surgery: a literature review.
b1,41541008,2025,10.1016/j.apjon.2025.100771,PMC12802109,pending,Machine learning-based prediction of permanent ileostomy in older adults after laparoscopic anterior resection for rectal cancer.
b1,41514590,2025,10.3390/cancers18010077,PMC12784676,pending,Robotic Lateral Pelvic Lymph Node Dissection for Advanced Rectal Cancer: Bridging Eastern Surgical Precision and Western Multimodal Strategy.
b1,41514514,2025,10.3390/cancers18010001,PMC12784879,pending,Response Prediction of Chemoradiotherapy for Rectal Cancer Using Rapid Semi-Automated Flow Cytometry.
b1,41486912,2025,10.3393/ac.2025.00675.0096,PMC12766394,pending,Predictors of lateral lymph node metastasis and prognostic factors in patients with low rectal cancer who underwent lateral lymph node dissection without preoperative treatment.
b1,41486906,2025,10.3393/ac.2025.01480.0211,PMC12766382,pending,Clinical implications of radiologic criteria and prognostic factors for lateral lymph node metastasis in low rectal cancer.
b1,41480324,2025,10.3748/wjg.v31.i48.112683,PMC12754245,pending,Artificial intelligence-assisted diagnosis of rectal neuroendocrine tumors during white-light endoscopy.
b1,41467955,2025,10.1007/s12672-025-04365-3,PMC12858693,pending,Predictive value of DWI signal and IVIM of pelvic bone marrow for hematological toxicity in rectal cancer patients undergoing concurrent chemoradiotherapy.
b1,41463188,2025,10.3390/cancers17243937,PMC12730252,pending,Radiopathological Correlation in Locally Advanced Rectal Cancer After Neoadjuvant Treatment.
b1,41463015,2025,10.3390/biomedicines13123003,PMC12730511,pending,Potential Role of T2-Weighted Kurtosis in Improving Response Prediction of Locally Advanced Rectal Cancer as Additional Tool Gained from Standard MRI Examination.
b1,41449349,2025,10.1186/s12880-025-02129-7,PMC12849570,pending,Nomogram based on MRI images and clinical data for differentiating mucinous from non-mucinous rectal adenocarcinoma.
b1,41446280,2025,10.3389/fcimb.2025.1545195,PMC12722826,pending,Comparison of currently common neoadjuvant therapy strategies for rectal cancer: a three-arm retrospective study.
b1,41445770,2025,10.1016/j.phro.2025.100880,PMC12723380,pending,Apparent diffusion coefficient increases during short course radiotherapy in rectal tumours: Results from a multicentre longitudinal trial.
b1,41444449,2025,10.1007/s10151-025-03255-8,PMC12799619,pending,Role of transanal tube placement in preventing anastomotic leakage in rectal cancer surgery with sufficient perfusion confirmed by indocyanine green fluorescence imaging.
b1,41444419,2025,10.1038/s41698-025-01244-6,PMC12847736,pending,Higher local recurrence as the distinct failure pattern in early-onset rectal cancer: a tailored MRI score to guide therapy.
b1,41426166,2025,10.1055/s-0045-1806957,PMC12714450,pending,Real-World Data on the Practice of Chemoradiation with Select Cohort Consolidation Chemotherapy in High-Risk Locally Advanced Rectal Cancers (SOLAR study).
b1,41419806,2025,10.1186/s12880-025-02105-1,PMC12831238,pending,Integrative multi-region MRI radiomics and clinical nomogram for preoperative lymphovascular invasion prediction in rectal cancer: a multicenter validation.
b1,41416533,2025,10.1080/07853890.2025.2603015,PMC12720608,pending,Sarcopenia is a bad harbinger of cancer-related survival in rectal cancer.
b1,41415764,2025,10.1007/s13193-025-02244-5,PMC12708447,pending,Development of Margin Compromise Ordinal Score (MCOS) Based on Analysis of Various Factors Associated with Margin Compromise in Patients of Carcinoma Rectum Undergoing Restorative Surgery.
b1,41415637,2025,10.3348/jksr.2024.0095,PMC12710293,pending,Review of Various Perianal Lesions on CT and MRI.
b1,41415539,2025,10.3389/fonc.2025.1719642,PMC12708334,pending,Neoadjuvant therapy for pMMR/MSS locally advanced rectal cancer in the immunotherapy era: current landscape and future perspectives.
b1,41412957,2025,10.1002/cam4.71472,PMC12714538,pending,Comparison of the Clinical Response in Total Neoadjuvant Treatment With Long-Term or Short-Term Chemoradiotherapy Followed by Consolidation Chemotherapy in Patients With Locally Advanced Rectal Cancer (TEHRAN); the Protocol for a Randomized Controlled Clinical Trial.
b1,41407826,2025,10.1038/s41598-025-32579-6,PMC12824374,pending,Machine learning prognosis model for locally recurrent rectal cancer patients after radioactive (125)I seed implantation.
b1,41407426,2025,10.1136/bmjopen-2025-111711,PMC12716508,pending,"Can we Save the rectum by watchful waiting or transanal microsurgery following shorT-course radiotherapy and Additional local oR systemic Treatment for early-stage REctal Cancer? STARTREC-3 protocol for a non-randomised, multicentre, phase II platform study."
b1,41402411,2025,10.1038/s41598-025-27717-z,PMC12708840,pending,Rapid imaging of pulmonary metastasis from colorectal cancer with a red fluorescence probe targeting puromycin-sensitive aminopeptidase and dipeptidyl peptidase IV.
b1,41395571,2025,10.1007/s13691-025-00786-7,PMC12696246,pending,Transanal minimally invasive surgery for rectal gastrointestinal stromal tumor using articulated forceps after neoadjuvant chemotherapy with imatinib mesylate.
b1,41393246,2025,10.1590/0100-3984.2025.58.e8-en,PMC12699977,pending,State of the art of PET/MRI for rectal cancer assessment.
b1,41377789,2025,10.12890/2025_005967,PMC12688587,pending,"Benign Yet Deceptive: A 19-Year-Old Male with A Rectal Mass Mimicking Carcinoma, Ultimately Diagnosed as Colitis Cystica Profunda."
b1,41374953,2025,10.3390/cancers17233752,PMC12691531,pending,Analysis of Risk Factors for Colorectal Cancer Associated with Ulcerative Colitis Using Machine Learning: A Retrospective Longitudinal Study Using a National Database in Japan.
b1,41372927,2025,10.1186/s40001-025-03546-8,PMC12801495,pending,A study on strategies to optimize bladder volume consistency in radiotherapy patients.
b1,41367788,2025,10.21037/qims-2025-168,PMC12682532,pending,Fully automated intensity-modulated radiotherapy plans for rectal cancer based on deep learning predictions of three-dimensional dose distributions.
b1,41367640,2025,10.1590/0100-3984.2025.0060,PMC12685294,pending,State of the art of PET/MRI for rectal cancer: the added value to conventional imaging.
b1,41366906,2025,10.1097/MD.0000000000046209,PMC12688736,pending,Developing a predictive model for the efficacy of neoadjuvant chemoradiotherapy in locally advanced rectal cancer using multiparametric magnetic resonance imaging: An innovative approach.
b1,41366339,2025,10.1186/s12880-025-02076-3,PMC12801961,pending,Comparison of reduced FOV diffusion-weighted imaging of rectal cancer at 5.0T ultra-high field versus 3.0T MRI: image quality and histopathological T staging.
b1,41357664,2025,10.4240/wjgs.v17.i11.109543,PMC12679035,pending,Value of high-resolution magnetic resonance imaging and dynamic contrast-enhanced scanning in the preoperative diagnosis of rectal cancer in older patients.
b1,41331903,2025,10.1186/s12876-025-04467-w,PMC12781503,pending,Comparative efficacy of neoadjuvant imatinib therapy in gastric versus rectal gastrointestinal stromal tumors: a two-center retrospective cohort study.
b1,41331154,2025,10.1007/s00384-025-05044-z,PMC12672846,pending,MRI-defined high-risk rectal cancer patients: comparison of treatment response and survival outcomes between total neoadjuvant therapy and neoadjuvant chemoradiotherapy-a propensity score matched analysis.
b1,41323778,2025,10.7150/jca.123558,PMC12664725,pending,Genetic association of NEAT1 gene polymorphism with the progression of colorectal cancer.
b1,41322830,2025,10.7759/cureus.95621,PMC12661097,pending,"Comparative Accuracy of Colonoscopy, Computed Tomography (CT), and Magnetic Resonance Imaging (MRI) for the Preoperative Localization of Colorectal Cancer: A Prospective Cohort Study."
b1,41306533,2025,10.3389/fonc.2025.1681939,PMC12643854,pending,Deep learning based on MRI for assessing the prognostic value of lateral lymph nodes in rectal cancer.
b1,41306113,2025,10.1155/ijbi/3621023,PMC12646736,pending,Diagnostic Efficacy and Correlation of Intravoxel Incoherent Motion (IVIM) and Contrast-Enhanced (CE) MRI Perfusion Parameters in Oncology Imaging: A Systematic Review and Meta-Analysis.
b1,41295552,2025,10.3390/tomography11110118,PMC12656377,pending,Prevalence and Significance of Incidental Findings in Multiparametric Magnetic Resonance Imaging of the Prostate.
b1,41291770,2025,10.1186/s12957-025-04097-2,PMC12649068,pending,Non-invasive identification of KRAS mutation in rectal cancer using hybrid intravoxel incoherent motion and diffusion kurtosis model.
b1,41291663,2025,10.1186/s12913-025-13793-4,PMC12763972,pending,Assigning cancer stage to patients using administrative claims data: an example for colon and rectal cancers.
b1,41283111,2025,10.1007/s13193-024-02178-4,PMC12630506,pending,Lymph Nodal Yield and Pattern of Spread in Carcinoma Rectum: A Study on Non-formalin Fixed Freshly Resected Surgical Specimen Dissection.
b1,41281674,2025,10.5455/aim.2025.33.243-247,PMC12634082,pending,Early Closure of Diverting Ileostomy After Rectal Resection: Are We Ready to Make the Shift?
b1,41261391,2025,10.1186/s13014-025-02722-8,PMC12632016,pending,Adaptive radiotherapy for gastrointestinal malignancies.
b1,41253645,2025,10.1016/j.ebiom.2025.105993,PMC12790592,pending,AI-powered immune profiling from histopathology slides for chemo-radiotherapy outcome prediction in rectal cancer: a study using clinical trial and real-world cohorts.
b1,41251704,2025,10.1007/s00262-025-04235-5,PMC12627305,pending,Automatically quantifying spatial heterogeneity of immune and tumor hypoxia environment and predicting disease-free survival for patients with rectal cancer.
b1,41243606,2025,10.1080/07853890.2025.2582235,PMC12624905,pending,Machine learning combined with body composition predicts surgical difficulty in mid-low rectal cancer surgery.
b1,41234732,2025,10.3389/fonc.2025.1692769,PMC12605424,pending,Risk factors for parastomal hernia following abdominoperineal resection.
b1,41231265,2025,10.1007/s00384-025-05011-8,PMC12615519,pending,International expert Delphi consensus on management of early and locally advanced rectal cancer.
b1,41228320,2025,10.3390/cancers17213529,PMC12609664,pending,Neoadjuvant Radiochemotherapy Combined with Locoregional Hyperthermia in Locally Advanced Rectal Cancer: Feasibility and Tolerance of Short-Course Versus Long-Course Radiotherapy Schedules.
b1,41221898,2025,10.1590/acb407925,PMC12600005,pending,"Visceral fat assessment in rectal adenocarcinoma: the role of computed tomography, sagittal abdominal diameter, and waist circumference."
b1,41220945,2025,10.3389/fonc.2025.1677172,PMC12597761,pending,Dose response test of patient-derived cancer organoids to irradiation.
b1,41220767,2025,10.21037/jgo-2025-642,PMC12598420,pending,Fluorescence-guided laparoscopic-assisted transabdominal intersphincteric resection for ultralow rectal cancer: report of a surgical technique.
b1,41220764,2025,10.21037/jgo-2025-644,PMC12598436,pending,Clinical application of indocyanine green fluorescence imaging technology in laparoscopic rectal cancer surgery.
b1,41210596,2025,10.1016/j.phro.2025.100854,PMC12590434,pending,Comparison of deep learning-based segmentation and registration using pre-treatment contours for online rectal delineation in magnetic resonance-guided radiotherapy.
b1,41209570,2025,10.7150/ijms.114915,PMC12595343,pending,Impact of Subcutaneous Adipose Tissue Index Change During Neoadjuvant Chemoradiotherapy on Disease-Free Survival and Tumor Response in Patients with Locally Advanced Rectal Cancer.
b1,41208454,2025,10.1080/14796694.2025.2582211,PMC12674238,pending,Is neoadjuvant chemoradiotherapy necessary for locally advanced rectal cancer above the anterior peritoneal reflection?
b1,41199968,2025,10.1002/ags3.70064,PMC12586929,pending,Artificial Intelligence-Guided Total Mesorectal Excision: Development of a Deep Learning Model to Identify the Pelvic Fascial Plane Anatomy.
b1,41195104,2025,10.5603/rpor.106491,PMC12585124,pending,Predictive value of (18)F-FDG PET/CT tumor SUVmax value in terms of overall survival after neoadjuvant therapy in rectal cancer.
b1,41193961,2025,10.1186/s12876-025-04338-4,PMC12587644,pending,Linked color imaging for detection and characterization of gastrointestinal neuroendocrine tumors.
b1,41191581,2025,10.1371/journal.pone.0321819,PMC12588449,pending,"Can neoadjuvant chemoradiotherapy be omitted in cT2N+ and cT3 mid-rectal cancer: Protocol for a prospective, observational, cohort study (CANO)."
b1,41190107,2025,10.2147/CMAR.S542654,PMC12581790,pending,Comparative Outcomes of Neo-Adjuvant Chemo-Radiotherapy in Stage II and III Mucinous versus Non-Mucinous Rectal Adenocarcinoma: A Retrospective Study.
b1,41185075,2025,10.1186/s40644-025-00947-0,PMC12581579,pending,Application of diffusion kurtosis imaging in differentiating T0-T1 from T2 rectal tumors.
b1,41182514,2025,10.1007/s12029-025-01342-5,PMC12583335,pending,Predicting Tumor Regrowth in Patients Undergoing Non-Operative Management after Total Neoadjuvant Therapy.
b1,41179924,2025,10.1002/jex2.70097,PMC12575058,pending,Dissemination of Mitochondrial DNA Variants: Looking at the 'Bigger' Picture of the Tumour Microenvironment in Rectal Cancer Patients.
b1,41178867,2025,10.4240/wjgs.v17.i10.110368,PMC12576622,pending,From static thresholds to dynamic trends: Reassessing serum calcium in anastomotic leakage prediction.
b1,41174018,2025,10.1038/s41598-025-25181-3,PMC12579235,pending,Endoscopic negative pressure therapy as a salvage treatment for management of post-surgical anastomotic leaks without ostomy after colorectal resection.
b1,41172472,2025,10.1590/1806-9282.20250752,PMC12571420,pending,Dynamics of body composition in the treatment of locally advanced rectal cancer: the ımpact of adipose and muscle tissue on pathological response.
b1,41171392,2025,10.1007/s00384-025-05025-2,PMC12578737,pending,Predicting pathological complete response after neoadjuvant chemoradiotherapy in rectal cancer: beyond morphologic MRI.
b1,41168870,2025,10.1186/s40644-025-00946-1,PMC12577436,pending,Noninvasive prediction of lymphovascular invasion in rectal cancer without lymph node metastasis using a SHAP-interpretable combined model integrating MRI radiomics features and clinical immune-inflammatory biomarkers: a bicenter study.
b1,41156561,2025,10.3390/nu17203309,PMC12566768,pending,Body Composition and Survival in Locally Advanced Rectal Cancer Patients Treated with Neoadjuvant Radiochemotherapy.
b1,41156304,2025,10.3390/jcm14207436,PMC12564971,pending,The Application of Combined PET/MRI in Staging and Response Assessment of Rectal Cancer.
b1,41148479,2025,10.1007/s12672-025-03867-4,PMC12569288,pending,Mediation Mendelian randomization study of plasma proteomics reveals the causal relationship and potential mechanisms between iron and colorectal adenocarcinoma.
b1,41145541,2025,10.1038/s41598-025-21160-w,PMC12559240,pending,Multimodal tilmanocept for preoperative imaging and fluorescence-guided surgery of porcine lateral pelvic sentinel lymph nodes.
b1,41144024,2025,10.1007/s00423-025-03882-7,PMC12559106,pending,Deep learning-based vessel and nerve recognition model for lateral lymph node dissection: a retrospective feasibility study.
b1,41141225,2025,10.1016/j.phro.2025.100846,PMC12550183,pending,Early response prediction during radiotherapy in rectal cancer using sequential diffusion-weighted imaging at a magnetic resonance image-guided linear accelerator.
b1,41126443,2025,10.1097/SLA.0000000000006960,PMC12820948,pending,Accuracy of Flexible Sigmoidoscopy and MRI in Restaging Rectal Cancer after Neoadjuvant Therapy: A Secondary Analysis of the OPRA Randomized Clinical Trial.
b1,41113383,2025,10.3348/jksr.2024.0097,PMC12531648,pending,Enhancing Rectal Cancer Staging: Integrating Abbreviated Liver MRI into Standard Rectal MRI Protocols for Improved Diagnostic Utility.
b1,41113382,2025,10.3348/jksr.2025.0094,PMC12531664,pending,A Practical Approach to Rectal Cancer Staging with Abbreviated Liver MRI.
b1,41109990,2025,10.2340/1651-226X.2025.44028,PMC12553313,pending,Low b-values in apparent diffusion coefficient calculations overestimate diffusion in rectal cancer.
b1,41097680,2025,10.3390/cancers17193153,PMC12523431,pending,Immunotherapy-Induced Complete Response in dMMR Rectal Cancer-A Surgical Dilemma?
b1,41097678,2025,10.3390/cancers17193150,PMC12523370,pending,"Sexual Dysfunction in Female Rectal and Anal Cancer Survivors: Pathophysiology, Clinical Management, and Integration into Survivorship Care."
b1,41097652,2025,10.3390/cancers17193124,PMC12523675,pending,Can Advances in Artificial Intelligence Strengthen the Role of Intraoperative Radiotherapy in the Treatment of Cancer?
b1,41094171,2025,10.1007/s12029-025-01324-7,PMC12528186,pending,Overcoming the Challenge: A Comprehensive Review of Neoadjuvant Treatment Resistance in Rectal Cancer.
b1,41079289,2025,10.3389/fsurg.2025.1683663,PMC12510913,pending,Impact of preoperative indocyanine green injection on intraoperative decision-making and lymph node harvest in rectal cancer surgery.
b1,41071343,2025,10.1007/s10029-025-03482-w,PMC12513955,pending,Preoperative thickness and postoperative atrophy of the abdominal rectus muscle as risk factors for parastomal hernia after colostomy creation.
b1,41068324,2025,10.1038/s41698-025-01115-0,PMC12511611,pending,Prolonged response to dual immune checkpoint blockade in patients with advanced solid tumors: a case series.
b1,41062919,2025,10.1111/codi.70257,PMC12508276,pending,Clinical nodal staging to assess the risk of local recurrence after rectal cancer resection: A nationwide cross-sectional study.
b1,41062141,2025,10.1136/bmjopen-2025-101121,PMC12506233,pending,"Prophylactic biological mesh reinforcement during ileostomy closure surgery evaluated by the image-based deep learning model for the prevention of stoma-site incisional hernia: phase II study protocol for a single-centre, prospective, randomised controlled clinical trial."
b1,41060495,2025,10.1007/s10151-025-03218-z,PMC12507984,pending,Automatic segmentation of male pelvic floor soft tissue structures for anatomical simulation and morphological assessment in lower rectal cancer surgery.
b1,41060434,2025,10.1007/s10151-025-03200-9,PMC12507961,pending,Radiologic definition of lateral pelvic nodal compartments-The next frontier in rectal imaging.
b1,41059427,2025,10.14744/nci.2024.98415,PMC12497905,pending,Dual-phase images with 18F-FDG PET/CT can exhibit new lesions of colo-rectal cancer.
b1,41056999,2025,10.1055/a-2709-7410,PMC12503922,pending,Underwater endoscopic submucosal dissection via continuous irrigation method and red dichromatic imaging for a rectal cancer with severe fibrosis.
b1,41053630,2025,10.1186/s12876-025-04297-w,PMC12502159,pending,The diagnostic value of serum cysteine protease inhibitor (CST4) in colorectal cancer: a preliminary study.
b1,41048618,2025,10.5114/jcb.2025.153777,PMC12489540,pending,Quality improvement methodology implementation for timely MRI-based brachytherapy treatment delivery in watch-and-wait expectant rectal cancer patients.
b1,41046254,2025,10.1186/s12885-025-14903-5,PMC12495654,pending,Variations in radiomic features of the femoral head and neck during helical tomotherapy in prostate and rectal cancer patients.
b1,41040910,2025,10.3892/ol.2025.15282,PMC12485598,pending,Progress of MRI-based radiomics and deep learning for predicting the prognosis of locally advanced rectal cancer (Review).
b1,41040529,2025,10.3389/fonc.2025.1628281,PMC12483917,pending,A methodology for optimizing treatment head angle arrangement for multi-angle FLASH intensity modulated radiation therapy platforms.
b1,41033282,2025,10.1016/j.esmoop.2025.105757,PMC12514508,pending,Artificial intelligence defines spatial patterns of tumor-infiltrating lymphocytes highly associated with outcome - a pan-GI cancer study.
b1,41025278,2025,10.3857/roj.2024.00654,PMC12510746,pending,Implications of interfractional bladder volume variations in proton beam therapy for rectal cancer.
b1,41024821,2025,10.4240/wjgs.v17.i9.107977,PMC12476780,pending,Prediction of parastomal hernia in patients undergoing preventive ostomy after rectal cancer resection using machine learning.
b1,41024118,2025,10.1186/s13063-025-09135-8,PMC12481906,pending,Circular stapled end colostomy versus conventional end colostomy creation in patients undergoing a permanent stoma: a randomized controlled trial.
b1,41018523,2025,10.1117/12.3046794,PMC12463470,pending,Swin transformers are robust to distribution and concept drift in endoscopy-based longitudinal rectal cancer assessment.
b1,41011541,2025,10.3390/microorganisms13092210,PMC12473104,pending,MicroAIbiome: Decoding Cancer Types from Microbial Profiles Using Explainable Machine Learning.
b1,41008916,2025,10.3390/cancers17183074,PMC12468712,pending,Non-Restorative Low Anterior Resection Is Associated with Poor Intermediate-Term Oncological Outcomes in MRI-Defined Rectal Cancer.
b1,41008903,2025,10.3390/cancers17183061,PMC12468135,pending,The Utility of T2-Weighted MRI Radiomics in the Prediction of Post-Exenteration Disease Recurrence: A Multi-Centre Externally Validated Study via the PelvEx Collaborative.
b1,41008883,2025,10.3390/cancers17183040,PMC12468021,pending,"Tumour-Infiltrating Lymphocytes, Tumour Cell Density, and Response to Neoadjuvant Short-Course Radiotherapy in Rectal Cancer: A Translational Sub-Study from the MRC CR07 Clinical Trial."
b1,41006527,2025,10.1038/s41598-025-14514-x,PMC12475188,pending,Automated detection and classification of cervical and anal squamous cancer precursors using deep learning and multidevice colposcopy.
b1,41003803,2025,10.1007/s00384-025-04993-9,PMC12474689,pending,Development and validation of machine-learning model based on dynamic tumor markers in predicting pathological complete response after neoadjuvant chemoradiotherapy in patients with locally advanced rectal cancer: a multicenter cohort study.
b1,40989912,2025,10.1016/j.ejro.2025.100684,PMC12452545,pending,Value of dynamic contrast-enhanced MRI in the diagnosis of acute radiation-induced rectal injury in patients with rectal cancer: A comparison with endoscopy.
b1,40989872,2025,10.1097/AS9.0000000000000588,PMC12453327,pending,Tailored-Surgery for Locally Advanced Rectal Cancer Based on 3D Mathematical Reconstruction Surgical Planner: Prospective Multicenter Study.
b1,40989689,2025,10.3389/fonc.2025.1610892,PMC12450691,pending,Development and validation of machine learning-based MRI radiomics models for preoperative lymph node staging in T3 rectal cancer.
b1,40989165,2025,10.1515/med-2025-1247,PMC12452079,pending,"A machine learning-based prognostic model integrating mRNA stemness index, hypoxia, and glycolysis‑related biomarkers for colorectal cancer."
b1,40986886,2025,10.2196/73765,PMC12456929,pending,Predicting Lymph Node Metastasis in Rectal Cancer: Development and Validation of a Machine Learning Model Using Clinical Data.
b1,40961405,2025,10.1200/PO-25-00192,PMC12445183,pending,Interpretable Machine Learning Models for Predicting Lateral Pelvic Lymph Node Metastasis in Rectal Cancer: A Chinese Multicenter Retrospective Study.
b1,40955840,2025,10.1002/jcsm.70065,PMC12439183,pending,Sarcopenia in Colorectal Cancer Surgery-Minimally Invasive vs. Open.
b1,40955104,2025,10.2340/1651-226X.2025.43975,PMC12449700,pending,Predictors of acute and late diarrhea in the treatment of anal cancer with concurrent chemoradiotherapy.
b1,40954987,2025,10.1002/wjs.70095,PMC12582141,pending,Artificial Intelligence-Derived Intramuscular Adipose Tissue Assessment Predicts Perineal Wound Complications Following Abdominoperineal Resection.
b1,40949360,2025,10.4240/wjgs.v17.i8.101227,PMC12427073,pending,Predicting early recurrence in resectable rectal cancer.
b1,40938454,2025,10.1007/s00384-025-04998-4,PMC12431894,pending,Standard of practice imaging vs. PET/MR: a comparative prospective study in rectal cancer staging.
b1,40919247,2025,10.5603/rpor.106280,PMC12413216,pending,The effectiveness of three months EGFR-CTH therapy in palliative colorectal cancer.
b1,40902440,2025,10.1016/j.ejrad.2025.112400,PMC12498383,pending,Value of rectal MRI prior to endoscopic submucosal dissection (ESD): an exploratory study.
b1,40901315,2025,10.5306/wjco.v16.i8.107596,PMC12400217,pending,Predictive model for sphincter preservation in lower rectal cancer.
b1,40901040,2025,10.3892/etm.2025.12944,PMC12400487,pending,Application value of indocyanine green fluorescence imaging in assessing blood supply during laparoscopic radical resection of rectal cancer.
b1,40890619,2025,10.1186/s12880-025-01878-9,PMC12400577,pending,Deep learning model for predicting lymph node metastasis around rectal cancer based on rectal tumor core area and mesangial imaging features.
b1,40886317,2025,10.1002/advs.202506523,PMC12533297,pending,MRI-Derived Lymph Nodes Morphological and Topological Structure (LNs-MTS) Model for Evaluating Immune Status and Prognosis in Rectal Cancer.
b1,40881169,2025,10.3389/fgene.2025.1614946,PMC12380680,pending,Integrative multi-omics analysis and machine learning reveal the unique role of ASCC3 in combination with various immune-related genes in rectal adenocarcinoma.
b1,40877210,2025,10.1002/cnr2.70322,PMC12394004,pending,Correlation Between MRI and Histopathology in Assessing Treatment Response to Neoadjuvant Chemoradiation in Locally Advanced Rectal Cancer.
b1,40874396,2025,10.2340/1651-226X.2025.44011,PMC12406747,pending,Defining and sparing sexual function-related organs at risk for rectal cancer radiotherapy.
b1,40873584,2025,10.3389/fimmu.2025.1639303,PMC12378483,pending,Machine learning identifies PYGM as a macrophage polarization-linked metabolic biomarker in rectal cancer prognosis.
b1,40870493,2025,10.3390/medicina61081449,PMC12388065,pending,The Role of Baseline PET/CT Parameters in Predicting Treatment Response in Patients with Locally Advanced Rectal Cancer Undergoing Total Neoadjuvant Therapy.
b1,40867076,2025,10.1049/syb2.70030,PMC12390826,pending,CAAFE-ResNet: A ResNet With Channel Attention-Augmented Feature Extraction for Prognostic Assessment in Rectal Cancer.
b1,40860720,2025,10.3389/frai.2025.1624797,PMC12375649,pending,Conversational AI agent for precision oncology: AI-HOPE-WNT integrates clinical and genomic data to investigate WNT pathway dysregulation in colorectal cancer.
b1,40859558,2025,10.1097/MD.0000000000043977,PMC12384797,pending,Machine learning prediction of anastomotic leak after low anterior resection: Nationwide database analysis.
b1,40851780,2025,10.1016/j.ctro.2025.100963,PMC12368968,pending,Microscopic intramural spread in patients with rectal cancer after neoadjuvant chemoradiation.
b1,40837773,2025,10.4251/wjgo.v17.i8.108016,PMC12362563,pending,Correlation between baseline magnetic resonance imaging features and serum carcinoembryonic antigen levels in patients with primary rectal cancer.
b1,40837765,2025,10.4251/wjgo.v17.i8.108362,PMC12362526,pending,Noninvasive prediction of microsatellite instability in stage II/III rectal cancer using dynamic contrast-enhanced magnetic resonance imaging radiomics.
b1,40837746,2025,10.4251/wjgo.v17.i8.108007,PMC12362569,pending,Tumor markers and multimodal magnetic resonance imaging in predicting rectal cancer stage and differentiation.
b2,40830483,2025,10.1186/s13014-025-02694-9,PMC12366347,pending,CT-based auto-segmentation of multiple target volumes for all-in-one radiotherapy in rectal cancer patients.
b2,40828572,2025,10.2196/75022,PMC12405791,pending,Deep Learning and Image Generator Health Tabular Data (IGHT) for Predicting Overall Survival in Patients With Colorectal Cancer: Retrospective Study.
b2,40809031,2025,10.3389/fonc.2025.1457238,PMC12343218,pending,Assessment of the imaging quality and heterogeneous predictive value of readout-segmented echo planar imaging for diffusion-weighted rectal MRI.
b2,40805234,2025,10.3390/cancers17152540,PMC12346518,pending,Neoadjuvant Treatment for Locally Advanced Rectal Cancer: Current Status and Future Directions.
b2,40805227,2025,10.3390/cancers17152531,PMC12345898,pending,Survival in Patients with Colorectal Cancer and Isolated Brain Metastases: Temporal Trends and Prognostic Factors from the National Cancer Database (2010-2020).
b2,40786911,2025,10.2147/CMAR.S517949,PMC12335272,pending,Development and Cross-Institutional Validation of a Comprehensive Machine Learning Model Predicting Response to Neoadjuvant Therapy for Rectal Cancer.
b2,40785739,2025,10.20452/wiitm.2025,PMC12329664,pending,Influence of computed tomography-based pelvimetric parameters and surgical approaches on surgical difficulty in mid‑low rectal cancer.
b2,40781740,2025,10.1002/mp.18034,PMC12334808,pending,Predicting near-complete pathological response to (chemo)radiotherapy in patients with rectal cancer: A federated learning study.
b2,40781322,2025,10.1186/s13014-025-02706-8,PMC12335123,pending,From standardized to individualized margins for online adaptive tumor dose escalation in rectal cancer.
b2,40778975,2025,10.1007/s00384-025-04969-9,PMC12334464,pending,MRI-based radiomics for preoperative T-staging of rectal cancer: a retrospective analysis.
b2,40770420,2025,10.1038/s41598-025-14851-x,PMC12328823,pending,3D spectral CT-based fusion model predicts prognosis and postoperative adjuvant chemotherapy benefit in locally advanced rectal cancer.
b2,40760425,2025,10.1186/s12885-025-14659-y,PMC12323121,pending,Evaluation of pre-treatment F-18 FDG PET/CT according to Mandard classification in locally advanced rectal cancer patients undergoing neoadjuvant chemoradiotherapy.
b2,40759457,2025,10.1136/bmjgast-2025-001880,PMC12323515,pending,Long-term effectiveness of allogeneic bone marrow-derived mesenchymal stromal cell therapy for complex perianal and rectovaginal fistulas in Crohn's disease: a retrospective case series.
b2,40757096,2025,10.1177/20584601251362322,PMC12317158,pending,MRI T1 relaxation time for evaluating early complete response to neoadjuvant treatment in rectal cancer: measurement at six weeks - a protocol article.
b2,40751160,2025,10.1186/s13014-025-02703-x,PMC12317454,pending,Early prediction of histopathological response of locally advanced rectal cancer after 1 week of preoperative radiochemotherapy using (18)FDG PET-CT imaging: a prospective clinical validation study.
b2,40747370,2025,10.1155/ijbi/7560099,PMC12313379,pending,Enhancing Deep Learning-Based Subabdominal MR Image Segmentation During Rectal Cancer Treatment: Exploiting Multiscale Feature Pyramid Network and Bidirectional Cross-Attention Mechanism.
b2,40746636,2025,10.1002/rcr2.70286,PMC12308151,pending,Regorafenib Induced Interstitial Pneumonia in a Patient With Refractory Rectal Cancer.
b2,40745280,2025,10.1186/s12880-025-01844-5,PMC12312340,pending,Impact of large language models and vision deep learning models in predicting neoadjuvant rectal score for rectal cancer treated with neoadjuvant chemoradiation.
b2,40740925,2025,10.4240/wjgs.v17.i7.106724,PMC12305255,pending,Predicting neoadjuvant chemoradiotherapy response in rectal cancer: Insights from biomarkers to clinical practice.
b2,40740749,2025,10.23922/jarc.2024-095,PMC12307018,pending,Preoperative MRI Assessment of Mesorectal Lymph Node Metastasis in Patients with Rectal Cancer: A Retrospective Study.
b2,40739965,2025,10.12771/emj.2025.00703,PMC12362288,pending,Non-operative management of locally advanced rectal cancer with an emphasis on outcomes and quality of life: a narrative review.
b2,40739664,2025,10.1186/s13014-025-02701-z,PMC12309107,pending,Radiation enteritis associated with temporal sequencing of total neoadjuvant therapy in locally advanced rectal cancer: a preliminary study.
b2,40734575,2025,10.2340/1651-226X.2025.43636,PMC12320145,pending,Patient-reported outcomes after chemoradiotherapy for anal cancer.
b2,40724514,2025,10.3390/life15071011,PMC12299300,pending,Controversies and Perspectives in the Current Management of Patients with Locally Advanced Rectal Cancer-A Systematic Review.
b2,40723272,2025,10.3390/cancers17142389,PMC12293202,pending,Metastatic Patterns of Apical Lymph Node and Prognostic Analysis in Rectal and Sigmoid Colon Cancer-A Multicenter Retrospective Cohort Study of 2809 Cases.
b2,40723194,2025,10.3390/cancers17142310,PMC12294010,pending,Quality of Life in Rectal Cancer Treatments: An Updated Systematic Review of Randomized Controlled Trials (2013-2023).
b2,40722549,2025,10.3390/diagnostics15141800,PMC12293966,pending,Total Lesion Glycolysis (TLG) on 18F-FDG PET/CT as a Potential Predictor of Pathological Complete Response in Locally Advanced Rectal Cancer After Total Neoadjuvant Therapy: A Retrospective Study.
b2,40722519,2025,10.3390/diagnostics15141768,PMC12293143,pending,Apocrine Breast Carcinoma with Thanatosomes (Hyaline Globules).
b2,40722478,2025,10.3390/bioengineering12070786,PMC12292859,pending,The Value of MRI-Based Radiomics in Predicting the Pathological Nodal Status of Rectal Cancer: A Systematic Review and Meta-Analysis.
b2,40718826,2025,10.3389/fonc.2025.1551224,PMC12289506,pending,Baseline MRI habitat imaging for predicting treatment response to neoadjuvant chemoradiotherapy in locally advanced rectal cancer.
b2,40711637,2025,10.1007/s10151-025-03177-5,PMC12296789,pending,Neoadjuvant therapy for lateral pelvic lymph nodes: choosing between long course chemoradiation or short course radiotherapy with consolidation chemotherapy.
b2,40687425,2025,10.3389/fonc.2025.1579581,PMC12272225,pending,"The effectiveness of the hemoglobin, albumin, lymphocyte, and platelet (HALP) score in predicting lymph node metastasis in radiologically n0 locally advanced upper rectal cancer."
b2,40686345,2025,10.4274/dir.2025.253291,PMC12417917,pending,Diagnostic performance of magnetic resonance imaging for lateral pelvic lymph node metastasis in patients with rectal carcinoma: a meta-analysis and systematic review.
b2,40682593,2025,10.1007/s10151-025-03181-9,PMC12276130,pending,A simple and effective evaluation method to determine the difficulty of total mesorectal excision for male patients with mid and lower rectal cancer.
b2,40678585,2025,10.1093/gastro/goaf064,PMC12267148,pending,Analysis of the clinical value of anterior peritoneal reflection for the management of rectal cancer.
b2,40659952,2025,10.1007/s00464-025-11982-0,PMC12439112,pending,The value of MRI and flexible sigmoidoscopy in detecting tumor regrowth in watch and wait rectal cancer patients undergoing active surveillance after total neoadjuvant therapy.
b2,40652430,2025,10.1007/s10151-025-03167-7,PMC12256352,pending,Fluorescence lymph node mapping using ICG improves lateral lymph node dissection for mid-low rectal cancer: a propensity score-matched cohort.
b2,40650262,2025,10.3390/ijms26136487,PMC12249626,pending,From Mutation to Prognosis: AI-HOPE-PI3K Enables Artificial Intelligence Agent-Driven Integration of PI3K Pathway Data in Colorectal Cancer Precision Medicine.
b2,40647531,2025,10.3390/cancers17132235,PMC12248587,pending,Artificial Intelligence and Rectal Cancer: Beyond Images.
b2,40647527,2025,10.3390/cancers17132229,PMC12249413,pending,Narrative Review: Predictive Biomarkers of Tumor Response to Neoadjuvant Radiotherapy or Total Neoadjuvant Therapy of Locally Advanced Rectal Cancer Patients.
b2,40640480,2025,10.1245/s10434-025-17777-w,PMC12454576,pending,Discrepancies in the Reactivity of Mesorectal versus Lateral Lymph Nodes Post-Neoadjuvant Chemoradiotherapy for Rectal Cancer: Insights from Radiological and Pathological Perspectives.
b2,40638481,2025,10.1590/1806-9282.20250301,PMC12245044,pending,Prospective clinical cohort study on the accuracy of magnetic resonance imaging in preoperative staging for cancer of the rectum with node-by-node analysis by pathologists.
b2,40635329,2025,10.3393/ac.2024.00276.0039,PMC12569774,pending,Effects of clinical information on the treatment decisions for good responders to neoadjuvant chemoradiotherapy among rectal cancer patients.
b2,40632350,2025,10.1007/s00423-025-03804-7,PMC12241187,pending,Reconstruction of the perineal defect after abdominoperineal resection with vertical rectus abdominis myocutaneous (VRAM) flap versus primary direct closure - a single center retrospective cohort study.
b2,40629575,2025,10.1097/MD.0000000000043173,PMC12237324,pending,A comparative study of machine learning models for predicting neoadjuvant chemoradiotheraphy response in rectal cancer patients using radiomics and clinical features.
b2,40629015,2025,10.1007/s00384-025-04939-1,PMC12238066,pending,"Fascial incision shapes and paracolostomy hernia: cruciate vs. reinforced longitudinal (the ""Hepworth hitch""): longcross randomized controlled trial (GECO2 STUDY)."
b2,40626321,2025,10.1002/mco2.70275,PMC12231051,pending,Incidence and Immunopathology of Myositis in Rectal Cancer Patients Treated With Neoadjuvant Immune Checkpoint Inhibitors and Chemoradiotherapy: Findings From the CHINOREC Trial.
b2,40620287,2025,10.1016/j.phro.2025.100797,PMC12226370,pending,Rectal-RadioSAM: Large model-assisted multi-parametric magnetic resonance imaging pipeline for predicting response to neoadjuvant chemoradiotherapy in rectal cancer without human intervention.
b2,40612123,2025,10.1093/gastro/goaf060,PMC12221869,pending,Delayed surgery for more than 9 weeks induces worse survival outcomes in locally advanced rectal cancer patients with poor response to neoadjuvant chemoradiotherapy: a propensity score matched cohort study.
b2,40607455,2025,10.3389/frai.2025.1557508,PMC12213873,pending,VMDU-net: a dual encoder multi-scale fusion network for polyp segmentation with Vision Mamba and Cross-Shape Transformer integration.
b2,40601425,2025,10.2196/60131,PMC12340459,pending,"Implementing Remote Radiotherapy Planning to Increase Patient Flow at a Johannesburg Academic Hospital, South Africa: Protocol for a Prospective Feasibility Study."
b2,40597035,2025,10.1186/s12880-025-01775-1,PMC12217293,pending,Preoperative MRI-based deep learning reconstruction and classification model for assessing rectal cancer.
b2,40596437,2025,10.1038/s41698-025-01007-3,PMC12216517,pending,A novel structural modeling magnitude and orientation radiomic descriptor for evaluating response to neoadjuvant therapy in rectal cancers via MRI.
b2,40595386,2025,10.1038/s43856-025-00953-0,PMC12219254,pending,Tuning vision foundation models for rectal cancer segmentation from CT scans.
b2,40594522,2025,10.1038/s41598-025-06712-4,PMC12219682,pending,Diagnostic value of CT scan findings for anastomotic leakage after low anterior resection without ileostomy in rectal cancer.
b2,40589073,2025,10.1111/codi.70150,PMC12209691,pending,Impact of rectal cancer multidisciplinary conferences on patient care plans.
b2,40584995,2025,10.1016/j.phro.2025.100792,PMC12206142,pending,FAPI-positron emission tomography for radiotherapy in head and neck cancer: applications and future directions.
b2,40579653,2025,10.1186/s13244-025-02010-9,PMC12205110,pending,Explainable multi-modal radiomics for early prediction of liver metastasis in rectal cancer: a multicentric study.
b2,40579613,2025,10.1007/s00384-025-04935-5,PMC12204897,pending,Clinical characteristics and survival outcomes of rectal cancer patients across different mrT3 substages determined by rectal MRI.
b2,40578870,2025,10.1136/bmjopen-2024-092807,PMC12207177,pending,"Selective neoadjuvant therapy of rectal cancer patients (SELREC): study protocol for a European randomised controlled, open, multicentre non-inferiority trial."
b2,40576488,2025,10.1148/rycan.240246,PMC12304544,pending,Association of Pelvic Structure Involvement and Tumor Morphology at MRI with Prognosis Following Resection in Locally Recurrent Rectal Cancer.
b2,40574858,2025,10.3389/fimmu.2025.1590219,PMC12197936,pending,Radiation therapy induced intestinal barrier damage and repair process - differences in salivary metabolites and monitoring of intestinal barrier function.
b2,40564792,2025,10.3390/diagnostics15121472,PMC12192194,pending,Predictive Utility of Structured MRI Reporting for Rectal Cancer Outcomes.
b2,40563608,2025,10.3390/cancers17121958,PMC12190537,pending,Impact of Neoadjuvant Treatment on Target Expression in Rectal Cancer for Near-Infrared Tumor Imaging.
b2,40559436,2025,10.3390/metabo15060412,PMC12195113,pending,Gut-Microbiome Signatures Predicting Response to Neoadjuvant Chemoradiotherapy in Locally Advanced Rectal Cancer: A Systematic Review.
b2,40559106,2025,10.3390/jpm15060244,PMC12193717,pending,Can Radiomics Predict Pathologic Complete Response After Neoadjuvant Chemoradiotherapy for Rectal Cancer? A Systematic Review and Meta-Analysis of Diagnostic-Accuracy Studies.
b2,40558284,2025,10.3390/curroncol32060341,PMC12191898,pending,Implementation of Organ Preservation for Locally Advanced Rectal Cancer in Canada: A National Survey of Clinical Practice.
b2,40552266,2025,10.3389/fonc.2025.1543607,PMC12183075,pending,A multivariate model of IVIM-DWI in the preoperative diagnosis of tumor budding grade in rectal cancer.
b2,40551903,2025,10.7759/cureus.84724,PMC12183670,pending,Cracking the Code of Colorectal Cancer Screening: An Overview With a Focus on Current and Emerging Screening Methods.
b2,40549424,2025,10.1097/JS9.0000000000002795,PMC12527712,pending,Applicability of cCR assessment criteria in pMMR rectal cancer patients treated with neoadjuvant chemoradiotherapy combined with immunotherapy.
b2,40545536,2025,10.1186/s12967-025-06663-4,PMC12183820,pending,OncoE25: an AI model for predicting postoperative prognosis in early-onset stage I-III colon and rectal cancer-a population-based study using SEER with dual-center cohort validation.
b2,40544506,2025,10.2478/raon-2025-0020,PMC12182917,pending,"Deviation of the upper, middle and lower thirds of the rectum during irradiation of rectum cancer."
b2,40537065,2025,10.2196/64506,PMC12200807,pending,Predicting Early-Onset Colorectal Cancer in Individuals Below Screening Age Using Machine Learning and Real-World Data: Case Control Study.
b2,40533251,2025,10.1503/cjs.012424,PMC12180919,pending,High- versus low-intensity knowledge translation interventions for surgeons and rates of local tumour recurrence after rectal cancer surgery: an Ontario study.
b2,40522430,2025,10.1186/s13244-025-01979-7,PMC12170985,pending,Solitary rectal ulcer syndrome: MRI findings and differentiation from rectal cancer.
b2,40510312,2025,10.31661/jbpe.v0i0.2301-1580,PMC12153486,pending,Evaluating the Effect of Co-Registered Diagnostic MR Images Based CT Simulation on Target Volume Delineation and Dose Distribution for Tomotherapy of Rectal Cancer.
b2,40497096,2025,10.3748/wjg.v31.i19.105283,PMC12146919,pending,Serum calcium-based interpretable machine learning model for predicting anastomotic leakage after rectal cancer resection: A multi-center study.
b2,40487957,2025,10.4251/wjgo.v17.i5.103809,PMC12142251,pending,Comparison of dynamic contrast-enhanced-magnetic resonance imaging parameters and serum markers in preoperative rectal cancer evaluation: Combined diagnostic value.
b2,40485884,2025,10.5582/irdr.2025.01018,PMC12143217,pending,Primary rectal malignant melanoma with schistosomiasis.
b2,40485579,2025,10.4103/jmas.jmas_179_23,PMC12327794,pending,Learning curve in robotic rectal cancer surgery: A national two-centre study.
b2,40475847,2025,10.1016/j.phro.2025.100771,PMC12140033,pending,Leveraging network uncertainty to identify regions in rectal cancer clinical target volume auto-segmentations likely requiring manual edits.
b2,40474195,2025,10.1186/s12911-025-03050-3,PMC12143085,pending,Multitask deep learning model based on multimodal data for predicting prognosis of rectal cancer: a multicenter retrospective study.
b2,40471424,2025,10.1007/s11307-025-02021-4,PMC12405016,pending,Long-term Local Control Following CEA-targeted Fluorescence-guided Surgery in Patients With Locally Advanced and Recurrent Rectal Cancer.
b2,40464951,2025,10.1007/s00384-025-04925-7,PMC12137536,pending,"Correspondence for the article titled ""Predictive value of rectal MRI variables for pathological complete response in locally advanced rectal cancer following neoadjuvant chemoradiotherapy""."
b2,40463356,2025,10.3892/ol.2025.15105,PMC12130915,pending,Prognosis and influencing factors of patients with different lymph node statuses after pathological complete response to neoadjuvant chemoradiotherapy in rectal cancer.
b2,40458716,2025,10.3389/fonc.2025.1403890,PMC12127172,pending,Amide proton transfer-weighted imaging and T1 mapping as diagnostic tools to evaluate high-risk histopathologic phenotypes before surgery in rectal adenocarcinoma and their correlation with Ki-67 expression:a two-center study.
b2,40458366,2025,10.7759/cureus.83345,PMC12127710,pending,"Guidance for the Management of Rectal Cancer: An Umbrella Review of Existing Guidelines Regarding Surgical Anatomy, Adjuvant Therapy, Follow-Up and Surveillance, Specific Considerations, Documentation, and Palliative Care."
b2,40449122,2025,10.1016/j.jss.2025.04.045,PMC13127459,pending,"""Watch-and-Wait"" or ""Lost to Follow-Up""? Adherence to Nonoperative Management of Rectal Cancer."
b2,40445102,2025,10.1148/rycan.240359,PMC12130701,pending,Predicting Recurrence in Locally Advanced Rectal Cancer Using Multitask Deep Learning and Multimodal MRI.
b2,40444087,2025,10.3389/fonc.2025.1562634,PMC12119248,pending,Factors affecting survival prognosis of patients with rectal cancer after neoadjuvant chemoradiotherapy.
b2,40419241,2025,10.1055/a-2621-2515,PMC12668270,pending,Assessing the accuracy of magnetic resonance imaging in identifying early rectal cancers suitable for endoscopic intermuscular dissection.
b2,40415381,2025,10.1111/codi.70119,PMC12104609,pending,Intraoperative indocyanine green fluorescence angiography in colorectal surgery to prevent anastomotic leakage: A single-blind phase III multicentre randomized controlled trial (FLUOCOL-01/FRENCH 21/GRECCAR 19 intergroup trial).
b2,40402814,2025,10.1093/bjsopen/zraf027,PMC12097205,pending,Predictors and risk model for positive circumferential resection margin after robot-assisted total mesorectal excision: retrospective cohort study.
b2,40401781,2025,10.1111/ans.70169,PMC12413585,pending,Total Neoadjuvant Therapy Versus Conventional Neoadjuvant Therapy for Rectal Cancer: Cost Analysis in a Public Healthcare System.
b2,40397486,2025,10.1002/wjs.12634,PMC12282568,pending,Management of Low Colorectal/Coloanal Anastomotic Leak: Results of a French National Intergroups Practice Survey (FRENCH-GRECCAR-SFCD).
b2,40390053,2025,10.1186/s13014-025-02634-7,PMC12090639,pending,Deep learning-powered radiotherapy dose prediction: clinical insights from 622 patients across multiple sites tumor at a single institution.
b2,40389920,2025,10.1186/s12880-025-01692-3,PMC12090396,pending,Deep learning models based on multiparametric magnetic resonance imaging and clinical parameters for identifying synchronous liver metastases from rectal cancer.
b2,40389692,2025,10.1007/s00117-025-01458-6,PMC12106153,pending,[Role of radiology for primary staging of colorectal cancer].
b2,40387083,2025,10.1111/codi.70111,PMC12087270,pending,Does socioeconomic status influence the choice of surgical technique in abdominal rectal cancer surgery?
b2,40386610,2025,10.21037/jgo-24-831,PMC12078814,pending,Relationship between apparent diffusion coefficient values and clinicopathologic features in rectal cancer: a cross-sectional study.
b2,40381874,2025,10.1016/j.jacr.2025.05.010,PMC12551975,pending,Disparities of Distant Metastasis Evaluation Imaging for Rectal Cancer.
b2,40381041,2025,10.1007/s00384-025-04916-8,PMC12085353,pending,Predictors of difficulty in robotic splenic flexure mobilization during rectal cancer surgery.
b2,40379920,2025,10.1007/s00432-025-06219-5,PMC12084224,pending,Artificial intelligence generated 3D body composition predicts dose modifications in patients undergoing neoadjuvant chemotherapy for rectal cancer.
b2,40369609,2025,10.1186/s12957-025-03843-w,PMC12076957,pending,Machine learning prediction model of prolonged delay to loop ileostomy closure after rectal cancer surgery: a retrospective study.
b2,40356764,2025,10.3389/fonc.2025.1509207,PMC12066337,pending,Different MRI-based radiomics machine learning models to predict CD3+ tumor-infiltrating lymphocytes in rectal cancer.
b2,40346524,2025,10.1186/s12916-025-04087-x,PMC12065332,pending,Neoadjuvant short-course radiotherapy followed by camrelizumab and chemotherapy for locally advanced rectal cancer: 3-year survival from a phase 2 study.
b2,40346009,2025,10.1002/cam4.70933,PMC12062873,pending,The Ratio of Visceral to Subcutaneous Adipose Tissue Is Associated With Postoperative Anastomotic Leakage in Patients With Rectal Cancer With Gender Differences in Opposite Direction.
b2,40346007,2025,10.1002/cam4.70943,PMC12062871,pending,Performance Comparison of Droplet Digital PCR and Next-Generation Sequencing for Circulating Tumor DNA Detection in Non-Metastatic Rectal Cancer.
b2,40340564,2025,10.1148/rycan.240208,PMC12130718,pending,Accuracy of Post-Neoadjuvant Therapy MRI for the Assessment of Anal Sphincter Involvement in Patients with Rectal Cancer.
b2,40338423,2025,10.1245/s10434-025-17155-6,PMC12317899,pending,Evaluation of Short-Term Postoperative Outcomes of Lateral Lymph Node Dissection After Neoadjuvant Radiotherapy for Rectal Cancer Patients: The Early Learning Phase After Surgical Training in the Netherlands.
b2,40321712,2025,10.5114/pjr/200612,PMC12049155,pending,A nomogram model for predicting lymph node metastasis of rectal cancer by combining preoperative magnetic resonance imaging signs and tumour markers.
b2,40319786,2025,10.1016/j.ejrad.2025.112152,PMC12117528,pending,Identifying baseline rectal MRI features as predictive indicators for local recurrence and metastatic disease in rectal cancer treated with surgical resection and neoadjuvant therapy or surgical resection alone.
b2,40316764,2025,10.1007/s00384-025-04875-0,PMC12048431,pending,Development of clinical inflammatory models to predict the efficacy of neoadjuvant chemoradiotherapy and survival in patients with locally advanced rectal cancer: a retrospective study.
b2,40302856,2025,10.23922/jarc.2024-085,PMC12035344,pending,Prediction of the Therapeutic Response to Neoadjuvant Chemotherapy for Rectal Cancer Using a Deep Learning Model.
b2,40301516,2025,10.1038/s41598-025-99029-1,PMC12041232,pending,Predicting lateral pelvic lymph node metastasis in rectal cancer patients using MRI radiomics: a multicenter retrospective study.
b2,40293535,2025,10.1007/s10029-025-03309-8,PMC12037428,pending,"Rectus abdominis muscle atrophy, prophylactic mesh, and stoma placement: retrospective findings from a prospective multicenter trial."
b2,40293520,2025,10.1007/s00261-025-04953-5,PMC12568919,pending,MRI radiomics prediction modelling for pathological complete response to neoadjuvant chemoradiotherapy in locally advanced rectal cancer: a systematic review and meta-analysis.
b2,40292002,2025,10.1055/s-0044-1787890,PMC12020633,pending,Colon Cancer and Pregnancy.
b2,40291865,2025,10.4240/wjgs.v17.i4.104020,PMC12019059,pending,Advancement of indocyanine green fluorescence imaging technology in laparoscopic surgery for rectal cancer.
b2,40291864,2025,10.4240/wjgs.v17.i4.104726,PMC12019048,pending,Role of pelvimetry in predicting surgical outcomes and morbidity in rectal cancer surgery: A retrospective analysis.
b2,40290690,2025,10.5306/wjco.v16.i4.99801,PMC12019264,pending,Is the use of a transanal drainage tube effective in treating anastomotic leakage for mid-low rectal cancer.
b2,40289234,2025,10.1038/s43856-025-00868-w,PMC12034819,pending,Serum metabolite levels identify incipient metastatic progression of rectal cancer.
b2,40282898,2025,10.3390/medicina61040606,PMC12029115,pending,The Impact of Aortic Calcification on Surgical Outcomes in Colorectal Cancer Patients: A Retrospective Analysis Focused on Anastomotic Leakage.
b2,40282470,2025,10.3390/cancers17081294,PMC12025494,pending,Dynamic Prediction of Rectal Cancer Relapse and Mortality Using a Landmarking-Based Machine Learning Model: A Multicenter Retrospective Study from the Italian Society of Surgical Oncology-Colorectal Cancer Network Collaborative Group.
b2,40282386,2025,10.3390/genes16040425,PMC12027447,pending,GONNMDA: A Ordered Message Passing GNN Approach for miRNA-Disease Association Prediction.
b2,40278711,2025,10.3390/tomography11040044,PMC12031397,pending,Radiomic Features of Mesorectal Fat as Indicators of Response in Rectal Cancer Patients Undergoing Neoadjuvant Therapy.
b2,40275508,2025,10.2340/1651-226X.2025.40680,PMC12041796,pending,Pre-treatment tumour PET metrics and clinical outcomes of anal cancer in patients living with and without HIV.
b2,40275157,2025,10.1186/s12245-025-00883-7,PMC12020005,pending,A rare case of upper gastrointestinal hemorrhage due to tuberculous lymphadenitis fistulized in the duodenum.
b2,40270949,2025,10.1016/j.ctro.2025.100948,PMC12017975,pending,Multidisciplinary approach to target volume delineation in locally recurrent rectal cancer: An explorative study.
b2,40260376,2025,10.3389/fphar.2025.1567217,PMC12009827,pending,"Citral protects against metabolic endotoxemia, and systemic disorders caused by high-fat diet-induced obesity via intestinal modulation."
b2,40260300,2025,10.3389/fonc.2025.1502014,PMC12009946,pending,Robotic-assisted colorectal surgery in colorectal cancer management: a narrative review of clinical efficacy and multidisciplinary integration.
b2,40257625,2025,10.1007/s00384-025-04890-1,PMC12011932,pending,Three-dimensional heterogeneity of smooth muscle fiber density anterior to the rectum in males: quantitative analysis with implications for transanal total mesorectal excision.
b2,40252124,2025,10.1007/s00432-025-06196-9,PMC12009234,pending,Diagnostic performance of node-RADS classification for primary lymph node assessment in rectal cancer: a modality benchmarking study.
b2,40249891,2025,10.1200/GO-24-00480,PMC12023300,pending,"Risk Model for Predicting Gaps in Surgical Oncology Care Among Patients With Stage I-III Rectal Cancer From KwaZulu-Natal, South Africa."
b2,40249104,2025,10.1093/bjr/tqaf087,PMC12659730,pending,MRI-based radiomics nomogram to predict complete response to definitive chemoradiation in patients with anal cancer.
b2,40239065,2025,10.1177/10732748251334454,PMC12035059,pending,Pretreatment MRI Parameters and Neutrophil-to-Lymphocyte Ratio Could Predict the Long-Term Prognosis of Locally Advanced Rectal Cancer Patients With Pathological Complete Response after Neoadjuvant Chemoradiotherapy.
b2,40235907,2025,10.4251/wjgo.v17.i4.102469,PMC11995326,pending,Precision medicine in the prediction of metachronous liver metastasis in rectal cancer: Applications and challenges.
b2,40235892,2025,10.4251/wjgo.v17.i4.102324,PMC11995344,pending,Radiomics and machine learning for predicting metachronous liver metastasis in rectal cancer.
b2,40231223,2025,10.1016/j.phro.2025.100757,PMC11994390,pending,Investigation of changes in planning target volume and regression probability of rectal boost using in-silico cone-beam computed tomography-guided online-adaptive radiotherapy.
b2,40230305,2025,10.3310/BTMT7049,PMC12010235,pending,Evaluation of prognostic models to improve prediction of metastasis in patients following potentially curative treatment for primary colorectal cancer: the PROSPECT trial.
b2,40221185,2025,10.1016/j.rcl.2024.11.002,PMC12925644,pending,MR Imaging of Anal Cancer.
b2,40218263,2025,10.3390/diagnostics15070913,PMC11989207,pending,"Assessment of Immunoscore, MRI Tumor Regression Grade, and Neoadjuvant Rectal Score in Predicting Pathologic Response in Locally Advanced Rectal Cancer in the Averectal Study."
b2,40204902,2025,10.1038/s41598-025-96618-y,PMC11982536,pending,Novel deep learning algorithm based MRI radiomics for predicting lymph node metastases in rectal cancer.
b2,40203847,2025,10.1088/1361-6560/adcaf8,PMC12018874,pending,Evaluating primary tumor position variation for rectal cancer patients treated with long course radiotherapy.
b2,40192820,2025,10.1007/s10151-025-03150-2,PMC11976820,pending,Correction: Why did we encounter a pCRM-positive specimen whose preoperative MRI indicates negative mesorectal fascia involvement in middle to low rectal cancer?
b2,40177244,2025,10.3389/fonc.2025.1450602,PMC11961435,pending,A randomized phase II/III trial of rosuvastatin with neoadjuvant chemo-radiation in patients with locally advanced rectal cancer.
b2,40175802,2025,10.1007/s00384-025-04873-2,PMC11965198,pending,Observational study on the efficacy and safety of FOLFOXIRI therapy for locally advanced rectal cancer: The Kanagawa Yokohama Colorectal Cancer Study Group (KYCC)1802.
b2,40175671,2025,10.1007/s00384-025-04871-4,PMC11965249,pending,Investigating the prognostic value of lateral mesorectum using preoperative high-resolution MRI in patients with rectal cancer.
b2,40169495,2025,10.3348/kjr.2024.0767,PMC12055262,pending,Discriminating Tumor Deposits From Metastatic Lymph Nodes in Rectal Cancer: A Pilot Study Utilizing Dynamic Contrast-Enhanced MRI.
b2,40162391,2025,10.4240/wjgs.v17.i3.100820,PMC11948132,pending,Retrospective analysis of preoperative tumor marker levels in rectal cancer patients: Implications for diagnosis.
b2,40160674,2025,10.1016/j.sopen.2025.03.002,PMC11950755,pending,"""Impact of regional data reporting and feedback on rectal cancer surgery quality metrics in the Surgical Care Outcomes Assessment Program (SCOAP)""."
b2,40160648,2025,10.21037/qims-24-1317,PMC11948424,pending,AI-assisted compressed sensing MRI improves imaging quality in rectal cancer: a comparative study with conventional acceleration techniques.
b2,40149384,2025,10.3390/cancers17061051,PMC11940720,pending,Multi-Modal Machine Learning for Evaluating the Predictive Value of Pelvimetric Measurements (Pelvimetry) for Anastomotic Leakage After Restorative Low Anterior Resection.
b2,40149327,2025,10.3390/cancers17060992,PMC11940555,pending,"Analysis of Local Recurrence After Robotic-Assisted Total Mesorectal Excision (ALRITE): An International, Multicentre, Retrospective Cohort."
b2,40149300,2025,10.3390/cancers17060965,PMC11940776,pending,Pre-Treatment SEPTIN9 Gene Methylation Ratio Predicts Tumor Response to Total Neoadjuvant Therapy in Patients with Locally Advanced Rectal Cancer.
b2,40142717,2025,10.3390/jcm14061913,PMC11943012,pending,From Diversion to Permanence: Trends in Ostomy Creation in Rectal Cancer Surgery.
b2,40142294,2025,10.3390/medicina61030483,PMC11943629,pending,Dose Escalation in Neoadjuvant Chemoradiotherapy for Rectal Cancer: Short-Term Efficacy and Toxicity of VMAT-SIB vs. 3D-CRT.
b2,40132000,2025,10.1371/journal.pone.0319248,PMC11936176,pending,A machine learning-based model for predicting survival in patients with Rectosigmoid Cancer.
b2,40131490,2025,10.1007/s00423-025-03679-8,PMC11937214,pending,MRI is more accurate than FDG-PET in assessing complete response in rectal cancer patients after neoadjuvant therapy.
b2,40129922,2025,10.3389/fonc.2025.1550838,PMC11930822,pending,MRI-based radiomics for predicting pathological complete response after neoadjuvant chemoradiotherapy in locally advanced rectal cancer: a systematic review and meta-analysis.
b2,40123773,2025,10.1016/j.phro.2025.100747,PMC11926541,pending,Efficient strategy for magnetic resonance image-guided adaptive radiotherapy of rectal cancer using a library of reference plans.
b2,40120024,2025,10.1186/s41747-025-00575-0,PMC11929653,pending,MRI radiomic study on prediction of nonenlarged lymph node metastasis of rectal cancer: reduced field-of-view versus conventional DWI.
b2,40120019,2025,10.1186/s41747-025-00559-0,PMC11929663,pending,Radiomics to predict tumor response to combination chemoradiotherapy in squamous cell carcinoma of the anal canal: a preliminary investigation.
b2,40104506,2025,10.3389/fonc.2025.1516855,PMC11913847,pending,Radiation hematologic toxicity prediction in rectal cancer: a comparative radiomics-based study on CT image and dose map.
b2,40104214,2025,10.1016/j.phro.2025.100720,PMC11914820,pending,Repeatability of rectal cancer apparent diffusion coefficient measurements on a 1.5 T MR-linac.
b2,40100473,2025,10.1007/s00384-025-04850-9,PMC11919929,pending,"No operation after short-course radiotherapy followed by consolidation chemotherapy in locally advanced rectal cancer (NOAHS-ARC): study protocol for a prospective, phase II trial."
b2,40098743,2025,10.3389/fnut.2025.1473952,PMC11911182,pending,Predicting 3-year all-cause mortality in rectal cancer patients based on body composition and machine learning.
b2,40095215,2025,10.1007/s10151-025-03117-3,PMC11914298,pending,Why did we encounter a pCRM-positive specimen whose preoperative MRI indicates negative mesorectal fascia involvement in middle to low rectal cancer?
b2,40095014,2025,10.1007/s00261-025-04859-2,PMC12331793,pending,Radiotherapy volume delineation based on MRI and (18)F-FDG-PET/MRI in locally recurrent rectal cancer.
b2,40087634,2025,10.1186/s12880-025-01614-3,PMC11909848,pending,AI-ready rectal cancer MR imaging: a workflow for tumor detection and segmentation.
b2,40085244,2025,10.1007/s00384-025-04838-5,PMC11909045,pending,MRI navigation surgery for T4b rectal cancer using multiple minimally invasive surgical approaches.
b2,40075876,2025,10.3390/diagnostics15050629,PMC11899399,pending,"Impact of Preoperative CT-Measured Sarcopenia on Clinical, Pathological, and Oncological Outcomes After Elective Rectal Cancer Surgery."
b2,40075707,2025,10.3390/cancers17050860,PMC11899177,pending,Surgery for Colorectal Cancer Associated with Crohn's Disease-Toward a Medical Treatment Strategy Based on the Differences Between Japan and Western Countries.
b2,40075693,2025,10.3390/cancers17050846,PMC11899338,pending,A Scoping Review of the Implications and Applications of Body Composition Assessment in Locally Advanced and Locally Recurrent Rectal Cancer.
b2,40075659,2025,10.3390/cancers17050812,PMC11899449,pending,Predicting Surgical Difficulty in Rectal Cancer Surgery: A Systematic Review of Artificial Intelligence Models Applied to Pre-Operative MRI.
b2,40075413,2025,10.1186/s12893-025-02764-5,PMC11899483,pending,Comparison of laparoscopic versus robot-assisted sugery for rectal cancer after neo-adjuvant therapy: a large volume single center experience.
b2,40062323,2025,10.3748/wjg.v31.i8.99036,PMC11886509,pending,Beyond the tumor region: Peritumoral radiomics enhances prognostic accuracy in locally advanced rectal cancer.
b2,40061986,2025,10.4240/wjgs.v17.i2.101897,PMC11885999,pending,Predictive value of magnetic resonance imaging parameters combined with tumor markers for rectal cancer recurrence risk after surgery.
b2,40050741,2025,10.1186/s12880-025-01610-7,PMC11887235,pending,LoG-staging: a rectal cancer staging method with LoG operator based on maximization of mutual information.
b2,40050297,2025,10.1038/s41598-025-90191-0,PMC11885450,pending,Prognostic model for log odds of negative lymph node in locally advanced rectal cancer via interpretable machine learning.
b2,40046530,2025,10.1002/ags3.12873,PMC11877350,pending,"Upfront surgery, neoadjuvant chemoradiotherapy, or neoadjuvant chemotherapy for rectal cancer with lateral lymph node metastasis: A multicenter MRI and lateral lymph node dissection study."
b2,40045072,2025,10.1007/s00330-025-11463-x,PMC12350595,pending,Enhancing the role of MRI in rectal cancer: advances from staging to prognosis prediction.
b2,40031376,2025,10.1016/j.ejrad.2025.112019,PMC12184623,pending,"Reliability of rectal MRI radiomic features: Comparing rectal MRI radiomic features across reader expertise levels, image segmentation technique, and timing of rectal MRI in patients with locally advanced rectal cancer."
b2,40010977,2025,10.21873/invivo.13897,PMC11884458,pending,Alteration of Apparent Diffusion Coefficient Measurements Predict Survival Outcomes During Neoadjuvant Chemoradiotherapy in Locally Advanced Rectal Cancer.
b2,40010852,2025,10.1503/cjs.012223,PMC11879369,pending,Post-transanal endoscopic microsurgery (TEM) syndrome: a constellation of symptoms resulting from localized inflammatory changes after TEM.
b2,40004765,2025,10.3390/jcm14041234,PMC11856500,pending,Minimally Invasive Rectal Surgery: Current Status and Future Perspectives in the Era of Digital Surgery.
b2,39997331,2025,10.3390/jpm15020054,PMC11855940,pending,Enhanced Lymph Node Detection in Colon Cancer Using Indocyanine Green Fluorescence: A Systematic Review of Studies from 2020 Onwards.
b2,39986704,2025,10.1016/j.esmoop.2024.104095,PMC11889485,pending,"Corrigendum to ""mFOLFOX6 versus mFOLFOX6 + aflibercept as neoadjuvant treatment in MRI-defined T3-rectal cancer: a randomized phase-II-trial of the German Rectal Cancer Study Group (CAO/ARO/AIO 0214) and the ABCSG (R-06)"": [ESMO Open 9 (2024) 103703]."
b2,39982548,2025,10.1245/s10434-025-17033-1,PMC12133420,pending,"Nonoperative Management of Rectal Cancer: Is ""Near-Complete"" Response Safe to Surveil?"
b2,39980546,2025,10.3389/fonc.2025.1496820,PMC11841465,pending,A pelvis MR transformer-based deep learning model for predicting lung metastases risk in patients with rectal cancer.
b2,39976552,2025,10.1002/acm2.70031,PMC12059301,pending,T2-weighted imaging of rectal cancer using a 3D fast spin echo sequence with and without deep learning reconstruction: A reader study.
b2,39972078,2025,10.1038/s41598-025-90623-x,PMC11840023,pending,Establishment of an experimental model of canine apocrine gland anal sac adenocarcinoma organoid culture using a three-dimensional culture method.
b2,39967347,2025,10.1002/cam4.70699,PMC11836347,pending,Multi-Institutional MR-Derived Radiomics to Predict Post-Exenteration Disease Recurrence in Patients With T4 Rectal Cancer.
b2,39966198,2025,10.1007/s11136-025-03918-x,PMC12064581,pending,Quality of life outcomes in colorectal cancer survivors: insights from an observational study at a tertiary cancer center.
b2,39965094,2025,10.1093/bjr/tqaf035,PMC12012344,pending,"Approvers, Disapprovers, and Strugglers: a Q-methodology study of rectal cancer MRI proforma use."
b2,39965007,2025,10.1371/journal.pcbi.1012707,PMC11849983,pending,Tumor-immune partitioning and clustering algorithm for identifying tumor-immune cell spatial interaction signatures within the tumor microenvironment.
b2,39963619,2025,10.7759/cureus.77604,PMC11832227,pending,Efficacy of Neoadjuvant Short-Course Radiation Therapy Followed by Oxaliplatin-Based Chemotherapy for Locally Advanced Rectal Adenocarcinoma: A Single-Center Experience From Saudi Arabia.
b2,39960895,2025,10.1097/MD.0000000000041602,PMC11835079,pending,"High glycemic variability serves as an independent risk factor for postoperative infection-related complications in patients undergoing radical surgery for gastric, colon, and rectal cancer."
b2,39960557,2025,10.1007/s00384-024-04801-w,PMC11832599,pending,Predictive value of rectal MRI variables for pathological complete response in locally advanced rectal cancer following neoadjuvant chemoradiotherapy.
b2,39959143,2025,10.1055/s-0044-1788794,PMC11828646,pending,Quantitative Dynamic Contrast-Enhanced Magnetic Resonance Imaging and Positron Emission Tomography (PET) for Distinguishing Metastatic Lymph Nodes from Nonmetastatic Among Patients with Rectal Cancer: A Systematic Review and Meta-Analysis.
b2,39958549,2025,10.4251/wjgo.v17.i2.102151,PMC11756008,pending,"Enhancing rectal cancer liver metastasis prediction: Magnetic resonance imaging-based radiomics, bias mitigation, and regulatory considerations."
b2,39953497,2025,10.1186/s12885-025-13664-5,PMC11827370,pending,Prognostic significance of preoperative CT-based sarcopenia in locally advanced rectal cancer: a multicenter retrospective study.
b2,39951928,2025,10.1016/j.esmoop.2024.104102,PMC11874550,pending,"Integrating radiomics, pathomics, and biopsy-adapted immunoscore for predicting distant metastasis in locally advanced rectal cancer."
b2,39951169,2025,10.1007/s10151-024-03103-1,PMC11828829,pending,Transanal repair of anastomotic leakage after oncologic low anterior resection: a prospective cohort.
b2,39945868,2025,10.1007/s00423-025-03642-7,PMC11825640,pending,Disparity in endoscopic localisation of early distal colorectal cancers: a retrospective cohort analysis from a single institution.
b2,39941713,2025,10.3390/cancers17030341,PMC11816246,pending,"The ELECTRA Trial: Approach to Contemporary Challenges in the Development and Implementation of Double-Blinded, Randomised, Controlled Clinical Trials in Low-Volume High-Complexity Surgical Oncology."
b2,39941583,2025,10.3390/jcm14030912,PMC11818342,pending,Therapeutic Management of Locally Advanced Rectal Cancer: Existing and Prospective Approaches.
b2,39939805,2025,10.1038/s41401-025-01489-8,PMC12098718,pending,Development of orthotopic mouse models for mid-low rectal cancer.
b2,39939705,2025,10.1038/s41698-025-00827-7,PMC11821811,pending,Author Correction: An automated deep learning pipeline for EMVI classification and response prediction of rectal cancer using baseline MRI: a multi-centre study.
b2,39924589,2025,10.1245/s10434-024-16838-w,PMC12396200,pending,Risk Factors for Regrowth After Nonoperative Management for Rectal Cancer.
b2,39924571,2025,10.1038/s41598-025-89482-3,PMC11808052,pending,Comparative performance of multiple ensemble learning models for preoperative prediction of tumor deposits in rectal cancer based on MR imaging.
b2,39923594,2025,10.1016/j.ejrad.2025.111986,PMC11892329,pending,Can MRI radiomics distinguish residual adenocarcinoma from acellular mucin in treated rectal cancer?
b2,39908966,2025,10.1016/j.tranon.2025.102313,PMC11847518,pending,Comparison of prognosis for T4b rectal cancer with different pelvic compartment involvement treated using neoadjuvant chemoradiotherapy and implications for refinement of the current T staging system: A retrospective cohort study.
b2,39885139,2025,10.1038/s41597-024-04152-9,PMC11782544,pending,A Rectal Cancer Surgery Dataset: Use of artificial intelligence to aid automation of error identification.
b2,39872795,2025,10.4240/wjgs.v17.i1.100232,PMC11757196,pending,"Risk factors, monitoring, and treatment strategies for early recurrence after rectal cancer surgery."
b2,39872776,2025,10.4240/wjgs.v17.i1.101772,PMC11757192,pending,Machine learning and deep learning to improve prevention of anastomotic leak after rectal cancer surgery.
b2,39872767,2025,10.4240/wjgs.v17.i1.100278,PMC11757176,pending,Rectal ameboma: A new entity in the differential diagnosis of rectal cancer.
b2,39872765,2025,10.4240/wjgs.v17.i1.100910,PMC11757172,pending,Evaluation of surgical strategy for low anterior resection syndrome using preoperative low anterior resection syndrome score in China.
b2,39867726,2025,10.1016/j.ctro.2024.100901,PMC11759539,pending,Treatment time and learning curve analysis of 1.5 T MR-Linac workflows led by radiation oncologists or therapists.
b2,39864243,2025,10.1016/j.ejrad.2025.111937,PMC12168187,pending,Mastering rectal cancer MRI: From foundational concepts to optimal staging.
b2,39859149,2025,10.3390/ijms26020432,PMC11764815,pending,"Comprehensive Overview of Molecular, Imaging, and Therapeutic Challenges in Rectal Mucinous Adenocarcinoma."
b2,39858112,2025,10.3390/cancers17020330,PMC11763976,pending,A Comprehensive Approach to Neoadjuvant Treatment of Locally Advanced Rectal Cancer.
b2,39839519,2025,10.1016/j.heliyon.2024.e41404,PMC11748705,pending,Identification of PET/CT radiomic signature for classification of locally recurrent rectal cancer: A network-based feature selection approach.
b2,39839029,2025,10.21037/qims-24-789,PMC11744136,pending,Development and validation of a multi-parametric MRI deep-learning model for preoperative lymphovascular invasion evaluation in rectal cancer.
b2,39838092,2025,10.1007/s00330-025-11361-2,PMC12165870,pending,Evaluation of MRI characterisation of histopathologically matched lymph nodes and other mesorectal nodal structures in rectal cancer.
b2,39836274,2025,10.1245/s10434-024-16468-2,PMC11882682,pending,Diagnostic Certainty in Characterizing Liver Lesions in Rectal Cancer: Abbreviated Liver MRI versus CT.
b2,39834127,2025,10.1093/oncolo/oyae367,PMC11753392,pending,Liver transplantation for colorectal cancer with liver metastases.
b2,39833443,2025,10.1007/s00384-025-04809-w,PMC11753312,pending,Deep learning algorithms for predicting pathological complete response in MRI of rectal cancer patients undergoing neoadjuvant chemoradiotherapy: a systematic review.
b2,39821543,2025,10.1245/s10434-024-16605-x,PMC11882672,pending,ASO Author Reflections: Diagnostic Certainty in Characterizing Liver Lesions in Rectal Cancer: Abbreviated Liver MRI Versus CT.
b2,39817139,2025,10.4251/wjgo.v17.i1.96598,PMC11664605,pending,Multiparameter magnetic resonance imaging-based radiomics model for the prediction of rectal cancer metachronous liver metastasis.
b2,39808201,2025,10.1007/s00066-024-02354-z,PMC12181125,pending,Simultaneous integrated boost to lateral pelvic lymph nodes during chemoradiotherapy in high-risk rectal cancer.
b2,39778879,2025,10.5009/gnl240273,PMC11736321,pending,Artificial Intelligence Models May Aid in Predicting Lymph Node Metastasis in Patients with T1 Colorectal Cancer.
b2,39757340,2025,10.1007/s00384-024-04803-8,PMC11700907,pending,Predicting treatment response and survival in rectal cancer: insights from 18 FDG-PET/MRI post-neoadjuvant therapy.
b2,39753930,2025,10.1007/s00464-024-11485-4,PMC11870868,pending,Deep learning-based pelvimetry in pelvic MRI volumes for pre-operative difficulty assessment of total mesorectal excision.
b2,39714041,2025,10.1097/DCR.0000000000003547,PMC11837963,pending,Artificial Intelligence Recognition System of Pelvic Autonomic Nerve During Total Mesorectal Excision.
b2,39697979,2025,10.3892/ol.2024.14843,PMC11653244,pending,Comparison of apparent diffusion coefficients of resectable mid‑high rectal adenocarcinoma and distal paracancerous tissue.
b2,39663320,2025,10.1007/s10278-024-01345-x,PMC12343407,pending,Accelerated T2W Imaging with Deep Learning Reconstruction in Staging Rectal Cancer: A Preliminary Study.
b2,39654094,2025,10.1097/CM9.0000000000003391,PMC12574499,pending,ResNet-Vision Transformer based MRI-endoscopy fusion model for predicting treatment response to neoadjuvant chemoradiotherapy in locally advanced rectal cancer: A multicenter study.
b2,39645641,2025,10.1007/s00261-024-04701-1,PMC12069511,pending,"MRI of early rectal cancer; bisacodyl micro-enema increases submucosal width, reader confidence, and tumor conspicuity."
b2,39635915,2025,10.1002/jso.28008,PMC12120379,pending,"Outcomes of Postchemoradiotherapy Watch-and-Wait Strategy in Patients With Rectal Cancer: A 20-Year, Single-Center Study."
b2,39630199,2025,10.1007/s00261-024-04710-0,PMC12069127,pending,MRI-based radiomic nomogram for predicting disease-free survival in patients with locally advanced rectal cancer.
b2,39619420,2025,10.3892/ol.2024.14814,PMC11605276,pending,Dynamic contrast‑enhanced MRI combined with intravoxel incoherent motion in quantitative evaluation for preoperative risk stratification of resectable rectal adenocarcinoma.
b2,39611734,2025,10.1002/acm2.14573,PMC11905242,pending,Impact of belly board immobilization devices and body mass factor on setup displacement using daily cone-beam CT in rectal cancer radiotherapy.
b2,39543453,2025,10.1002/jso.28001,PMC12065446,pending,Watch-and-Wait Approach Following Neoadjuvant Chemo-Radiotherapy for Locally Advanced Rectal Cancer: A Retrospective Single-Center Cohort Study.
b2,39539035,2025,10.1002/jso.27719,PMC12037316,pending,Implementation of a Screening Program for High-Grade Anal Dysplasia in High-Risk Patients in a Tertiary Cancer Center.
b2,39535872,2025,10.1093/bjr/tqae235,PMC11751359,pending,Recurrence-free survival prediction for anal squamous cell carcinoma after chemoradiotherapy using planning CT-based radiomics model.
b2,39496237,2025,10.1159/000541394,PMC11793087,pending,A Territory-Wide Follow-Up of Primary and Secondary Extramammary Paget Disease of 2 Decades: Effects of Local Disease on Survival.
b2,39363582,2025,10.4143/crt.2024.526,PMC12016836,pending,Is Colonoscopy Alone Adequate for Surveillance in Stage I Colorectal Cancer?
b2,39361507,2025,10.1002/acm2.14539,PMC11714072,pending,Dosimetric impact of variable air cavity within PTV for rectum cancer.
b2,39320354,2025,10.2214/AJR.24.31523,PMC12210418,pending,MRI for Rectal Cancer: Updates and Controversies-AJR Expert Panel Narrative Review.
b2,39297948,2025,10.1007/s00330-024-11081-z,PMC11835893,pending,Added value of histogram analysis of intravoxel incoherent motion and diffusion kurtosis imaging for the evaluation of complete response to neoadjuvant therapy in locally advanced rectal cancer.
b2,39295560,2025,10.1002/jso.27893,PMC12339013,pending,Barriers to Offering Organ Preservation for Rectal Cancer in a Predominantly Hispanic Safety Net Hospital.
b2,39254710,2025,10.1007/s00261-024-04556-6,PMC11821749,pending,Application of a combined clinical prediction model based on enhanced T1-weighted image(T1WI) full volume histogram in peripheral nerve invasion (PNI) and lymphatic vessel invasion (LVI) in rectal cancer.
b2,39237837,2025,10.1007/s10278-024-01029-6,PMC11950466,pending,Feasibility of Three-Dimension Chemical Exchange Saturation Transfer MRI for Predicting Tumor and Node Staging in Rectal Adenocarcinoma: An Exploration of Optimal ROI Measurement.
b2,39235834,2025,10.1097/JS9.0000000000001916,PMC11745655,pending,Role of microenvironment characteristics and MRI radiomics in the risk stratification of distant metastases in rectal cancer: a diagnostic study.
b2,39217971,2025,10.1159/000540887,PMC11731834,pending,Significance of Gene Polymorphism and Gene Expression of BACE2 in Swedish Patients with Colorectal Cancer.
b2,39147885,2025,10.1007/s10278-024-01231-6,PMC11950464,pending,Predictive Study of Machine Learning-Based Multiparametric MRI Radiomics Nomogram for Perineural Invasion in Rectal Cancer: A Pilot Study.
b2,39073608,2025,10.1007/s00261-024-04460-z,PMC11711575,pending,FDG-PET/MRI in colorectal cancer care: an updated systematic review.
b2,38836502,2025,10.4274/dir.2024.242755,PMC11701699,pending,Preoperative prediction of lymphovascular invasion and T-staging of rectal cancer via a dual-energy computed tomography iodine map: a feasibility study.
b2,38647132,2025,10.1097/SLA.0000000000006305,PMC11686994,pending,Association of Lateral Pelvic Lymph Nodes with Disease Recurrence and Organ Preservation in Patients with Distal Rectal Adenocarcinoma Treated with Total Neoadjuvant Therapy.
b2,41648746,2024,10.1016/j.esmogo.2023.100031,PMC12836632,pending,VOLTAGE-2: multicenter phase II study of nivolumab monotherapy in patients with mismatch repair-deficient resectable locally advanced rectal cancer.
b2,40143884,2024,10.12865/CHSJ.50.04.13,PMC11936080,pending,Imaging Assessment of the Response to Neoadjuvant Treatment in Rectal Cancer in Relation to Postoperative Pathological Outcomes.
b2,40060343,2024,10.1055/s-0044-1801775,PMC11888804,pending,Transanal Minimally Invasive Surgery for Rectal Cancer.
b2,39896183,2024,10.3389/fonc.2024.1470824,PMC11782148,pending,Radiomics in rectal cancer: current status of use and advances in research.
b2,39845326,2024,10.3389/fonc.2024.1425665,PMC11750663,pending,The accuracy of radiomics in diagnosing tumor deposits and perineural invasion in rectal cancer: a systematic review and meta-analysis.
b2,39840208,2024,10.7759/cureus.76185,PMC11748814,pending,Role of Artificial Intelligence in MRI-Based Rectal Cancer Staging: A Systematic Review.
b2,39839524,2024,10.3389/fphys.2024.1444897,PMC11747483,pending,A combined diagnostic model including middle rectal artery visualization for predicting lateral lymph node metastasis in rectal cancer.
b2,39807414,2024,10.34172/mejdd.2024.396,PMC11725019,pending,Outcome of selective non-diverting low anterior resection after neoadjuvant chemoradiotherapy and curative surgery for proximal rectal cancer: A prospective case series.
b2,39790821,2024,10.4103/ijnm.ijnm_60_24,PMC11708798,pending,Role of [18F]FDG-PET/CT in Evaluation of Tumor Response to Chemoradiation Therapy for Advanced Colorectal Cancer.
b2,39770899,2024,10.3390/nu16244277,PMC11678168,pending,Assessing Quality of Life with the Novel QLQ-CAX24 Questionnaire and Body Composition Parameters in Rectal Cancer Patients: A Single-Center Prospective Study.
b2,39768239,2024,10.3390/life14121530,PMC11677041,pending,A Machine Learning Model Based on MRI Radiomics to Predict Response to Chemoradiation Among Patients with Rectal Cancer.
b2,39759129,2024,10.3389/fonc.2024.1428583,PMC11695227,pending,Enhancing clinical complete response assessment in rectal cancer: integrating transanal multipoint full-layer puncture biopsy criteria: a systematic review.
b2,39741788,2024,10.4103/jmss.jmss_46_23,PMC11687674,pending,Computed Tomography Scan and Clinical-based Complete Response Prediction in Locally Advanced Rectal Cancer after Neoadjuvant Chemoradiotherapy: A Machine Learning Approach.
b2,39738048,2024,10.1038/s41598-024-76173-8,PMC11685564,pending,Infrared thermal modulation endoscopy for label-free tumor detection.
b2,39737148,2024,10.1016/j.eclinm.2024.102754,PMC11683954,pending,"Surgical navigation for targeted retroperitoneal lymph-node removal: a randomised, controlled, phase 3 trial."
b2,39733152,2024,10.1038/s41598-024-83109-9,PMC11682166,pending,Prognostic value of pseudotime from texture parameters of FDG PET/CT in locally advanced rectal cancer with neoadjuvant concurrent chemoradiotherapy.
b2,39733055,2024,10.1038/s41598-024-83166-0,PMC11682287,pending,Prediction of Synchronous Serum CEA Expression Status Based on Baseline MRI Features of Primary Rectal Cancer Lesions Pre-treatment: A Retrospective Study.
b2,39725903,2024,10.1186/s12885-024-13328-w,PMC11670422,pending,Pathomics-based machine learning models for predicting pathological complete response and prognosis in locally advanced rectal cancer patients post-neoadjuvant chemoradiotherapy: insights from two independent institutional studies.
b2,39713712,2024,10.2147/JIR.S500900,PMC11662910,pending,Preoperative Albumin to Alkaline Phosphatase Ratio and Inflammatory Burden Index for Rectal Cancer Prognostic Nomogram-Construction: Based on Multiple Machine Learning.
b2,39710706,2024,10.1007/s00384-024-04763-z,PMC11663813,pending,"Short-term surgical outcomes of rectal adenocarcinoma surgical treatment in Latin America: a multicenter, retrospective assessment in 49 centers from 12 countries."
b2,39699826,2024,10.1186/s13244-024-01852-z,PMC11659530,pending,The value of restriction spectrum imaging in predicting lymph node metastases in rectal cancer: a comparative study with diffusion-weighted imaging and diffusion kurtosis imaging.
b2,39698686,2024,10.21037/qims-24-907,PMC11651964,pending,Deep learning-based reconstruction: a reliability assessment in preoperative magnetic resonance imaging for primary rectal cancer.
b2,39698657,2024,10.21037/qims-24-769,PMC11651995,pending,Early rectal neoplasm in dual-layer spectral detector computed tomography: dual-layer spectral computed tomography (CT) images improve tumor detection and staging.
b2,39696090,2024,10.1186/s12885-024-13292-5,PMC11658449,pending,Whole slide image based prognosis prediction in rectal cancer using unsupervised artificial intelligence.
b2,39695561,2024,10.1186/s12911-024-02794-8,PMC11654420,pending,Continuous prediction for tumor mutation burden based on transcriptional data in gastrointestinal cancers.
b2,39685841,2024,10.3390/jcm13237383,PMC11641851,pending,"Wavelets-Based Texture Analysis of Post Neoadjuvant Chemoradiotherapy Magnetic Resonance Imaging as a Tool for Recognition of Pathological Complete Response in Rectal Cancer, a Retrospective Study."
b2,39685473,2024,10.3390/jcm13237018,PMC11642062,pending,Artificial Intelligence-Driven Volumetric Analysis of Muscle Mass as a Predictor of Tumor Response to Neoadjuvant Chemoradiotherapy in Patients with Rectal Cancer.
b2,39682232,2024,10.3390/cancers16234047,PMC11640609,pending,Landscape of Biomarkers and Pathologic Response in Rectal Cancer: Where We Stand?
b2,39678786,2024,10.4251/wjgo.v16.i12.4614,PMC11577377,pending,Local excision for middle-low rectal cancer after neoadjuvant chemoradiation: A retrospective study from a single tertiary center.
b2,39677990,2024,10.7759/cureus.75664,PMC11642244,pending,Rectal Cancer Surgery in a District Hospital: Our Experience.
b2,39668711,2024,10.1177/15330338241305463,PMC11638987,pending,Prediction of T Stage of Rectal Cancer After Neoadjuvant Therapy by Multi-Parameter Magnetic Resonance Radiomics Based on Machine Learning Algorithms.
b2,39664184,2024,10.3389/fonc.2024.1459024,PMC11631729,pending,Could elective nodal irradiation for locally advanced rectal cancer be omitted in the context of total neoadjuvant therapy? An analysis of the recurrence sites of rectal cancer.
b2,39648255,2024,10.1007/s11701-024-02180-6,PMC11625687,pending,"Predictive model of the surgical difficulty of robot-assisted total mesorectal excision for rectal cancer: a multicenter, retrospective study."
b2,39641247,2024,10.5152/tjg.2024.23558,PMC11639608,pending,Diagnostic Value of Plasma Long Non-coding SLC26A4 Antisense RNA 1 Combined with Magnetic Resonance Imaging in Rectal Cancer.
b2,39635974,2024,10.1111/codi.17226,PMC11683314,pending,Ten-year survival and pattern of recurrence in patients with locally recurrent rectal or sigmoid cancer undergoing resection.
b2,39606126,2024,10.7759/cureus.74592,PMC11601879,pending,"Enhancing Precision in Rectal Cancer Care: Unravelling the Correlation Between MRI Locoregional Staging and Prognostic Factors, With Post-resection Pathology."
b2,39604448,2024,10.1038/s41598-024-80855-8,PMC11603181,pending,Assessment of circulating tumor DNA in patients with locally advanced rectal cancer treated with neoadjuvant therapy.
b2,39598095,2024,10.3390/jcm13226951,PMC11594537,pending,"Endoscopic Local Excision (ELE) with Knife-Assisted Resection (KAR) Techniques Followed by Adjuvant Radiotherapy and/or Chemotherapy for Invasive (T1bsm2,3/T2) Early Rectal Cancer: A Multicenter Retrospective Cohort."
b2,39594237,2024,10.3390/diagnostics14222570,PMC11592677,pending,Rectal Cancer and Lateral Lymph Node Staging: Interobserver Agreement and Success in Predicting Locoregional Recurrence.
b2,39566088,2024,10.1093/bjs/znae302,PMC11578545,pending,Correction to: Baseline MRI predictors of successful organ preservation in the Organ Preservation in Rectal Adenocarcinoma (OPRA) trial.
b2,39559486,2024,10.1016/j.phro.2024.100663,PMC11570970,pending,Comparing robust proton versus online adaptive photon radiotherapy for short-course treatment of rectal cancer.
b2,39559414,2024,10.1055/a-2390-2946,PMC11573464,pending,Endoscopic features of rectal mucosal prolapse syndrome (RMPS): Differentiation from malignant rectal tumor.
b2,39558950,2024,10.3389/fonc.2024.1464104,PMC11571149,pending,Radiomics in precision medicine for colorectal cancer: a bibliometric analysis (2013-2023).
b2,39555373,2024,10.1007/s13193-024-02007-8,PMC11564464,pending,Effect of Multimodal Prehabilitation on Muscle Mass in Rectal Cancer Patients Receiving Neoadjuvant Treatment.
b2,39555343,2024,10.1007/s13193-024-02028-3,PMC11564435,pending,Abdominoperineal Resection for T4 Low Rectal Cancer After Neoadjuvant Therapy-Are the Outcomes Acceptable?
b2,39554571,2024,10.21037/jgo-24-220,PMC11565121,pending,"Magnetic resonance imaging-based radiomics in predicting the expression of Ki-67, p53, and epidermal growth factor receptor in rectal cancer."
b2,39554568,2024,10.21037/jgo-24-488,PMC11565095,pending,Changing of gamma-H2AX in peripheral blood mononuclear cells during concurrent chemoradiation in locally advanced rectal cancer patients: a potential response predictor.
b2,39527162,2024,10.1186/s13244-024-01828-z,PMC11555033,pending,Glucose chemical exchange saturation transfer MRI for predicting the histological grade of rectal cancer: a comparative study with amide proton transfer-weighted and diffusion-weighted imaging.
b2,39527151,2024,10.1186/s13244-024-01842-1,PMC11554996,pending,Roles of MRI evaluation of pelvic recurrence in patients with rectal cancer.
b2,39524896,2024,10.1016/j.heliyon.2024.e38927,PMC11544045,pending,Visualization analysis of research hotspots and trends in MRI-based artificial intelligence in rectal cancer.
b2,39517321,2024,10.3390/healthcare12212108,PMC11544860,pending,Change in Quality of Life in Patients with Advanced Rectal Cancer Between 2010 and 2022.
b2,39512305,2024,10.1016/j.tipsro.2024.100284,PMC11541823,pending,"On the trail of CBCT-guided adaptive rectal boost radiotherapy, does daily delineation require a radiation oncologist?"
b2,39506775,2024,10.1186/s13014-024-02540-4,PMC11539469,pending,Dynamics of cell-free tumor DNA correlate with early MRI response during chemoradiotherapy in rectal cancer.
b2,39503190,2024,10.1002/jmrs.839,PMC11638342,pending,Deep learning in image segmentation for cancer.
b2,39502605,2024,10.21873/cdp.10399,PMC11534043,pending,Drainage Fluid Amylase as a Biomarker for the Detection of Anastomotic Leakage After Low Anterior Resection of Rectal Cancer: A Two-center Study.
b2,39477414,2024,10.21873/invivo.13780,PMC11535921,pending,The Effect of Multifaceted Anastomotic Leakage Prevention via ICG and SST for Lower Rectal Anastomosis.
b2,39473710,2024,10.23922/jarc.2024-041,PMC11513421,pending,Prognostic Impact of Skip Metastasis to the Lateral Lymph Nodes in Lower Rectal Cancer.
b2,39467396,2024,10.1016/j.ejrad.2024.111802,PMC11614684,pending,Clinical evaluation of accelerated diffusion-weighted imaging of rectal cancer using a denoising neural network.
b2,39467147,2024,10.1002/cam4.70323,PMC11516045,pending,Developing Individualized Follow-Up Strategies Based on High-Risk Recurrence Factors and Dynamic Risk Assessment for Locally Advanced Rectal Cancer.
b2,39459582,2024,10.3390/life14101282,PMC11509644,pending,Correlations between Apparent Diffusion Coefficient (ADC) and Prognosis in Patients with Locally Advanced Rectal Cancer.
b2,39459393,2024,10.3390/medicina60101606,PMC11509686,pending,Impact of Sarcopenia on Treatment Outcomes and Toxicity in Locally Advanced Rectal Cancer.
b2,39457591,2024,10.3390/biomedicines12102278,PMC11505512,pending,Two Decades of Progress in Personalized Medicine of Colorectal Cancer in Serbia-Insights from the Institute for Oncology and Radiology of Serbia.
b2,39452890,2024,10.1148/rycan.240073,PMC11615632,pending,Deformable Mapping of Rectal Cancer Whole-Mount Histology with Restaging MRI at Voxel Scale: A Feasibility Study.
b2,39449908,2024,10.7759/cureus.70081,PMC11500270,pending,Impact of Suppressor of Mothers Against Decapentaplegic (SMAD) 7 Gene Single Nucleotide Polymorphisms on Colorectal Cancer Risk and Prognosis.
b2,39448917,2024,10.1186/s12880-024-01474-3,PMC11515279,pending,Predicting pathological complete response following neoadjuvant chemoradiotherapy (nCRT) in patients with locally advanced rectal cancer using merged model integrating MRI-based radiomics and deep learning data.
b2,39446274,2024,10.1186/s13244-024-01796-4,PMC11502625,pending,Synthetic double inversion recovery imaging for rectal cancer T staging evaluation: imaging quality and added value to T2-weighted imaging.
b2,39445020,2024,10.3389/fimmu.2024.1442733,PMC11496097,pending,"Anti-GABAB receptor encephalitis: clinical and laboratory characteristics, imaging, treatments and prognosis."
b2,39429593,2024,10.21037/qims-24-331,PMC11485380,pending,Prediction of Kirsten rat sarcoma (KRAS) mutation in rectal cancer with amide proton transfer-weighted magnetic resonance imaging.
b2,39427077,2024,10.1007/s10238-024-01495-w,PMC11490463,pending,Assessing the practice of total neoadjuvant therapy for rectal cancer: an online survey among radiation oncology departments in Germany and German-speaking regions of Austria and Switzerland.
b2,39416464,2024,10.3389/fonc.2024.1464183,PMC11479860,pending,Significance of apparent diffusion coefficient in diagnosis of rectal carcinoma.
b2,39414276,2024,10.1136/bmjopen-2023-083225,PMC11487837,pending,"Optimised treatment of patients with enlarged lateral lymph nodes in rectal cancer: protocol of an international, multicentre, prospective registration study after extensive multidisciplinary training (LaNoReC)."
b2,39409972,2024,10.3390/cancers16193353,PMC11475605,pending,Tumor Immune Microenvironment Biomarkers for Recurrence Prediction in Locally Advanced Rectal Cancer Patients after Neoadjuvant Chemoradiotherapy.
b2,39407949,2024,10.3390/jcm13195889,PMC11478213,pending,Is an Electronic Nose Able to Predict Clinical Response following Neoadjuvant Treatment of Rectal Cancer? A Prospective Pilot Study.
b2,39391230,2024,10.1016/j.tipsro.2024.100277,PMC11465212,pending,Dealing with rectum motion during radiotherapy: How can we anticipate it?
b2,39387519,2024,10.1002/cam4.70291,PMC11465286,pending,Optimal Sequence for Total Neoadjuvant Therapy in Locally Advanced Rectal Cancer: An Evidence-Based Review.
b2,39385951,2024,10.3892/ol.2024.14696,PMC11462512,pending,Comparative effectiveness of two abbreviated rectal MRI protocols in assessing tumor response to neoadjuvant chemoradiotherapy in patients with rectal cancer.
b2,39385125,2024,10.1186/s12885-024-12972-6,PMC11463052,pending,CapeOX as neoadjuvant chemotherapy for locally advanced rectal cancer: might less be more?
b2,39379733,2024,10.1007/s00432-024-05986-x,PMC11461781,pending,Novel deep learning radiomics nomogram-based multiparametric MRI for predicting the lymph node metastasis in rectal cancer: A dual-center study.
b2,39368416,2024,10.1016/j.esmoop.2024.103735,PMC11492031,pending,MRI-based radiomics for stratifying recurrence risk of early-onset rectal cancer: a multicenter study.
b2,39367333,2024,10.1186/s12880-024-01439-6,PMC11453062,pending,MRI T2WI-based radiomics combined with KRAS gene mutation constructed models for predicting liver metastasis in rectal cancer.
b2,39360080,2024,10.7759/cureus.68461,PMC11446489,pending,A Review of Neoadjuvant Therapy and the Watch-and-Wait Protocol in Rectal Cancer: Current Evidence and Future Directions.
b2,39342580,2024,10.31557/APJCP.2024.25.9.3029,PMC11700330,pending,Role of Intravoxel Incoherent Motion and Dynamic-Contrast-Enhanced Perfusion in Response Prediction of Patients with Colorectal Cancer after Neoadjuvant Chemotherapy.
b2,39333910,2024,10.1186/s12876-024-03433-2,PMC11437677,pending,Deep pelvis and low visceral fat mass as risk factors for neurogenic bladder after rectal cancer surgery.
b2,39333450,2024,10.1007/s00384-024-04721-9,PMC11436429,pending,Does the initial treatment of primary tumor impact prognosis after recurrence in locally advanced rectal cancer? Results from a retrospective cohort analysis.
b2,39330757,2024,10.3390/tomography10090111,PMC11435900,pending,Skeletal Muscle Segmentation at the Level of the Third Lumbar Vertebra (L3) in Low-Dose Computed Tomography: A Lightweight Algorithm.
b2,39330748,2024,10.3390/tomography10090102,PMC11435673,pending,(18)F-Fluoroazomycin Arabinoside (FAZA) PET/MR as a Biomarker of Hypoxia in Rectal Cancer: A Pilot Study.
b2,39319400,2024,10.1093/bjs/znae246,PMC11422670,pending,Baseline MRI predictors of successful organ preservation in the Organ Preservation in Rectal Adenocarcinoma (OPRA) trial.
b2,39319094,2024,10.1016/j.phro.2024.100648,PMC11421252,pending,Incorporating patient-specific information for the development of rectal tumor auto-segmentation models for online adaptive magnetic resonance Image-guided radiotherapy.
b2,39315283,2024,10.1590/0100-3984.2024.57.e6,PMC11419564,pending,Rectal cancer management: the essential role of magnetic resonance imaging in neoadjuvant therapy.
b2,39312477,2024,10.1002/cam4.70170,PMC11418819,pending,Cross-sectional investigation of the distribution characteristics and prognostic significance of lateral lymph nodes in patients with rectal cancer.
b2,39310435,2024,10.7759/cureus.67526,PMC11416156,pending,The Role of Lateral Pelvic Lymph Node Dissection in Middle and Lower Rectal Cancer (Stage II or III): A Literature Review.
b2,39310024,2024,10.3892/ol.2024.14672,PMC11413726,pending,Clinical evaluation of the convolutional neural network‑based automatic delineation tool in determining the clinical target volume and organs at risk in rectal cancer radiotherapy.
b2,39309916,2024,10.1016/j.heliyon.2024.e37526,PMC11416531,pending,The diagnostic value of histogram analysis of DWI and DKI for the mismatch repair status of rectal adenocarcinoma.
b2,39304726,2024,10.1038/s41598-024-72916-9,PMC11415499,pending,Prediction of pathological response and lymph node metastasis after neoadjuvant therapy in rectal cancer through tumor and mesorectal MRI radiomic features.
b2,39296093,2024,10.1016/j.heliyon.2024.e36498,PMC11409036,pending,Development and validation of an MRI and clinicopathological factors prediction model for low anterior resection syndrome in anterior resection of middle and low rectal cancer.
b2,39292276,2024,10.1007/s00384-024-04717-5,PMC11410998,pending,Lateral pelvic lymph node positivity (LPLNP) score: predictive clinic-radiological model of lateral pelvic lymph node involvement in rectal cancer patients.
b2,39290702,2024,10.3389/fimmu.2024.1466226,PMC11405197,pending,Deciphering colorectal cancer radioresistance and immune microrenvironment: unraveling the role of EIF5A through single-cell RNA sequencing and machine learning.
b2,39286771,2024,10.1016/j.phro.2024.100634,PMC11402650,pending,Inter-fraction motion robustness in a prospective phase II trial on dose-escalated proton reirradiation for locally recurrent rectal cancer.
b2,39279945,2024,10.21037/jgo-22-961,PMC11399841,pending,MR-linac based radiation therapy in gastrointestinal cancers: a narrative review.
b2,39279931,2024,10.21037/jgo-24-537,PMC11399866,pending,The impact of transanal drainage tube on the incidence of anastomotic leakage and small bowel obstruction in radical surgery (Dixon) for rectal cancer: a retrospective cohort study.
b2,39276267,2024,10.1007/s00423-024-03471-0,PMC11401784,pending,The management of retrorectal tumors - a single-center analysis of 21 cases and overview of the literature.
b2,39272969,2024,10.3390/cancers16173111,PMC11394290,pending,The Role of Predictive and Prognostic MRI-Based Biomarkers in the Era of Total Neoadjuvant Treatment in Rectal Cancer.
b2,39267085,2024,10.1186/s13014-024-02506-6,PMC11395642,pending,Efficacy and safety of MR-guided adaptive simultaneous integrated boost radiotherapy to primary lesions and positive lymph nodes in the neoadjuvant treatment of locally advanced rectal cancer: a randomized controlled phase III trial.
b2,39264626,2024,10.1001/jamanetworkopen.2024.32927,PMC11393720,pending,Persistent Lymph Node Metastases After Neoadjuvant Chemoradiotherapy for Rectal Cancer.
b2,39260162,2024,10.1016/j.esmoop.2024.103703,PMC11415957,pending,mFOLFOX6 versus mFOLFOX6 + aflibercept as neoadjuvant treatment in MRI-defined T3-rectal cancer: a randomized phase-II-trial of the German Rectal Cancer Study Group (CAO/ARO/AIO 0214).
b2,39233560,2024,10.1002/jso.27852,PMC11849709,pending,Accuracy of Baseline Magnetic Resonance Imaging for Staging Rectal Cancer Patients Proceeding Directly to Surgery.
b2,39229569,2024,10.1002/ags3.12824,PMC11368511,pending,Tailoring rectal cancer surgery: Surgical approaches and anatomical insights during deep pelvic dissection for optimal outcomes in low-lying rectal cancer.
b2,39229550,2024,10.1002/ags3.12832,PMC11368503,pending,Identification of lateral pelvic nodes without metastasis in patients with rectal cancer treated with preoperative chemoradiotherapy or chemotherapy based on magnetic resonance imaging.
b2,39228061,2024,10.1002/pbc.31303,PMC11583849,pending,Outcomes for patients with perineal and perianal rhabdomyosarcoma: A report from the Children's Oncology Group Soft Tissue Sarcoma Committee.
b2,39225603,2024,10.1148/radiol.232748,PMC11427875,pending,MRI Predicts Residual Disease and Outcomes in Watch-and-Wait Patients with Rectal Cancer.
b2,39218934,2024,10.1186/s13014-024-02508-4,PMC11367860,pending,Dose tracking assessment for magnetic resonance guided adaptive radiotherapy of rectal cancers.
b2,39202192,2024,10.3390/diagnostics14161704,PMC11353868,pending,Micro-Computed Tomography Whole-Block Imaging Reveals Origin and Path of Rectal Cancer Tumor Deposits: A Pilot Study.
b2,39196580,2024,10.1001/jamasurg.2024.3260,PMC11359091,pending,Parastomal Hernia Prevention Using Funnel-Shaped Intra-Abdominal Mesh Compared to No Mesh: The Chimney Randomized Clinical Trial.
b2,39195303,2024,10.3390/curroncol31080320,PMC11352987,pending,Deciphering the Dilemma: Choosing the Optimal Total Neoadjuvant Treatment Strategy for Locally Advanced Rectal Cancer.
b2,39186173,2024,10.1186/s13244-024-01795-5,PMC11347551,pending,Different radiomics annotation methods comparison in rectal cancer characterisation and prognosis prediction: a two-centre study.
b2,39180940,2024,10.1016/j.ejca.2024.114291,PMC11536523,pending,Chemoradiotherapy plus induction or consolidation chemotherapy as total neoadjuvant therapy for locally advanced rectal cancer: Pooled analysis of the CAO/ARO/AIO-12 and the OPRA randomized phase 2 trials.
b2,39169941,2024,10.3389/fonc.2024.1421620,PMC11335664,pending,Factors associated with pathological complete remission after neoadjuvant chemoradiotherapy in locally advanced rectal cancer: a real-world clinical setting.
b2,39169173,2024,10.1038/s41416-024-02759-8,PMC11442706,pending,"Pre-treatment magnetic resonance imaging in anal cancer: large-scale evaluation of mrT, mrN and novel staging parameters."
b2,39164597,2024,10.1007/s00384-024-04708-6,PMC11335936,pending,Comparative analysis of organ preservation attempt and radical surgery in clinical T2N0 mid to low rectal cancer.
b2,39161384,2024,10.3389/fonc.2024.1356022,PMC11330806,pending,The role of superior hemorrhoidal vein ectasia in the preoperative staging of rectal cancer.
b2,39156701,2024,10.3389/fonc.2024.1374360,PMC11328831,pending,Outcomes associated with total neoadjuvant therapy with non-operative intent for rectal adenocarcinoma.
b2,39148902,2024,10.3389/fonc.2024.1421651,PMC11324464,pending,Different impacts of adipose tissue dynamics on prognosis in patients with resectable locally advanced rectal cancer treated with and without neoadjuvant treatment.
b2,39148409,2024,10.1111/ans.19201,PMC11713222,pending,Fluorescence imaging in reducing anastomotic leak after left-sided colorectal resections: a systematic review and updated meta-analysis.
b2,39144273,2024,10.5603/rpor.101096,PMC11321793,pending,Current landscape of gastrointestinal radiation oncology in Spain: a multicenter real-life survey and comparison with key clinical guidelines.
b2,39144004,2024,10.21037/qims-23-1614,PMC11320521,pending,Histogram analysis based on intravoxel incoherent motion diffusion-weighted imaging for determining the perineural invasion status of rectal cancer.
b2,39133330,2024,10.1007/s00464-024-11132-y,PMC11362201,pending,Correction: An artificial intelligence-based nerve recognition model is useful as surgical support technology and as an educational tool in laparoscopic and robot-assisted rectal cancer surgery.
b2,39126876,2024,10.1016/j.clinsp.2024.100464,PMC11369368,pending,Prognostic factors for local recurrence in patients with rectal cancer submitted to neoadjuvant chemoradiotherapy and total mesorectal excision.
b2,39120825,2024,10.1186/s13244-024-01772-y,PMC11315814,pending,Correction: Performance of dual-layer spectrum CT virtual monoenergetic images to assess early rectal adenocarcinoma T-stage: comparison with MR.
b2,39108362,2024,10.1093/jbmrpl/ziae087,PMC11299508,pending,Bone turnover biomarkers reflect radiation-induced bone injuries in women with non-metastatic rectal cancer.
b2,39108316,2024,10.25259/JCIS_43_2024,PMC11301790,pending,Does computed tomography-derived volumometry and densitometry of psoas muscle really correlate with complications in rectal cancer patients after elective surgery?
b2,39103772,2024,10.1186/s12876-024-03316-6,PMC11299282,pending,"Preoperative prediction of rectal Cancer staging combining MRI deep transfer learning, radiomics features, and clinical factors: accurate differentiation from stage T2 to T3."
b2,39102159,2024,10.1007/s10151-024-02969-5,PMC11300497,pending,Assessing neoadjuvant therapy recommendations in 19 national and international guidelines for rectal cancer.
b2,39099685,2024,10.3389/fonc.2024.1433190,PMC11294238,pending,"Prediction of lateral lymph node metastasis in rectal cancer patients based on MRI using clinical, deep transfer learning, radiomic, and fusion models."
b2,39087899,2024,10.1002/cam4.70075,PMC11293138,pending,Rectal adenocarcinoma: Ex vivo 9.4T MRI-correlation with histopathologic treatment response to neoadjuvant chemoradiotherapy.
b2,39085490,2024,10.1007/s00535-024-02133-8,PMC11415406,pending,The potential of an artificial intelligence for diagnosing MRI images in rectal cancer: multicenter collaborative trial.
b2,39083705,2024,10.1200/JCO.23.02030,PMC11458110,pending,Evaluation of CD3 and CD8 T-Cell Immunohistochemistry for Prognostication and Prediction of Benefit From Adjuvant Chemotherapy in Early-Stage Colorectal Cancer Within the QUASAR Trial.
b2,39073558,2024,10.1007/s00464-024-10939-z,PMC11362368,pending,An artificial intelligence-based nerve recognition model is useful as surgical support technology and as an educational tool in laparoscopic and robot-assisted rectal cancer surgery.
b2,39071468,2024,10.5306/wjco.v15.i7.790,PMC11271721,pending,Neoadjuvant treatment of rectal cancer: Where we are and where we are going.
b2,39054479,2024,10.1186/s13014-024-02492-9,PMC11271028,pending,MOREOVER: multiomics MR-guided radiotherapy optimization in locally advanced rectal cancer.
b2,39050261,2024,10.1590/0100-3984.2024.0004,PMC11268099,pending,Restaging magnetic resonance imaging of the rectum after neoadjuvant therapy: a practical guide.
b3,39046997,2024,10.1371/journal.pone.0307606,PMC11268673,pending,Unraveling the role of computed tomography derived body composition metrics on anastomotic leakages rates in rectal cancer surgery: A protocol for a systematic review and meta-analysis.
b3,39046433,2024,10.1002/cam4.7416,PMC11267980,pending,Predictive value of circulating lymphocyte subsets and inflammatory indexes for neoadjuvant chemoradiotherapy response in rectal mucinous adenocarcinoma patients: A machine learning approach.
b3,39044838,2024,10.1177/20584601241258675,PMC11265246,pending,Radiology reporting in rectal cancer using magnetic resonance imaging: Comparison of reporting completeness between different reporting styles and structure.
b3,39040451,2024,10.3389/fonc.2024.1340081,PMC11260702,pending,Quantifying societal burden of radiation-induced small bowel toxicity in patients with rectal cancer.
b3,39022292,2024,10.21037/qims-24-7,PMC11250347,pending,Multiparametric magnetic resonance imaging (MRI)-based radiomics model explained by the Shapley Additive exPlanations (SHAP) method for predicting complete response to neoadjuvant chemoradiotherapy in locally advanced rectal cancer: a multicenter retrospective study.
b3,39017760,2024,10.1007/s11547-024-01853-4,PMC11322237,pending,Delta radiomics: an updated systematic review.
b3,39017754,2024,10.1007/s00423-024-03416-7,PMC11255083,pending,Magnetic resonance imaging radiomics-based prediction of severe inflammatory response in locally advanced rectal cancer patients after neoadjuvant radiochemotherapy.
b3,39016280,2024,10.1093/bjsopen/zrae073,PMC11252850,pending,Risk factors and development of machine learning diagnostic models for lateral lymph node metastasis in rectal cancer: multicentre study.
b3,39013324,2024,10.1016/j.ebiom.2024.105228,PMC11663784,pending,Identification and validation of a machine learning model of complete response to radiation in rectal cancer reveals immune infiltrate and TGFβ as key predictors.
b3,39008436,2024,10.1371/journal.pone.0307077,PMC11249271,pending,Preliminary study of indocyanine green-guided laparoscopic lateral lymph node dissection for rectal cancer.
b3,39006757,2024,10.1016/j.phro.2024.100599,PMC11245935,pending,Individual lymph node position variation for rectal cancer patients treated with long course chemoradiotherapy.
b3,39001926,2024,10.1007/s00432-024-05876-2,PMC11246300,pending,Deep learning model based on endoscopic images predicting treatment response in locally advanced rectal cancer undergo neoadjuvant chemoradiotherapy: a multicenter study.
b3,39001350,2024,10.3390/diagnostics14131461,PMC11241612,pending,Longitudinal Risk Analysis of Second Primary Cancer after Curative Treatment in Patients with Rectal Cancer.
b3,39001253,2024,10.3390/diagnostics14131363,PMC11240799,pending,Diagnostic Benefits and Surgical Implications of Methods for Tumor Localization in Sigmoid and Rectum Tumors.
b3,38996164,2024,10.1097/MD.0000000000038860,PMC11245182,pending,Does aortic calcification really affect anastomotic leakage after rectal cancer surgery?
b3,38989415,2024,10.21037/jgo-23-1019,PMC11231861,pending,Predicting bowel function after diverting stoma closure in patients with rectal cancer.
b3,38983364,2024,10.3389/fmed.2024.1394262,PMC11231084,pending,Deep learning for MRI lesion segmentation in rectal cancer.
b3,38983331,2024,10.4240/wjgs.v16.i6.1548,PMC11230005,pending,Efficacy of laparoscopic low anterior resection for colorectal cancer patients with 3D-vascular reconstruction for left coronary artery preservation.
b3,38983318,2024,10.4240/wjgs.v16.i6.1825,PMC11230036,pending,Peritoneal fluid indocyanine green test for diagnosis of gut leakage in anastomotic leakage rats and colorectal surgery patients.
b3,38982452,2024,10.1186/s13014-024-02467-w,PMC11232325,pending,Synthetic CT generation for pelvic cases based on deep learning in multi-center datasets.
b3,38977538,2024,10.1007/s10147-024-02582-4,PMC11420390,pending,Measurement of the distance between tumor micro-foci and gross tumor in rectal cancer pathological specimens: implication on margin distance of clinical target volume treated with high-dose radiotherapy for rectal cancer.
b3,38974246,2024,10.3389/fonc.2024.1386697,PMC11224439,pending,Identification of radiologic and clinicopathologic variables associated with tumor regression pattern and distribution of cancer cells after short-course radiotherapy and consolidation chemotherapy in patients with rectal cancer.
b3,38972182,2024,10.1016/j.ejrad.2024.111601,PMC11737601,pending,Prognostic value of lateral lymph node metastasis in pretreatment MRI for rectal cancer in patients undergoing neoadjuvant chemoradiation followed by surgical resection without lateral lymph node dissection: A systemic review and meta-analysis.
b3,38956690,2024,10.1186/s13014-024-02463-0,PMC11221028,pending,Localized fine-tuning and clinical evaluation of deep-learning based auto-segmentation (DLAS) model for clinical target volume (CTV) and organs-at-risk (OAR) in rectal cancer radiotherapy.
b3,38937278,2024,10.1093/jnci/djae152,PMC11542991,pending,Watch and wait in rectal cancer patients with residual mucin on magnetic resonance imaging following neoadjuvant therapy.
b3,38935817,2024,10.1097/JS9.0000000000001239,PMC11175807,pending,Application of radiomics for preoperative prediction of lymph node metastasis in colorectal cancer: a systematic review and meta-analysis.
b3,38927993,2024,10.3390/cancers16122220,PMC11201403,pending,"Correction: Sung et al. Linear Tumor Regression of Rectal Cancer in Daily MRI during Preoperative Chemoradiotherapy: An Insight of Tumor Regression Velocity for Personalized Cancer Therapy. Cancers 2022, 14, 3749."
b3,38926205,2024,10.1007/s00384-024-04672-1,PMC11208236,pending,Analysis of tumor microenvironment alterations in partially responsive rectal cancer patients treated with neoadjuvant chemoradiotherapy.
b3,38923236,2024,10.1002/cam4.7240,PMC11196379,pending,Radiomic score for lung nodules as a prognostic biomarker in locally advanced rectal cancer patients: A bi-institutional study.
b3,38922517,2024,10.1007/s12029-024-01062-2,PMC11347459,pending,Long-Term Functional Outcome After Early vs. Late Stoma Closure in Rectal Cancer Surgery: Sub-analysis of the Multicenter FORCE Trial.
b3,38922456,2024,10.1186/s13244-024-01726-4,PMC11208366,pending,Multiparametric MRI-based radiomic model for predicting lymph node metastasis after neoadjuvant chemoradiotherapy in locally advanced rectal cancer.
b3,38911065,2024,10.1002/mco2.609,PMC11190348,pending,Magnetic resonance imaging-based radiomics analysis for prediction of treatment response to neoadjuvant chemoradiotherapy and clinical outcome in patients with locally advanced rectal cancer: A large multicentric and validated study.
b3,38902675,2024,10.1186/s12876-024-03274-z,PMC11191295,pending,Comparison of conventional MRI analysis versus MRI-based radiomics to predict the circumferential margin resection involvement of rectal cancer.
b3,38888366,2024,10.1002/cam4.7224,PMC11184646,pending,PD-1 blockade enhances the effect of targeted chemotherapy on locally advanced pMMR/MSS colorectal cancer.
b3,38882939,2024,10.1055/s-0043-1770718,PMC11178387,pending,The Role of Intraoperative Radiotherapy Treatment of Locally Advanced Rectal Cancer.
b3,38863003,2024,10.1186/s12957-024-03427-0,PMC11167753,pending,Management of internal iliac and obturator lymph nodes in mid-low rectal cancer.
b3,38862951,2024,10.1186/s12885-024-12487-0,PMC11165899,pending,Diagnostic performance of Node Reporting and Data System (Node-RADS) for assessing mesorectal lymph node in rectal cancer by CT.
b3,38858280,2024,10.1007/s00259-024-06731-9,PMC11300525,pending,Intraoperative near infrared functional imaging of rectal cancer using artificial intelligence methods - now and near future state of the art.
b3,38846296,2024,10.21037/qims-23-1463,PMC11151230,pending,Contrast-enhanced pelvic magnetic resonance imaging (MRI) for the prediction of treatment response in mucinous rectal cancer.
b3,38831328,2024,10.1186/s12957-024-03423-4,PMC11145884,pending,Fertility-sparing uterine displacement for pelvic malignancies: surgical options and radiotherapy dosimetry on a human cadaver.
b3,38822883,2024,10.1007/s00423-024-03364-2,PMC11144127,pending,Surgeon assessment of significant rectal polyps using white light endoscopy alone and in comparison to fluorescence-augmented AI lesion classification.
b3,38819440,2024,10.1002/cam4.7251,PMC11141331,pending,A dynamic nomogram for predicting pathologic complete response to neoadjuvant chemotherapy in locally advanced rectal cancer.
b3,38805357,2024,10.1093/bjsopen/zrae044,PMC11132137,pending,"Robotic, transanal, and laparoscopic total mesorectal excision for locally advanced mid/low rectal cancer: European multicentre, propensity score-matched study."
b3,38789861,2024,10.1007/s00384-024-04651-6,PMC11126485,pending,Machine learning-based response assessment in patients with rectal cancer after neoadjuvant chemoradiotherapy: radiomics analysis for assessing tumor regression grade using T2-weighted magnetic resonance images.
b3,38788679,2024,10.1093/bjsopen/zrae029,PMC11126316,pending,"Total mesorectal excision in MRI-defined low rectal cancer: multicentre study comparing oncological outcomes of robotic, laparoscopic and transanal total mesorectal excision in high-volume centres."
b3,38787988,2024,10.1097/MD.0000000000038083,PMC11124751,pending,Determining the optimal distal resection margin in rectal cancer patients by imaging of large pathological sections: An experimental study.
b3,38783014,2024,10.1038/s41598-024-62584-0,PMC11116457,pending,A combinatorial MRI sequence-based radiomics model for preoperative prediction of microsatellite instability status in rectal cancer.
b3,38778698,2024,10.1002/cam4.7225,PMC11112298,pending,The association of preoperative hematologic parameters with short-term clinical outcomes in rectal cancer: A feature importance analysis.
b3,38773384,2024,10.1186/s12880-024-01291-8,PMC11106941,pending,Diagnostic value of one-stop CT energy spectrum and perfusion for angiogenesis in colon and rectum cancer.
b3,38764830,2024,10.4251/wjgo.v16.i5.1849,PMC11099437,pending,Magnetic resonance imaging-based lymph node radiomics for predicting the metastasis of evaluable lymph nodes in rectal cancer.
b3,38764818,2024,10.4251/wjgo.v16.i5.1796,PMC11099448,pending,Diagnostic performance of dynamic contrast-enhanced magnetic resonance imaging parameters and serum tumor markers in rectal carcinoma prognosis.
b3,38764764,2024,10.3748/wjg.v30.i18.2418,PMC11099392,pending,Construction of a nomogram model to predict technical difficulty in performing laparoscopic sphincter-preserving radical resection for rectal cancer.
b3,38759125,2024,10.1200/CCI.23.00219,PMC12123765,pending,"Automated, High-Throughput Platform to Generate a High-Reliability, Comprehensive Rectal Cancer Database."
b3,38757077,2024,10.1016/j.ijpt.2024.100019,PMC11095104,pending,PTCOG Gastrointestinal Subcommittee Lower Gastrointestinal Tract Malignancies Consensus Statement.
b3,38741926,2024,10.1016/j.ctro.2024.100789,PMC11089307,pending,Impact of body composition parameters on radiation therapy compliance in locally advanced rectal cancer: A retrospective observational analysis.
b3,38741654,2024,10.1007/s13193-024-01888-z,PMC11088601,pending,Study of Comparison of Magnetic Resonance Imaging with Surgical and Pathological features in Carcinoma Rectum Patients.
b3,38741635,2024,10.1007/s13193-024-01918-w,PMC11088593,pending,Outcomes Following Treatment of Pelvic Exenteration for Rectal Cancer in a Tertiary Care Center.
b3,38741630,2024,10.1007/s13193-024-01878-1,PMC11088610,pending,Quality of Life in Locally Advanced Carcinoma Rectum Patients During Various Phases of NACRT: An Indian Perspective.
b3,38730550,2024,10.1093/bjr/tqae098,PMC11186567,pending,Machine learning in predicting pathological complete response to neoadjuvant chemoradiotherapy in rectal cancer using MRI: a systematic review and meta-analysis.
b3,38724058,2024,10.1136/bmjopen-2023-079858,PMC11086471,pending,Perfusion outcomes with near-infrared indocyanine green imaging system in laparoscopic total mesorectal excision for mid-rectal or low-rectal cancer (POSTER): a study protocol.
b3,38720830,2024,10.21037/qims-24-406,PMC11074728,pending,Higher perfusion of rectum carcinoma relative to tumor-free rectal wall: quantification by a new imaging biomarker diffusion-derived vessel density (DDVD).
b3,38717479,2024,10.1007/s00384-024-04638-3,PMC11078832,pending,Evaluating postoperative hernia incidence and risk factors following pelvic exenteration.
b3,38706833,2024,10.1016/j.adro.2024.101483,PMC11066509,pending,Evaluation of Deep Learning Clinical Target Volumes Auto-Contouring for Magnetic Resonance Imaging-Guided Online Adaptive Treatment of Rectal Cancer.
b3,38701433,2024,10.1097/DCR.0000000000003301,PMC11250092,pending,Interrater Agreement of Height Assessment by Rigid Proctoscopy/Rectoscopy for Rectal Carcinoma.
b3,38700799,2024,10.1245/s10434-024-15311-y,PMC11600550,pending,Assessing Endoscopic Response in Locally Advanced Rectal Cancer Treated with Total Neoadjuvant Therapy: Development and Validation of a Highly Accurate Convolutional Neural Network.
b3,38694706,2024,10.3389/pore.2024.1611744,PMC11061551,pending,Evaluating complete response prediction rates in locally advanced rectal cancer with different radiomics segmentation approaches.
b3,38691233,2024,10.1186/s40792-024-01894-x,PMC11063011,pending,Unanticipated pathological clearance in two cases of clinical T4b dMMR/MSI-h advanced colorectal cancer: the potential of immune checkpoint inhibitors despite positive positron-emission tomography results.
b3,38690169,2024,10.3389/fonc.2024.1353446,PMC11060749,pending,Predicting rectal cancer prognosis from histopathological images and clinical information using multi-modal deep learning.
b3,38690027,2024,10.3748/wjg.v30.i16.2233,PMC11056922,pending,Preoperative prediction of perineural invasion of rectal cancer based on a magnetic resonance imaging radiomics model: A dual-center study.
b3,38689627,2024,10.5306/wjco.v15.i4.472,PMC11056856,pending,Management of lateral pelvic lymph nodes in rectal cancer: Is it time to reach an Agreement?
b3,38688632,2024,10.21873/invivo.13570,PMC11059920,pending,High-tailored Anal Canal Radiotherapy (HIT-ART): Outcomes of a 10-Year Single Center Clinical Experience.
b3,38688457,2024,10.1093/oncolo/oyae068,PMC11299955,pending,Rational treatment options for T1/2N0M0 squamous cell carcinoma of the anal canal: a population-based study combined with external validation.
b3,38684405,2024,10.3960/jslrt.24002,PMC11303966,pending,Spontaneous regression and rare relapse after excisional biopsy in long-term observation of 31 patients with primary conjunctival lymphoma.
b3,38673565,2024,10.3390/jcm13082292,PMC11051053,pending,Early Rectal Cancer and Local Excision: A Narrative Review.
b3,38672621,2024,10.3390/cancers16081539,PMC11048284,pending,Surgical Outcomes after Radiotherapy in Rectal Cancer.
b3,38671820,2024,10.3390/bioengineering11040399,PMC11048699,pending,Precision Identification of Locally Advanced Rectal Cancer in Denoised CT Scans Using EfficientNet and Voting System Algorithms.
b3,38669916,2024,10.1016/j.clinimag.2024.110166,PMC11090716,pending,Watch & wait - Post neoadjuvant imaging for rectal cancer.
b3,38668405,2024,10.3390/tomography10040048,PMC11054900,pending,The Additional Role of F18-FDG PET/CT in Characterizing MRI-Diagnosed Tumor Deposits in Locally Advanced Rectal Cancer.
b3,38664824,2024,10.1186/s12957-024-03389-3,PMC11044303,pending,Development and validation of machine learning models and nomograms for predicting the surgical difficulty of laparoscopic resection in rectal cancer.
b3,38654675,2024,10.1002/jmrs.794,PMC11638361,pending,Improved deep learning for automatic localisation and segmentation of rectal cancer on T2-weighted MRI.
b3,38654162,2024,10.1186/s12880-024-01269-6,PMC11040747,pending,Imaging segmentation mechanism for rectal tumors using improved U-Net.
b3,38652133,2024,10.1097/JS9.0000000000001014,PMC11254249,pending,Unraveling variations and enhancing prediction of successful sphincter-preserving resection for low rectal cancer: a post hoc analysis of the multicentre LASRE randomized clinical trial.
b3,38651169,2024,10.1093/gastro/goae035,PMC11035003,pending,Texture analysis of apparent diffusion coefficient maps: can it identify nonresponse to neoadjuvant chemotherapy for additional radiation therapy in rectal cancer patients?
b3,38633094,2024,10.1364/BOE.518204,PMC11019702,pending,In-vivo assessment of a rat rectal tumor using optical-resolution photoacoustic endoscopy.
b3,38627724,2024,10.1186/s12957-024-03379-5,PMC11020791,pending,Impact of grade on workup of rectal neuroendocrine tumors: a retrospective cohort study : Grade impact on workup of rectal NETs.
b3,38619675,2024,10.1186/s40792-024-01889-8,PMC11018568,pending,Two cases of strangulated bowel obstruction due to exposed vessel and nerve after laparoscopic and robot-assisted lateral lymph node dissection (LLND) for rectal cancer.
b3,38615709,2024,10.1016/j.modpat.2024.100493,PMC11193612,pending,Scattering-Based Light-Sheet Microscopy Imaging of Human Papillomavirus-Associated Squamous Lesions of the Anal Canal: A Proof-of-Principle Study.
b3,38605419,2024,10.1186/s40959-024-00223-3,PMC11007921,pending,Cancer therapy related cardiac dysfunction as a result of Panitumumab.
b3,38594327,2024,10.1038/s41698-024-00580-3,PMC11003957,pending,Image-based consensus molecular subtyping in rectal cancer biopsies and response to neoadjuvant chemoradiotherapy.
b3,38592109,2024,10.3390/jcm13051233,PMC10931769,pending,Stereotactic Navigation-Assisted Laparoscopic Resection of Challenging Low Pelvic Tumors: A Case Series.
b3,38591098,2024,10.1002/cam4.7107,PMC11002633,pending,Switching from FOLFIRI plus cetuximab to FOLFIRI plus bevacizumab based on early tumor shrinkage in RAS wild-type metastatic colorectal cancer: A phase II trial (HYBRID).
b3,38590908,2024,10.1016/j.heliyon.2024.e28769,PMC11000007,pending,Predicting rectal cancer tumor budding grading based on MRI and CT with multimodal deep transfer learning: A dual-center study.
b3,38577473,2024,10.4251/wjgo.v16.i3.773,PMC10989393,pending,Study on sex differences and potential clinical value of three-dimensional computerized tomography pelvimetry in rectal cancer patients.
b3,38577081,2024,10.4240/wjgs.v16.i3.823,PMC10989334,pending,Reinforced tissue matrix to strengthen the abdominal wall following reversal of temporary ostomies or to treat incisional hernias.
b3,38575793,2024,10.1007/s00432-024-05662-0,PMC10995092,pending,Clinicopathological factors predict residual lymph node metastasis in locally advanced rectal cancer with ypT0-2 after neoadjuvant chemoradiotherapy.
b3,38538828,2024,10.1007/s11547-024-01811-0,PMC11088547,pending,Multi-omics staging of locally advanced rectal cancer predicts treatment response: a pilot study.
b3,38535046,2024,10.3390/diagnostics14060625,PMC10969012,pending,"Machine Learning-Based Algorithms for Enhanced Prediction of Local Recurrence and Metastasis in Low Rectal Adenocarcinoma Using Imaging, Surgical, and Pathological Data."
b3,38529385,2024,10.3389/fonc.2024.1361300,PMC10961458,pending,Prediction of pathologic complete response to neoadjuvant chemoradiation in locally advanced rectal cancer.
b3,38528760,2024,10.4274/dir.2024.232460,PMC11589510,pending,Value of perfusion parameters from golden-angle radial sparse parallel dynamic contrast-enhanced magnetic resonance imaging in predicting pathological complete response after neoadjuvant chemoradiotherapy for locally advanced rectal cancer.
b3,38528693,2024,10.3348/kjr.2023.1213,PMC10973736,pending,Interpretation of Complete Tumor Response on MRI Following Chemoradiotherapy of Rectal Cancer: Inter-Reader Agreement and Associated Factors in Multi-Center Clinical Practice.
b3,38528456,2024,10.1186/s12885-024-12111-1,PMC10962183,pending,"ROAR-A: re-optimization based Online Adaptive Radiotherapy of anal cancer, a prospective phase II trial protocol."
b3,38513282,2024,10.1093/bjsopen/zrae014,PMC10957166,pending,Nomograms integrating the collagen signature and systemic immune-inflammation index for predicting prognosis in rectal cancer patients.
b3,38506889,2024,10.1001/jamasurg.2024.0184,PMC10955353,pending,Morbidity After Mechanical Bowel Preparation and Oral Antibiotics Prior to Rectal Resection: The MOBILE2 Randomized Clinical Trial.
b3,38505156,2024,10.1097/CU9.0000000000000183,PMC10946639,pending,The challenging management of malignant ureteral obstruction: Analysis of a series of 188 cases.
b3,38498392,2024,10.1097/JS9.0000000000001335,PMC11254239,pending,Multiparametric MRI subregion radiomics for preoperative assessment of high-risk subregions in microsatellite instability of rectal cancer patients: a multicenter study.
b3,38485756,2024,10.1038/s41575-024-00900-9,PMC11588332,pending,Future direction of total neoadjuvant therapy for locally advanced rectal cancer.
b3,38463367,2024,10.4240/wjgs.v16.i2.529,PMC10921216,pending,To explore the pathogenesis of anterior resection syndrome by magnetic resonance imaging rectal defecography.
b3,38463234,2024,10.3389/fonc.2024.1301710,PMC10921553,pending,A study on the radiomic correlation between CBCT and pCT scans based on modified 3D-RUnet image segmentation.
b3,38462629,2024,10.1038/s41392-024-01762-y,PMC10925604,pending,Efficacy and safety of PD-1 blockade plus long-course chemoradiotherapy in locally advanced rectal cancer (NECTAR): a multi-center phase 2 study.
b3,38456896,2024,10.1007/s00261-024-04213-y,PMC11613965,pending,"Comparison between pelvic MRI, CT, and PET/CT in baseline staging and radiation planning of anal squamous cell carcinoma."
b3,38454930,2024,10.3389/fonc.2024.1255438,PMC10917947,pending,Prediction by a multiparametric magnetic resonance imaging-based radiomics signature model of disease-free survival in patients with rectal cancer treated by surgery.
b3,38454349,2024,10.1186/s12885-024-11997-1,PMC10919051,pending,Fully semantic segmentation for rectal cancer based on post-nCRT MRl modality and deep learning framework.
b3,38418627,2024,10.1007/s00330-024-10645-3,PMC11364724,pending,ESR Essentials: Imaging in colorectal cancer-practice recommendations by ESGAR.
b3,38414120,2024,10.3393/ac.2023.00892.0127,PMC10915525,pending,Performance reporting design in artificial intelligence studies using image-based TNM staging and prognostic parameters in rectal cancer: a systematic review.
b3,38411722,2024,10.1186/s13244-024-01625-8,PMC10899552,pending,T2WI-based MRI radiomics for the prediction of preoperative extranodal extension and prognosis in resectable rectal cancer.
b3,38406803,2024,10.3389/fonc.2024.1294440,PMC10889124,pending,An immune-related gene prognostic prediction risk model for neoadjuvant chemoradiotherapy in rectal cancer using artificial intelligence.
b3,38400314,2024,10.3390/s24041156,PMC10893370,pending,The Effectiveness of an Adaptive Method to Analyse the Transition between Tumour and Peritumour for Answering Two Clinical Questions in Cancer Imaging.
b3,38399617,2024,10.3390/medicina60020330,PMC10890266,pending,Predicting the Feasibility of Curative Resection in Low Rectal Cancer: Insights from a Prospective Observational Study on Preoperative Magnetic Resonance Imaging Accuracy.
b3,38380369,2024,10.3389/fonc.2024.1337219,PMC10878416,pending,Interpretable machine learning model to predict surgical difficulty in laparoscopic resection for rectal cancer.
b3,38363197,2024,10.1148/rycan.230077,PMC10988347,pending,Multimodality Imaging to Direct Management of Primary and Recurrent Rectal Adenocarcinoma Beyond the Total Mesorectal Excision Plane.
b3,38362400,2024,10.3348/jksr.2024.0012,PMC10864143,pending,Erratum: Diagnostic Performance of Rectal CT for Staging Rectal Cancer: Comparison with Rectal MRI and Histopathology.
b3,38353633,2024,10.1148/ryai.230152,PMC10982819,pending,Multicenter Evaluation of a Weakly Supervised Deep Learning Model for Lymph Node Diagnosis in Rectal Cancer at MRI.
b3,38352181,2024,10.1093/bjro/tzad001,PMC10860507,pending,Radiotherapy dose escalation using pre-treatment diffusion-weighted imaging in locally advanced rectal cancer: a planning study.
b3,38350888,2024,10.1186/s12885-024-11899-2,PMC10863118,pending,"Alliance for clinical trials in Oncology (Alliance) trial A022101/NRG-GI009: a pragmatic randomized phase III trial evaluating total ablative therapy for patients with limited metastatic colorectal cancer: evaluating radiation, ablation, and surgery (ERASur)."
b3,38335901,2024,10.1016/j.jss.2023.12.047,PMC10947808,pending,Development of a Predictive Nomogram for Circumferential Resection Margin in Rectal Cancer Surgery.
b3,38322665,2024,10.1177/11795549241227423,PMC10845996,pending,Risk Factors for Distant Metastasis in T3 T4 Rectal Cancer.
b3,38322600,2024,10.1055/s-0043-1761473,PMC10843878,pending,"Novel and Innovative Surgical Strategies for Recurrent Rectal Cancer: Uncommon Resections, Local Interventions for Pelvic Reoccurrence, and Intraoperative Radiation Therapy."
b3,38317597,2024,10.1002/acm2.14259,PMC11005975,pending,Automatic end-to-end VMAT treatment planning for rectal cancers.
b3,38295317,2024,10.1200/PO.23.00256,PMC10843252,pending,Baseline and Longitudinal Neutrophil-to-Lymphocyte Ratio as Prognostic Factor for Metastatic Colorectal Cancer: A Secondary Analysis of the ITACa Randomized Trial.
b3,38293722,2024,10.1002/jcsm.13424,PMC10995272,pending,Influence of skeletal muscle and intermuscular fat on postoperative complications and long-term survival in rectal cancer patients.
b3,38289485,2024,10.1007/s00384-024-04595-x,PMC10827956,pending,Findings in magnetic resonance imaging for restaging locally advanced rectal cancer.
b3,38274389,2024,10.1016/j.ctro.2023.100721,PMC10808928,pending,Quality of life and clinical outcomes in rectal cancer patients treated on a 1.5T MR-Linac within the MOMENTUM study.
b3,38272561,2024,10.1136/jitc-2023-008436,PMC10824013,pending,Biomarkers of pembrolizumab efficacy in advanced anal squamous cell carcinoma: analysis of a phase II clinical trial and a cohort of long-term responders.
b3,38270249,2024,10.14309/ctg.0000000000000681,PMC11042766,pending,Deep Learning in High-Resolution Anoscopy: Assessing the Impact of Staining and Therapeutic Manipulation on Automated Detection of Anal Cancer Precursors.
b3,38263089,2024,10.1186/s12893-024-02316-3,PMC10804464,pending,What affects the selection of diverting ileostomy in rectal cancer surgery: a single-center retrospective study.
b3,38256556,2024,10.3390/jcm13020421,PMC10816962,pending,Performance and Dimensionality of Pretreatment MRI Radiomics in Rectal Carcinoma Chemoradiotherapy Prediction.
b3,38253770,2024,10.1038/s41698-024-00516-x,PMC10803303,pending,An automated deep learning pipeline for EMVI classification and response prediction of rectal cancer using baseline MRI: a multi-centre study.
b3,38250676,2024,10.1002/ags3.12720,PMC10797815,pending,Neoadjuvant S-1 and oxaliplatin plus bevacizumab therapy for high-risk locally advanced rectal cancer: A prospective multicenter phase II study.
b3,38248122,2024,10.3390/curroncol31010037,PMC10814650,pending,Artemis as Predictive Biomarker of Responsiveness to Preoperative Chemoradiotherapy in Patients with Locally Advanced Rectal Cancer.
b3,38248112,2024,10.3390/curroncol31010027,PMC10814313,pending,"An Informative Review of Radiomics Studies on Cancer Imaging: The Main Findings, Challenges and Limitations of the Methodologies."
b3,38245891,2024,10.1007/s13304-023-01748-5,PMC10995043,pending,A nomogram for predicting lymph nodes metastasis at the inferior mesenteric artery in rectal cancer: a retrospective case-control study.
b3,38243288,2024,10.1186/s12880-024-01200-z,PMC10799446,pending,Study on the diagnostic value of MDCT extramural vascular invasion in preoperative N staging of gastric cancer patients.
b3,38241536,2024,10.1097/MD.0000000000036961,PMC10798752,pending,Can 3D radiological calculations predict operational difficulties for rectal cancer?: A single center retrospective analysis.
b3,38231409,2024,10.1007/s00423-024-03231-0,PMC10794372,pending,Impact of CT-measured sarcopenic obesity on postoperative outcomes following colon cancer surgery.
b3,38228903,2024,10.1186/s13244-023-01593-5,PMC10792143,pending,Performance of dual-layer spectrum CT virtual monoenergetic images to assess early rectal adenocarcinoma T-stage: comparison with MR.
b3,38227140,2024,10.1007/s13246-023-01369-7,PMC10963571,pending,Potential dosimetric error in the adaptive workflow of a 1.5 T MR-Linac from patient movement relative to immobilisation systems.
b3,38223741,2024,10.1016/j.heliyon.2023.e23923,PMC10787243,pending,"CT radiomics for predicting the prognosis of patients with stage II rectal cancer during the three-year period after surgery, chemotherapy and radiotherapy."
b3,38223404,2024,10.3892/mco.2023.2702,PMC10784769,pending,Treatment options for neoadjuvant strategies of esophageal squamous cell carcinoma (Review).
b3,38200410,2024,10.1186/s12885-024-11829-2,PMC10782729,pending,"Anus preservation in low rectal adenocarcinoma based on MMR/MSI status (APRAM): a study protocol for a randomised, controlled, open-label, multicentre phase III trial."
b3,38194231,2024,10.1001/jamanetworkopen.2023.50903,PMC10777257,pending,Organ Preservation and Survival by Clinical Response Grade in Patients With Rectal Cancer Treated With Total Neoadjuvant Therapy: A Secondary Analysis of the OPRA Randomized Clinical Trial.
b3,38180954,2024,10.1093/oncolo/oyad336,PMC10911913,pending,Circulating Tumor DNA to Predict Radiographic and Pathologic Response to Total Neoadjuvant Therapy in Locally Advanced Rectal Cancer.
b3,38170894,2024,10.1093/bjsopen/zrad139,PMC10763995,pending,MRI-predicted extramural vascular invasion and tumour deposit are main predictors of disease-free survival in patients undergoing surgical resection for rectal cancer.
b3,38167665,2024,10.1038/s41598-023-50966-9,PMC10762039,pending,Quantitative MRI-based radiomics analysis identifies blood flow feature associated to overall survival for rectal cancer patients.
b3,38127337,2024,10.1001/jamaoncol.2023.5444,PMC10739079,pending,Abandonment of Routine Radiotherapy for Nonlocally Advanced Rectal Cancer and Oncological Outcomes.
b3,38106864,2024,10.1055/s-0043-1774300,PMC10723970,pending,Predicting Positive Radial Margin on Restaging MRI of Patients with Low Rectal Cancer: Can We Do Better?
b3,38106857,2024,10.1055/s-0043-1772695,PMC10723953,pending,Evaluation of an Objective MRI-Based Tumor Regression Grade (mrTRG) Score and a Subjective Likert Score for Assessing Treatment Response in Locally Advanced Rectal Cancers-A Retrospective Study.
b3,38073716,2024,10.1016/j.ctro.2023.100703,PMC10701125,pending,Radiomics of skeletal muscle helps to predict gastrointestinal toxicity in locally advanced rectal cancer patients receiving neoadjuvant chemoradiotherapy.
b3,38048750,2024,10.1016/j.jss.2023.11.006,PMC11010235,pending,Incidence of Secondary Cancers After Neoadjuvant Therapy for Locally Advanced Rectal Cancer.
b3,38042958,2024,10.1038/s41416-023-02500-x,PMC10803761,pending,Stromal localization of inactive CD8(+) T cells in metastatic mismatch repair deficient colorectal cancer.
b3,38000147,2024,10.1016/j.tranon.2023.101828,PMC10709626,pending,Lipid metabolism-associated genes serve as potential predictive biomarkers in neoadjuvant chemoradiotherapy combined with immunotherapy in rectal cancer.
b3,37994445,2024,10.1097/DCR.0000000000003038,PMC11186794,pending,Prediction of Pathologic Complete Response for Rectal Cancer Based on Pretreatment Factors Using Machine Learning.
b3,37982756,2024,10.1093/jnci/djad243,PMC10995848,pending,Morphological diversity of cancer cells predicts prognosis across tumor types.
b3,37979009,2024,10.1007/s00330-023-10447-z,PMC11166750,pending,Split scar sign to predict complete response in rectal cancer after neoadjuvant chemoradiotherapy: systematic review and meta-analysis.
b3,37932600,2024,10.1007/s00464-023-10517-9,PMC10776460,pending,"Permanent stoma rate and long-term stoma complications in laparoscopic, robot-assisted, and transanal total mesorectal excisions: a retrospective cohort study."
b3,37924344,2024,10.1007/s00330-023-10340-9,PMC11126458,pending,Training and external validation of pre-treatment FDG PET-CT-based models for outcome prediction in anal squamous cell carcinoma.
b3,37922377,2024,10.1002/acm2.14193,PMC10962489,pending,Impact of attenuation correction of radiotherapy hardware for positron emission tomography-magnetic resonance in ano-rectal radiotherapy patients.
b3,37919185,2024,10.1016/j.clcc.2023.10.001,PMC10922547,pending,Effectiveness of Biologic Agents Among Hispanic Patients With Metastatic Colorectal Cancer.
b3,37820978,2024,10.1016/j.mri.2023.10.002,PMC11138874,pending,Convolutional network denoising for acceleration of multi-shot diffusion MRI.
b3,37788410,2024,10.1200/JCO.23.00586,PMC10730081,pending,International Validation of the Immunoscore Biopsy in Patients With Rectal Cancer Managed by a Watch-and-Wait Strategy.
b3,37646807,2024,10.1007/s00330-023-10167-4,PMC10873460,pending,Outcomes and potential impact of a virtual hands-on training program on MRI staging confidence and performance in rectal cancer.
b3,37429949,2024,10.1007/s00066-023-02114-5,PMC10784345,pending,Magnetic resonance imaging of anal cancer: tumor characteristics and early prediction of treatment outcome.
b3,37395934,2024,10.1007/s11764-023-01410-4,PMC11424718,pending,Quality of life and symptom burden after rectal cancer surgery: a randomised controlled trial comparing patient-led versus standard follow-up.
b3,37393447,2024,10.3233/THC-220798,PMC10977434,pending,The value of multimodality MR in T staging evaluation after neoadjuvant therapy for rectal cancer.
b3,37260270,2024,10.1097/DCR.0000000000002752,PMC10715698,pending,Prognostic Implications of Lateral Lymph Nodes in Rectal Cancer: A Population-Based Cross-sectional Study With Standardized Radiological Evaluation After Dedicated Training.
b3,41647729,2023,10.1016/j.esmogo.2023.08.012,PMC12836764,pending,Circulating tumour DNA and MRI circumferential resection margin are key prognostic indicators for survival in rectal cancer.
b3,38390532,2023,10.4103/ijnm.ijnm_69_23,PMC10880856,pending,Ureteral Stone Mimicking Metastasis - Planar Bone Scan When Single-photon Emission Computed Tomography/Computed Tomography Is a Necessity.
b3,38328435,2023,10.3389/fonc.2023.1231508,PMC10849061,pending,Construction and validation of a progression prediction model for locally advanced rectal cancer patients received neoadjuvant chemoradiotherapy followed by total mesorectal excision based on machine learning.
b3,38288161,2023,10.3389/fgene.2023.1299599,PMC10822895,pending,Methylenetetrahydrofolate reductase polymorphic variants C677T and A1298C in rectal cancer in Slavic population: significance for cancer risk and response to chemoradiotherapy.
b3,38259008,2023,10.1097/JS9.0000000000000756,PMC10720841,pending,An easy-to-use artificial intelligence preoperative lymph node metastasis predictor (LN-MASTER) in rectal cancer based on a privacy-preserving computing platform: multicenter retrospective cohort study: erratum.
b3,38202179,2023,10.3390/jcm13010172,PMC10780006,pending,Advances in MRI-Based Assessment of Rectal Cancer Post-Neoadjuvant Therapy: A Comprehensive Review.
b3,38196531,2023,10.21037/jgo-23-683,PMC10772672,pending,Prognostic value of the ratio of pretreatment carcinoembryonic antigen to tumor volume in rectal cancer.
b3,38187830,2023,10.1007/s13193-023-01831-8,PMC10767130,pending,"The ""Watch and Wait"" Method After Chemoradiotherapy for Rectal Cancer Requiring Abdominoperineal Resection."
b3,38161529,2023,10.7759/cureus.51208,PMC10756688,pending,Enhanced Recovery After Surgery (ERAS) Approach: A Medical Complex Experience.
b3,38138297,2023,10.3390/medicina59122194,PMC10744935,pending,"Prognostic Value of Tumor Volume, Tumor Volume Reduction Rate and Magnetic Resonance Tumor Regression Grade in Rectal Cancer."
b3,38138265,2023,10.3390/medicina59122162,PMC10744943,pending,The Multipurpose Usage of Diffusion-Weighted MRI in Rectal Cancer.
b3,38136361,2023,10.3390/cancers15245816,PMC10741704,pending,Radiogenomics: Contemporary Applications in the Management of Rectal Cancer.
b3,38124365,2023,10.3393/ac.2023.00080.0011,PMC10781604,pending,Impact of consolidation chemotherapy in poor responders to neoadjuvant radiation therapy: magnetic resonance imaging-based clinical-radiological correlation in high-risk rectal cancers.
b3,38117396,2023,10.1186/s13244-023-01564-w,PMC10733230,pending,Predicting tumor deposits in rectal cancer: a combined deep learning model using T2-MR imaging and clinical features.
b3,38106286,2023,10.21037/qims-23-692,PMC10722083,pending,Radiomics for predicting survival in patients with locally advanced rectal cancer: a systematic review and meta-analysis.
b3,38105894,2023,10.3389/fmed.2023.1326324,PMC10722089,pending,Deep learning models for preoperative T-stage assessment in rectal cancer using MRI: exploring the impact of rectal filling.
b3,38105891,2023,10.3389/fmed.2023.1276672,PMC10722265,pending,Deep learning-based clinical-radiomics nomogram for preoperative prediction of lymph node metastasis in patients with rectal cancer: a two-center study.
b3,38100485,2023,10.1371/journal.pone.0290141,PMC10723658,pending,Machine learning based prediction of recurrence after curative resection for rectal cancer.
b3,38097594,2023,10.1038/s41598-023-49197-9,PMC10721617,pending,Deployment and assessment of a deep learning model for real-time detection of anal precancer with high frame rate high-resolution microendoscopy.
b3,38094524,2023,10.7759/cureus.48730,PMC10718152,pending,A Comparative Study on the Quality of MRI Reporting in Primary Rectal Cancer.
b3,38081790,2023,10.3393/ac.2023.00031.0004,PMC10781607,pending,Computed tomography-assessed presarcopenia and clinical outcomes after laparoscopic surgery for rectal cancer.
b3,38075095,2023,10.1155/2023/9754194,PMC10700884,pending,Retracted: Evaluation of the Risk of Recurrence in Patients with Local Advanced Rectal Tumours by Different Radiomic Analysis Approaches.
b3,38074653,2023,10.3389/fonc.2023.1230519,PMC10704453,pending,Feasibility of delta radiomics-based pCR prediction for rectal cancer patients treated with magnetic resonance-guided adaptive radiotherapy.
b3,38074652,2023,10.3389/fonc.2023.1230698,PMC10708912,pending,Comparison of preoperative CT- and MRI-based multiparametric radiomics in the prediction of lymph node metastasis in rectal cancer.
b3,38074647,2023,10.3389/fonc.2023.1242193,PMC10699861,pending,Body composition parameters combined with blood biomarkers and magnetic resonance imaging predict responses to neoadjuvant chemoradiotherapy in locally advanced rectal cancer.
b3,38071443,2023,10.5144/0256-4947.2023.348,PMC11182431,pending,Transanal minimally invasive surgery for benign and malignant rectal lesions: midterm outcomes from a tertiary center.
b3,38067368,2023,10.3390/cancers15235662,PMC10705093,pending,Prediction of Neoadjuvant Chemoradiotherapy Response in Rectal Cancer Patients Using Harmonized Radiomics of Multcenter (18)F-FDG-PET Image.
b3,38067239,2023,10.3390/cancers15235535,PMC10705332,pending,Clinical Tools for Rectal Cancer Response Assessment following Neoadjuvant Treatment in the Era of Organ Preservation.
b3,38049783,2023,10.1186/s12885-023-11671-y,PMC10696698,pending,Can we use a simple blood test to reduce unnecessary adverse effects from radiotherapy by timely identification of radiotherapy-resistant rectal cancers? MeD-Seq rectal study protocol.
b3,38044392,2023,10.1007/s12672-023-00824-x,PMC10694116,pending,"Resection margins, lymph node harvest and 3 year survival in open and laparoscopic colorectal cancer surgery; a prospective cohort study."
b3,38036687,2023,10.1186/s41824-023-00183-4,PMC10689635,pending,Signet cell rectal carcinoma with prostatic involvement detected by FAPI-04 PET-MRI fusion.
b3,38006203,2023,10.1093/bjsopen/zrad114,PMC10674077,pending,"Tumour, narrow pelvis and surgery specific factors for total mesorectal excision quality and morbidity following rectal cancer resection."
b3,38004246,2023,10.3390/life13112106,PMC10672442,pending,A Modified NAR Scoring Model Incorporating Immune Infiltration Characteristics to Better Predict Long-Term Survival Following Neoadjuvant Radiotherapy in Rectal Cancer.
b3,38002422,2023,10.3390/bioengineering10111298,PMC10669695,pending,"Preoperative Grading of Rectal Cancer with Multiple DWI Models, DWI-Derived Biological Markers, and Machine Learning Classifiers."
b3,38001587,2023,10.3390/cancers15225328,PMC10670363,pending,Beyond Total Mesorectal Excision (TME)-Results of MRI-Guided Multivisceral Resections in T4 Rectal Carcinoma and Local Recurrence.
b3,38001376,2023,10.1186/s13244-023-01552-0,PMC10673763,pending,Results of a diagnostic imaging audit in a randomised clinical trial in rectal cancer highlight the importance of careful planning and quality control.
b3,37958350,2023,10.3390/cancers15215176,PMC10649318,pending,Radiological Biomarkers in MRI directed Rectal Cancer Radiotherapy Volume Delineation.
b3,37958316,2023,10.3390/cancers15215142,PMC10647315,pending,Prediction of Radiation Treatment Response for Locally Advanced Rectal Cancer via a Longitudinal Trend Analysis Framework on Cone-Beam CT.
b3,37958309,2023,10.3390/cancers15215134,PMC10648149,pending,Radiomics Signature Based on Support Vector Machines for the Prediction of Pathological Complete Response to Neoadjuvant Chemoradiotherapy in Locally Advanced Rectal Cancer.
b3,37950314,2023,10.1186/s13014-023-02374-6,PMC10638784,pending,First clinical application of image-guided intraoperative electron radiation therapy with real time intraoperative dose calculation in recurrent rectal cancer: technical procedure.
b3,37941552,2023,10.3389/fonc.2023.1267838,PMC10628597,pending,Preoperative prediction of tumor budding in rectal cancer using multiple machine learning algorithms based on MRI T2WI radiomics.
b3,37933755,2023,10.2196/50110,PMC10753427,pending,Pharmaceutical Agents as Potential Drivers in the Development of Early-Onset Colorectal Cancer: Case-Control Study.
b3,37933042,2023,10.1097/MD.0000000000035756,PMC10627669,pending,Clinical application of a novel stent-assisted in situ intestinal bypass in preventing postoperative anastomotic leakage for low-mid rectal cancer: A retrospective study.
b3,37919401,2023,10.1038/s41598-023-46225-6,PMC10622418,pending,Predicting multiple linear stapler firings in double stapling technique with an MRI-based deep-learning model.
b3,37909021,2023,10.3389/fonc.2023.1194120,PMC10614283,pending,Effects of MRI radiomics combined with clinical data in evaluating lymph node metastasis in mrT1-3a staging rectal cancer.
b3,37907928,2023,10.1186/s13014-023-02368-4,PMC10619290,pending,Multiphase and multiparameter MRI-based radiomics for prediction of tumor response to neoadjuvant therapy in locally advanced rectal cancer.
b3,37903871,2023,10.1038/s41598-023-45939-x,PMC10616067,pending,Circulating DNA and frequency of colorectal cancer brain metastases in a presumed high-risk group.
b3,37894322,2023,10.3390/cancers15204955,PMC10605354,pending,"Urethral Injury in Rectal Cancer Surgery: A Comprehensive Study Using Cadaveric Dissection, Imaging Analyses, and Clinical Series."
b3,37892047,2023,10.3390/diagnostics13203226,PMC10606015,pending,MRI Tumor Regression Grade Combined with T2-Weighted Volumetry May Predict Histopathological Response in Locally Advanced Rectal Cancer following Neoadjuvant Chemoradiotherapy-A New Scoring System Proposal.
b3,37891611,2023,10.1186/s13014-023-02352-y,PMC10612200,pending,Attention mechanism based multi-sequence MRI fusion improves prediction of response to neoadjuvant chemoradiotherapy in locally advanced rectal cancer.
b3,37891502,2023,10.1186/s12880-023-01123-1,PMC10612175,pending,A novel radiomics based on multi-parametric magnetic resonance imaging for predicting Ki-67 expression in rectal cancer: a multicenter study.
b3,37870301,2023,10.4274/mirt.galenos.2023.07830,PMC10600547,pending,Pneumonia with Intense (68)Ga-FAPI Uptake Mimicking Metastasis on (68)Ga-FAPI PET/CT in a Patient with Rectal Cancer.
b3,37869474,2023,10.1016/j.phro.2023.100500,PMC10587515,pending,A network score-based metric to optimize the quality assurance of automatic radiotherapy target segmentations.
b3,37864414,2023,10.1002/cam4.6625,PMC10660615,pending,Survival outcomes of different neoadjuvant treatment regimens in patients with locally advanced rectal cancer and MRI-detected extramural venous invasion.
b3,37843705,2023,10.1186/s40658-023-00587-y,PMC10579211,not_found,The effects of various penalty parameter values in Q.Clear algorithm for rectal cancer detection on (18)F-FDG images using a BGO-based PET/CT scanner: a phantom and clinical study.
b3,37840123,2023,10.1186/s12967-023-04612-7,PMC10577972,pending,Bidirectional Mendelian randomization analysis of the genetic association between primary lung cancer and colorectal cancer.
b3,37835842,2023,10.3390/diagnostics13193099,PMC10572128,not_found,A Deep Learning Framework with Explainability for the Prediction of Lateral Locoregional Recurrences in Rectal Cancer Patients with Suspicious Lateral Lymph Nodes.
b3,37828450,2023,10.1186/s12880-023-01118-y,PMC10571450,pending,Predictive value of infiltrating tumor border configuration of rectal cancer on MRI.
b3,37809043,2023,10.3892/ol.2023.14062,PMC10551859,pending,Treatment response prediction of neoadjuvant chemotherapy for rectal cancer by deep learning of colonoscopy images.
b3,37803462,2023,10.1186/s13014-023-02350-0,PMC10557242,pending,Towards deep-learning (DL) based fully automated target delineation for rectal cancer neoadjuvant radiotherapy using a divide-and-conquer strategy: a study with multicenter blind and randomized validation.
b3,37803322,2023,10.1186/s13014-023-02353-x,PMC10557246,pending,THeragnostic utilities for neoplastic DisEases of the rectum by MRI guided radiotherapy (THUNDER 2) phase II trial: interim safety analysis.
b3,37798533,2023,10.1007/s00464-023-10448-5,PMC10709236,pending,Surgical treatment of retrorectal tumors: a plea for a laparoscopic approach.
b3,37794609,2023,10.1093/postmj/qgad095,PMC10658730,not_found,Computer image analysis with artificial intelligence: a practical introduction to convolutional neural networks for medical professionals.
b3,37781186,2023,10.3389/fonc.2023.1189324,PMC10539580,pending,The psoas muscle density as a predictor of postoperative complications in elderly patients undergoing rectal cancer resection.
b3,37772467,2023,10.1002/cam4.6541,PMC10587958,pending,The patient's perspective on radiation for rectal cancer: Initial expectations versus actual experience.
b3,37771870,2023,10.5662/wjm.v13.i4.259,PMC10523244,pending,External validation of the Moroccan Arabic version of the European Organization for Research and Treatment of Cancer colorectal (CR29) module: Monocentric study.
b3,37754494,2023,10.3390/curroncol30090579,PMC10529884,pending,"Report from the 24th Annual Western Canadian Gastrointestinal Cancer Consensus Conference on Colorectal Cancer, Richmond, British Columbia, 28-29, October 2022."
b3,37750945,2023,10.1259/bjr.20230243,PMC10607399,not_found,Imaging prediction of KRAS mutation in patients with rectal cancer through deep metric learning using pretreatment [(18)F]Fluorodeoxyglucose positron emission tomography/computed tomography.
b3,37750870,2023,10.1259/bjr.20230318,PMC10607404,pending,Sense and non-sense of imaging in the era of organ preservation for rectal cancer.
b3,37749564,2023,10.1186/s12957-023-03193-5,PMC10521534,pending,Quantitative dynamic contrast-enhance MRI parameters for rectal carcinoma characterization: correlation with tumor tissue composition.
b3,37749194,2023,10.1038/s41598-023-43211-w,PMC10519982,pending,Artificial intelligence based system for predicting permanent stoma after sphincter saving operations.
b3,37746305,2023,10.3389/fonc.2023.1109588,PMC10517628,not_found,Predicting the risk of distant metastasis in patients with locally advanced rectal cancer using model based on pre-treatment T2WI-based radiomic features plus postoperative pathological stage.
b3,37738440,2023,10.1093/jrr/rrad068,PMC10665299,pending,Definitive carbon ion re-irradiation with pencil beam scanning in the treatment of unresectable locally recurrent rectal cancer.
b3,37735896,2023,10.1177/15330338231201508,PMC10515520,not_found,CT-Guided Percutaneous Cryoablation for Lung Metastasis of Colorectal Cancer: A Case Series.
b3,37731023,2023,10.1038/s41416-023-02431-7,PMC10646086,pending,"A first-in-human phase 1 study of nofazinlimab, an anti-PD-1 antibody, in advanced solid tumors and in combination with regorafenib in metastatic colorectal cancer."
b3,37723592,2023,10.1186/s40644-023-00607-1,PMC10507842,pending,Prediction of p53 mutation status in rectal cancer patients based on magnetic resonance imaging-based nomogram: a study of machine learning.
b3,37719698,2023,10.3389/fgene.2023.1245594,PMC10501402,pending,Exploring novel genetic and hematological predictors of response to neoadjuvant chemoradiotherapy in locally advanced rectal cancer.
b3,37709314,2023,10.1136/bmjopen-2022-069793,PMC10503376,pending,Neoadjuvant chemoradiation therapy combined with immunotherapy for microsatellite stable ultra-low rectal cancer (CHOICE II): study protocol of a multicentre prospective randomised clinical trial.
b3,37702885,2023,10.1007/s11864-023-01125-9,PMC10643426,pending,The Crying Need for a Better Response Assessment in Rectal Cancer.
b3,37702196,2023,10.1111/cas.15959,PMC10637059,pending,High-dose rate endorectal brachytherapy for rectal cancer: A state-of-the-art review.
b3,37684648,2023,10.1186/s13063-023-07430-w,PMC10486037,not_found,PHaLIR: prevent hernia after loop ileostomy reversal-a study protocol for a randomized controlled multicenter study.
b3,37664046,2023,10.3389/fonc.2023.1234619,PMC10468971,pending,A multiple-time-scale comparative study for the added value of magnetic resonance imaging-based radiomics in predicting pathological complete response after neoadjuvant chemoradiotherapy in locally advanced rectal cancer.
b3,37655097,2023,10.3389/fonc.2023.1235121,PMC10465697,pending,A machine learning-based model for predicting distant metastasis in patients with rectal cancer.
b3,37653735,2023,10.1097/MD.0000000000034985,PMC10470674,pending,Neoadjuvant chemoradiotherapy with capecitabine based regimen in locally advanced rectal cancer: A retrospective study.
b3,37602638,2023,10.4103/sjg.sjg_85_23,PMC10754382,pending,Comparison of KRAS gene in circulating tumor DNA levels vs histological grading of colorectal cancer patients through liquid biopsy.
b3,37581503,2023,10.1148/radiol.230079,PMC10478788,pending,Extramural Venous Invasion and Tumor Deposit at Diffusion-weighted MRI in Patients after Neoadjuvant Treatment for Rectal Cancer.
b3,37581054,2023,10.21037/qims-22-1244,PMC10423373,pending,Golden-angle radial sparse parallel magnetic resonance imaging of rectal perfusion: utility in the diagnosis of poorly differentiated rectal cancer.
b3,37577010,2023,10.15386/mpr-2542,PMC10419690,pending,Preoperative MRI accuracy after neoadjuvant chemoradiation for locally advanced rectal cancer.
b3,37573297,2023,10.1186/s12893-023-02140-1,PMC10423425,pending,Mesorectal reconstruction with pedicled greater omental transplantation to relieve low anterior resection syndrome following total intersphincteric resection in patients with ultra-low rectal cancer.
b3,37569532,2023,10.3390/ijms241512159,PMC10418822,pending,Total Neoadjuvant Treatment for Locally Advanced Rectal Cancer Patients: Where Do We Stand?
b3,37568936,2023,10.3390/diagnostics13152573,PMC10417449,pending,Radiomic Features Are Predictive of Response in Rectal Cancer Undergoing Therapy.
b3,37568685,2023,10.3390/cancers15153869,PMC10416952,pending,Preoperative Radiotherapy with a Simultaneous Integrated Boost Compared to Chemoradiotherapy for cT3-4 Rectal Cancer: Long-Term Results of a Multicenter Randomized Study.
b3,37558922,2023,10.1038/s41416-023-02384-x,PMC10539304,pending,An MRI-based scoring system for pretreatment risk stratification in locally advanced rectal cancer.
b3,37546428,2023,10.3389/fonc.2023.1189334,PMC10399696,pending,The use of quantitative T1-mapping to identify cells and collagen fibers in rectal cancer.
b3,37540407,2023,10.1007/s13304-023-01614-4,PMC10435656,pending,Predictors of Clostridium difficile infection after stoma reversal following TaTME surgery.
b3,37535356,2023,10.1001/jamanetworkopen.2023.27109,PMC10401304,pending,Analysis of Time to Treatment and Survival Among Adults Younger Than 50 Years of Age With Colorectal Cancer in Canada.
b3,37510423,2023,10.3390/healthcare11141981,PMC10379628,pending,Impact of COVID-19 on Quality of Life in Long-Term Advanced Rectal Cancer Survivors.
b3,37499603,2023,10.1016/j.ebiom.2023.104726,PMC10388166,pending,Integrative deep learning analysis improves colon adenocarcinoma patient stratification at risk for mortality.
b3,37481493,2023,10.1245/s10434-023-13964-9,PMC10562504,pending,Navigation-Assisted Surgery for Locally Advanced Primary and Recurrent Rectal Cancer.
b3,37479864,2023,10.1038/s41598-023-38670-0,PMC10362018,pending,Machine learning-based approaches for cancer prediction using microbiome data.
b3,37462820,2023,10.1007/s00330-023-09942-0,PMC10598114,pending,Diffusion-weighted imaging complements T2-weighted MRI for tumour response assessment in squamous anal carcinoma.
b3,37458391,2023,10.5152/tjg.2023.22597,PMC10544611,pending,Radiation Oncologists' Approach to Rectosigmoid Junction Tumors in Turkey: The Turkish Society for Radiation Oncology Gastrointestinal Group Survey Study (TROD 02-007).
b3,37457020,2023,10.1016/j.ctro.2023.100656,PMC10339188,pending,Short-course preoperative radiotherapy increases pelvic fracture risk in rectal cancer.
b3,37455833,2023,10.37349/etat.2023.00142,PMC10344900,pending,Artificial intelligence and radiomics in magnetic resonance imaging of rectal cancer: a review.
b3,37452176,2023,10.1007/s00330-023-09920-6,PMC10667134,pending,Development and multicenter validation of a multiparametric imaging model to predict treatment response in rectal cancer.
b3,37443514,2023,10.1097/MD.0000000000034245,PMC10344533,pending,Nomogram including tumor deposition count to noninvasively evaluate the prognosis of rectal cancer patients: A retrospective study.
b3,37435214,2023,10.21037/jgo-23-405,PMC10331738,pending,Screening of key genes related to ferroptosis and a molecular interaction network analysis in colorectal cancer using machine learning and bioinformatics.
b3,37431270,2023,10.1177/15330338231186467,PMC10338728,pending,Predicting Rectal Cancer Response to Total Neoadjuvant Treatment Using an Artificial Intelligence Model Based on Magnetic Resonance Imaging and Clinical Data.
b3,37420246,2023,10.1186/s12957-023-03091-w,PMC10326933,pending,Persistent descending mesocolon as a vital risk factor for anastomotic failure and prolonged operative time for sigmoid colon and rectal cancers.
b3,37407899,2023,10.1007/s11605-023-05755-0,PMC10528925,not_found,Estimating Risk of Locoregional Failure and Overall Survival in Anal Cancer Following Chemoradiation: A Machine Learning Approach.
b3,37404759,2023,10.3389/fonc.2023.1195404,PMC10315900,pending,Application of a three-dimensional printed pelvic model in laparoscopic radical resection of rectal cancer.
b3,37377906,2023,10.3389/fonc.2023.1118518,PMC10292078,pending,The role of MRI after neochemoradiotherapy in predicting pathological tumor regression grade and clinical outcome in patients with locally advanced rectal adenocarcinoma.
b3,37370997,2023,10.3390/diagnostics13122104,PMC10296819,pending,Local Recurrences in Rectal Cancer: MRI vs. CT.
b3,37370882,2023,10.3390/diagnostics13121987,PMC10297215,pending,Radiomics from Mesorectal Blood Vessels and Lymph Nodes: A Novel Prognostic Predictor for Rectal Cancer with Neoadjuvant Therapy.
b3,37370692,2023,10.3390/cancers15123082,PMC10296157,pending,Delta Radiomic Analysis of Mesorectum to Predict Treatment Response and Prognosis in Locally Advanced Rectal Cancer.
b3,37370651,2023,10.3390/bioengineering10060720,PMC10294893,pending,Chemical Shift-Encoded Sequence (IDEAL-IQ) and Amide Proton Transfer (APT) MRI for Prediction of Histopathological Factors of Rectal Cancer.
b3,37370565,2023,10.3390/bioengineering10060634,PMC10295574,pending,Radiomics for the Prediction of Pathological Complete Response to Neoadjuvant Chemoradiation in Locally Advanced Rectal Cancer: A Prospective Observational Trial.
b3,37370032,2023,10.1186/s12885-023-11103-x,PMC10294487,pending,Neoadjuvant chemotherapy with modified FOLFOXIRI for locally advanced rectal cancer to transform effectively EMVI and MRF from positive to negative: results of a long-term single center phase 2 clinical trial.
b3,37365381,2023,10.1007/s11547-023-01652-3,PMC10317862,pending,Pattern of care for re-irradiation in locally recurrent rectal cancer: a national survey on behalf of the AIRO gastrointestinal tumors study group.
b3,37363997,2023,10.1158/1078-0432.CCR-23-0859,PMC10570673,not_found,Associations between AI-Assisted Tumor Amphiregulin and Epiregulin IHC and Outcomes from Anti-EGFR Therapy in the Routine Management of Metastatic Colorectal Cancer.
b3,37358604,2023,10.1007/s00261-023-03961-7,PMC10480283,pending,Predicting response to chemoradiotherapy in rectal cancer via visual morphologic assessment and staging on baseline MRI: a multicenter and multireader study.
b3,37334122,2023,10.7717/peerj.15408,PMC10269576,pending,A multi-class classification algorithm based on hematoxylin-eosin staining for neoadjuvant therapy in rectal cancer: a retrospective study.
b3,37330508,2023,10.1186/s13014-023-02285-6,PMC10276517,pending,Advantages and robustness of partial VMAT with prone position for neoadjuvant rectal cancer evaluated by CBCT-based offline adaptive radiotherapy.
b3,37325000,2023,10.3348/jksr.2023.0007,PMC10265231,pending,[Interpretation of Rectal MRI after Neoadjuvant Treatment in Patients with Rectal Cancer].
b3,37321815,2023,10.1136/bmjopen-2022-065010,PMC10277084,pending,Towards Response ADAptive Radiotherapy for organ preservation for intermediate-risk rectal cancer (preRADAR): protocol of a phase I dose-escalation trial.
b3,37313205,2023,10.5114/aoms/112531,PMC10259405,pending,Relationship between inferior mesenteric artery diameter and rectal cancer.
b3,37310167,2023,10.1002/14651858.CD002198.pub3,PMC10264720,pending,Local versus radical surgery for early rectal cancer with or without neoadjuvant or adjuvant therapy.
b3,37299595,2023,10.3390/nu15112632,PMC10255819,pending,Sarcopenic Obesity Is a Risk Factor for Worse Oncological Long-Term Outcome in Locally Advanced Rectal Cancer Patients: A Retrospective Single-Center Cohort Study.
b3,37296929,2023,10.3390/cancers15112967,PMC10252061,pending,The Role of MRI and PET/CT in Radiotherapy Target Volume Determination in Gastrointestinal Cancers-Review of the Literature.
b3,37296579,2023,10.3390/cells12111458,PMC10253213,pending,Evaluation of RAS Mutational Status in Liquid Biopsy to Monitor Disease Progression in Metastatic Colorectal Cancer Patients.
b3,37291527,2023,10.1186/s12880-023-01027-0,PMC10249234,not_found,Histogram analysis of dynamic contrast-enhanced magnetic resonance imaging to predict extramural venous invasion in rectal cancer.
b3,37287925,2023,10.3389/fonc.2023.1160159,PMC10243597,not_found,Treatment paradigm and prognostic factor analyses of rectal squamous cell carcinoma.
b3,37274803,2023,10.3748/wjg.v29.i19.2888,PMC10237092,pending,Radiomics in colorectal cancer patients.
b3,37274801,2023,10.3748/wjg.v29.i19.2979,PMC10237089,pending,Machine learning model for prediction of low anterior resection syndrome following laparoscopic anterior resection of rectal cancer: A multicenter study.
b3,37265550,2023,10.1159/000526633,PMC10230821,pending,Diagnostic and Therapeutic Management of Early Colorectal Cancer.
b3,37256101,2023,10.1016/j.eclinm.2023.101945,PMC10225622,pending,"Development and validation of a patient reported outcome measure for health-related quality of life for locally recurrent rectal cancer: a multicentre, three-phase, mixed-methods, cohort study."
b3,37250635,2023,10.3389/fmed.2023.1149056,PMC10213753,pending,"Region-specific deep learning models for accurate segmentation of rectal structures on post-chemoradiation T2w MRI: a multi-institutional, multi-reader study."
b3,37231115,2023,10.1038/s41598-023-35763-8,PMC10213059,pending,Predicting lymphovascular invasion in rectal cancer: evaluating the performance of golden-angle radial sparse parallel MRI for rectal perfusion assessment.
b3,37228304,2023,10.5005/jp-journals-10078-1396,PMC10203326,pending,Rho-kinase Inhibitors in Ocular Diseases: A Translational Research Journey.
b3,37218517,2023,10.1097/SLA.0000000000005907,PMC10481925,pending,Blood Perfusion Assessment by Indocyanine Green Fluorescence Imaging for Minimally Invasive Rectal Cancer Surgery (EssentiAL trial): A Randomized Clinical Trial.
b3,37201089,2023,10.21037/jgo-23-222,PMC10186500,pending,Effects of magnetic resonance imaging (MRI)-detected extramural vascular invasion (mrEMVI) and tumor deposits (TDs) on distant metastasis and long-term survival after surgery for stage III rectal cancer: a retrospective study grouped based on the relationship between the bottom of the tumor and peritoneal reflection.
b3,37184772,2023,10.1007/s10151-023-02803-4,PMC10638143,pending,An updated evaluation of the implementation of the sigmoid take-off landmark 1 year after the official introduction in the Netherlands.
b3,37184445,2023,10.1097/JS9.0000000000000438,PMC10389374,pending,Effect of interval between neoadjuvant chemoradiotherapy and surgery on oncological outcomes in poor responders with locally advanced rectal cancer: a retrospective cohort study.
b3,37179942,2023,10.21037/qims-22-879,PMC10167423,pending,Assessing the histopathological features of rectal adenocarcinoma with chemical shift-encoded sequence (CSE)-MRI and diffusion-weighted imaging (DWI).
b3,37172066,2023,10.1371/journal.pone.0285709,PMC10180662,pending,Applying a neoscore in locally advanced rectal cancer is beneficial in predicting local recurrences after surgery.
b3,37168940,2023,,PMC10165227,pending,Extramural venous invasion: a novel magnetic resonance imaging biomarker for adverse pathology in bladder cancer.
b3,37155130,2023,10.1007/s12029-022-00909-w,PMC11301614,pending,The Role of Radiomics in Rectal Cancer.
b3,37154929,2023,10.1007/s00432-023-04779-y,PMC10374480,pending,Neoadjuvant chemoradiotherapy versus neoadjuvant chemotherapy alone for patients with locally advanced rectal cancer: a propensity-score-matched analysis combined with SEER validation.
b3,37145311,2023,10.1007/s00261-023-03893-2,PMC10444656,pending,Rectal cancer lexicon 2023 revised and updated consensus statement from the Society of Abdominal Radiology Colorectal and Anal Cancer Disease-Focused Panel.
b3,37127032,2023,10.3171/CASE2316,PMC10555566,pending,Rectal dural metastasis masquerading as chronic subdural hematoma: illustrative case.
b3,37123445,2023,10.1016/j.patter.2023.100711,PMC10140608,pending,A boundary-guided transformer for measuring distance from rectal tumor to anal verge on magnetic resonance images.
b3,37120533,2023,10.1186/s13048-023-01153-x,PMC10148549,pending,Anastomotic leakage after resection of the rectosigmoid colon in primary ovarian cancer.
b3,37115093,2023,10.1097/MD.0000000000033575,PMC10146036,pending,"Planning adaptive treatment by longitudinal response assessment implementing MR imaging, liquid biopsy and analysis of microenvironment during neoadjuvant treatment of rectal cancer (PRIMO)."
b3,37113403,2023,10.3892/ol.2023.13783,PMC10126625,pending,Cardiac 18F‑FDG uptake and new‑onset rectal cancer.
b3,37106657,2023,10.3390/bioengineering10040468,PMC10135707,pending,Establishment of Surgical Difficulty Grading System and Application of MRI-Based Artificial Intelligence to Stratify Difficulty in Laparoscopic Rectal Surgery.
b3,37099182,2023,10.1007/s00261-023-03900-6,PMC11210452,not_found,A primer on rectal MRI in patients on watch-and-wait treatment for rectal cancer.
b3,37082450,2023,10.1093/gastro/goad017,PMC10112957,pending,"Total neoadjuvant treatment for MRI-stratified high-risk rectal cancer: a single-center, single-arm, prospective Phase II trial (PKUCH-R02)."
b3,37081037,2023,10.1038/s41598-023-33697-9,PMC10119273,pending,Early stoma closure after low anterior resection is not recommended due to postoperative complications and asymptomatic anastomotic leakage.
b3,37064150,2023,10.3389/fonc.2023.1125470,PMC10102576,pending,Assessing the predictive value of clinical factors to pathological complete response for locally advanced rectal cancer: An analysis of 124 patients.
b3,37064097,2023,10.3389/fonc.2023.1099168,PMC10098206,pending,Efficacy of concurrent radiotherapy in patients with locally advanced rectal cancer and synchronous metastasis receiving systemic therapy.
b3,37051159,2023,10.4174/astr.2023.104.4.205,PMC10083348,pending,Difference in prognostic impact of lateral pelvic lymph node metastasis between pre- and post-neoadjuvant chemoradiotherapy in rectal cancer patients.
b3,37035560,2023,10.3389/fsurg.2023.1125875,PMC10079943,pending,Applying interpretable machine learning algorithms to predict risk factors for permanent stoma in patients after TME.
b3,37027015,2023,10.1007/s00261-023-03891-4,PMC10775174,pending,Beyond squamous cell carcinoma: MRI appearance of uncommon anal neoplasms and mimickers.
b3,37026966,2023,10.1097/MD.0000000000033281,PMC10082321,pending,Value of apparent diffusion coefficient on MRI for prediction of histopathological type in anal fistula cancer.
b3,37011059,2023,10.1093/bjsopen/zrad018,PMC10069662,pending,Implications of the new MRI-based rectum definition according to the sigmoid take-off: multicentre cohort study.
b3,37010604,2023,10.1007/s00464-023-10008-x,PMC10322756,pending,Predictors for selective flexure mobilization during robotic anterior resection for rectal cancer: a prospective cohort analysis.
b3,37004557,2023,10.1007/s00261-023-03898-x,PMC10942660,not_found,MRI-based radiomic score increased mrTRG accuracy in predicting rectal cancer response to neoadjuvant therapy.
b3,37000002,2023,10.1148/rycan.239007,PMC10077089,pending,Multireader MRI Assessment of Rectal Cancer Response to Neoadjuvant Therapy.
b3,36996891,2023,10.1055/a-2032-3646,PMC10063340,pending,Magnifying endoscopy with narrow-band imaging and salvage endoscopic submucosal dissection of a locally advanced rectal adenocarcinoma after neoadjuvant chemoradiotherapy.
b3,36984010,2023,10.3390/life13030678,PMC10018642,pending,"Correction: Groen et al. Use of Image-Guided Surgical Navigation during Resection of Locally Recurrent Rectal Cancer. Life 2022, 12, 645."
b3,36978750,2023,10.3390/bioengineering10030359,PMC10045764,pending,Accelerated Diffusion-Weighted MRI of Rectal Cancer Using a Residual Convolutional Network.
b3,36972213,2023,10.1093/bjs/znad051,PMC10364523,pending,Watch and wait after neoadjuvant treatment in rectal cancer: comparison of outcomes in patients with and without a complete response at first reassessment in the International Watch & Wait Database (IWWD).
b3,36971272,2023,10.4274/dir.2022.221333,PMC10679710,pending,Diagnostic performance of magnetic resonance imaging in preoperative local staging of rectal cancer after neoadjuvant chemoradiotherapy.
b3,36969078,2023,10.3389/fonc.2023.993888,PMC10034158,pending,The repeatability and consistency of different methods for measuring the volume parameters of the primary rectal cancer on diffusion weighted images.
b3,36964328,2023,10.1245/s10434-023-13225-9,PMC10394736,pending,MRI Assessment of Extramural Venous Invasion Before and After Total Neoadjuvant Therapy for Locally Advanced Rectal Cancer and Its Association with Disease-Free and Overall Survival.
b3,36938675,2023,10.1002/cam4.5761,PMC10225194,pending,Radiological lymph-node size improves the prognostic value of systemic inflammation index in rectal cancer with pathologically negative nodes.
b3,36937315,2023,10.37349/etat.2023.00119,PMC10017185,pending,Artificial intelligence fusion for predicting survival of rectal cancer patients using immunohistochemical expression of Ras homolog family member B in biopsy.
b3,36932225,2023,10.1007/s00261-023-03863-8,PMC10929685,pending,Imaging of Anal Squamous Cell Carcinoma: Survey Results and Expert Opinion from the Rectal and Anal Cancer Disease-Focused Panel of the Society of Abdominal Radiology.
b3,36925913,2023,10.3389/fonc.2023.1133008,PMC10013156,pending,MRI-based pre-Radiomics and delta-Radiomics models accurately predict the post-treatment response of rectal adenocarcinoma to neoadjuvant chemoradiotherapy.
b3,36919880,2023,10.2214/AJR.23.29002,PMC10777341,not_found,Mucinous Degeneration on MRI After Neoadjuvant Therapy in Patients With Rectal Adenocarcinoma: Frequency and Association With Clinical Outcomes.
b3,36915299,2023,10.21037/qims-22-624,PMC10006105,pending,Synthetic magnetic resonance imaging predicts the prognostic evaluation of rectal cancer.
b3,36906661,2023,10.1007/s10151-023-02773-7,PMC11181310,pending,Magnifying chromoendoscopy is a reliable method in the selection of rectal neoplasms for local excision.
b3,36902845,2023,10.3390/jcm12052058,PMC10004457,pending,Radiomic Features from Post-Operative (18)F-FDG PET/CT and CT Imaging Associated with Locally Recurrent Rectal Cancer: Preliminary Findings.
b3,36900249,2023,10.3390/cancers15051457,PMC10001362,pending,Immune Microenvironment in Sporadic Early-Onset versus Average-Onset Colorectal Cancer.
b3,36896297,2023,10.4240/wjgs.v15.i2.177,PMC9988648,pending,Surveillance strategies following curative resection and non-operative approach of rectal cancer: How and how long? Review of current recommendations.
b3,36896217,2023,10.1016/j.adro.2023.101192,PMC9991532,pending,Outcomes and Prognostic Factors for Locally Recurrent Rectal Cancer Treated With Proton Beam Therapy.
b3,36894810,2023,10.1007/s00464-023-09963-2,PMC10338552,pending,Clinical application of machine learning and computer vision to indocyanine green quantification for dynamic intraoperative tissue characterisation: how to do it.
b3,36890929,2023,10.4314/ejhs.v33i1.11,PMC9987274,pending,High Magnitude Advanced Colorectal Cancer at Diagnosis in Ethiopian Patients: Imaging Pattern and Associated Factors.
b3,36890815,2023,10.3389/fonc.2023.1078863,PMC9986582,pending,Preoperative prediction of tumor deposits in rectal cancer with clinical-magnetic resonance deep learning-based radiomic models.
b3,36882082,2023,10.1093/bjsopen/zrac176,PMC9991500,pending,Automatic purse-string suture skill assessment in transanal total mesorectal excision using deep learning-based video analysis.
b3,36874463,2023,10.3389/fsurg.2023.1106177,PMC9981957,pending,"Downsizing of rectal cancer following neoadjuvant radiotherapy (5 × 5 Gy) and long interval surgery evaluated using MRI semiautomated volumetric measurements, a retrospective study."
b3,36853286,2023,10.31557/APJCP.2023.24.2.401,PMC10162625,pending,"Value of Conventional MRI, DCE-MRI, and DWI-MRI in the Discrimination of Metastatic from Non-Metastatic Lymph Nodes in Rectal Cancer: A Systematic Review and Meta-Analysis Study."
b3,36843078,2023,10.1186/s12957-023-02933-x,PMC9969644,pending,Advances in pelvic imaging parameters predicting surgical difficulty in rectal cancer.
b3,36836024,2023,10.3390/jcm12041489,PMC9966470,pending,Post-Surgical Imaging Assessment in Rectal Cancer: Normal Findings and Complications.
b3,36831354,2023,10.3390/cancers15041009,PMC9953931,pending,Online Adaptive MRI-Guided Radiotherapy for Primary Tumor and Lymph Node Boosting in Rectal Cancer.
b3,36831076,2023,10.3390/biomedicines11020540,PMC9953361,pending,Colorectal Cancer (CRC): Investigating the Expression of the Suppressor of Fused (SuFu) Gene and Its Relationship with Several Inflammatory Blood-Based Biomarkers.
b3,36830812,2023,10.3390/biomedicines11020274,PMC9952975,pending,Reappraisal of the Lymphatic Drainage System of the Distal Rectum: Functional Lymphatic Flow into the Presacral Space and Its Clinical Implication in Rectal Cancer Treatment.
b3,36826155,2023,10.3390/curroncol30020194,PMC9955503,pending,Association between Dynamic Contrast-Enhanced MRI Parameters and Prognostic Factors in Patients with Primary Rectal Cancer.
b3,36820708,2023,10.4274/mirt.galenos.2022.53824,PMC9950681,pending,A Rare Hernia Mimicking Implant in a Patient with Rectal Adenocarcinoma: Internal Herniation.
b3,36820009,2023,10.4274/mirt.galenos.2022.94547,PMC9950674,pending,Incidental Detection of Pseudomembranous Colitis Through (18)F-FDG PET/CT During the Restaging of Colorectal Cancer.
b3,36814032,2023,10.1007/s00330-023-09480-9,PMC10394731,pending,MRI assessment of rectal cancer response to neoadjuvant therapy: a multireader study.
b3,36787174,2023,10.1093/bjsopen/zrac168,PMC9927560,pending,"Short-term outcomes of health-related quality of life in patients with locally recurrent rectal cancer: multicentre, international, cross-sectional cohort study."
b3,36768257,2023,10.3390/ijms24031935,PMC9915427,pending,Superiority of [(11)C]methionine over [(18)F]deoxyglucose for PET Imaging of Multiple Cancer Types Due to the Methionine Addiction of Cancer.
b3,36765878,2023,10.3390/cancers15030921,PMC9913523,pending,Integrated Intensified Chemoradiation in the Setting of Total Neoadjuvant Therapy (TNT) in Patients with Locally Advanced Rectal Cancer: A Retrospective Single-Arm Study on Feasibility and Efficacy.
b3,36765348,2023,10.1186/s12935-023-02864-3,PMC9912542,pending,Clinicopathological significance and prognostic role of LAG3 + tumor-infiltrating lymphocytes in colorectal cancer; relationship with sidedness.
b3,36741013,2023,10.3389/fonc.2023.1031581,PMC9890074,pending,MRI VS. FDG-PET for diagnosis of response to neoadjuvant therapy in patients with locally advanced rectal cancer.
b3,36737522,2023,10.1007/s00261-022-03746-4,PMC12285713,pending,Rectal cancer pelvic recurrence: imaging patterns and key concepts to guide treatment planning.
b3,36729506,2023,10.14309/ctg.0000000000000558,PMC9944690,pending,Automated In Vivo High-Resolution Imaging to Detect Human Papillomavirus-Associated Anal Precancer in Persons Living With HIV.
b3,36727777,2023,10.1097/JCMA.0000000000000887,PMC12755438,pending,Radiomic features derived from pretherapeutic MRI predict chemoradiation response in locally advanced rectal cancer.
b3,36719559,2023,10.1007/s12029-022-00906-z,PMC10754735,pending,A Review of Circulating Tumor DNA as a Biomarker Guide for Total Neoadjuvant Therapy in Patients with Locally Advanced Rectal Cancer.
b3,36718357,2023,10.1016/j.phro.2023.100417,PMC9883255,pending,Imaging the tumour microenvironment in rectal cancer: Decline in tumour blood flow during radiotherapy predicts good outcome.
b3,36688017,2023,10.3748/wjg.v29.i3.536,PMC9850934,pending,Magnetic resonance imaging-based deep learning model to predict multiple firings in double-stapled colorectal anastomosis.
b3,36678245,2023,10.3390/nu15020374,PMC9864407,pending,Abdominal Fat Characteristics and Mortality in Rectal Cancer: A Retrospective Study.
b3,36673079,2023,10.3390/diagnostics13020269,PMC9858257,pending,Preoperative Prediction of Microsatellite Instability in Rectal Cancer Using Five Machine Learning Algorithms Based on Multiparametric MRI Radiomics.
b3,36672381,2023,10.3390/cancers15020432,PMC9857080,pending,Radiomics Approaches for the Prediction of Pathological Complete Response after Neoadjuvant Treatment in Locally Advanced Rectal Cancer: Ready for Prime Time?
b3,36652149,2023,10.1186/s13244-022-01348-8,PMC9849549,pending,MRI anatomy of the rectum: key concepts important for rectal cancer staging and treatment planning.
b3,36650498,2023,10.1186/s12885-023-10534-w,PMC9847040,pending,Biparametric magnetic resonance imaging-based radiomics features for prediction of lymphovascular invasion in rectal cancer.
b3,36647027,2023,10.1186/s12885-023-10522-0,PMC9843961,pending,Comparison of CT derived body composition at the thoracic T4 and T12 with lumbar L3 vertebral levels and their utility in patients with rectal cancer.
b3,36635737,2023,10.1186/s40644-022-00514-x,PMC9835251,not_found,Associations of muscle and adipose tissue parameters with long-term outcomes in middle and low rectal cancer: a retrospective cohort study.
b3,36604699,2023,10.1186/s13014-022-02193-1,PMC9817323,pending,Mesorectal motion evaluation in rectal cancer MR-guided radiotherapy: an exploratory study to quantify treatment margins.
b3,36599112,2023,10.1097/DCR.0000000000002623,PMC9931656,pending,"The Use of the Protease Inhibitor, Saquinavir, to Treat Anal Cancer Spheroids Derived From Human Papillomavirus Transgenic Mice."
b3,36538694,2023,10.1097/DCR.0000000000002450,PMC11584182,pending,Limits of Clinical Restaging in Detecting Responders After Neoadjuvant Therapies for Rectal Cancer.
b3,36534496,2023,10.1158/1078-0432.CCR-22-2538,PMC9975664,pending,Metastatic Colorectal Cancer Treatment Response Evaluation by Ultra-Deep Sequencing of Cell-Free DNA and Matched White Blood Cells.
b3,36525395,2023,10.1097/DCR.0000000000002624,PMC10591203,pending,Multiplexed Immunofluorescence Imaging Reveals an Immune-Rich Tumor Microenvironment in Mucinous Rectal Cancer Characterized by Increased Lymphocyte Infiltration and Enhanced Programmed Cell Death Protein 1 Expression.
b3,36471751,2023,10.1016/j.ctro.2022.11.009,PMC9719068,pending,MRI-based radiomics to predict neoadjuvant chemoradiotherapy outcomes in locally advanced rectal cancer: A multicenter study.
b3,36407490,2023,10.1016/j.ctro.2022.10.013,PMC9668658,pending,"BioXmark® liquid fiducials to enable radiotherapy tumor boosting in rectal cancer, a feasibility trial."
b3,42604092,2026,10.1016/j.ctro.2026.101254,PMC13476737,not_found,"Total neoadjuvant therapy for rectal cancer: where are we now, where do we go?"
b3,42601975,2026,10.3389/fonc.2026.1910961,PMC13472932,not_found,Early prediction of pathological complete response in rectal cancer: a dynamic immune remodeling hypothesis during neoadjuvant treatment.
b3,42594359,2026,10.1093/bjsopen/zrag100,PMC13472491,not_found,Oncological outcomes and treatment characteristics of patients with cT3-4 mesorectal fascia positive rectal cancer operated in 2016: Dutch nationwide cohort with standardized magnetic resonance imaging re-assessment.
b3,42588609,2026,10.3390/cancers18152390,PMC13463893,not_found,Predicting Pathological Complete Response in Rectal Cancer: External Validation of Clinical Models.
b3,42583456,2026,10.1097/MS9.0000000000005222,PMC13460672,not_found,"Study on the mechanism of ""Sang-Mei Decoction"" in postoperative rectal cancer based on evaluation with a meridian assessment instrument."
b3,42582989,2026,10.1016/j.esmogo.2026.100355,PMC13459590,not_found,Reassessing the role of CEA in the treatment of rectal cancer in the era of TNT.
b3,42571219,2026,10.1177/11795549261475518,PMC13451741,not_found,Short-Course Radiotherapy Combined With CapeOx and PD-1 Inhibitor Following Local Excision in High-Risk Early Rectal Cancer: Study Protocol for a Prospective Phase II Trial (TORCH-LE).
b3,42569633,2026,10.1016/j.ctro.2026.101237,PMC13450439,not_found,Quantitative MRI T1 relaxation time as a biomarker of complete response in rectal cancer six weeks after neoadjuvant therapy: a prospective study.
b3,42564594,2026,10.7759/cureus.112190,PMC13443989,not_found,Impact of a Structured MRI Reporting Template on the Completeness of Primary Rectal Cancer Staging Reports: A Retrospective Audit.
b3,42551037,2026,10.1093/bjsopen/zrag045,PMC13436816,not_found,"Quality of life, bowel dysfunction, and long-term oncological outcomes after transanal versus laparoscopic total mesorectal excision for mid- and low- rectal cancer (Ta-LaTME study): multicentre randomized open-label trial."
b3,42539793,2026,10.23922/jarc.2025-106,PMC13424421,not_found,"Prediction of Pathological Complete Response after Chemoradiation for Locally Advanced Rectal Cancer Using Machine Learning with Clinical Features, the INTERCEPTOR Study Preliminary Model."
b3,42535226,2026,10.23922/jarc.2026-007,PMC13423477,not_found,Vaginal Estriol Tablet Therapy for Rectovaginal Fistula after Low Rectal Surgery: Endoscopic Evaluation of Efficacy and Healing Mechanism.
b3,42528735,2026,10.3389/fonc.2026.1867185,PMC13414183,not_found,Current evidence on the management of re-recurrent rectal cancer: a systematic review.
b3,42510157,2026,10.3390/diagnostics16142294,PMC13407901,not_found,Pretreatment Staging FDG PET-Derived Radiomic Score Predicts Progression-Free Survival in Locally Advanced Rectal Cancer Treated with Total Neoadjuvant Therapy.
b3,42509089,2026,10.1016/j.ebiom.2026.106397,PMC13476900,not_found,Tumour cell density quantified by artificial intelligence is associated with differential benefit from irinotecan-based chemo-radiotherapy in locally advanced rectal cancer: a post-hoc study of the phase 3 ARISTOTLE trial.
b3,42507765,2026,10.1177/15330338261473039,PMC13408062,not_found,Prognostic Factors and Radiotherapy Benefit in pT3N0M0 Rectal Cancer: A Retrospective Analysis.
b3,42506362,2026,10.3390/medsci14030393,PMC13414229,not_found,Total Neoadjuvant Therapy Versus Long-Course Chemoradiotherapy in Locally Advanced Rectal Cancer: Real-World Tumor Response and Clinical Outcomes.
b3,42500279,2026,10.3389/fonc.2026.1801287,PMC13395617,not_found,Analysis of clinicopathological features and prognosis of mesenteric versus anti-mesenteric rectal cancer: a single-center retrospective cohort study.
b3,42495710,2026,10.34133/cancomm.0041,PMC13392285,not_found,Short-Course Radiotherapy-Based Total Neoadjuvant Therapy plus Tislelizumab for Locally Advanced Rectal Cancer (Neo-STAR): Early Outcomes of a Randomized Phase II Trial.
b3,42495671,2026,10.1002/ags3.70218,PMC13393513,not_found,Diagnostic Accuracy of Size-Based Preoperative CT Assessment for Predicting Lymph Node Metastasis in Colon Cancer: A Systematic Review and Meta-Analysis.
b3,42494071,2026,10.1111/codi.70560,PMC13396530,not_found,A simple MRI/PET-derived index predicts relapse-free survival after neoadjuvant chemoradiotherapy in locally advanced rectal cancer.
b3,42490909,2026,10.3389/fonc.2026.1862322,PMC13375517,not_found,Habitat-based amide proton transfer-weighted MRI model for predicting BRAF mutation and prognostic stratification in rectal cancer.
b3,42465005,2026,10.62347/JESM9471,PMC13373570,not_found,Various machine learning prediction models for short-term postoperative prognosis of colorectal cancer based on intraoperative hypothermia.
b3,42458874,2026,10.1111/codi.70554,PMC13373332,not_found,Indocyanine green-guided robotic-assisted mesorectal lymphadenectomy for high-risk T1 rectal carcinoma: Preliminary results of a prospective cohort study (IDEAL stage 2a).
b3,42452606,2026,10.3390/jcm15135146,PMC13362831,not_found,MRI Dark-Light-Dark Sign and Node Reporting Score: An Integrated Model for Predicting Lymph Node Metastasis in Rectal Cancer.
b3,42449666,2026,10.3390/cancers18132124,PMC13359493,not_found,Plasma Sphingomyelin as a Post-Treatment Monitoring Biomarker for Pathological Response in Locally Advanced Rectal Cancer.
b3,42449570,2026,10.3390/cancers18132024,PMC13360085,not_found,Feasibility of Total Neoadjuvant Treatment Using Short-Course MRI-Guided Radiotherapy with an Integrated Boost in Locally Advanced Rectal Cancer: A Pilot Study.
b3,42446791,2026,10.1007/s10029-026-03786-5,PMC13368903,not_found,Effectiveness of prophylactic Sugarbaker mesh during laparoscopic abdominoperineal resection: a cohort study with 4-year follow-up.
b3,42434286,2026,10.21037/jgo-2026-0269,PMC13350587,not_found,Development of a multivariable prediction model for tumor response and treatment tolerance based on body composition dynamics in rectal cancer undergoing neoadjuvant chemoradiotherapy.
b3,42434230,2026,10.21037/jgo-2026-0226,PMC13350638,not_found,Deep learning model based on MRI-derived microvascular network simulation parameters for noninvasive assessment of lymphovascular invasion in rectal cancer patients.
b3,42433537,2026,10.21037/qims-2025-aw-2441,PMC13350363,not_found,Value of the DeepSeek-R1 large language model in extracting structured data from magnetic resonance imaging reports of rectal cancer and assisting in tumor staging.
b3,42422630,2026,10.7759/cureus.110470,PMC13344908,not_found,Prevention of Parastomal Hernia and the Prophylactic Mesh Debate: A Critical Appraisal of the Chimney Trial.
b3,42415860,2026,10.3389/fonc.2026.1757933,PMC13337384,not_found,Development and expert radiologist validation of a custom pipeline for simplification of oncology radiology reports using large language model.
b3,42403785,2026,10.7759/cureus.110314,PMC13333161,not_found,Indocyanine Green-Guided Lateral Pelvic Sentinel Lymph Node Mapping in Low Rectal Cancer: Toward a Selective Alternative to Systematic Sidewall Lymphadenectomy.
b3,42394497,2026,10.11817/j.issn.1672-7347.2026.250636,PMC13305691,not_found,"[Survey of radiotherapy resource allocation and service capacity in Hunan Province, 2025]."
b3,42392853,2026,10.3393/ac.2025.01067.0152,PMC13327889,not_found,From regression to machine learning: improving prediction of rectal cancer recurrence.
b3,42388096,2026,10.3348/kjr.2026.0046,PMC13333229,not_found,Magnetic Resonance Imaging After Total Neoadjuvant Therapy in Rectal Cancer: Treatment-Oriented Response Assessment and Reporting for Watch-and-Wait Management.
b3,42383069,2026,10.1016/j.ctro.2026.101216,PMC13315657,not_found,Organ preservation in rectal cancer following clinical complete response after short-course radiotherapy-based total neoadjuvant therapy.
b3,42380715,2026,10.1007/s40123-026-01418-w,PMC13424006,not_found,Retinal Vascular Features and Risk of Colorectal Cancer Incidence and Mortality: A Population-Based Cohort Study.
b3,42292396,2026,10.3389/fimmu.2026.1782231,PMC13260345,not_found,MRI-guided risk stratification for neoadjuvant immunotherapy in rectal cancer.
b3,42290893,2026,10.1016/j.ctro.2026.101191,PMC13263622,not_found,Safety and early organ preservation outcomes after dose escalation with MR-guided radiotherapy for rectal cancer (preRADAR): A phase I trial.
b3,42277750,2026,10.1186/s12885-026-16316-4,PMC13483857,not_found,Fusion of MRI-radiomics and clinical features to improve pathological T-stage prediction of rectal cancer: a multicenter study.
b3,42240684,2026,10.1007/s10151-026-03344-2,PMC13454011,not_found,Development and validation of an interpretable machine learning model for predicting postoperative complications after transanal total mesorectal excision: a multicenter study.
b3,42236830,2026,10.1038/s41598-026-55784-3,PMC13473617,not_found,Rectal smooth muscle loss as a predictor of severe postoperative complications in rectal cancer surgery.
b3,42226565,2026,10.1002/jso.70294,PMC13427125,not_found,Real‑World Experience of Circulating Tumor DNA Testing in Extended Pelvic Exenteration: A Chinese Single‑Institution Observational Study.
b3,42210090,2026,10.1186/s11658-026-00947-3,PMC13397665,not_found,KRAS(G12V/A146T) mutations are associated with nCRT resistance via enhanced DNA double-strand break repair and support a deep learning prediction framework in LARC.
b3,42192306,2026,10.1186/s10020-026-01516-2,PMC13390202,not_found,"Evolution of Gastrointestinal Inflammatory Diseases and Neoplasm Burden in Super-Elderly Populations: Integrated GBD 2023, CHARLS, and CLHLS Analyses of China and G20 Countries."
b3,42192138,2026,10.1038/s41746-026-02798-w,PMC13483952,not_found,Personalized neoadjuvant treatment regimen selection in locally advanced rectal cancer based on regimen-specific response modeling.
b3,42185305,2026,10.1038/s41467-026-73565-4,PMC13385896,not_found,Machine learning model-guided selective use of temporary diverting ileostomy in rectal cancer surgery: a randomized controlled trial.
b3,42174531,2026,10.1186/s12885-026-16175-z,PMC13349071,not_found,Radiological staging clinical decision support model for rectal cancer lymph node metastasis detection on MRI.
b3,42171757,2026,10.1007/s00384-026-05155-1,PMC13372953,not_found,Automated deep learning model for predicting pathological complete response in rectal cancer: A tool to organ-preserving strategies.
b3,42163131,2026,10.1186/s12880-026-02443-8,PMC13390417,not_found,Preoperative identification of tumor deposits in rectal cancer using a transformer-based multimodal fusion model: a multicenter retrospective study.
b3,42159837,2026,10.1186/s41747-026-00727-w,PMC13190968,not_found,Preoperative prediction of tumor budding grade in rectal cancer by combining APT histogram analysis and ADC MRI.
b3,42158835,2026,10.5114/pjr/215289,PMC13182697,not_found,Intravoxel incoherent motion diffusion-weighted imaging in the staging of rectal non-mucinous adenocarcinoma.
b3,42158315,2026,10.1016/j.phro.2026.100990,PMC13181284,not_found,In-vivo dosimetry using electronic portal imaging in online-adaptive radiotherapy for rectal cancer.
b3,42151880,2026,10.1186/s12880-026-02367-3,PMC13360884,not_found,Preoperative synthetic magnetic resonance imaging-based biomarkers for predicting tumor budding of rectal cancer.
b3,42138822,2026,10.1002/jmri.70373,PMC13466571,not_found,"Editorial for ""MRI Habitat Analysis for Preoperative Prediction of Perineural Invasion and Prognostic Stratification in Rectal Cancer""."
b3,42138820,2026,10.1002/jmri.70375,PMC13466575,not_found,MRI Habitat Analysis for Preoperative Prediction of Perineural Invasion and Prognostic Stratification in Rectal Cancer.
b3,42135422,2026,10.1038/s41698-026-01476-0,PMC13421654,not_found,Multimodal prediction for radiotherapy-induced hematologic toxicity in rectal cancer patients.
b3,42133104,2026,10.1007/s10151-026-03333-5,PMC13341835,not_found,Use of artificial intelligence in analysis of endoscopic images to detect residual disease or regrowth in rectal patients with complete clinical response to neoadjuvant chemoradiotherapy.
b3,42131461,2026,10.5603/rpor.110098,PMC13167014,not_found,Prospective study on dose escalation using intensity modulated radiotherapy (IMRT) with simultaneous integrated boost (SIB) and concurrent chemotherapy in preoperative locally advanced rectal cancer.
b3,42128940,2026,10.1007/s00384-026-05144-4,PMC13341913,not_found,Effect of prolonged interval between neoadjuvant chemoradiotherapy and surgery on pathological and oncological outcomes in locally advanced rectal cancer: a randomized controlled trial.
b3,42071008,2026,10.1038/s41392-026-02683-8,PMC13136308,not_found,"Total neoadjuvant chemotherapy combined with PD‑1 blockade and IL‑2 in MSS/pMMR locally advanced rectal cancer: short-term results of a prospective, single-arm phase II study."
b3,42065055,2026,10.32604/or.2026.075314,PMC13126397,not_found,Identify MTDH as a Key Gene of Radio-Resistance in Colorectal Cancer Based on Multi-Omics and Experimental Validation.
b3,42062990,2026,10.1186/s12885-026-16049-4,PMC13474779,not_found,Transformer-based Siamese multimodal imaging model for predicting pathological complete response after neoadjuvant chemoradiotherapy in locally advanced rectal cancer.
b3,42057017,2026,10.1186/s12957-026-04368-6,PMC13267367,not_found,Exploration of between-hospital variation and the basis for decision making in management of malignant colorectal polyps- a Danish population-based study.
b3,42023195,2026,10.1007/s13193-026-02569-9,PMC13096359,not_found,Tailoring Rectal Cancer Treatment: Total Neoadjuvant Therapy and the Shift Towards Organ Preservation.
b3,42018309,2026,10.1001/jamasurg.2026.1036,PMC13103874,not_found,Prevention of Parastomal Hernia With Funnel-Shaped Intra-Abdominal Mesh vs No Mesh for Rectal Adenocarcinoma Surgery: 3-Year Follow-Up of a Randomized Clinical Trial.
b3,41998194,2026,10.1007/s00423-026-04047-w,PMC13091882,not_found,Discrepancies between clinical and radiological assessment of complete remission of rectal cancer after neoadjuvant radiochemotherapy.
b3,41992879,2026,10.2340/ao.v65.45169,PMC13097092,not_found,Risk factors for distant recurrence in patients with rectal cancer supporting selection for total neoadjuvant therapy.
b3,41992467,2026,10.1002/ijc.70503,PMC13397155,not_found,Availability of Cancer Screening Across HIV Treatment Sites in the IeDEA Consortium.
b3,41987351,2026,10.1002/jso.70263,PMC13353141,not_found,Pelvic MRI Following Total Neoadjuvant Therapy for Rectal Cancer Poorly Predicts a Complete Clinical Response.
b3,41987267,2026,10.1186/s40644-026-01020-0,PMC13192049,not_found,Magnetic resonance imaging-based radiomics of mesorectum for predicting extramural venous invasion in patients with rectal cancer: a bi-centric study.
b3,41978391,2026,10.19723/j.issn.1671-167X.2026.02.004,PMC13077302,not_found,[Current status and future perspectives of precision treatment for locally advanced rectal cancer].
b3,41948162,2026,10.1055/a-2769-1185,PMC13053106,not_found,Can Artificial Intelligence Be Used to Predict Response in Rectal Cancer? Current Evidence and Future Possibilities.
b3,41910447,2026,10.1093/bjs/znag006,PMC13034544,not_found,"Anal high-grade squamous intraepithelial lesions: identification, classification, and management."
b3,41907627,2026,10.3389/fonc.2026.1781448,PMC13017242,not_found,"Creating pelvic exenteration services: obstacles, cultural factors, and learning experiences from the first specialized service in Saudi Arabia and the Gulf region."
b3,41880130,2026,10.1186/s13244-026-02243-2,PMC13018487,not_found,An interpretable machine learning model combining MRI-DKI habitat radiomic features and clinical biomarkers for noninvasive prediction of lymphatic metastasis in rectal cancer: a prospective study.
b3,41851526,2026,10.1007/s00330-026-12467-x,PMC13342202,not_found,Tumor deposits on MRI in rectal cancer-detection and differentiation from lymph nodes with histopathological correlation.
b3,41843889,2026,10.2196/77313,PMC12994884,not_found,Rectal Cancer Radiotherapy Response Prediction: Retrospective Study of Development of a Deep Learning-Based Radiomics Model.
b3,41841060,2026,10.7759/cureus.103505,PMC12989249,not_found,Pathological Analysis of Lateral Lymph Nodes in Patients With Advanced Rectal Cancer After Preoperative Chemoradiotherapy.
b3,41840743,2026,10.1136/bmjopen-2025-111289,PMC12993317,not_found,Microsimulation model to identify suboptimal recurrence detection in patients with colorectal cancer following the current standard of care.
b3,41815097,2026,10.1159/000550470,PMC12975277,not_found,Predictors of Recurrence after Curative Surgery for Stage I-III Rectal Adenocarcinoma: A Single-Center Retrospective Cohort Study.
b3,41802304,2026,10.3393/ac.2025.01396.0199,PMC12971177,not_found,The Korean Rectal Cancer Multidisciplinary Committee Clinical Practice Guidelines for Rectal Cancer version 2.0.
b3,41800050,2026,10.3389/fonc.2026.1760042,PMC12960087,not_found,Watch-and-Wait strategy for locally advanced rectal cancer after neoadjuvant chemoradiotherapy: a comprehensive review.
b3,41799590,2026,10.1002/ags3.70131,PMC12962017,not_found,Intraoperative Evaluation of Bladder Perfusion Using Indocyanine Green Fluorescence Imaging During Total Pelvic Exenteration After Interruption of Blood Flow From the Internal Iliac Vessels.
b3,41737205,2026,10.3389/fimmu.2026.1680500,PMC12926347,not_found,Discordance between radiological and pathological response to neoadjuvant immunotherapy in mismatch repair-deficient/microsatellite instability-high colorectal cancer: a meta-analysis.
b3,41736123,2026,10.1186/s13014-026-02806-z,PMC13036909,not_found,Segment-specific PTV margins for rectal cancer radiotherapy on the MR-Linac: characterization of rectal motion and dosimetric validation.
b3,41729601,2026,10.1177/15330338261426699,PMC12929820,not_found,The Predictive Value of Extracellular Volume Fraction Derived from Enhanced CT Combined with Systemic Immune-Inflammation Index for Tumor Budding in Rectal Cancer.
b3,41726038,2026,10.1007/s13193-025-02339-z,PMC12921059,not_found,Short-Term Surgical Outcomes of Curative Colorectal Resections from an Evolving Low-Volume Cancer Center in a Tier-2 City in India.
b3,41641421,2026,10.1007/s13193-025-02260-5,PMC12864624,not_found,Baseline Magnetic Resonance Imaging Assessment of Circumferential Resection Margin Predicts Long-term Survival in Rectal Adenocarcinoma: Experience from a Tertiary Care Center.
b3,41641412,2026,10.1007/s13193-025-02237-4,PMC12864610,not_found,Patient-Reported Outcome After Extended Total Mesorectal Excision for Locally Advanced Rectal Cancer in Male Patients.
b3,41630204,2026,10.1097/MD.0000000000044491,PMC12863895,not_found,Advantages of skeletonizing the left colic artery in low anterior resection cases related to vascularity with ICG: A systematic review.
b3,41629689,2026,10.1007/s12672-026-04412-7,PMC12957696,not_found,Construction of immune related genes predictive models of elderly rectal cancer patients based on machine learning.
b3,41627653,2026,10.1186/s43044-026-00718-7,PMC12864643,not_found,Mitral valve prosthesis endocarditis unveiling metastatic colorectal cancer as the primary infection source: a case study.
b3,41627633,2026,10.1186/s13244-025-02204-1,PMC12864629,not_found,MRI-derived radiomics for risk stratification of tumor deposits in rectal cancer: a dual-center study.
b3,41619128,2026,10.1007/s12672-026-04551-x,PMC12953819,not_found,Rectal diffuse large B-cell lymphoma misdiagnosed as bleeding cancer in an elderly patient.
b3,41618477,2026,10.1186/s40644-026-00999-w,PMC12931016,not_found,Study on predicting microsatellite instability in rectal cancer using T(2) mapping combined with ADC value.
b3,41617831,2026,10.1007/s00330-026-12341-w,PMC13212393,not_found,The predictive value of MR cytometry in histological differentiation of rectal cancer: an exploratory study.
b3,41588219,2026,10.1111/codi.70377,PMC12834856,not_found,The significance of MRI-detected lateral lymph node metastasis in rectal cancer on local recurrence and survival-A nationwide cohort study.
b3,41586954,2026,10.1186/s41747-025-00667-x,PMC12834858,not_found,Deep learning reconstruction accelerated reduced field-of-view DWI in rectal cancer: mucosa-submucosa-muscularis visualization and T staging.
b3,41572118,2026,10.1245/s10434-025-19068-w,PMC13083428,not_found,Locally Recurrent Rectal Cancer in the Lateral Compartment: Imaging Features and Association with Primary Tumour Characteristics.
b3,41562331,2026,10.1530/ERC-25-0303,PMC13138514,not_found,NANETS Guidelines for the diagnosis and management of stage I-III rectal neuroendocrine tumors.
b3,41556384,2026,10.1097/DCR.0000000000004059,PMC13127738,not_found,Laparoscopic Sacrectomy as Part of En Bloc Resection for Locally Recurrent Rectal Cancer.
b3,41555561,2026,10.1111/1754-9485.70071,PMC12954381,not_found,Diagnostic and Therapeutic Impact of FDG-PET/CT Following MRI Staging in Anal Cancer: A Systematic Review and Meta-Analysis.
b3,41554898,2026,10.1038/s41598-026-35973-w,PMC12894970,not_found,Multiparametric MRI radiomics nomogram predicts synchronous distant metastasis in rectal cancer.
b3,41488832,2026,10.1002/ags3.70066,PMC12757149,not_found,"Safety and Efficacy of Pelvic Reinforcement Procedure for Preventing Postoperative Perineal Hernia After Robotic Abdominoperineal Resection: A Single-Center, Retrospective Cohort Study."
b3,41484196,2026,10.1038/s41598-025-31068-0,PMC12800305,not_found,Integrating single-cell and bulk transcriptomes identifies B cell features associated with neoadjuvant chemoradiotherapy sensitivity in rectal cancer.
b3,41478087,2026,10.1016/j.esmoop.2025.106022,PMC12804381,not_found,Immune checkpoint blockade in locally advanced rectal cancer with deficient DNA mismatch repair: retrospective multicenter experience.
b3,41435426,2026,10.1088/2057-1976/ae308b,PMC13193058,not_found,Patient outcome prognosis for external beam radiation therapy using CBCT-based radiomics: a systematic review.
b3,41327771,2026,10.2174/0115734056399652251029204023,PMC13312386,not_found,Comparison of Radiomic Features from Different MRI Sequences for Predicting Synchronous Liver Metastases after Rectal Cancer.
b3,41236658,2026,10.1007/s00330-025-12132-9,PMC12895060,not_found,Added value and clinical impact of second-opinion subspecialist radiologist interpretations of baseline rectal MRI in patients with rectal cancer.
b3,41106380,2026,10.1016/j.ccell.2025.09.010,PMC12774452,failed,Tumor-infiltrating bacteria disrupt cancer epithelial cell interactions and induce cell-cycle arrest.
b3,41028637,2026,10.1245/s10434-025-18371-w,PMC12689810,not_found,The Prognostic Impact of Imaging Detected Tumor Deposits in Rectal Cancer: A Systematic Review and Meta-analysis.
b3,41002143,2026,10.1097/SLA.0000000000006948,PMC12695342,not_found,Molecular Residual Disease and Recurrence in Rectal Cancer Patients Undergoing Upfront Surgery: A Prospective Cohort Study.
b3,40856737,2026,10.1007/s00330-025-11967-6,PMC12548934,not_found,Mucin quantity on MRI and outcomes following total neoadjuvant therapy in patients with rectal cancer.
b3,40853592,2026,10.1007/s00330-025-11945-y,PMC12945439,not_found,Lymph nodes in MRI-based early-stage rectal cancer: can MRI accurately predict lymph node involvement?
b3,42558977,2025,10.1007/s13193-025-02484-5,PMC13438430,not_found,Feasibility and Oncological Outcomes of Sacral Resection for Locally Advanced and Recurrent Rectal Cancer : A Single Institutional Experience.
b3,41737732,2025,10.3389/fonc.2025.1643852,PMC12927481,not_found,Deep learning analysis of MRI to assess rectal cancer treatment.
b3,41561548,2025,10.3332/ecancer.2025.1988,PMC12812839,not_found,Feasibility and impact of knowledge-based automated radiotherapy treatment planning in low- and middle-income countries.
b3,41560941,2025,10.3389/fsurg.2025.1644048,PMC12812900,not_found,Left colic artery-preserving radical rectal cancer surgery: a literature review.
b3,41486912,2025,10.3393/ac.2025.00675.0096,PMC12766394,not_found,Predictors of lateral lymph node metastasis and prognostic factors in patients with low rectal cancer who underwent lateral lymph node dissection without preoperative treatment.
b3,41486906,2025,10.3393/ac.2025.01480.0211,PMC12766382,not_found,Clinical implications of radiologic criteria and prognostic factors for lateral lymph node metastasis in low rectal cancer.
b3,41480324,2025,10.3748/wjg.v31.i48.112683,PMC12754245,not_found,Artificial intelligence-assisted diagnosis of rectal neuroendocrine tumors during white-light endoscopy.
b3,41426166,2025,10.1055/s-0045-1806957,PMC12714450,not_found,Real-World Data on the Practice of Chemoradiation with Select Cohort Consolidation Chemotherapy in High-Risk Locally Advanced Rectal Cancers (SOLAR study).
b3,41419806,2025,10.1186/s12880-025-02105-1,PMC12831238,not_found,Integrative multi-region MRI radiomics and clinical nomogram for preoperative lymphovascular invasion prediction in rectal cancer: a multicenter validation.
b3,41415764,2025,10.1007/s13193-025-02244-5,PMC12708447,not_found,Development of Margin Compromise Ordinal Score (MCOS) Based on Analysis of Various Factors Associated with Margin Compromise in Patients of Carcinoma Rectum Undergoing Restorative Surgery.
b3,41395571,2025,10.1007/s13691-025-00786-7,PMC12696246,not_found,Transanal minimally invasive surgery for rectal gastrointestinal stromal tumor using articulated forceps after neoadjuvant chemotherapy with imatinib mesylate.
b3,41393246,2025,10.1590/0100-3984.2025.58.e8-en,PMC12699977,not_found,State of the art of PET/MRI for rectal cancer assessment.
b3,41377789,2025,10.12890/2025_005967,PMC12688587,not_found,"Benign Yet Deceptive: A 19-Year-Old Male with A Rectal Mass Mimicking Carcinoma, Ultimately Diagnosed as Colitis Cystica Profunda."
b3,41323778,2025,10.7150/jca.123558,PMC12664725,not_found,Genetic association of NEAT1 gene polymorphism with the progression of colorectal cancer.
b3,41322830,2025,10.7759/cureus.95621,PMC12661097,not_found,"Comparative Accuracy of Colonoscopy, Computed Tomography (CT), and Magnetic Resonance Imaging (MRI) for the Preoperative Localization of Colorectal Cancer: A Prospective Cohort Study."
b3,41306533,2025,10.3389/fonc.2025.1681939,PMC12643854,not_found,Deep learning based on MRI for assessing the prognostic value of lateral lymph nodes in rectal cancer.
b3,41306113,2025,10.1155/ijbi/3621023,PMC12646736,not_found,Diagnostic Efficacy and Correlation of Intravoxel Incoherent Motion (IVIM) and Contrast-Enhanced (CE) MRI Perfusion Parameters in Oncology Imaging: A Systematic Review and Meta-Analysis.
b3,41283111,2025,10.1007/s13193-024-02178-4,PMC12630506,not_found,Lymph Nodal Yield and Pattern of Spread in Carcinoma Rectum: A Study on Non-formalin Fixed Freshly Resected Surgical Specimen Dissection.
b3,41234732,2025,10.3389/fonc.2025.1692769,PMC12605424,not_found,Risk factors for parastomal hernia following abdominoperineal resection.
b3,41231265,2025,10.1007/s00384-025-05011-8,PMC12615519,not_found,International expert Delphi consensus on management of early and locally advanced rectal cancer.
b3,41228320,2025,10.3390/cancers17213529,PMC12609664,not_found,Neoadjuvant Radiochemotherapy Combined with Locoregional Hyperthermia in Locally Advanced Rectal Cancer: Feasibility and Tolerance of Short-Course Versus Long-Course Radiotherapy Schedules.
b3,41221898,2025,10.1590/acb407925,PMC12600005,not_found,"Visceral fat assessment in rectal adenocarcinoma: the role of computed tomography, sagittal abdominal diameter, and waist circumference."
b3,41220945,2025,10.3389/fonc.2025.1677172,PMC12597761,not_found,Dose response test of patient-derived cancer organoids to irradiation.
b3,41208454,2025,10.1080/14796694.2025.2582211,PMC12674238,not_found,Is neoadjuvant chemoradiotherapy necessary for locally advanced rectal cancer above the anterior peritoneal reflection?
b3,41191581,2025,10.1371/journal.pone.0321819,PMC12588449,not_found,"Can neoadjuvant chemoradiotherapy be omitted in cT2N+ and cT3 mid-rectal cancer: Protocol for a prospective, observational, cohort study (CANO)."
b3,41190107,2025,10.2147/CMAR.S542654,PMC12581790,not_found,Comparative Outcomes of Neo-Adjuvant Chemo-Radiotherapy in Stage II and III Mucinous versus Non-Mucinous Rectal Adenocarcinoma: A Retrospective Study.
b3,41185075,2025,10.1186/s40644-025-00947-0,PMC12581579,not_found,Application of diffusion kurtosis imaging in differentiating T0-T1 from T2 rectal tumors.
b3,41182514,2025,10.1007/s12029-025-01342-5,PMC12583335,not_found,Predicting Tumor Regrowth in Patients Undergoing Non-Operative Management after Total Neoadjuvant Therapy.
b3,41179924,2025,10.1002/jex2.70097,PMC12575058,not_found,Dissemination of Mitochondrial DNA Variants: Looking at the 'Bigger' Picture of the Tumour Microenvironment in Rectal Cancer Patients.
b3,41178867,2025,10.4240/wjgs.v17.i10.110368,PMC12576622,not_found,From static thresholds to dynamic trends: Reassessing serum calcium in anastomotic leakage prediction.
b3,41174018,2025,10.1038/s41598-025-25181-3,PMC12579235,not_found,Endoscopic negative pressure therapy as a salvage treatment for management of post-surgical anastomotic leaks without ostomy after colorectal resection.
b3,41172472,2025,10.1590/1806-9282.20250752,PMC12571420,not_found,Dynamics of body composition in the treatment of locally advanced rectal cancer: the ımpact of adipose and muscle tissue on pathological response.
b3,41113382,2025,10.3348/jksr.2025.0094,PMC12531664,not_found,A Practical Approach to Rectal Cancer Staging with Abbreviated Liver MRI.
b3,41109990,2025,10.2340/1651-226X.2025.44028,PMC12553313,not_found,Low b-values in apparent diffusion coefficient calculations overestimate diffusion in rectal cancer.
b3,41097680,2025,10.3390/cancers17193153,PMC12523431,not_found,Immunotherapy-Induced Complete Response in dMMR Rectal Cancer-A Surgical Dilemma?
b3,41097678,2025,10.3390/cancers17193150,PMC12523370,not_found,"Sexual Dysfunction in Female Rectal and Anal Cancer Survivors: Pathophysiology, Clinical Management, and Integration into Survivorship Care."
b3,41097652,2025,10.3390/cancers17193124,PMC12523675,not_found,Can Advances in Artificial Intelligence Strengthen the Role of Intraoperative Radiotherapy in the Treatment of Cancer?
b3,41094171,2025,10.1007/s12029-025-01324-7,PMC12528186,not_found,Overcoming the Challenge: A Comprehensive Review of Neoadjuvant Treatment Resistance in Rectal Cancer.
b3,41079289,2025,10.3389/fsurg.2025.1683663,PMC12510913,not_found,Impact of preoperative indocyanine green injection on intraoperative decision-making and lymph node harvest in rectal cancer surgery.
b3,41046254,2025,10.1186/s12885-025-14903-5,PMC12495654,not_found,Variations in radiomic features of the femoral head and neck during helical tomotherapy in prostate and rectal cancer patients.
b3,41040910,2025,10.3892/ol.2025.15282,PMC12485598,not_found,Progress of MRI-based radiomics and deep learning for predicting the prognosis of locally advanced rectal cancer (Review).
b3,41040529,2025,10.3389/fonc.2025.1628281,PMC12483917,not_found,A methodology for optimizing treatment head angle arrangement for multi-angle FLASH intensity modulated radiation therapy platforms.
b3,41033282,2025,10.1016/j.esmoop.2025.105757,PMC12514508,not_found,Artificial intelligence defines spatial patterns of tumor-infiltrating lymphocytes highly associated with outcome - a pan-GI cancer study.
b3,41025278,2025,10.3857/roj.2024.00654,PMC12510746,not_found,Implications of interfractional bladder volume variations in proton beam therapy for rectal cancer.
b3,40989689,2025,10.3389/fonc.2025.1610892,PMC12450691,not_found,Development and validation of machine learning-based MRI radiomics models for preoperative lymph node staging in T3 rectal cancer.
b3,40986886,2025,10.2196/73765,PMC12456929,not_found,Predicting Lymph Node Metastasis in Rectal Cancer: Development and Validation of a Machine Learning Model Using Clinical Data.
b3,40949360,2025,10.4240/wjgs.v17.i8.101227,PMC12427073,not_found,Predicting early recurrence in resectable rectal cancer.
b3,40938454,2025,10.1007/s00384-025-04998-4,PMC12431894,not_found,Standard of practice imaging vs. PET/MR: a comparative prospective study in rectal cancer staging.
b3,40919247,2025,10.5603/rpor.106280,PMC12413216,not_found,The effectiveness of three months EGFR-CTH therapy in palliative colorectal cancer.
b3,40902440,2025,10.1016/j.ejrad.2025.112400,PMC12498383,not_found,Value of rectal MRI prior to endoscopic submucosal dissection (ESD): an exploratory study.
b3,40901315,2025,10.5306/wjco.v16.i8.107596,PMC12400217,not_found,Predictive model for sphincter preservation in lower rectal cancer.
b3,40859558,2025,10.1097/MD.0000000000043977,PMC12384797,not_found,Machine learning prediction of anastomotic leak after low anterior resection: Nationwide database analysis.
b3,40851780,2025,10.1016/j.ctro.2025.100963,PMC12368968,not_found,Microscopic intramural spread in patients with rectal cancer after neoadjuvant chemoradiation.
b3,40837773,2025,10.4251/wjgo.v17.i8.108016,PMC12362563,not_found,Correlation between baseline magnetic resonance imaging features and serum carcinoembryonic antigen levels in patients with primary rectal cancer.
b3,40837765,2025,10.4251/wjgo.v17.i8.108362,PMC12362526,not_found,Noninvasive prediction of microsatellite instability in stage II/III rectal cancer using dynamic contrast-enhanced magnetic resonance imaging radiomics.
b3,40781322,2025,10.1186/s13014-025-02706-8,PMC12335123,not_found,From standardized to individualized margins for online adaptive tumor dose escalation in rectal cancer.
b3,40778975,2025,10.1007/s00384-025-04969-9,PMC12334464,not_found,MRI-based radiomics for preoperative T-staging of rectal cancer: a retrospective analysis.
b3,40770420,2025,10.1038/s41598-025-14851-x,PMC12328823,not_found,3D spectral CT-based fusion model predicts prognosis and postoperative adjuvant chemotherapy benefit in locally advanced rectal cancer.
b3,40760425,2025,10.1186/s12885-025-14659-y,PMC12323121,not_found,Evaluation of pre-treatment F-18 FDG PET/CT according to Mandard classification in locally advanced rectal cancer patients undergoing neoadjuvant chemoradiotherapy.
b3,40759457,2025,10.1136/bmjgast-2025-001880,PMC12323515,not_found,Long-term effectiveness of allogeneic bone marrow-derived mesenchymal stromal cell therapy for complex perianal and rectovaginal fistulas in Crohn's disease: a retrospective case series.
b3,40724514,2025,10.3390/life15071011,PMC12299300,not_found,Controversies and Perspectives in the Current Management of Patients with Locally Advanced Rectal Cancer-A Systematic Review.
b3,40723272,2025,10.3390/cancers17142389,PMC12293202,not_found,Metastatic Patterns of Apical Lymph Node and Prognostic Analysis in Rectal and Sigmoid Colon Cancer-A Multicenter Retrospective Cohort Study of 2809 Cases.
b3,40723194,2025,10.3390/cancers17142310,PMC12294010,not_found,Quality of Life in Rectal Cancer Treatments: An Updated Systematic Review of Randomized Controlled Trials (2013-2023).
b3,40722549,2025,10.3390/diagnostics15141800,PMC12293966,not_found,Total Lesion Glycolysis (TLG) on 18F-FDG PET/CT as a Potential Predictor of Pathological Complete Response in Locally Advanced Rectal Cancer After Total Neoadjuvant Therapy: A Retrospective Study.
b3,40650262,2025,10.3390/ijms26136487,PMC12249626,not_found,From Mutation to Prognosis: AI-HOPE-PI3K Enables Artificial Intelligence Agent-Driven Integration of PI3K Pathway Data in Colorectal Cancer Precision Medicine.
b3,40647531,2025,10.3390/cancers17132235,PMC12248587,not_found,Artificial Intelligence and Rectal Cancer: Beyond Images.
b3,40647527,2025,10.3390/cancers17132229,PMC12249413,not_found,Narrative Review: Predictive Biomarkers of Tumor Response to Neoadjuvant Radiotherapy or Total Neoadjuvant Therapy of Locally Advanced Rectal Cancer Patients.
b3,40640480,2025,10.1245/s10434-025-17777-w,PMC12454576,not_found,Discrepancies in the Reactivity of Mesorectal versus Lateral Lymph Nodes Post-Neoadjuvant Chemoradiotherapy for Rectal Cancer: Insights from Radiological and Pathological Perspectives.
b3,40638481,2025,10.1590/1806-9282.20250301,PMC12245044,not_found,Prospective clinical cohort study on the accuracy of magnetic resonance imaging in preoperative staging for cancer of the rectum with node-by-node analysis by pathologists.
b3,40635329,2025,10.3393/ac.2024.00276.0039,PMC12569774,not_found,Effects of clinical information on the treatment decisions for good responders to neoadjuvant chemoradiotherapy among rectal cancer patients.
b3,40632350,2025,10.1007/s00423-025-03804-7,PMC12241187,not_found,Reconstruction of the perineal defect after abdominoperineal resection with vertical rectus abdominis myocutaneous (VRAM) flap versus primary direct closure - a single center retrospective cohort study.
b3,40594522,2025,10.1038/s41598-025-06712-4,PMC12219682,not_found,Diagnostic value of CT scan findings for anastomotic leakage after low anterior resection without ileostomy in rectal cancer.
b3,40589073,2025,10.1111/codi.70150,PMC12209691,not_found,Impact of rectal cancer multidisciplinary conferences on patient care plans.
b3,40584995,2025,10.1016/j.phro.2025.100792,PMC12206142,not_found,FAPI-positron emission tomography for radiotherapy in head and neck cancer: applications and future directions.
b3,40579613,2025,10.1007/s00384-025-04935-5,PMC12204897,not_found,Clinical characteristics and survival outcomes of rectal cancer patients across different mrT3 substages determined by rectal MRI.
b3,40578870,2025,10.1136/bmjopen-2024-092807,PMC12207177,not_found,"Selective neoadjuvant therapy of rectal cancer patients (SELREC): study protocol for a European randomised controlled, open, multicentre non-inferiority trial."
b3,40549424,2025,10.1097/JS9.0000000000002795,PMC12527712,not_found,Applicability of cCR assessment criteria in pMMR rectal cancer patients treated with neoadjuvant chemoradiotherapy combined with immunotherapy.
b3,40475847,2025,10.1016/j.phro.2025.100771,PMC12140033,not_found,Leveraging network uncertainty to identify regions in rectal cancer clinical target volume auto-segmentations likely requiring manual edits.
b3,40474195,2025,10.1186/s12911-025-03050-3,PMC12143085,not_found,Multitask deep learning model based on multimodal data for predicting prognosis of rectal cancer: a multicenter retrospective study.
b3,40471424,2025,10.1007/s11307-025-02021-4,PMC12405016,not_found,Long-term Local Control Following CEA-targeted Fluorescence-guided Surgery in Patients With Locally Advanced and Recurrent Rectal Cancer.
b3,40464951,2025,10.1007/s00384-025-04925-7,PMC12137536,not_found,"Correspondence for the article titled ""Predictive value of rectal MRI variables for pathological complete response in locally advanced rectal cancer following neoadjuvant chemoradiotherapy""."
b3,40463356,2025,10.3892/ol.2025.15105,PMC12130915,not_found,Prognosis and influencing factors of patients with different lymph node statuses after pathological complete response to neoadjuvant chemoradiotherapy in rectal cancer.
b3,40458716,2025,10.3389/fonc.2025.1403890,PMC12127172,not_found,Amide proton transfer-weighted imaging and T1 mapping as diagnostic tools to evaluate high-risk histopathologic phenotypes before surgery in rectal adenocarcinoma and their correlation with Ki-67 expression:a two-center study.
b3,40458366,2025,10.7759/cureus.83345,PMC12127710,not_found,"Guidance for the Management of Rectal Cancer: An Umbrella Review of Existing Guidelines Regarding Surgical Anatomy, Adjuvant Therapy, Follow-Up and Surveillance, Specific Considerations, Documentation, and Palliative Care."
b3,40449122,2025,10.1016/j.jss.2025.04.045,PMC13127459,not_found,"""Watch-and-Wait"" or ""Lost to Follow-Up""? Adherence to Nonoperative Management of Rectal Cancer."
b3,40387083,2025,10.1111/codi.70111,PMC12087270,not_found,Does socioeconomic status influence the choice of surgical technique in abdominal rectal cancer surgery?
b3,40386610,2025,10.21037/jgo-24-831,PMC12078814,not_found,Relationship between apparent diffusion coefficient values and clinicopathologic features in rectal cancer: a cross-sectional study.
b3,40381874,2025,10.1016/j.jacr.2025.05.010,PMC12551975,not_found,Disparities of Distant Metastasis Evaluation Imaging for Rectal Cancer.
b3,40381041,2025,10.1007/s00384-025-04916-8,PMC12085353,not_found,Predictors of difficulty in robotic splenic flexure mobilization during rectal cancer surgery.
b3,40379920,2025,10.1007/s00432-025-06219-5,PMC12084224,not_found,Artificial intelligence generated 3D body composition predicts dose modifications in patients undergoing neoadjuvant chemotherapy for rectal cancer.
b3,40369609,2025,10.1186/s12957-025-03843-w,PMC12076957,not_found,Machine learning prediction model of prolonged delay to loop ileostomy closure after rectal cancer surgery: a retrospective study.
b3,40356764,2025,10.3389/fonc.2025.1509207,PMC12066337,not_found,Different MRI-based radiomics machine learning models to predict CD3+ tumor-infiltrating lymphocytes in rectal cancer.
b3,40302856,2025,10.23922/jarc.2024-085,PMC12035344,not_found,Prediction of the Therapeutic Response to Neoadjuvant Chemotherapy for Rectal Cancer Using a Deep Learning Model.
b3,40293520,2025,10.1007/s00261-025-04953-5,PMC12568919,not_found,MRI radiomics prediction modelling for pathological complete response to neoadjuvant chemoradiotherapy in locally advanced rectal cancer: a systematic review and meta-analysis.
b3,40292002,2025,10.1055/s-0044-1787890,PMC12020633,not_found,Colon Cancer and Pregnancy.
b3,40291865,2025,10.4240/wjgs.v17.i4.104020,PMC12019059,not_found,Advancement of indocyanine green fluorescence imaging technology in laparoscopic surgery for rectal cancer.
b3,40291864,2025,10.4240/wjgs.v17.i4.104726,PMC12019048,not_found,Role of pelvimetry in predicting surgical outcomes and morbidity in rectal cancer surgery: A retrospective analysis.
b3,40290690,2025,10.5306/wjco.v16.i4.99801,PMC12019264,not_found,Is the use of a transanal drainage tube effective in treating anastomotic leakage for mid-low rectal cancer.
b3,40289234,2025,10.1038/s43856-025-00868-w,PMC12034819,not_found,Serum metabolite levels identify incipient metastatic progression of rectal cancer.
b3,40252124,2025,10.1007/s00432-025-06196-9,PMC12009234,not_found,Diagnostic performance of node-RADS classification for primary lymph node assessment in rectal cancer: a modality benchmarking study.
b3,40249891,2025,10.1200/GO-24-00480,PMC12023300,not_found,"Risk Model for Predicting Gaps in Surgical Oncology Care Among Patients With Stage I-III Rectal Cancer From KwaZulu-Natal, South Africa."
b3,40249104,2025,10.1093/bjr/tqaf087,PMC12659730,not_found,MRI-based radiomics nomogram to predict complete response to definitive chemoradiation in patients with anal cancer.
b3,40239065,2025,10.1177/10732748251334454,PMC12035059,not_found,Pretreatment MRI Parameters and Neutrophil-to-Lymphocyte Ratio Could Predict the Long-Term Prognosis of Locally Advanced Rectal Cancer Patients With Pathological Complete Response after Neoadjuvant Chemoradiotherapy.
b3,40235907,2025,10.4251/wjgo.v17.i4.102469,PMC11995326,not_found,Precision medicine in the prediction of metachronous liver metastasis in rectal cancer: Applications and challenges.
b3,40235892,2025,10.4251/wjgo.v17.i4.102324,PMC11995344,not_found,Radiomics and machine learning for predicting metachronous liver metastasis in rectal cancer.
b3,40230305,2025,10.3310/BTMT7049,PMC12010235,not_found,Evaluation of prognostic models to improve prediction of metastasis in patients following potentially curative treatment for primary colorectal cancer: the PROSPECT trial.
b3,40169495,2025,10.3348/kjr.2024.0767,PMC12055262,not_found,Discriminating Tumor Deposits From Metastatic Lymph Nodes in Rectal Cancer: A Pilot Study Utilizing Dynamic Contrast-Enhanced MRI.
b3,40162391,2025,10.4240/wjgs.v17.i3.100820,PMC11948132,not_found,Retrospective analysis of preoperative tumor marker levels in rectal cancer patients: Implications for diagnosis.
b3,40160674,2025,10.1016/j.sopen.2025.03.002,PMC11950755,not_found,"""Impact of regional data reporting and feedback on rectal cancer surgery quality metrics in the Surgical Care Outcomes Assessment Program (SCOAP)""."
b3,40123773,2025,10.1016/j.phro.2025.100747,PMC11926541,not_found,Efficient strategy for magnetic resonance image-guided adaptive radiotherapy of rectal cancer using a library of reference plans.
b3,40120024,2025,10.1186/s41747-025-00575-0,PMC11929653,not_found,MRI radiomic study on prediction of nonenlarged lymph node metastasis of rectal cancer: reduced field-of-view versus conventional DWI.
b3,40120019,2025,10.1186/s41747-025-00559-0,PMC11929663,not_found,Radiomics to predict tumor response to combination chemoradiotherapy in squamous cell carcinoma of the anal canal: a preliminary investigation.
b3,40104506,2025,10.3389/fonc.2025.1516855,PMC11913847,not_found,Radiation hematologic toxicity prediction in rectal cancer: a comparative radiomics-based study on CT image and dose map.
b3,40104214,2025,10.1016/j.phro.2025.100720,PMC11914820,not_found,Repeatability of rectal cancer apparent diffusion coefficient measurements on a 1.5 T MR-linac.
b3,40100473,2025,10.1007/s00384-025-04850-9,PMC11919929,not_found,"No operation after short-course radiotherapy followed by consolidation chemotherapy in locally advanced rectal cancer (NOAHS-ARC): study protocol for a prospective, phase II trial."
b3,40098743,2025,10.3389/fnut.2025.1473952,PMC11911182,not_found,Predicting 3-year all-cause mortality in rectal cancer patients based on body composition and machine learning.
b3,40095215,2025,10.1007/s10151-025-03117-3,PMC11914298,not_found,Why did we encounter a pCRM-positive specimen whose preoperative MRI indicates negative mesorectal fascia involvement in middle to low rectal cancer?
b3,40095014,2025,10.1007/s00261-025-04859-2,PMC12331793,not_found,Radiotherapy volume delineation based on MRI and (18)F-FDG-PET/MRI in locally recurrent rectal cancer.
b3,40050741,2025,10.1186/s12880-025-01610-7,PMC11887235,not_found,LoG-staging: a rectal cancer staging method with LoG operator based on maximization of mutual information.
b3,40050297,2025,10.1038/s41598-025-90191-0,PMC11885450,not_found,Prognostic model for log odds of negative lymph node in locally advanced rectal cancer via interpretable machine learning.
b3,40046530,2025,10.1002/ags3.12873,PMC11877350,not_found,"Upfront surgery, neoadjuvant chemoradiotherapy, or neoadjuvant chemotherapy for rectal cancer with lateral lymph node metastasis: A multicenter MRI and lateral lymph node dissection study."
b3,40045072,2025,10.1007/s00330-025-11463-x,PMC12350595,not_found,Enhancing the role of MRI in rectal cancer: advances from staging to prognosis prediction.
b3,40031376,2025,10.1016/j.ejrad.2025.112019,PMC12184623,not_found,"Reliability of rectal MRI radiomic features: Comparing rectal MRI radiomic features across reader expertise levels, image segmentation technique, and timing of rectal MRI in patients with locally advanced rectal cancer."
b3,40010977,2025,10.21873/invivo.13897,PMC11884458,not_found,Alteration of Apparent Diffusion Coefficient Measurements Predict Survival Outcomes During Neoadjuvant Chemoradiotherapy in Locally Advanced Rectal Cancer.
b3,40010852,2025,10.1503/cjs.012223,PMC11879369,not_found,Post-transanal endoscopic microsurgery (TEM) syndrome: a constellation of symptoms resulting from localized inflammatory changes after TEM.
b3,40004765,2025,10.3390/jcm14041234,PMC11856500,not_found,Minimally Invasive Rectal Surgery: Current Status and Future Perspectives in the Era of Digital Surgery.
b3,39963619,2025,10.7759/cureus.77604,PMC11832227,not_found,Efficacy of Neoadjuvant Short-Course Radiation Therapy Followed by Oxaliplatin-Based Chemotherapy for Locally Advanced Rectal Adenocarcinoma: A Single-Center Experience From Saudi Arabia.
b3,39960895,2025,10.1097/MD.0000000000041602,PMC11835079,not_found,"High glycemic variability serves as an independent risk factor for postoperative infection-related complications in patients undergoing radical surgery for gastric, colon, and rectal cancer."
b3,39960557,2025,10.1007/s00384-024-04801-w,PMC11832599,not_found,Predictive value of rectal MRI variables for pathological complete response in locally advanced rectal cancer following neoadjuvant chemoradiotherapy.
b3,39959143,2025,10.1055/s-0044-1788794,PMC11828646,not_found,Quantitative Dynamic Contrast-Enhanced Magnetic Resonance Imaging and Positron Emission Tomography (PET) for Distinguishing Metastatic Lymph Nodes from Nonmetastatic Among Patients with Rectal Cancer: A Systematic Review and Meta-Analysis.
b3,39958549,2025,10.4251/wjgo.v17.i2.102151,PMC11756008,not_found,"Enhancing rectal cancer liver metastasis prediction: Magnetic resonance imaging-based radiomics, bias mitigation, and regulatory considerations."
b3,39953497,2025,10.1186/s12885-025-13664-5,PMC11827370,not_found,Prognostic significance of preoperative CT-based sarcopenia in locally advanced rectal cancer: a multicenter retrospective study.
b3,39951928,2025,10.1016/j.esmoop.2024.104102,PMC11874550,not_found,"Integrating radiomics, pathomics, and biopsy-adapted immunoscore for predicting distant metastasis in locally advanced rectal cancer."
b3,39885139,2025,10.1038/s41597-024-04152-9,PMC11782544,not_found,A Rectal Cancer Surgery Dataset: Use of artificial intelligence to aid automation of error identification.
b3,39872795,2025,10.4240/wjgs.v17.i1.100232,PMC11757196,not_found,"Risk factors, monitoring, and treatment strategies for early recurrence after rectal cancer surgery."
b3,39872776,2025,10.4240/wjgs.v17.i1.101772,PMC11757192,not_found,Machine learning and deep learning to improve prevention of anastomotic leak after rectal cancer surgery.
b3,39872767,2025,10.4240/wjgs.v17.i1.100278,PMC11757176,not_found,Rectal ameboma: A new entity in the differential diagnosis of rectal cancer.
b3,39872765,2025,10.4240/wjgs.v17.i1.100910,PMC11757172,not_found,Evaluation of surgical strategy for low anterior resection syndrome using preoperative low anterior resection syndrome score in China.
b3,39867726,2025,10.1016/j.ctro.2024.100901,PMC11759539,not_found,Treatment time and learning curve analysis of 1.5 T MR-Linac workflows led by radiation oncologists or therapists.
b3,39864243,2025,10.1016/j.ejrad.2025.111937,PMC12168187,not_found,Mastering rectal cancer MRI: From foundational concepts to optimal staging.
b3,39859149,2025,10.3390/ijms26020432,PMC11764815,not_found,"Comprehensive Overview of Molecular, Imaging, and Therapeutic Challenges in Rectal Mucinous Adenocarcinoma."
b3,39858112,2025,10.3390/cancers17020330,PMC11763976,not_found,A Comprehensive Approach to Neoadjuvant Treatment of Locally Advanced Rectal Cancer.
b3,39817139,2025,10.4251/wjgo.v17.i1.96598,PMC11664605,not_found,Multiparameter magnetic resonance imaging-based radiomics model for the prediction of rectal cancer metachronous liver metastasis.
b3,39808201,2025,10.1007/s00066-024-02354-z,PMC12181125,not_found,Simultaneous integrated boost to lateral pelvic lymph nodes during chemoradiotherapy in high-risk rectal cancer.
b3,39778879,2025,10.5009/gnl240273,PMC11736321,not_found,Artificial Intelligence Models May Aid in Predicting Lymph Node Metastasis in Patients with T1 Colorectal Cancer.
b3,39496237,2025,10.1159/000541394,PMC11793087,not_found,A Territory-Wide Follow-Up of Primary and Secondary Extramammary Paget Disease of 2 Decades: Effects of Local Disease on Survival.
b3,39297948,2025,10.1007/s00330-024-11081-z,PMC11835893,not_found,Added value of histogram analysis of intravoxel incoherent motion and diffusion kurtosis imaging for the evaluation of complete response to neoadjuvant therapy in locally advanced rectal cancer.
b3,39295560,2025,10.1002/jso.27893,PMC12339013,not_found,Barriers to Offering Organ Preservation for Rectal Cancer in a Predominantly Hispanic Safety Net Hospital.
b3,39217971,2025,10.1159/000540887,PMC11731834,not_found,Significance of Gene Polymorphism and Gene Expression of BACE2 in Swedish Patients with Colorectal Cancer.
b3,39896183,2024,10.3389/fonc.2024.1470824,PMC11782148,not_found,Radiomics in rectal cancer: current status of use and advances in research.
b3,39807414,2024,10.34172/mejdd.2024.396,PMC11725019,not_found,Outcome of selective non-diverting low anterior resection after neoadjuvant chemoradiotherapy and curative surgery for proximal rectal cancer: A prospective case series.
b3,39790821,2024,10.4103/ijnm.ijnm_60_24,PMC11708798,not_found,Role of [18F]FDG-PET/CT in Evaluation of Tumor Response to Chemoradiation Therapy for Advanced Colorectal Cancer.
b3,39770899,2024,10.3390/nu16244277,PMC11678168,not_found,Assessing Quality of Life with the Novel QLQ-CAX24 Questionnaire and Body Composition Parameters in Rectal Cancer Patients: A Single-Center Prospective Study.
b3,39768239,2024,10.3390/life14121530,PMC11677041,not_found,A Machine Learning Model Based on MRI Radiomics to Predict Response to Chemoradiation Among Patients with Rectal Cancer.
b3,39759129,2024,10.3389/fonc.2024.1428583,PMC11695227,not_found,Enhancing clinical complete response assessment in rectal cancer: integrating transanal multipoint full-layer puncture biopsy criteria: a systematic review.
b3,39710706,2024,10.1007/s00384-024-04763-z,PMC11663813,not_found,"Short-term surgical outcomes of rectal adenocarcinoma surgical treatment in Latin America: a multicenter, retrospective assessment in 49 centers from 12 countries."
b3,39699826,2024,10.1186/s13244-024-01852-z,PMC11659530,not_found,The value of restriction spectrum imaging in predicting lymph node metastases in rectal cancer: a comparative study with diffusion-weighted imaging and diffusion kurtosis imaging.
b3,39698686,2024,10.21037/qims-24-907,PMC11651964,not_found,Deep learning-based reconstruction: a reliability assessment in preoperative magnetic resonance imaging for primary rectal cancer.
b3,39664184,2024,10.3389/fonc.2024.1459024,PMC11631729,not_found,Could elective nodal irradiation for locally advanced rectal cancer be omitted in the context of total neoadjuvant therapy? An analysis of the recurrence sites of rectal cancer.
b3,39606126,2024,10.7759/cureus.74592,PMC11601879,not_found,"Enhancing Precision in Rectal Cancer Care: Unravelling the Correlation Between MRI Locoregional Staging and Prognostic Factors, With Post-resection Pathology."
b3,39604448,2024,10.1038/s41598-024-80855-8,PMC11603181,not_found,Assessment of circulating tumor DNA in patients with locally advanced rectal cancer treated with neoadjuvant therapy.
b3,39598095,2024,10.3390/jcm13226951,PMC11594537,not_found,"Endoscopic Local Excision (ELE) with Knife-Assisted Resection (KAR) Techniques Followed by Adjuvant Radiotherapy and/or Chemotherapy for Invasive (T1bsm2,3/T2) Early Rectal Cancer: A Multicenter Retrospective Cohort."
b3,39594237,2024,10.3390/diagnostics14222570,PMC11592677,not_found,Rectal Cancer and Lateral Lymph Node Staging: Interobserver Agreement and Success in Predicting Locoregional Recurrence.
b3,39566088,2024,10.1093/bjs/znae302,PMC11578545,not_found,Correction to: Baseline MRI predictors of successful organ preservation in the Organ Preservation in Rectal Adenocarcinoma (OPRA) trial.
b3,39559486,2024,10.1016/j.phro.2024.100663,PMC11570970,not_found,Comparing robust proton versus online adaptive photon radiotherapy for short-course treatment of rectal cancer.
b3,39527151,2024,10.1186/s13244-024-01842-1,PMC11554996,not_found,Roles of MRI evaluation of pelvic recurrence in patients with rectal cancer.
b3,39524896,2024,10.1016/j.heliyon.2024.e38927,PMC11544045,not_found,Visualization analysis of research hotspots and trends in MRI-based artificial intelligence in rectal cancer.
b3,39517321,2024,10.3390/healthcare12212108,PMC11544860,not_found,Change in Quality of Life in Patients with Advanced Rectal Cancer Between 2010 and 2022.
b3,39512305,2024,10.1016/j.tipsro.2024.100284,PMC11541823,not_found,"On the trail of CBCT-guided adaptive rectal boost radiotherapy, does daily delineation require a radiation oncologist?"
b3,39506775,2024,10.1186/s13014-024-02540-4,PMC11539469,not_found,Dynamics of cell-free tumor DNA correlate with early MRI response during chemoradiotherapy in rectal cancer.
b3,39503190,2024,10.1002/jmrs.839,PMC11638342,not_found,Deep learning in image segmentation for cancer.
b3,39502605,2024,10.21873/cdp.10399,PMC11534043,not_found,Drainage Fluid Amylase as a Biomarker for the Detection of Anastomotic Leakage After Low Anterior Resection of Rectal Cancer: A Two-center Study.
b3,39477414,2024,10.21873/invivo.13780,PMC11535921,not_found,The Effect of Multifaceted Anastomotic Leakage Prevention via ICG and SST for Lower Rectal Anastomosis.
b3,39445020,2024,10.3389/fimmu.2024.1442733,PMC11496097,not_found,"Anti-GABAB receptor encephalitis: clinical and laboratory characteristics, imaging, treatments and prognosis."
b3,39429593,2024,10.21037/qims-24-331,PMC11485380,not_found,Prediction of Kirsten rat sarcoma (KRAS) mutation in rectal cancer with amide proton transfer-weighted magnetic resonance imaging.
b3,39427077,2024,10.1007/s10238-024-01495-w,PMC11490463,not_found,Assessing the practice of total neoadjuvant therapy for rectal cancer: an online survey among radiation oncology departments in Germany and German-speaking regions of Austria and Switzerland.
b3,39416464,2024,10.3389/fonc.2024.1464183,PMC11479860,not_found,Significance of apparent diffusion coefficient in diagnosis of rectal carcinoma.
b3,39414276,2024,10.1136/bmjopen-2023-083225,PMC11487837,not_found,"Optimised treatment of patients with enlarged lateral lymph nodes in rectal cancer: protocol of an international, multicentre, prospective registration study after extensive multidisciplinary training (LaNoReC)."
b3,39409972,2024,10.3390/cancers16193353,PMC11475605,not_found,Tumor Immune Microenvironment Biomarkers for Recurrence Prediction in Locally Advanced Rectal Cancer Patients after Neoadjuvant Chemoradiotherapy.
b3,39391230,2024,10.1016/j.tipsro.2024.100277,PMC11465212,not_found,Dealing with rectum motion during radiotherapy: How can we anticipate it?
b3,39342580,2024,10.31557/APJCP.2024.25.9.3029,PMC11700330,not_found,Role of Intravoxel Incoherent Motion and Dynamic-Contrast-Enhanced Perfusion in Response Prediction of Patients with Colorectal Cancer after Neoadjuvant Chemotherapy.
b3,39333910,2024,10.1186/s12876-024-03433-2,PMC11437677,not_found,Deep pelvis and low visceral fat mass as risk factors for neurogenic bladder after rectal cancer surgery.
b3,39333450,2024,10.1007/s00384-024-04721-9,PMC11436429,not_found,Does the initial treatment of primary tumor impact prognosis after recurrence in locally advanced rectal cancer? Results from a retrospective cohort analysis.
b3,39330757,2024,10.3390/tomography10090111,PMC11435900,not_found,Skeletal Muscle Segmentation at the Level of the Third Lumbar Vertebra (L3) in Low-Dose Computed Tomography: A Lightweight Algorithm.
b3,39330748,2024,10.3390/tomography10090102,PMC11435673,not_found,(18)F-Fluoroazomycin Arabinoside (FAZA) PET/MR as a Biomarker of Hypoxia in Rectal Cancer: A Pilot Study.
b3,39292276,2024,10.1007/s00384-024-04717-5,PMC11410998,not_found,Lateral pelvic lymph node positivity (LPLNP) score: predictive clinic-radiological model of lateral pelvic lymph node involvement in rectal cancer patients.
b3,39290702,2024,10.3389/fimmu.2024.1466226,PMC11405197,not_found,Deciphering colorectal cancer radioresistance and immune microrenvironment: unraveling the role of EIF5A through single-cell RNA sequencing and machine learning.
b3,39286771,2024,10.1016/j.phro.2024.100634,PMC11402650,not_found,Inter-fraction motion robustness in a prospective phase II trial on dose-escalated proton reirradiation for locally recurrent rectal cancer.
b3,39279945,2024,10.21037/jgo-22-961,PMC11399841,not_found,MR-linac based radiation therapy in gastrointestinal cancers: a narrative review.
b3,39279931,2024,10.21037/jgo-24-537,PMC11399866,not_found,The impact of transanal drainage tube on the incidence of anastomotic leakage and small bowel obstruction in radical surgery (Dixon) for rectal cancer: a retrospective cohort study.
b3,39264626,2024,10.1001/jamanetworkopen.2024.32927,PMC11393720,not_found,Persistent Lymph Node Metastases After Neoadjuvant Chemoradiotherapy for Rectal Cancer.
b3,39229569,2024,10.1002/ags3.12824,PMC11368511,not_found,Tailoring rectal cancer surgery: Surgical approaches and anatomical insights during deep pelvic dissection for optimal outcomes in low-lying rectal cancer.
b3,39229550,2024,10.1002/ags3.12832,PMC11368503,not_found,Identification of lateral pelvic nodes without metastasis in patients with rectal cancer treated with preoperative chemoradiotherapy or chemotherapy based on magnetic resonance imaging.
b3,39225603,2024,10.1148/radiol.232748,PMC11427875,not_found,MRI Predicts Residual Disease and Outcomes in Watch-and-Wait Patients with Rectal Cancer.
b3,39218934,2024,10.1186/s13014-024-02508-4,PMC11367860,not_found,Dose tracking assessment for magnetic resonance guided adaptive radiotherapy of rectal cancers.
b3,39202192,2024,10.3390/diagnostics14161704,PMC11353868,not_found,Micro-Computed Tomography Whole-Block Imaging Reveals Origin and Path of Rectal Cancer Tumor Deposits: A Pilot Study.
b3,39196580,2024,10.1001/jamasurg.2024.3260,PMC11359091,not_found,Parastomal Hernia Prevention Using Funnel-Shaped Intra-Abdominal Mesh Compared to No Mesh: The Chimney Randomized Clinical Trial.
b3,39195303,2024,10.3390/curroncol31080320,PMC11352987,not_found,Deciphering the Dilemma: Choosing the Optimal Total Neoadjuvant Treatment Strategy for Locally Advanced Rectal Cancer.
b3,39186173,2024,10.1186/s13244-024-01795-5,PMC11347551,not_found,Different radiomics annotation methods comparison in rectal cancer characterisation and prognosis prediction: a two-centre study.
b3,39180940,2024,10.1016/j.ejca.2024.114291,PMC11536523,not_found,Chemoradiotherapy plus induction or consolidation chemotherapy as total neoadjuvant therapy for locally advanced rectal cancer: Pooled analysis of the CAO/ARO/AIO-12 and the OPRA randomized phase 2 trials.
b3,39133330,2024,10.1007/s00464-024-11132-y,PMC11362201,not_found,Correction: An artificial intelligence-based nerve recognition model is useful as surgical support technology and as an educational tool in laparoscopic and robot-assisted rectal cancer surgery.
b3,39126876,2024,10.1016/j.clinsp.2024.100464,PMC11369368,not_found,Prognostic factors for local recurrence in patients with rectal cancer submitted to neoadjuvant chemoradiotherapy and total mesorectal excision.
b3,39120825,2024,10.1186/s13244-024-01772-y,PMC11315814,not_found,Correction: Performance of dual-layer spectrum CT virtual monoenergetic images to assess early rectal adenocarcinoma T-stage: comparison with MR.
b3,39108362,2024,10.1093/jbmrpl/ziae087,PMC11299508,not_found,Bone turnover biomarkers reflect radiation-induced bone injuries in women with non-metastatic rectal cancer.
b3,39108316,2024,10.25259/JCIS_43_2024,PMC11301790,not_found,Does computed tomography-derived volumometry and densitometry of psoas muscle really correlate with complications in rectal cancer patients after elective surgery?
b3,39103772,2024,10.1186/s12876-024-03316-6,PMC11299282,not_found,"Preoperative prediction of rectal Cancer staging combining MRI deep transfer learning, radiomics features, and clinical factors: accurate differentiation from stage T2 to T3."
b3,39102159,2024,10.1007/s10151-024-02969-5,PMC11300497,not_found,Assessing neoadjuvant therapy recommendations in 19 national and international guidelines for rectal cancer.
b3,39099685,2024,10.3389/fonc.2024.1433190,PMC11294238,not_found,"Prediction of lateral lymph node metastasis in rectal cancer patients based on MRI using clinical, deep transfer learning, radiomic, and fusion models."
b4,38671820,2024,10.3390/bioengineering11040399,PMC11048699,pending,Precision Identification of Locally Advanced Rectal Cancer in Denoised CT Scans Using EfficientNet and Voting System Algorithms.
b4,38669916,2024,10.1016/j.clinimag.2024.110166,PMC11090716,pending,Watch & wait - Post neoadjuvant imaging for rectal cancer.
b4,38668405,2024,10.3390/tomography10040048,PMC11054900,pending,The Additional Role of F18-FDG PET/CT in Characterizing MRI-Diagnosed Tumor Deposits in Locally Advanced Rectal Cancer.
b4,38664824,2024,10.1186/s12957-024-03389-3,PMC11044303,pending,Development and validation of machine learning models and nomograms for predicting the surgical difficulty of laparoscopic resection in rectal cancer.
b4,38654675,2024,10.1002/jmrs.794,PMC11638361,pending,Improved deep learning for automatic localisation and segmentation of rectal cancer on T2-weighted MRI.
b4,38654162,2024,10.1186/s12880-024-01269-6,PMC11040747,pending,Imaging segmentation mechanism for rectal tumors using improved U-Net.
b4,38652133,2024,10.1097/JS9.0000000000001014,PMC11254249,pending,Unraveling variations and enhancing prediction of successful sphincter-preserving resection for low rectal cancer: a post hoc analysis of the multicentre LASRE randomized clinical trial.
b4,38651169,2024,10.1093/gastro/goae035,PMC11035003,pending,Texture analysis of apparent diffusion coefficient maps: can it identify nonresponse to neoadjuvant chemotherapy for additional radiation therapy in rectal cancer patients?
b4,38633094,2024,10.1364/BOE.518204,PMC11019702,pending,In-vivo assessment of a rat rectal tumor using optical-resolution photoacoustic endoscopy.
b4,38627724,2024,10.1186/s12957-024-03379-5,PMC11020791,pending,Impact of grade on workup of rectal neuroendocrine tumors: a retrospective cohort study : Grade impact on workup of rectal NETs.
b4,38619675,2024,10.1186/s40792-024-01889-8,PMC11018568,pending,Two cases of strangulated bowel obstruction due to exposed vessel and nerve after laparoscopic and robot-assisted lateral lymph node dissection (LLND) for rectal cancer.
b4,38615709,2024,10.1016/j.modpat.2024.100493,PMC11193612,pending,Scattering-Based Light-Sheet Microscopy Imaging of Human Papillomavirus-Associated Squamous Lesions of the Anal Canal: A Proof-of-Principle Study.
b4,38605419,2024,10.1186/s40959-024-00223-3,PMC11007921,pending,Cancer therapy related cardiac dysfunction as a result of Panitumumab.
b4,38594327,2024,10.1038/s41698-024-00580-3,PMC11003957,pending,Image-based consensus molecular subtyping in rectal cancer biopsies and response to neoadjuvant chemoradiotherapy.
b4,38592109,2024,10.3390/jcm13051233,PMC10931769,pending,Stereotactic Navigation-Assisted Laparoscopic Resection of Challenging Low Pelvic Tumors: A Case Series.
b4,38591098,2024,10.1002/cam4.7107,PMC11002633,pending,Switching from FOLFIRI plus cetuximab to FOLFIRI plus bevacizumab based on early tumor shrinkage in RAS wild-type metastatic colorectal cancer: A phase II trial (HYBRID).
b4,38590908,2024,10.1016/j.heliyon.2024.e28769,PMC11000007,pending,Predicting rectal cancer tumor budding grading based on MRI and CT with multimodal deep transfer learning: A dual-center study.
b4,38577473,2024,10.4251/wjgo.v16.i3.773,PMC10989393,pending,Study on sex differences and potential clinical value of three-dimensional computerized tomography pelvimetry in rectal cancer patients.
b4,38577081,2024,10.4240/wjgs.v16.i3.823,PMC10989334,pending,Reinforced tissue matrix to strengthen the abdominal wall following reversal of temporary ostomies or to treat incisional hernias.
b4,38575793,2024,10.1007/s00432-024-05662-0,PMC10995092,pending,Clinicopathological factors predict residual lymph node metastasis in locally advanced rectal cancer with ypT0-2 after neoadjuvant chemoradiotherapy.
b4,38538828,2024,10.1007/s11547-024-01811-0,PMC11088547,pending,Multi-omics staging of locally advanced rectal cancer predicts treatment response: a pilot study.
b4,38535046,2024,10.3390/diagnostics14060625,PMC10969012,pending,"Machine Learning-Based Algorithms for Enhanced Prediction of Local Recurrence and Metastasis in Low Rectal Adenocarcinoma Using Imaging, Surgical, and Pathological Data."
b4,38529385,2024,10.3389/fonc.2024.1361300,PMC10961458,pending,Prediction of pathologic complete response to neoadjuvant chemoradiation in locally advanced rectal cancer.
b4,38528760,2024,10.4274/dir.2024.232460,PMC11589510,pending,Value of perfusion parameters from golden-angle radial sparse parallel dynamic contrast-enhanced magnetic resonance imaging in predicting pathological complete response after neoadjuvant chemoradiotherapy for locally advanced rectal cancer.
b4,38528693,2024,10.3348/kjr.2023.1213,PMC10973736,pending,Interpretation of Complete Tumor Response on MRI Following Chemoradiotherapy of Rectal Cancer: Inter-Reader Agreement and Associated Factors in Multi-Center Clinical Practice.
b4,38528456,2024,10.1186/s12885-024-12111-1,PMC10962183,pending,"ROAR-A: re-optimization based Online Adaptive Radiotherapy of anal cancer, a prospective phase II trial protocol."
b4,38513282,2024,10.1093/bjsopen/zrae014,PMC10957166,pending,Nomograms integrating the collagen signature and systemic immune-inflammation index for predicting prognosis in rectal cancer patients.
b4,38506889,2024,10.1001/jamasurg.2024.0184,PMC10955353,pending,Morbidity After Mechanical Bowel Preparation and Oral Antibiotics Prior to Rectal Resection: The MOBILE2 Randomized Clinical Trial.
b4,38505156,2024,10.1097/CU9.0000000000000183,PMC10946639,pending,The challenging management of malignant ureteral obstruction: Analysis of a series of 188 cases.
b4,38498392,2024,10.1097/JS9.0000000000001335,PMC11254239,pending,Multiparametric MRI subregion radiomics for preoperative assessment of high-risk subregions in microsatellite instability of rectal cancer patients: a multicenter study.
b4,38485756,2024,10.1038/s41575-024-00900-9,PMC11588332,pending,Future direction of total neoadjuvant therapy for locally advanced rectal cancer.
b4,38463367,2024,10.4240/wjgs.v16.i2.529,PMC10921216,pending,To explore the pathogenesis of anterior resection syndrome by magnetic resonance imaging rectal defecography.
b4,38463234,2024,10.3389/fonc.2024.1301710,PMC10921553,pending,A study on the radiomic correlation between CBCT and pCT scans based on modified 3D-RUnet image segmentation.
b4,38462629,2024,10.1038/s41392-024-01762-y,PMC10925604,pending,Efficacy and safety of PD-1 blockade plus long-course chemoradiotherapy in locally advanced rectal cancer (NECTAR): a multi-center phase 2 study.
b4,38456896,2024,10.1007/s00261-024-04213-y,PMC11613965,pending,"Comparison between pelvic MRI, CT, and PET/CT in baseline staging and radiation planning of anal squamous cell carcinoma."
b4,38454930,2024,10.3389/fonc.2024.1255438,PMC10917947,pending,Prediction by a multiparametric magnetic resonance imaging-based radiomics signature model of disease-free survival in patients with rectal cancer treated by surgery.
b4,38454349,2024,10.1186/s12885-024-11997-1,PMC10919051,pending,Fully semantic segmentation for rectal cancer based on post-nCRT MRl modality and deep learning framework.
b4,38418627,2024,10.1007/s00330-024-10645-3,PMC11364724,pending,ESR Essentials: Imaging in colorectal cancer-practice recommendations by ESGAR.
b4,38414120,2024,10.3393/ac.2023.00892.0127,PMC10915525,pending,Performance reporting design in artificial intelligence studies using image-based TNM staging and prognostic parameters in rectal cancer: a systematic review.
b4,38411722,2024,10.1186/s13244-024-01625-8,PMC10899552,pending,T2WI-based MRI radiomics for the prediction of preoperative extranodal extension and prognosis in resectable rectal cancer.
b4,38406803,2024,10.3389/fonc.2024.1294440,PMC10889124,pending,An immune-related gene prognostic prediction risk model for neoadjuvant chemoradiotherapy in rectal cancer using artificial intelligence.
b4,38400314,2024,10.3390/s24041156,PMC10893370,pending,The Effectiveness of an Adaptive Method to Analyse the Transition between Tumour and Peritumour for Answering Two Clinical Questions in Cancer Imaging.
b4,38399617,2024,10.3390/medicina60020330,PMC10890266,pending,Predicting the Feasibility of Curative Resection in Low Rectal Cancer: Insights from a Prospective Observational Study on Preoperative Magnetic Resonance Imaging Accuracy.
b4,38380369,2024,10.3389/fonc.2024.1337219,PMC10878416,pending,Interpretable machine learning model to predict surgical difficulty in laparoscopic resection for rectal cancer.
b4,38363197,2024,10.1148/rycan.230077,PMC10988347,pending,Multimodality Imaging to Direct Management of Primary and Recurrent Rectal Adenocarcinoma Beyond the Total Mesorectal Excision Plane.
b4,38362400,2024,10.3348/jksr.2024.0012,PMC10864143,pending,Erratum: Diagnostic Performance of Rectal CT for Staging Rectal Cancer: Comparison with Rectal MRI and Histopathology.
b4,38353633,2024,10.1148/ryai.230152,PMC10982819,pending,Multicenter Evaluation of a Weakly Supervised Deep Learning Model for Lymph Node Diagnosis in Rectal Cancer at MRI.
b4,38352181,2024,10.1093/bjro/tzad001,PMC10860507,pending,Radiotherapy dose escalation using pre-treatment diffusion-weighted imaging in locally advanced rectal cancer: a planning study.
b4,38350888,2024,10.1186/s12885-024-11899-2,PMC10863118,pending,"Alliance for clinical trials in Oncology (Alliance) trial A022101/NRG-GI009: a pragmatic randomized phase III trial evaluating total ablative therapy for patients with limited metastatic colorectal cancer: evaluating radiation, ablation, and surgery (ERASur)."
b4,38335901,2024,10.1016/j.jss.2023.12.047,PMC10947808,pending,Development of a Predictive Nomogram for Circumferential Resection Margin in Rectal Cancer Surgery.
b4,38322665,2024,10.1177/11795549241227423,PMC10845996,pending,Risk Factors for Distant Metastasis in T3 T4 Rectal Cancer.
b4,38322600,2024,10.1055/s-0043-1761473,PMC10843878,pending,"Novel and Innovative Surgical Strategies for Recurrent Rectal Cancer: Uncommon Resections, Local Interventions for Pelvic Reoccurrence, and Intraoperative Radiation Therapy."
b4,38317597,2024,10.1002/acm2.14259,PMC11005975,pending,Automatic end-to-end VMAT treatment planning for rectal cancers.
b4,38295317,2024,10.1200/PO.23.00256,PMC10843252,pending,Baseline and Longitudinal Neutrophil-to-Lymphocyte Ratio as Prognostic Factor for Metastatic Colorectal Cancer: A Secondary Analysis of the ITACa Randomized Trial.
b4,38293722,2024,10.1002/jcsm.13424,PMC10995272,pending,Influence of skeletal muscle and intermuscular fat on postoperative complications and long-term survival in rectal cancer patients.
b4,38289485,2024,10.1007/s00384-024-04595-x,PMC10827956,pending,Findings in magnetic resonance imaging for restaging locally advanced rectal cancer.
b4,38274389,2024,10.1016/j.ctro.2023.100721,PMC10808928,pending,Quality of life and clinical outcomes in rectal cancer patients treated on a 1.5T MR-Linac within the MOMENTUM study.
b4,38272561,2024,10.1136/jitc-2023-008436,PMC10824013,pending,Biomarkers of pembrolizumab efficacy in advanced anal squamous cell carcinoma: analysis of a phase II clinical trial and a cohort of long-term responders.
b4,38270249,2024,10.14309/ctg.0000000000000681,PMC11042766,pending,Deep Learning in High-Resolution Anoscopy: Assessing the Impact of Staining and Therapeutic Manipulation on Automated Detection of Anal Cancer Precursors.
b4,38263089,2024,10.1186/s12893-024-02316-3,PMC10804464,pending,What affects the selection of diverting ileostomy in rectal cancer surgery: a single-center retrospective study.
b4,38256556,2024,10.3390/jcm13020421,PMC10816962,pending,Performance and Dimensionality of Pretreatment MRI Radiomics in Rectal Carcinoma Chemoradiotherapy Prediction.
b4,38253770,2024,10.1038/s41698-024-00516-x,PMC10803303,pending,An automated deep learning pipeline for EMVI classification and response prediction of rectal cancer using baseline MRI: a multi-centre study.
b4,38250676,2024,10.1002/ags3.12720,PMC10797815,pending,Neoadjuvant S-1 and oxaliplatin plus bevacizumab therapy for high-risk locally advanced rectal cancer: A prospective multicenter phase II study.
b4,38248122,2024,10.3390/curroncol31010037,PMC10814650,pending,Artemis as Predictive Biomarker of Responsiveness to Preoperative Chemoradiotherapy in Patients with Locally Advanced Rectal Cancer.
b4,38248112,2024,10.3390/curroncol31010027,PMC10814313,pending,"An Informative Review of Radiomics Studies on Cancer Imaging: The Main Findings, Challenges and Limitations of the Methodologies."
b4,38245891,2024,10.1007/s13304-023-01748-5,PMC10995043,pending,A nomogram for predicting lymph nodes metastasis at the inferior mesenteric artery in rectal cancer: a retrospective case-control study.
b4,38243288,2024,10.1186/s12880-024-01200-z,PMC10799446,pending,Study on the diagnostic value of MDCT extramural vascular invasion in preoperative N staging of gastric cancer patients.
b4,38241536,2024,10.1097/MD.0000000000036961,PMC10798752,pending,Can 3D radiological calculations predict operational difficulties for rectal cancer?: A single center retrospective analysis.
b4,38231409,2024,10.1007/s00423-024-03231-0,PMC10794372,pending,Impact of CT-measured sarcopenic obesity on postoperative outcomes following colon cancer surgery.
b4,38228903,2024,10.1186/s13244-023-01593-5,PMC10792143,pending,Performance of dual-layer spectrum CT virtual monoenergetic images to assess early rectal adenocarcinoma T-stage: comparison with MR.
b4,38227140,2024,10.1007/s13246-023-01369-7,PMC10963571,pending,Potential dosimetric error in the adaptive workflow of a 1.5 T MR-Linac from patient movement relative to immobilisation systems.
b4,38223741,2024,10.1016/j.heliyon.2023.e23923,PMC10787243,pending,"CT radiomics for predicting the prognosis of patients with stage II rectal cancer during the three-year period after surgery, chemotherapy and radiotherapy."
b4,38223404,2024,10.3892/mco.2023.2702,PMC10784769,pending,Treatment options for neoadjuvant strategies of esophageal squamous cell carcinoma (Review).
b4,38200410,2024,10.1186/s12885-024-11829-2,PMC10782729,pending,"Anus preservation in low rectal adenocarcinoma based on MMR/MSI status (APRAM): a study protocol for a randomised, controlled, open-label, multicentre phase III trial."
b4,38194231,2024,10.1001/jamanetworkopen.2023.50903,PMC10777257,pending,Organ Preservation and Survival by Clinical Response Grade in Patients With Rectal Cancer Treated With Total Neoadjuvant Therapy: A Secondary Analysis of the OPRA Randomized Clinical Trial.
b4,38180954,2024,10.1093/oncolo/oyad336,PMC10911913,pending,Circulating Tumor DNA to Predict Radiographic and Pathologic Response to Total Neoadjuvant Therapy in Locally Advanced Rectal Cancer.
b4,38170894,2024,10.1093/bjsopen/zrad139,PMC10763995,pending,MRI-predicted extramural vascular invasion and tumour deposit are main predictors of disease-free survival in patients undergoing surgical resection for rectal cancer.
b4,38167665,2024,10.1038/s41598-023-50966-9,PMC10762039,pending,Quantitative MRI-based radiomics analysis identifies blood flow feature associated to overall survival for rectal cancer patients.
b4,38127337,2024,10.1001/jamaoncol.2023.5444,PMC10739079,pending,Abandonment of Routine Radiotherapy for Nonlocally Advanced Rectal Cancer and Oncological Outcomes.
b4,38106864,2024,10.1055/s-0043-1774300,PMC10723970,pending,Predicting Positive Radial Margin on Restaging MRI of Patients with Low Rectal Cancer: Can We Do Better?
b4,38106857,2024,10.1055/s-0043-1772695,PMC10723953,pending,Evaluation of an Objective MRI-Based Tumor Regression Grade (mrTRG) Score and a Subjective Likert Score for Assessing Treatment Response in Locally Advanced Rectal Cancers-A Retrospective Study.
b4,38073716,2024,10.1016/j.ctro.2023.100703,PMC10701125,pending,Radiomics of skeletal muscle helps to predict gastrointestinal toxicity in locally advanced rectal cancer patients receiving neoadjuvant chemoradiotherapy.
b4,38048750,2024,10.1016/j.jss.2023.11.006,PMC11010235,pending,Incidence of Secondary Cancers After Neoadjuvant Therapy for Locally Advanced Rectal Cancer.
b4,38042958,2024,10.1038/s41416-023-02500-x,PMC10803761,pending,Stromal localization of inactive CD8(+) T cells in metastatic mismatch repair deficient colorectal cancer.
b4,38000147,2024,10.1016/j.tranon.2023.101828,PMC10709626,pending,Lipid metabolism-associated genes serve as potential predictive biomarkers in neoadjuvant chemoradiotherapy combined with immunotherapy in rectal cancer.
b4,37994445,2024,10.1097/DCR.0000000000003038,PMC11186794,pending,Prediction of Pathologic Complete Response for Rectal Cancer Based on Pretreatment Factors Using Machine Learning.
b4,37982756,2024,10.1093/jnci/djad243,PMC10995848,pending,Morphological diversity of cancer cells predicts prognosis across tumor types.
b4,37979009,2024,10.1007/s00330-023-10447-z,PMC11166750,pending,Split scar sign to predict complete response in rectal cancer after neoadjuvant chemoradiotherapy: systematic review and meta-analysis.
b4,37932600,2024,10.1007/s00464-023-10517-9,PMC10776460,pending,"Permanent stoma rate and long-term stoma complications in laparoscopic, robot-assisted, and transanal total mesorectal excisions: a retrospective cohort study."
b4,37924344,2024,10.1007/s00330-023-10340-9,PMC11126458,pending,Training and external validation of pre-treatment FDG PET-CT-based models for outcome prediction in anal squamous cell carcinoma.
b4,37922377,2024,10.1002/acm2.14193,PMC10962489,pending,Impact of attenuation correction of radiotherapy hardware for positron emission tomography-magnetic resonance in ano-rectal radiotherapy patients.
b4,37919185,2024,10.1016/j.clcc.2023.10.001,PMC10922547,pending,Effectiveness of Biologic Agents Among Hispanic Patients With Metastatic Colorectal Cancer.
b4,37820978,2024,10.1016/j.mri.2023.10.002,PMC11138874,pending,Convolutional network denoising for acceleration of multi-shot diffusion MRI.
b4,37788410,2024,10.1200/JCO.23.00586,PMC10730081,pending,International Validation of the Immunoscore Biopsy in Patients With Rectal Cancer Managed by a Watch-and-Wait Strategy.
b4,37646807,2024,10.1007/s00330-023-10167-4,PMC10873460,pending,Outcomes and potential impact of a virtual hands-on training program on MRI staging confidence and performance in rectal cancer.
b4,37429949,2024,10.1007/s00066-023-02114-5,PMC10784345,pending,Magnetic resonance imaging of anal cancer: tumor characteristics and early prediction of treatment outcome.
b4,37395934,2024,10.1007/s11764-023-01410-4,PMC11424718,pending,Quality of life and symptom burden after rectal cancer surgery: a randomised controlled trial comparing patient-led versus standard follow-up.
b4,37393447,2024,10.3233/THC-220798,PMC10977434,pending,The value of multimodality MR in T staging evaluation after neoadjuvant therapy for rectal cancer.
b4,37260270,2024,10.1097/DCR.0000000000002752,PMC10715698,pending,Prognostic Implications of Lateral Lymph Nodes in Rectal Cancer: A Population-Based Cross-sectional Study With Standardized Radiological Evaluation After Dedicated Training.
b4,41647729,2023,10.1016/j.esmogo.2023.08.012,PMC12836764,pending,Circulating tumour DNA and MRI circumferential resection margin are key prognostic indicators for survival in rectal cancer.
b4,38390532,2023,10.4103/ijnm.ijnm_69_23,PMC10880856,pending,Ureteral Stone Mimicking Metastasis - Planar Bone Scan When Single-photon Emission Computed Tomography/Computed Tomography Is a Necessity.
b4,38328435,2023,10.3389/fonc.2023.1231508,PMC10849061,pending,Construction and validation of a progression prediction model for locally advanced rectal cancer patients received neoadjuvant chemoradiotherapy followed by total mesorectal excision based on machine learning.
b4,38288161,2023,10.3389/fgene.2023.1299599,PMC10822895,pending,Methylenetetrahydrofolate reductase polymorphic variants C677T and A1298C in rectal cancer in Slavic population: significance for cancer risk and response to chemoradiotherapy.
b4,38259008,2023,10.1097/JS9.0000000000000756,PMC10720841,pending,An easy-to-use artificial intelligence preoperative lymph node metastasis predictor (LN-MASTER) in rectal cancer based on a privacy-preserving computing platform: multicenter retrospective cohort study: erratum.
b4,38202179,2023,10.3390/jcm13010172,PMC10780006,pending,Advances in MRI-Based Assessment of Rectal Cancer Post-Neoadjuvant Therapy: A Comprehensive Review.
b4,38196531,2023,10.21037/jgo-23-683,PMC10772672,pending,Prognostic value of the ratio of pretreatment carcinoembryonic antigen to tumor volume in rectal cancer.
b4,38187830,2023,10.1007/s13193-023-01831-8,PMC10767130,pending,"The ""Watch and Wait"" Method After Chemoradiotherapy for Rectal Cancer Requiring Abdominoperineal Resection."
b4,38161529,2023,10.7759/cureus.51208,PMC10756688,pending,Enhanced Recovery After Surgery (ERAS) Approach: A Medical Complex Experience.
b4,38138297,2023,10.3390/medicina59122194,PMC10744935,pending,"Prognostic Value of Tumor Volume, Tumor Volume Reduction Rate and Magnetic Resonance Tumor Regression Grade in Rectal Cancer."
b4,38138265,2023,10.3390/medicina59122162,PMC10744943,pending,The Multipurpose Usage of Diffusion-Weighted MRI in Rectal Cancer.
b4,38136361,2023,10.3390/cancers15245816,PMC10741704,pending,Radiogenomics: Contemporary Applications in the Management of Rectal Cancer.
b4,38124365,2023,10.3393/ac.2023.00080.0011,PMC10781604,pending,Impact of consolidation chemotherapy in poor responders to neoadjuvant radiation therapy: magnetic resonance imaging-based clinical-radiological correlation in high-risk rectal cancers.
b4,38117396,2023,10.1186/s13244-023-01564-w,PMC10733230,pending,Predicting tumor deposits in rectal cancer: a combined deep learning model using T2-MR imaging and clinical features.
b4,38106286,2023,10.21037/qims-23-692,PMC10722083,pending,Radiomics for predicting survival in patients with locally advanced rectal cancer: a systematic review and meta-analysis.
b4,38105894,2023,10.3389/fmed.2023.1326324,PMC10722089,pending,Deep learning models for preoperative T-stage assessment in rectal cancer using MRI: exploring the impact of rectal filling.
b4,38105891,2023,10.3389/fmed.2023.1276672,PMC10722265,pending,Deep learning-based clinical-radiomics nomogram for preoperative prediction of lymph node metastasis in patients with rectal cancer: a two-center study.
b4,38100485,2023,10.1371/journal.pone.0290141,PMC10723658,pending,Machine learning based prediction of recurrence after curative resection for rectal cancer.
b4,38097594,2023,10.1038/s41598-023-49197-9,PMC10721617,pending,Deployment and assessment of a deep learning model for real-time detection of anal precancer with high frame rate high-resolution microendoscopy.
b4,38094524,2023,10.7759/cureus.48730,PMC10718152,pending,A Comparative Study on the Quality of MRI Reporting in Primary Rectal Cancer.
b4,38081790,2023,10.3393/ac.2023.00031.0004,PMC10781607,pending,Computed tomography-assessed presarcopenia and clinical outcomes after laparoscopic surgery for rectal cancer.
b4,38075095,2023,10.1155/2023/9754194,PMC10700884,pending,Retracted: Evaluation of the Risk of Recurrence in Patients with Local Advanced Rectal Tumours by Different Radiomic Analysis Approaches.
b4,38074653,2023,10.3389/fonc.2023.1230519,PMC10704453,pending,Feasibility of delta radiomics-based pCR prediction for rectal cancer patients treated with magnetic resonance-guided adaptive radiotherapy.
b4,38074652,2023,10.3389/fonc.2023.1230698,PMC10708912,pending,Comparison of preoperative CT- and MRI-based multiparametric radiomics in the prediction of lymph node metastasis in rectal cancer.
b4,38074647,2023,10.3389/fonc.2023.1242193,PMC10699861,pending,Body composition parameters combined with blood biomarkers and magnetic resonance imaging predict responses to neoadjuvant chemoradiotherapy in locally advanced rectal cancer.
b4,38071443,2023,10.5144/0256-4947.2023.348,PMC11182431,pending,Transanal minimally invasive surgery for benign and malignant rectal lesions: midterm outcomes from a tertiary center.
b4,38067368,2023,10.3390/cancers15235662,PMC10705093,pending,Prediction of Neoadjuvant Chemoradiotherapy Response in Rectal Cancer Patients Using Harmonized Radiomics of Multcenter (18)F-FDG-PET Image.
b4,38067239,2023,10.3390/cancers15235535,PMC10705332,pending,Clinical Tools for Rectal Cancer Response Assessment following Neoadjuvant Treatment in the Era of Organ Preservation.
b4,38049783,2023,10.1186/s12885-023-11671-y,PMC10696698,pending,Can we use a simple blood test to reduce unnecessary adverse effects from radiotherapy by timely identification of radiotherapy-resistant rectal cancers? MeD-Seq rectal study protocol.
b4,38044392,2023,10.1007/s12672-023-00824-x,PMC10694116,pending,"Resection margins, lymph node harvest and 3 year survival in open and laparoscopic colorectal cancer surgery; a prospective cohort study."
b4,38036687,2023,10.1186/s41824-023-00183-4,PMC10689635,pending,Signet cell rectal carcinoma with prostatic involvement detected by FAPI-04 PET-MRI fusion.
b4,38006203,2023,10.1093/bjsopen/zrad114,PMC10674077,pending,"Tumour, narrow pelvis and surgery specific factors for total mesorectal excision quality and morbidity following rectal cancer resection."
b4,38004246,2023,10.3390/life13112106,PMC10672442,pending,A Modified NAR Scoring Model Incorporating Immune Infiltration Characteristics to Better Predict Long-Term Survival Following Neoadjuvant Radiotherapy in Rectal Cancer.
b4,38002422,2023,10.3390/bioengineering10111298,PMC10669695,pending,"Preoperative Grading of Rectal Cancer with Multiple DWI Models, DWI-Derived Biological Markers, and Machine Learning Classifiers."
b4,38001587,2023,10.3390/cancers15225328,PMC10670363,pending,Beyond Total Mesorectal Excision (TME)-Results of MRI-Guided Multivisceral Resections in T4 Rectal Carcinoma and Local Recurrence.
b4,38001376,2023,10.1186/s13244-023-01552-0,PMC10673763,pending,Results of a diagnostic imaging audit in a randomised clinical trial in rectal cancer highlight the importance of careful planning and quality control.
b4,37958350,2023,10.3390/cancers15215176,PMC10649318,pending,Radiological Biomarkers in MRI directed Rectal Cancer Radiotherapy Volume Delineation.
b4,37958316,2023,10.3390/cancers15215142,PMC10647315,pending,Prediction of Radiation Treatment Response for Locally Advanced Rectal Cancer via a Longitudinal Trend Analysis Framework on Cone-Beam CT.
b4,37958309,2023,10.3390/cancers15215134,PMC10648149,pending,Radiomics Signature Based on Support Vector Machines for the Prediction of Pathological Complete Response to Neoadjuvant Chemoradiotherapy in Locally Advanced Rectal Cancer.
b4,37950314,2023,10.1186/s13014-023-02374-6,PMC10638784,pending,First clinical application of image-guided intraoperative electron radiation therapy with real time intraoperative dose calculation in recurrent rectal cancer: technical procedure.
b4,37941552,2023,10.3389/fonc.2023.1267838,PMC10628597,pending,Preoperative prediction of tumor budding in rectal cancer using multiple machine learning algorithms based on MRI T2WI radiomics.
b4,37933755,2023,10.2196/50110,PMC10753427,pending,Pharmaceutical Agents as Potential Drivers in the Development of Early-Onset Colorectal Cancer: Case-Control Study.
b4,37933042,2023,10.1097/MD.0000000000035756,PMC10627669,pending,Clinical application of a novel stent-assisted in situ intestinal bypass in preventing postoperative anastomotic leakage for low-mid rectal cancer: A retrospective study.
b4,37919401,2023,10.1038/s41598-023-46225-6,PMC10622418,pending,Predicting multiple linear stapler firings in double stapling technique with an MRI-based deep-learning model.
b4,37909021,2023,10.3389/fonc.2023.1194120,PMC10614283,pending,Effects of MRI radiomics combined with clinical data in evaluating lymph node metastasis in mrT1-3a staging rectal cancer.
b4,37907928,2023,10.1186/s13014-023-02368-4,PMC10619290,pending,Multiphase and multiparameter MRI-based radiomics for prediction of tumor response to neoadjuvant therapy in locally advanced rectal cancer.
b4,37903871,2023,10.1038/s41598-023-45939-x,PMC10616067,pending,Circulating DNA and frequency of colorectal cancer brain metastases in a presumed high-risk group.
b4,37894322,2023,10.3390/cancers15204955,PMC10605354,pending,"Urethral Injury in Rectal Cancer Surgery: A Comprehensive Study Using Cadaveric Dissection, Imaging Analyses, and Clinical Series."
b4,37892047,2023,10.3390/diagnostics13203226,PMC10606015,pending,MRI Tumor Regression Grade Combined with T2-Weighted Volumetry May Predict Histopathological Response in Locally Advanced Rectal Cancer following Neoadjuvant Chemoradiotherapy-A New Scoring System Proposal.
b4,37891611,2023,10.1186/s13014-023-02352-y,PMC10612200,pending,Attention mechanism based multi-sequence MRI fusion improves prediction of response to neoadjuvant chemoradiotherapy in locally advanced rectal cancer.
b4,37891502,2023,10.1186/s12880-023-01123-1,PMC10612175,pending,A novel radiomics based on multi-parametric magnetic resonance imaging for predicting Ki-67 expression in rectal cancer: a multicenter study.
b4,37870301,2023,10.4274/mirt.galenos.2023.07830,PMC10600547,pending,Pneumonia with Intense (68)Ga-FAPI Uptake Mimicking Metastasis on (68)Ga-FAPI PET/CT in a Patient with Rectal Cancer.
b4,37869474,2023,10.1016/j.phro.2023.100500,PMC10587515,pending,A network score-based metric to optimize the quality assurance of automatic radiotherapy target segmentations.
b4,37864414,2023,10.1002/cam4.6625,PMC10660615,pending,Survival outcomes of different neoadjuvant treatment regimens in patients with locally advanced rectal cancer and MRI-detected extramural venous invasion.
b4,37843705,2023,10.1186/s40658-023-00587-y,PMC10579211,not_found,The effects of various penalty parameter values in Q.Clear algorithm for rectal cancer detection on (18)F-FDG images using a BGO-based PET/CT scanner: a phantom and clinical study.
b4,37840123,2023,10.1186/s12967-023-04612-7,PMC10577972,pending,Bidirectional Mendelian randomization analysis of the genetic association between primary lung cancer and colorectal cancer.
b4,37835842,2023,10.3390/diagnostics13193099,PMC10572128,not_found,A Deep Learning Framework with Explainability for the Prediction of Lateral Locoregional Recurrences in Rectal Cancer Patients with Suspicious Lateral Lymph Nodes.
b4,37828450,2023,10.1186/s12880-023-01118-y,PMC10571450,pending,Predictive value of infiltrating tumor border configuration of rectal cancer on MRI.
b4,37809043,2023,10.3892/ol.2023.14062,PMC10551859,pending,Treatment response prediction of neoadjuvant chemotherapy for rectal cancer by deep learning of colonoscopy images.
b4,37803462,2023,10.1186/s13014-023-02350-0,PMC10557242,pending,Towards deep-learning (DL) based fully automated target delineation for rectal cancer neoadjuvant radiotherapy using a divide-and-conquer strategy: a study with multicenter blind and randomized validation.
b4,37803322,2023,10.1186/s13014-023-02353-x,PMC10557246,pending,THeragnostic utilities for neoplastic DisEases of the rectum by MRI guided radiotherapy (THUNDER 2) phase II trial: interim safety analysis.
b4,37798533,2023,10.1007/s00464-023-10448-5,PMC10709236,pending,Surgical treatment of retrorectal tumors: a plea for a laparoscopic approach.
b4,37794609,2023,10.1093/postmj/qgad095,PMC10658730,not_found,Computer image analysis with artificial intelligence: a practical introduction to convolutional neural networks for medical professionals.
b4,37781186,2023,10.3389/fonc.2023.1189324,PMC10539580,pending,The psoas muscle density as a predictor of postoperative complications in elderly patients undergoing rectal cancer resection.
b4,37772467,2023,10.1002/cam4.6541,PMC10587958,pending,The patient's perspective on radiation for rectal cancer: Initial expectations versus actual experience.
b4,37771870,2023,10.5662/wjm.v13.i4.259,PMC10523244,pending,External validation of the Moroccan Arabic version of the European Organization for Research and Treatment of Cancer colorectal (CR29) module: Monocentric study.
b4,37754494,2023,10.3390/curroncol30090579,PMC10529884,pending,"Report from the 24th Annual Western Canadian Gastrointestinal Cancer Consensus Conference on Colorectal Cancer, Richmond, British Columbia, 28-29, October 2022."
b4,37750945,2023,10.1259/bjr.20230243,PMC10607399,not_found,Imaging prediction of KRAS mutation in patients with rectal cancer through deep metric learning using pretreatment [(18)F]Fluorodeoxyglucose positron emission tomography/computed tomography.
b4,37750870,2023,10.1259/bjr.20230318,PMC10607404,pending,Sense and non-sense of imaging in the era of organ preservation for rectal cancer.
b4,37749564,2023,10.1186/s12957-023-03193-5,PMC10521534,pending,Quantitative dynamic contrast-enhance MRI parameters for rectal carcinoma characterization: correlation with tumor tissue composition.
b4,37749194,2023,10.1038/s41598-023-43211-w,PMC10519982,pending,Artificial intelligence based system for predicting permanent stoma after sphincter saving operations.
b4,37746305,2023,10.3389/fonc.2023.1109588,PMC10517628,not_found,Predicting the risk of distant metastasis in patients with locally advanced rectal cancer using model based on pre-treatment T2WI-based radiomic features plus postoperative pathological stage.
b4,37738440,2023,10.1093/jrr/rrad068,PMC10665299,pending,Definitive carbon ion re-irradiation with pencil beam scanning in the treatment of unresectable locally recurrent rectal cancer.
b4,37735896,2023,10.1177/15330338231201508,PMC10515520,not_found,CT-Guided Percutaneous Cryoablation for Lung Metastasis of Colorectal Cancer: A Case Series.
b4,37731023,2023,10.1038/s41416-023-02431-7,PMC10646086,pending,"A first-in-human phase 1 study of nofazinlimab, an anti-PD-1 antibody, in advanced solid tumors and in combination with regorafenib in metastatic colorectal cancer."
b4,37723592,2023,10.1186/s40644-023-00607-1,PMC10507842,pending,Prediction of p53 mutation status in rectal cancer patients based on magnetic resonance imaging-based nomogram: a study of machine learning.
b4,37719698,2023,10.3389/fgene.2023.1245594,PMC10501402,pending,Exploring novel genetic and hematological predictors of response to neoadjuvant chemoradiotherapy in locally advanced rectal cancer.
b4,37709314,2023,10.1136/bmjopen-2022-069793,PMC10503376,pending,Neoadjuvant chemoradiation therapy combined with immunotherapy for microsatellite stable ultra-low rectal cancer (CHOICE II): study protocol of a multicentre prospective randomised clinical trial.
b4,37702885,2023,10.1007/s11864-023-01125-9,PMC10643426,pending,The Crying Need for a Better Response Assessment in Rectal Cancer.
b4,37702196,2023,10.1111/cas.15959,PMC10637059,pending,High-dose rate endorectal brachytherapy for rectal cancer: A state-of-the-art review.
b4,37684648,2023,10.1186/s13063-023-07430-w,PMC10486037,not_found,PHaLIR: prevent hernia after loop ileostomy reversal-a study protocol for a randomized controlled multicenter study.
b4,37664046,2023,10.3389/fonc.2023.1234619,PMC10468971,pending,A multiple-time-scale comparative study for the added value of magnetic resonance imaging-based radiomics in predicting pathological complete response after neoadjuvant chemoradiotherapy in locally advanced rectal cancer.
b4,37655097,2023,10.3389/fonc.2023.1235121,PMC10465697,pending,A machine learning-based model for predicting distant metastasis in patients with rectal cancer.
b4,37653735,2023,10.1097/MD.0000000000034985,PMC10470674,pending,Neoadjuvant chemoradiotherapy with capecitabine based regimen in locally advanced rectal cancer: A retrospective study.
b4,37602638,2023,10.4103/sjg.sjg_85_23,PMC10754382,pending,Comparison of KRAS gene in circulating tumor DNA levels vs histological grading of colorectal cancer patients through liquid biopsy.
b4,37581503,2023,10.1148/radiol.230079,PMC10478788,pending,Extramural Venous Invasion and Tumor Deposit at Diffusion-weighted MRI in Patients after Neoadjuvant Treatment for Rectal Cancer.
b4,37581054,2023,10.21037/qims-22-1244,PMC10423373,pending,Golden-angle radial sparse parallel magnetic resonance imaging of rectal perfusion: utility in the diagnosis of poorly differentiated rectal cancer.
b4,37577010,2023,10.15386/mpr-2542,PMC10419690,pending,Preoperative MRI accuracy after neoadjuvant chemoradiation for locally advanced rectal cancer.
b4,37573297,2023,10.1186/s12893-023-02140-1,PMC10423425,pending,Mesorectal reconstruction with pedicled greater omental transplantation to relieve low anterior resection syndrome following total intersphincteric resection in patients with ultra-low rectal cancer.
b4,37569532,2023,10.3390/ijms241512159,PMC10418822,pending,Total Neoadjuvant Treatment for Locally Advanced Rectal Cancer Patients: Where Do We Stand?
b4,37568936,2023,10.3390/diagnostics13152573,PMC10417449,pending,Radiomic Features Are Predictive of Response in Rectal Cancer Undergoing Therapy.
b4,37568685,2023,10.3390/cancers15153869,PMC10416952,pending,Preoperative Radiotherapy with a Simultaneous Integrated Boost Compared to Chemoradiotherapy for cT3-4 Rectal Cancer: Long-Term Results of a Multicenter Randomized Study.
b4,37558922,2023,10.1038/s41416-023-02384-x,PMC10539304,pending,An MRI-based scoring system for pretreatment risk stratification in locally advanced rectal cancer.
b4,37546428,2023,10.3389/fonc.2023.1189334,PMC10399696,pending,The use of quantitative T1-mapping to identify cells and collagen fibers in rectal cancer.
b4,37540407,2023,10.1007/s13304-023-01614-4,PMC10435656,pending,Predictors of Clostridium difficile infection after stoma reversal following TaTME surgery.
b4,37535356,2023,10.1001/jamanetworkopen.2023.27109,PMC10401304,pending,Analysis of Time to Treatment and Survival Among Adults Younger Than 50 Years of Age With Colorectal Cancer in Canada.
b4,37510423,2023,10.3390/healthcare11141981,PMC10379628,pending,Impact of COVID-19 on Quality of Life in Long-Term Advanced Rectal Cancer Survivors.
b4,37499603,2023,10.1016/j.ebiom.2023.104726,PMC10388166,pending,Integrative deep learning analysis improves colon adenocarcinoma patient stratification at risk for mortality.
b4,37481493,2023,10.1245/s10434-023-13964-9,PMC10562504,pending,Navigation-Assisted Surgery for Locally Advanced Primary and Recurrent Rectal Cancer.
b4,37479864,2023,10.1038/s41598-023-38670-0,PMC10362018,pending,Machine learning-based approaches for cancer prediction using microbiome data.
b4,37462820,2023,10.1007/s00330-023-09942-0,PMC10598114,pending,Diffusion-weighted imaging complements T2-weighted MRI for tumour response assessment in squamous anal carcinoma.
b4,37458391,2023,10.5152/tjg.2023.22597,PMC10544611,pending,Radiation Oncologists' Approach to Rectosigmoid Junction Tumors in Turkey: The Turkish Society for Radiation Oncology Gastrointestinal Group Survey Study (TROD 02-007).
b4,37457020,2023,10.1016/j.ctro.2023.100656,PMC10339188,pending,Short-course preoperative radiotherapy increases pelvic fracture risk in rectal cancer.
b4,37455833,2023,10.37349/etat.2023.00142,PMC10344900,pending,Artificial intelligence and radiomics in magnetic resonance imaging of rectal cancer: a review.
b4,37452176,2023,10.1007/s00330-023-09920-6,PMC10667134,pending,Development and multicenter validation of a multiparametric imaging model to predict treatment response in rectal cancer.
b4,37443514,2023,10.1097/MD.0000000000034245,PMC10344533,pending,Nomogram including tumor deposition count to noninvasively evaluate the prognosis of rectal cancer patients: A retrospective study.
b4,37435214,2023,10.21037/jgo-23-405,PMC10331738,pending,Screening of key genes related to ferroptosis and a molecular interaction network analysis in colorectal cancer using machine learning and bioinformatics.
b4,37431270,2023,10.1177/15330338231186467,PMC10338728,pending,Predicting Rectal Cancer Response to Total Neoadjuvant Treatment Using an Artificial Intelligence Model Based on Magnetic Resonance Imaging and Clinical Data.
b4,37420246,2023,10.1186/s12957-023-03091-w,PMC10326933,pending,Persistent descending mesocolon as a vital risk factor for anastomotic failure and prolonged operative time for sigmoid colon and rectal cancers.
b4,37407899,2023,10.1007/s11605-023-05755-0,PMC10528925,not_found,Estimating Risk of Locoregional Failure and Overall Survival in Anal Cancer Following Chemoradiation: A Machine Learning Approach.
b4,37404759,2023,10.3389/fonc.2023.1195404,PMC10315900,pending,Application of a three-dimensional printed pelvic model in laparoscopic radical resection of rectal cancer.
b4,37377906,2023,10.3389/fonc.2023.1118518,PMC10292078,pending,The role of MRI after neochemoradiotherapy in predicting pathological tumor regression grade and clinical outcome in patients with locally advanced rectal adenocarcinoma.
b4,37370997,2023,10.3390/diagnostics13122104,PMC10296819,pending,Local Recurrences in Rectal Cancer: MRI vs. CT.
b4,37370882,2023,10.3390/diagnostics13121987,PMC10297215,pending,Radiomics from Mesorectal Blood Vessels and Lymph Nodes: A Novel Prognostic Predictor for Rectal Cancer with Neoadjuvant Therapy.
b4,37370692,2023,10.3390/cancers15123082,PMC10296157,pending,Delta Radiomic Analysis of Mesorectum to Predict Treatment Response and Prognosis in Locally Advanced Rectal Cancer.
b4,37370651,2023,10.3390/bioengineering10060720,PMC10294893,pending,Chemical Shift-Encoded Sequence (IDEAL-IQ) and Amide Proton Transfer (APT) MRI for Prediction of Histopathological Factors of Rectal Cancer.
b4,37370565,2023,10.3390/bioengineering10060634,PMC10295574,pending,Radiomics for the Prediction of Pathological Complete Response to Neoadjuvant Chemoradiation in Locally Advanced Rectal Cancer: A Prospective Observational Trial.
b4,37370032,2023,10.1186/s12885-023-11103-x,PMC10294487,pending,Neoadjuvant chemotherapy with modified FOLFOXIRI for locally advanced rectal cancer to transform effectively EMVI and MRF from positive to negative: results of a long-term single center phase 2 clinical trial.
b4,37365381,2023,10.1007/s11547-023-01652-3,PMC10317862,pending,Pattern of care for re-irradiation in locally recurrent rectal cancer: a national survey on behalf of the AIRO gastrointestinal tumors study group.
b4,37363997,2023,10.1158/1078-0432.CCR-23-0859,PMC10570673,not_found,Associations between AI-Assisted Tumor Amphiregulin and Epiregulin IHC and Outcomes from Anti-EGFR Therapy in the Routine Management of Metastatic Colorectal Cancer.
b4,37358604,2023,10.1007/s00261-023-03961-7,PMC10480283,pending,Predicting response to chemoradiotherapy in rectal cancer via visual morphologic assessment and staging on baseline MRI: a multicenter and multireader study.
b4,37334122,2023,10.7717/peerj.15408,PMC10269576,pending,A multi-class classification algorithm based on hematoxylin-eosin staining for neoadjuvant therapy in rectal cancer: a retrospective study.
b4,37330508,2023,10.1186/s13014-023-02285-6,PMC10276517,pending,Advantages and robustness of partial VMAT with prone position for neoadjuvant rectal cancer evaluated by CBCT-based offline adaptive radiotherapy.
b4,37325000,2023,10.3348/jksr.2023.0007,PMC10265231,pending,[Interpretation of Rectal MRI after Neoadjuvant Treatment in Patients with Rectal Cancer].
b4,37321815,2023,10.1136/bmjopen-2022-065010,PMC10277084,pending,Towards Response ADAptive Radiotherapy for organ preservation for intermediate-risk rectal cancer (preRADAR): protocol of a phase I dose-escalation trial.
b4,37313205,2023,10.5114/aoms/112531,PMC10259405,pending,Relationship between inferior mesenteric artery diameter and rectal cancer.
b4,37310167,2023,10.1002/14651858.CD002198.pub3,PMC10264720,pending,Local versus radical surgery for early rectal cancer with or without neoadjuvant or adjuvant therapy.
b4,37299595,2023,10.3390/nu15112632,PMC10255819,pending,Sarcopenic Obesity Is a Risk Factor for Worse Oncological Long-Term Outcome in Locally Advanced Rectal Cancer Patients: A Retrospective Single-Center Cohort Study.
b4,37296929,2023,10.3390/cancers15112967,PMC10252061,pending,The Role of MRI and PET/CT in Radiotherapy Target Volume Determination in Gastrointestinal Cancers-Review of the Literature.
b4,37296579,2023,10.3390/cells12111458,PMC10253213,pending,Evaluation of RAS Mutational Status in Liquid Biopsy to Monitor Disease Progression in Metastatic Colorectal Cancer Patients.
b4,37291527,2023,10.1186/s12880-023-01027-0,PMC10249234,not_found,Histogram analysis of dynamic contrast-enhanced magnetic resonance imaging to predict extramural venous invasion in rectal cancer.
b4,37287925,2023,10.3389/fonc.2023.1160159,PMC10243597,not_found,Treatment paradigm and prognostic factor analyses of rectal squamous cell carcinoma.
b4,37274803,2023,10.3748/wjg.v29.i19.2888,PMC10237092,pending,Radiomics in colorectal cancer patients.
b4,37274801,2023,10.3748/wjg.v29.i19.2979,PMC10237089,pending,Machine learning model for prediction of low anterior resection syndrome following laparoscopic anterior resection of rectal cancer: A multicenter study.
b4,37265550,2023,10.1159/000526633,PMC10230821,pending,Diagnostic and Therapeutic Management of Early Colorectal Cancer.
b4,37256101,2023,10.1016/j.eclinm.2023.101945,PMC10225622,pending,"Development and validation of a patient reported outcome measure for health-related quality of life for locally recurrent rectal cancer: a multicentre, three-phase, mixed-methods, cohort study."
b4,37250635,2023,10.3389/fmed.2023.1149056,PMC10213753,pending,"Region-specific deep learning models for accurate segmentation of rectal structures on post-chemoradiation T2w MRI: a multi-institutional, multi-reader study."
b4,37231115,2023,10.1038/s41598-023-35763-8,PMC10213059,pending,Predicting lymphovascular invasion in rectal cancer: evaluating the performance of golden-angle radial sparse parallel MRI for rectal perfusion assessment.
b4,37228304,2023,10.5005/jp-journals-10078-1396,PMC10203326,pending,Rho-kinase Inhibitors in Ocular Diseases: A Translational Research Journey.
b4,37218517,2023,10.1097/SLA.0000000000005907,PMC10481925,pending,Blood Perfusion Assessment by Indocyanine Green Fluorescence Imaging for Minimally Invasive Rectal Cancer Surgery (EssentiAL trial): A Randomized Clinical Trial.
b4,37201089,2023,10.21037/jgo-23-222,PMC10186500,pending,Effects of magnetic resonance imaging (MRI)-detected extramural vascular invasion (mrEMVI) and tumor deposits (TDs) on distant metastasis and long-term survival after surgery for stage III rectal cancer: a retrospective study grouped based on the relationship between the bottom of the tumor and peritoneal reflection.
b4,37184772,2023,10.1007/s10151-023-02803-4,PMC10638143,pending,An updated evaluation of the implementation of the sigmoid take-off landmark 1 year after the official introduction in the Netherlands.
b4,37184445,2023,10.1097/JS9.0000000000000438,PMC10389374,pending,Effect of interval between neoadjuvant chemoradiotherapy and surgery on oncological outcomes in poor responders with locally advanced rectal cancer: a retrospective cohort study.
b4,37179942,2023,10.21037/qims-22-879,PMC10167423,pending,Assessing the histopathological features of rectal adenocarcinoma with chemical shift-encoded sequence (CSE)-MRI and diffusion-weighted imaging (DWI).
b4,37172066,2023,10.1371/journal.pone.0285709,PMC10180662,pending,Applying a neoscore in locally advanced rectal cancer is beneficial in predicting local recurrences after surgery.
b4,37168940,2023,,PMC10165227,pending,Extramural venous invasion: a novel magnetic resonance imaging biomarker for adverse pathology in bladder cancer.
b4,37155130,2023,10.1007/s12029-022-00909-w,PMC11301614,pending,The Role of Radiomics in Rectal Cancer.
b4,37154929,2023,10.1007/s00432-023-04779-y,PMC10374480,pending,Neoadjuvant chemoradiotherapy versus neoadjuvant chemotherapy alone for patients with locally advanced rectal cancer: a propensity-score-matched analysis combined with SEER validation.
b4,37145311,2023,10.1007/s00261-023-03893-2,PMC10444656,pending,Rectal cancer lexicon 2023 revised and updated consensus statement from the Society of Abdominal Radiology Colorectal and Anal Cancer Disease-Focused Panel.
b4,37127032,2023,10.3171/CASE2316,PMC10555566,pending,Rectal dural metastasis masquerading as chronic subdural hematoma: illustrative case.
b4,37123445,2023,10.1016/j.patter.2023.100711,PMC10140608,pending,A boundary-guided transformer for measuring distance from rectal tumor to anal verge on magnetic resonance images.
b4,37120533,2023,10.1186/s13048-023-01153-x,PMC10148549,pending,Anastomotic leakage after resection of the rectosigmoid colon in primary ovarian cancer.
b4,37115093,2023,10.1097/MD.0000000000033575,PMC10146036,pending,"Planning adaptive treatment by longitudinal response assessment implementing MR imaging, liquid biopsy and analysis of microenvironment during neoadjuvant treatment of rectal cancer (PRIMO)."
b4,37113403,2023,10.3892/ol.2023.13783,PMC10126625,pending,Cardiac 18F‑FDG uptake and new‑onset rectal cancer.
b4,37106657,2023,10.3390/bioengineering10040468,PMC10135707,pending,Establishment of Surgical Difficulty Grading System and Application of MRI-Based Artificial Intelligence to Stratify Difficulty in Laparoscopic Rectal Surgery.
b4,37099182,2023,10.1007/s00261-023-03900-6,PMC11210452,not_found,A primer on rectal MRI in patients on watch-and-wait treatment for rectal cancer.
b4,37082450,2023,10.1093/gastro/goad017,PMC10112957,pending,"Total neoadjuvant treatment for MRI-stratified high-risk rectal cancer: a single-center, single-arm, prospective Phase II trial (PKUCH-R02)."
b4,37081037,2023,10.1038/s41598-023-33697-9,PMC10119273,pending,Early stoma closure after low anterior resection is not recommended due to postoperative complications and asymptomatic anastomotic leakage.
b4,37064150,2023,10.3389/fonc.2023.1125470,PMC10102576,pending,Assessing the predictive value of clinical factors to pathological complete response for locally advanced rectal cancer: An analysis of 124 patients.
b4,37064097,2023,10.3389/fonc.2023.1099168,PMC10098206,pending,Efficacy of concurrent radiotherapy in patients with locally advanced rectal cancer and synchronous metastasis receiving systemic therapy.
b4,37051159,2023,10.4174/astr.2023.104.4.205,PMC10083348,pending,Difference in prognostic impact of lateral pelvic lymph node metastasis between pre- and post-neoadjuvant chemoradiotherapy in rectal cancer patients.
b4,37035560,2023,10.3389/fsurg.2023.1125875,PMC10079943,pending,Applying interpretable machine learning algorithms to predict risk factors for permanent stoma in patients after TME.
b4,37027015,2023,10.1007/s00261-023-03891-4,PMC10775174,pending,Beyond squamous cell carcinoma: MRI appearance of uncommon anal neoplasms and mimickers.
b4,37026966,2023,10.1097/MD.0000000000033281,PMC10082321,pending,Value of apparent diffusion coefficient on MRI for prediction of histopathological type in anal fistula cancer.
b4,37011059,2023,10.1093/bjsopen/zrad018,PMC10069662,pending,Implications of the new MRI-based rectum definition according to the sigmoid take-off: multicentre cohort study.
b4,37010604,2023,10.1007/s00464-023-10008-x,PMC10322756,pending,Predictors for selective flexure mobilization during robotic anterior resection for rectal cancer: a prospective cohort analysis.
b4,37004557,2023,10.1007/s00261-023-03898-x,PMC10942660,not_found,MRI-based radiomic score increased mrTRG accuracy in predicting rectal cancer response to neoadjuvant therapy.
b4,37000002,2023,10.1148/rycan.239007,PMC10077089,pending,Multireader MRI Assessment of Rectal Cancer Response to Neoadjuvant Therapy.
b4,36996891,2023,10.1055/a-2032-3646,PMC10063340,pending,Magnifying endoscopy with narrow-band imaging and salvage endoscopic submucosal dissection of a locally advanced rectal adenocarcinoma after neoadjuvant chemoradiotherapy.
b4,36984010,2023,10.3390/life13030678,PMC10018642,pending,"Correction: Groen et al. Use of Image-Guided Surgical Navigation during Resection of Locally Recurrent Rectal Cancer. Life 2022, 12, 645."
b4,36978750,2023,10.3390/bioengineering10030359,PMC10045764,pending,Accelerated Diffusion-Weighted MRI of Rectal Cancer Using a Residual Convolutional Network.
b4,36972213,2023,10.1093/bjs/znad051,PMC10364523,pending,Watch and wait after neoadjuvant treatment in rectal cancer: comparison of outcomes in patients with and without a complete response at first reassessment in the International Watch & Wait Database (IWWD).
b4,36971272,2023,10.4274/dir.2022.221333,PMC10679710,pending,Diagnostic performance of magnetic resonance imaging in preoperative local staging of rectal cancer after neoadjuvant chemoradiotherapy.
b4,36969078,2023,10.3389/fonc.2023.993888,PMC10034158,pending,The repeatability and consistency of different methods for measuring the volume parameters of the primary rectal cancer on diffusion weighted images.
b4,36964328,2023,10.1245/s10434-023-13225-9,PMC10394736,pending,MRI Assessment of Extramural Venous Invasion Before and After Total Neoadjuvant Therapy for Locally Advanced Rectal Cancer and Its Association with Disease-Free and Overall Survival.
b4,36938675,2023,10.1002/cam4.5761,PMC10225194,pending,Radiological lymph-node size improves the prognostic value of systemic inflammation index in rectal cancer with pathologically negative nodes.
b4,36937315,2023,10.37349/etat.2023.00119,PMC10017185,pending,Artificial intelligence fusion for predicting survival of rectal cancer patients using immunohistochemical expression of Ras homolog family member B in biopsy.
b4,36932225,2023,10.1007/s00261-023-03863-8,PMC10929685,pending,Imaging of Anal Squamous Cell Carcinoma: Survey Results and Expert Opinion from the Rectal and Anal Cancer Disease-Focused Panel of the Society of Abdominal Radiology.
b4,36925913,2023,10.3389/fonc.2023.1133008,PMC10013156,pending,MRI-based pre-Radiomics and delta-Radiomics models accurately predict the post-treatment response of rectal adenocarcinoma to neoadjuvant chemoradiotherapy.
b4,36919880,2023,10.2214/AJR.23.29002,PMC10777341,not_found,Mucinous Degeneration on MRI After Neoadjuvant Therapy in Patients With Rectal Adenocarcinoma: Frequency and Association With Clinical Outcomes.
b4,36915299,2023,10.21037/qims-22-624,PMC10006105,pending,Synthetic magnetic resonance imaging predicts the prognostic evaluation of rectal cancer.
b4,36906661,2023,10.1007/s10151-023-02773-7,PMC11181310,pending,Magnifying chromoendoscopy is a reliable method in the selection of rectal neoplasms for local excision.
b4,36902845,2023,10.3390/jcm12052058,PMC10004457,pending,Radiomic Features from Post-Operative (18)F-FDG PET/CT and CT Imaging Associated with Locally Recurrent Rectal Cancer: Preliminary Findings.
b4,36900249,2023,10.3390/cancers15051457,PMC10001362,pending,Immune Microenvironment in Sporadic Early-Onset versus Average-Onset Colorectal Cancer.
b4,36896297,2023,10.4240/wjgs.v15.i2.177,PMC9988648,pending,Surveillance strategies following curative resection and non-operative approach of rectal cancer: How and how long? Review of current recommendations.
b4,36896217,2023,10.1016/j.adro.2023.101192,PMC9991532,pending,Outcomes and Prognostic Factors for Locally Recurrent Rectal Cancer Treated With Proton Beam Therapy.
b4,36894810,2023,10.1007/s00464-023-09963-2,PMC10338552,pending,Clinical application of machine learning and computer vision to indocyanine green quantification for dynamic intraoperative tissue characterisation: how to do it.
b4,36890929,2023,10.4314/ejhs.v33i1.11,PMC9987274,pending,High Magnitude Advanced Colorectal Cancer at Diagnosis in Ethiopian Patients: Imaging Pattern and Associated Factors.
b4,36890815,2023,10.3389/fonc.2023.1078863,PMC9986582,pending,Preoperative prediction of tumor deposits in rectal cancer with clinical-magnetic resonance deep learning-based radiomic models.
b4,36882082,2023,10.1093/bjsopen/zrac176,PMC9991500,pending,Automatic purse-string suture skill assessment in transanal total mesorectal excision using deep learning-based video analysis.
b4,36874463,2023,10.3389/fsurg.2023.1106177,PMC9981957,pending,"Downsizing of rectal cancer following neoadjuvant radiotherapy (5 × 5 Gy) and long interval surgery evaluated using MRI semiautomated volumetric measurements, a retrospective study."
b4,36853286,2023,10.31557/APJCP.2023.24.2.401,PMC10162625,pending,"Value of Conventional MRI, DCE-MRI, and DWI-MRI in the Discrimination of Metastatic from Non-Metastatic Lymph Nodes in Rectal Cancer: A Systematic Review and Meta-Analysis Study."
b4,36843078,2023,10.1186/s12957-023-02933-x,PMC9969644,pending,Advances in pelvic imaging parameters predicting surgical difficulty in rectal cancer.
b4,36836024,2023,10.3390/jcm12041489,PMC9966470,pending,Post-Surgical Imaging Assessment in Rectal Cancer: Normal Findings and Complications.
b4,36831354,2023,10.3390/cancers15041009,PMC9953931,pending,Online Adaptive MRI-Guided Radiotherapy for Primary Tumor and Lymph Node Boosting in Rectal Cancer.
b4,36831076,2023,10.3390/biomedicines11020540,PMC9953361,pending,Colorectal Cancer (CRC): Investigating the Expression of the Suppressor of Fused (SuFu) Gene and Its Relationship with Several Inflammatory Blood-Based Biomarkers.
b4,36830812,2023,10.3390/biomedicines11020274,PMC9952975,pending,Reappraisal of the Lymphatic Drainage System of the Distal Rectum: Functional Lymphatic Flow into the Presacral Space and Its Clinical Implication in Rectal Cancer Treatment.
b4,36826155,2023,10.3390/curroncol30020194,PMC9955503,pending,Association between Dynamic Contrast-Enhanced MRI Parameters and Prognostic Factors in Patients with Primary Rectal Cancer.
b4,36820708,2023,10.4274/mirt.galenos.2022.53824,PMC9950681,pending,A Rare Hernia Mimicking Implant in a Patient with Rectal Adenocarcinoma: Internal Herniation.
b4,36820009,2023,10.4274/mirt.galenos.2022.94547,PMC9950674,pending,Incidental Detection of Pseudomembranous Colitis Through (18)F-FDG PET/CT During the Restaging of Colorectal Cancer.
b4,36814032,2023,10.1007/s00330-023-09480-9,PMC10394731,pending,MRI assessment of rectal cancer response to neoadjuvant therapy: a multireader study.
b4,36787174,2023,10.1093/bjsopen/zrac168,PMC9927560,pending,"Short-term outcomes of health-related quality of life in patients with locally recurrent rectal cancer: multicentre, international, cross-sectional cohort study."
b4,36768257,2023,10.3390/ijms24031935,PMC9915427,pending,Superiority of [(11)C]methionine over [(18)F]deoxyglucose for PET Imaging of Multiple Cancer Types Due to the Methionine Addiction of Cancer.
b4,36765878,2023,10.3390/cancers15030921,PMC9913523,pending,Integrated Intensified Chemoradiation in the Setting of Total Neoadjuvant Therapy (TNT) in Patients with Locally Advanced Rectal Cancer: A Retrospective Single-Arm Study on Feasibility and Efficacy.
b4,36765348,2023,10.1186/s12935-023-02864-3,PMC9912542,pending,Clinicopathological significance and prognostic role of LAG3 + tumor-infiltrating lymphocytes in colorectal cancer; relationship with sidedness.
b4,36741013,2023,10.3389/fonc.2023.1031581,PMC9890074,pending,MRI VS. FDG-PET for diagnosis of response to neoadjuvant therapy in patients with locally advanced rectal cancer.
b4,36737522,2023,10.1007/s00261-022-03746-4,PMC12285713,pending,Rectal cancer pelvic recurrence: imaging patterns and key concepts to guide treatment planning.
b4,36729506,2023,10.14309/ctg.0000000000000558,PMC9944690,pending,Automated In Vivo High-Resolution Imaging to Detect Human Papillomavirus-Associated Anal Precancer in Persons Living With HIV.
b4,36727777,2023,10.1097/JCMA.0000000000000887,PMC12755438,pending,Radiomic features derived from pretherapeutic MRI predict chemoradiation response in locally advanced rectal cancer.
b4,36719559,2023,10.1007/s12029-022-00906-z,PMC10754735,pending,A Review of Circulating Tumor DNA as a Biomarker Guide for Total Neoadjuvant Therapy in Patients with Locally Advanced Rectal Cancer.
b4,36718357,2023,10.1016/j.phro.2023.100417,PMC9883255,pending,Imaging the tumour microenvironment in rectal cancer: Decline in tumour blood flow during radiotherapy predicts good outcome.
b4,36688017,2023,10.3748/wjg.v29.i3.536,PMC9850934,pending,Magnetic resonance imaging-based deep learning model to predict multiple firings in double-stapled colorectal anastomosis.
b4,36678245,2023,10.3390/nu15020374,PMC9864407,pending,Abdominal Fat Characteristics and Mortality in Rectal Cancer: A Retrospective Study.
b4,36673079,2023,10.3390/diagnostics13020269,PMC9858257,pending,Preoperative Prediction of Microsatellite Instability in Rectal Cancer Using Five Machine Learning Algorithms Based on Multiparametric MRI Radiomics.
b4,36672381,2023,10.3390/cancers15020432,PMC9857080,pending,Radiomics Approaches for the Prediction of Pathological Complete Response after Neoadjuvant Treatment in Locally Advanced Rectal Cancer: Ready for Prime Time?
b4,36652149,2023,10.1186/s13244-022-01348-8,PMC9849549,pending,MRI anatomy of the rectum: key concepts important for rectal cancer staging and treatment planning.
b4,36650498,2023,10.1186/s12885-023-10534-w,PMC9847040,pending,Biparametric magnetic resonance imaging-based radiomics features for prediction of lymphovascular invasion in rectal cancer.
b4,36647027,2023,10.1186/s12885-023-10522-0,PMC9843961,pending,Comparison of CT derived body composition at the thoracic T4 and T12 with lumbar L3 vertebral levels and their utility in patients with rectal cancer.
b4,36635737,2023,10.1186/s40644-022-00514-x,PMC9835251,not_found,Associations of muscle and adipose tissue parameters with long-term outcomes in middle and low rectal cancer: a retrospective cohort study.
b4,36604699,2023,10.1186/s13014-022-02193-1,PMC9817323,pending,Mesorectal motion evaluation in rectal cancer MR-guided radiotherapy: an exploratory study to quantify treatment margins.
b4,36599112,2023,10.1097/DCR.0000000000002623,PMC9931656,pending,"The Use of the Protease Inhibitor, Saquinavir, to Treat Anal Cancer Spheroids Derived From Human Papillomavirus Transgenic Mice."
b4,36538694,2023,10.1097/DCR.0000000000002450,PMC11584182,pending,Limits of Clinical Restaging in Detecting Responders After Neoadjuvant Therapies for Rectal Cancer.
b4,36534496,2023,10.1158/1078-0432.CCR-22-2538,PMC9975664,pending,Metastatic Colorectal Cancer Treatment Response Evaluation by Ultra-Deep Sequencing of Cell-Free DNA and Matched White Blood Cells.
b4,36525395,2023,10.1097/DCR.0000000000002624,PMC10591203,pending,Multiplexed Immunofluorescence Imaging Reveals an Immune-Rich Tumor Microenvironment in Mucinous Rectal Cancer Characterized by Increased Lymphocyte Infiltration and Enhanced Programmed Cell Death Protein 1 Expression.
b4,36471751,2023,10.1016/j.ctro.2022.11.009,PMC9719068,pending,MRI-based radiomics to predict neoadjuvant chemoradiotherapy outcomes in locally advanced rectal cancer: A multicenter study.
b4,36407490,2023,10.1016/j.ctro.2022.10.013,PMC9668658,pending,"BioXmark® liquid fiducials to enable radiotherapy tumor boosting in rectal cancer, a feasibility trial."
b4,36403118,2023,10.1093/jrr/rrac074,PMC9855328,pending,"Comparison of dosimetries of carbon-ion pencil beam scanning, proton pencil beam scanning and volumetric modulated arc therapy for locally recurrent rectal cancer."
b4,36307596,2023,10.1007/s00261-022-03710-2,PMC9905276,not_found,Multiplexed sensitivity-encoding diffusion-weighted imaging (MUSE) in diffusion-weighted imaging for rectal MRI: a quantitative and qualitative analysis at multiple b-values.
b4,36244050,2023,10.1007/s11701-022-01469-8,PMC10076353,pending,Robotic transanal excision of rectal lesions: expert perspective and literature review.
b4,36181547,2023,10.1007/s00192-022-05363-7,PMC11740198,pending,An assessment of urethral radiation exposure in the treatment of endometrial and rectal cancers.
b4,36127416,2023,10.1007/s00259-022-05944-0,PMC9816267,pending,Adaptive Individualized high-dose preoperAtive (AIDA) chemoradiation in high-risk rectal cancer: a phase II trial.
b4,36073323,2023,10.1002/jmri.28426,PMC9851947,pending,Rectal MRI Interpretation After Neoadjuvant Therapy.
b4,36036328,2023,10.1007/s10151-022-02690-1,PMC9807492,pending,Required distal mesorectal resection margin in partial mesorectal excision: a systematic review on distal mesorectal spread.
b4,36028725,2023,10.1007/s00432-022-04305-6,PMC11798157,pending,Technique to match mesorectal lymph nodes imaging findings to histopathology: node-by-node comparison.
b4,35976398,2023,10.1007/s00330-022-09053-2,PMC9889429,pending,"Standard diametric versus volumetric early tumor shrinkage as a predictor of survival in metastatic colorectal cancer: subgroup findings of the randomized, open-label phase III trial FIRE-3 / AIO KRK-0306."
b4,35915202,2023,10.1007/s12029-022-00850-y,PMC9342937,pending,The Prognostic Role of Baseline Eosinophils in HPV-Related Cancers: a Multi-institutional Analysis of Anal SCC and OPC Patients Treated with Radical CT-RT.
b4,35899858,2023,10.1002/cam4.5041,PMC9883536,pending,Development of prediction model of low anterior resection syndrome for colorectal cancer patients after surgery based on machine-learning technique.
b4,35802179,2023,10.1007/s00330-022-08968-0,PMC9755077,pending,Significant improvement after training in the assessment of lateral compartments and short-axis measurements of lateral lymph nodes in rectal cancer.
b4,35771366,2023,10.1245/s10434-022-11914-5,PMC10319655,pending,Relationship Between Baseline Rectal Tumor Length and Magnetic Resonance Tumor Regression Grade Response to Chemoradiotherapy: A Subanalysis of the TRIGGER Feasibility Study.
b4,35766394,2023,10.1097/SLA.0000000000005507,PMC9994840,pending,"Intentional Watch and Wait or Organ Preservation Surgery Following Neoadjuvant Chemoradiotherapy Plus Consolidation CAPEOX for MRI-defined Low-risk Rectal Cancer: Findings From a Prospective Phase 2 Trial (PKUCH-R01 Trial, NCT02860234)."
b4,35718836,2023,10.1007/s10689-022-00299-9,PMC9829596,pending,Potential risks associated with the use of ionizing radiation for imaging and treatment of colorectal cancer in Lynch syndrome patients.
b4,35712999,2023,10.1111/ajco.13795,PMC10084150,pending,A prospective study of diagnostic accuracy of multidisciplinary team and radiology reporting of preoperative colorectal cancer local staging.
b4,35358109,2023,10.1097/DCR.0000000000002295,PMC10185333,not_found,Deep Learning-Based Model for Identifying Tumors in Endoscopic Images From Patients With Locally Advanced Rectal Cancer Treated With Total Neoadjuvant Therapy.
b4,39845590,2022,10.1016/j.sipas.2022.100096,PMC11749183,pending,"How do they measure up: Assessing the height of rectal cancer with digital rectal exam, endoscopy, and MRI(,)."
b4,36661692,2022,10.3390/curroncol30010043,PMC9857771,pending,"Correlation between Lymphocyte-to-Monocyte Ratio (LMR), Neutrophil-to-Lymphocyte Ratio (NLR), Platelet-to-Lymphocyte Ratio (PLR) and Extramural Vascular Invasion (EMVI) in Locally Advanced Rectal Cancer."
b4,36636070,2022,10.21037/jgo-22-942,PMC9830325,pending,Clinical study on risk factors related to postoperative recurrence or metastasis of rectal cancer: a retrospective cohort study.
b4,36620536,2022,10.3389/fonc.2022.1037783,PMC9814115,pending,The reduction of (18)F-FDG uptake ability of tumor tissue after neoadjuvant chemoradiotherapy in locally advanced rectal cancer can effectively reflect the degree of tumor regression.
b4,36612061,2022,10.3390/cancers15010063,PMC9817513,pending,Role of Machine Learning in Precision Oncology: Applications in Gastrointestinal Cancers.
b4,36605115,2022,10.1016/j.jpi.2022.100152,PMC9808016,pending,Development of a method for digital assessment of tumor regression grade in patients with rectal cancer following neoadjuvant therapy.
b4,36578032,2022,10.1186/s13014-022-02182-4,PMC9795765,pending,The safety of an MRI simulation-guided boost after short-course preoperative radiotherapy for unresectable rectal cancer (SUNRISE): interim analysis of a randomized phase II trial.
b4,36569918,2022,10.3389/fimmu.2022.1067036,PMC9772444,pending,Neoadjuvant chemoradiotherapy combined with immunotherapy for locally advanced rectal cancer: A new era for anal preservation.
b4,36568580,2022,10.3389/frai.2022.1059033,PMC9771385,pending,Interpretable machine learning for predicting pathologic complete response in patients treated with chemoradiation therapy for rectal adenocarcinoma.
b4,36556455,2022,10.3390/life12122088,PMC9782080,pending,Implementation of a Commercial Deep Learning-Based Auto Segmentation Software in Radiotherapy: Evaluation of Effectiveness and Impact on Workflow.
b4,36551723,2022,10.3390/cancers14246238,PMC9777013,pending,Associations between Response to Commonly Used Neo-Adjuvant Schedules in Rectal Cancer and Routinely Collected Clinical and Imaging Parameters.
b4,36515673,2022,10.1093/bjsopen/zrac151,PMC9897192,pending,Indocyanine green for radical lymph node dissection in patients with sigmoid and rectal cancer: randomized clinical trial.
b4,36514053,2022,10.1186/s12957-022-02856-z,PMC9746152,pending,Indocyanine green fluorescence imaging during laparoscopic rectal cancer surgery could reduce the incidence of anastomotic leakage: a single institutional retrospective cohort study.
b4,36505889,2022,10.1007/s13167-022-00303-3,PMC9727035,pending,"Radiomics based on readout-segmented echo-planar imaging (RS-EPI) diffusion-weighted imaging (DWI) for prognostic risk stratification of patients with rectal cancer: a two-centre, machine learning study using the framework of predictive, preventive, and personalized medicine."
b4,36474844,2022,,PMC9720580,pending,Watch and wait for Rectal Cancer: A 9 year Experience.
b4,36465793,2022,10.7759/cureus.30949,PMC9712831,pending,"Tomotherapy: Comparison of Hi-ART, Tomo-HD, and Radixact."
b4,36459257,2022,10.1186/s40792-022-01569-5,PMC9718905,pending,Liver metastasis from rectal neuroendocrine neoplasm detected 15 years after primary resection.
b4,36438036,2022,10.3389/fmed.2022.1039928,PMC9684625,pending,Short-term outcomes of near-infrared imaging using indocyanine green in laparoscopic lateral pelvic lymph node dissection for middle-lower rectal cancer: A propensity score-matched cohort analysis.
b4,36428659,2022,10.3390/cancers14225565,PMC9688812,pending,Features on Endoscopy and MRI after Treatment with Contact X-ray Brachytherapy for Rectal Cancer: Explorative Results.
b4,36420207,2022,10.1016/j.adro.2022.101060,PMC9677216,pending,Factors Affecting Isocenter Displacement and Planning Target Volume Margin for Patients With Rectal Cancer Receiving Radiation Therapy.
b4,36418952,2022,10.1186/s12876-022-02555-9,PMC9685901,pending,Quantitative assessment of the microstructure of the mesorectum with different prognostic statuses by intravoxel incoherent motion diffusion-weighed magnetic resonance imaging.
b4,36418865,2022,10.1038/s41598-022-24187-5,PMC9684139,pending,The clinical experience of the prognosis in opposite CEA and image change after therapy in stage IV colorectal cancer.
b4,36417020,2022,10.1186/s13244-022-01316-2,PMC9684393,pending,Value of texture analysis based on dynamic contrast-enhanced magnetic resonance imaging in preoperative assessment of extramural venous invasion in rectal cancer.
b4,36415832,2022,10.20407/fmj.2021-013,PMC9673079,pending,Heterotopic ossification in primary rectal cancer with squamous cell carcinoma-like differentiation.
b4,36412686,2022,10.3390/tomography8060227,PMC9680346,pending,FDG-PET/MRI for Nonoperative Management of Rectal Cancer: A Prospective Pilot Study.
b4,36404329,2022,10.1186/s12893-022-01840-4,PMC9677663,pending,BMI and pelvimetry help to predict the duration of laparoscopic resection for low and middle rectal cancer.
b4,36388693,2022,10.21037/jgo-22-817,PMC9660069,pending,Locally advanced rectal mucinous adenocarcinoma: is preoperative radiation necessary?
b4,36361712,2022,10.3390/ijms232112923,PMC9656829,pending,Dual Oxidase 2 (DUOX2) as a Proteomic Biomarker for Predicting Treatment Response to Chemoradiation Therapy for Locally Advanced Rectal Cancer: Using High-Throughput Proteomic Analysis and Machine Learning Algorithm.
b4,36348945,2022,10.23922/jarc.2022-047,PMC9613410,pending,Current Status and Future of Robotic Surgery for Colorectal Cancer-An English Version.
b4,36344838,2022,10.1186/s41747-022-00306-9,PMC9640522,pending,NAVIGATOR: an Italian regional imaging biobank to promote precision medicine for oncologic patients.
b4,36338586,2022,10.1002/ags3.12592,PMC9628237,pending,Japanese multicenter prospective study investigating laparoscopic surgery for locally advanced rectal cancer with evaluation of CRM and TME quality (PRODUCT trial).
b4,36338585,2022,10.1002/ags3.12574,PMC9628238,pending,Artificial intelligence-based technology to make a three-dimensional pelvic model for preoperative simulation of rectal cancer surgery using MRI.
b4,36324613,2022,10.1093/gastro/goac058,PMC9619829,pending,Post-operative anastomotic leakage and collagen changes in patients with rectal cancer undergoing neoadjuvant chemotherapy vs chemoradiotherapy.
b4,36313696,2022,10.3389/fonc.2022.1026216,PMC9597310,pending,Artificial intelligence with magnetic resonance imaging for prediction of pathological complete response to neoadjuvant chemoradiotherapy in rectal cancer: A systematic review and meta-analysis.
b4,36309383,2022,10.21873/invivo.13043,PMC9677754,not_found,Survival Analysis Using the Covid-death Mean-imputation (CoDMI) Algorithm: A First Clinical Application in Radiation Oncology.
b4,36308363,2022,10.31557/APJCP.2022.23.10.3387,PMC9924338,pending,Diffusion-Weighted MRI as Non-Invasive Diagnostic Tool for Rectal Cancer Aggressiveness and Correlation with KI-67 Expression in Tumor Tissue.
b4,36307775,2022,10.1186/s12885-022-10147-9,PMC9617324,pending,"Safety, pharmacokinetics and efficacy of SCT200, an anti-EGFR monoclonal antibody in patients with wild-type KRAS/NRAS/BRAF metastatic colorectal cancer: a phase I dose-escalation and dose-expansion study."
b4,36291865,2022,10.3390/cancers14205076,PMC9599928,pending,Radiomic and Volumetric Measurements as Clinical Trial Endpoints-A Comprehensive Review.
b4,36275828,2022,10.3389/fmed.2022.969654,PMC9581143,pending,Ephedrine vs. phenylephrine effect on sublingual microcirculation in elderly patients undergoing laparoscopic rectal cancer surgery.
b4,36268414,2022,10.1016/j.amsu.2022.104693,PMC9577628,pending,"Epidemiology, incidence and treatment of rectal cancer in young women case serie about 11 cases (case series)."
b4,36264440,2022,10.1186/s13244-022-01303-7,PMC9583997,pending,Retrospective evaluation of national MRI reporting quality for lateral lymph nodes in rectal cancer patients and concordance with prospective re-evaluation following additional training.
b4,36263216,2022,10.3389/fonc.2022.941786,PMC9574388,pending,Prognostic value of mesorectal package area in patients with locally advanced rectal cancer following neoadjuvant chemoradiotherapy: A retrospective cohort study.
b4,36251240,2022,10.1007/s13402-022-00725-1,PMC12978108,pending,Distinct tumor microenvironment landscapes of rectal cancer for prognosis and prediction of immunotherapy response.
b4,36243807,2022,10.1007/s00384-022-04268-7,PMC9569175,pending,Optimized tools and timing of response reassessment after neoadjuvant chemoradiation in rectal cancer.
b4,36238289,2022,10.3389/fimmu.2022.1011498,PMC9552175,pending,The immune microenvironment landscape shows treatment-specific differences in rectal cancer patients.
b4,36233780,2022,10.3390/jcm11195912,PMC9573224,pending,Prospective Evaluation of the Quality of Life of Patients after Surgical Treatment of Rectal Cancer: A 12-Month Cohort Observation.
b4,36224480,2022,10.1007/s11605-022-05463-1,PMC9555694,pending,Total Neoadjuvant Therapy Is a Predictor for Complete Pathological Response in Patients Undergoing Surgery for Rectal Cancer.
b4,36199540,2022,10.21147/j.issn.1000-9604.2022.04.06,PMC9468014,pending,Predictors of pathologic complete response in patients with residual flat mucosal lesions after neoadjuvant chemoradiotherapy for locally advanced rectal cancer.
b4,36199484,2022,10.1097/AS9.0000000000000177,PMC9508969,pending,Impact of Care Coordination on the Content of Communication Between Surgeons and Patients With Rectal Cancer.
b4,36199039,2022,10.1186/s12885-022-10124-2,PMC9533537,pending,Association of levels of metabolites with the safe margin of rectal cancer surgery: a metabolomics study.
b4,36187388,2022,10.4251/wjgo.v14.i9.1711,PMC9516640,pending,Consolidation chemotherapy with capecitabine after neoadjuvant chemoradiotherapy in high-risk patients with locally advanced rectal cancer: Propensity score study.
b4,36186705,2022,10.5603/RPOR.a2022.0026,PMC9518781,pending,Shrinkage of the non-malignant prostate gland volume after receiving incidental radiotherapy for rectal cancer.
b4,36185279,2022,10.3389/fonc.2022.945559,PMC9523667,pending,Development and validation of a high-resolution T2WI-based radiomic signature for the diagnosis of lymph node status within the mesorectum in rectal cancer.
b4,36157536,2022,10.3748/wjg.v28.i29.3960,PMC9367222,pending,Radiomics for differentiating tumor deposits from lymph node metastasis in rectal cancer.
b4,36157223,2022,10.1155/2022/4108677,PMC9499766,pending,The Effect of Continuing Chemotherapy after Chemoradiotherapy during the Time to Surgery on Tumor Response and Survival for Local Advanced Rectal Cancer.
b4,36143227,2022,10.3390/jpm12091442,PMC9503780,pending,Assessment of Radiation-Induced Bladder and Bowel Cancer Risks after Conventionally and Hypo-Fractionated Radiotherapy for the Preoperative Management of Rectal Carcinoma.
b4,36106114,2022,10.3389/fonc.2022.881341,PMC9465298,pending,DCE-MRI radiomics models predicting the expression of radioresistant-related factors of LRP-1 and survivin in locally advanced rectal cancer.
b4,36092772,2022,10.1016/j.phro.2022.08.006,PMC9450152,pending,Benchmarking daily adaptation using fully automated radiotherapy treatment plan optimization for rectal cancer.
b5,36090011,2022,10.1016/j.tipsro.2022.08.004,PMC9460551,pending,"Online adaptive MR-guided radiotherapy: Conformity of contour adaptation for prostate cancer, rectal cancer and lymph node oligometastases among radiation therapists and radiation oncologists."
b5,36089588,2022,10.1186/s12957-022-02762-4,PMC9465900,pending,A clinical study of inferior mesenteric artery typing in laparoscopic radical resections with left colonic artery preservation of rectal cancer.
b5,36084094,2022,10.1371/journal.pone.0270887,PMC9462767,pending,Impact of neoadjuvant treatment on rectal gastrointestinal stromal tumors.
b5,36068495,2022,10.1186/s12885-022-09947-w,PMC9446695,pending,"Neoadjuvant FOLFOXIRI prior to chemoradiotherapy for high-risk (""ugly"") locally advanced rectal cancer: study protocol of a single-arm, multicentre, open-label, phase II trial (MEND-IT)."
b5,36063201,2022,10.1007/s00259-022-05936-0,PMC9668962,pending,"Added value of quantitative, multiparametric 18F-FDG PET/MRI in the locoregional staging of rectal cancer."
b5,36057660,2022,10.1186/s12957-022-02750-8,PMC9440490,pending,Computed tomography texture analysis for the prediction of lateral pelvic lymph node metastasis of rectal cancer.
b5,36044045,2022,10.1007/s00384-022-04234-3,PMC9562368,pending,Exploring the impact of urogenital organ displacement after abdominoperineal resection on urinary and sexual function.
b5,36035009,2022,10.21037/atm-22-3498,PMC9403946,pending,Imaging for guiding a more tailored approach in rectal cancer patients.
b5,36033579,2022,10.1155/2022/6623574,PMC9400426,pending,Predicting Mismatch-Repair Status in Rectal Cancer Using Multiparametric MRI-Based Radiomics Models: A Preliminary Study.
b5,36032598,2022,10.26574/maedica.2022.17.2.264,PMC9375885,pending,In Vivo Sentinel Lymph Node Detection with Indocyanine Green in Colorectal Cancer.
b5,36016621,2022,10.3389/fonc.2022.916840,PMC9396285,pending,Pretreatment blood biomarkers combined with magnetic resonance imaging predict responses to neoadjuvant chemoradiotherapy in locally advanced rectal cancer.
b5,36016617,2022,10.3389/fonc.2022.913683,PMC9395725,pending,Review of Radiomics- and Dosiomics-based Predicting Models for Rectal Cancer.
b5,36011082,2022,10.3390/healthcare10081425,PMC9407908,pending,The Prediction of Peritoneal Carcinomatosis in Patients with Colorectal Cancer Using Machine Learning.
b5,36008790,2022,10.1186/s12885-022-10022-7,PMC9414404,pending,The value of diffusion kurtosis imaging and intravoxel incoherent motion quantitative parameters in predicting synchronous distant metastasis of rectal cancer.
b5,36006071,2022,10.3390/tomography8040173,PMC9416446,pending,Performance of Machine Learning and Texture Analysis for Predicting Response to Neoadjuvant Chemoradiotherapy in Locally Advanced Rectal Cancer with 3T MRI.
b5,36003628,2022,10.3389/fpubh.2022.962256,PMC9393343,pending,Global status of research on radiotherapy for rectal cancer: A bibliometric and visual analysis.
b5,36002771,2022,10.1007/s00423-022-02652-z,PMC9722798,pending,Usefulness of CT scan as part of an institutional protocol for proactive leakage management after low anterior resection for rectal cancer.
b5,35997800,2022,10.1007/s00261-022-03636-9,PMC9560929,not_found,Comparison of compressed sensing-sensitivity encoding (CS-SENSE) accelerated 3D T2W TSE sequence versus conventional 3D and 2D T2W TSE sequences in rectal cancer: a prospective study.
b5,35997474,2022,10.5152/dir.2022.201112,PMC9682593,pending,Apparent diffusion coefficient histogram analysis for predicting neoadjuvant chemoradiotherapy response in patients with rectal cancer.
b5,35993526,2022,10.5152/tjg.2022.211103,PMC9524446,pending,Optimizing the Personalized Care for the Management of Rectal Cancer: A Consensus Statement.
b5,35993092,2022,10.1016/j.ctro.2022.07.009,PMC9382364,pending,Nonoperative versus operative approach according to the response to neoadjuvant chemoradiotherapy for rectal cancer: A prospective cohort study.
b5,35992729,2022,10.1117/1.JMI.9.4.044005,PMC9386367,pending,Repeatability and reproducibility of magnetic resonance imaging-based radiomic features in rectal cancer.
b5,35971393,2022,10.2147/CMAR.S377138,PMC9375564,pending,A Tumoral and Peritumoral CT-Based Radiomics and Machine Learning Approach to Predict the Microsatellite Instability of Rectal Carcinoma.
b5,35966387,2022,10.1055/s-0042-1742589,PMC9374526,pending,Surgical Dilemmas Associated with Malignant Large Bowel Obstructions.
b5,35957878,2022,10.3389/fonc.2022.882300,PMC9357897,pending,An MRI-based pelvimetry nomogram for predicting surgical difficulty of transabdominal resection in patients with middle and low rectal cancer.
b5,35954413,2022,10.3390/cancers14153749,PMC9367607,pending,Linear Tumor Regression of Rectal Cancer in Daily MRI during Preoperative Chemoradiotherapy: An Insight of Tumor Regression Velocity for Personalized Cancer Therapy.
b5,35949349,2022,10.3748/wjg.v28.i23.2609,PMC9254137,pending,Whole lesion histogram analysis of apparent diffusion coefficient predicts therapy response in locally advanced rectal cancer.
b5,35944932,2022,10.1136/bmjoq-2021-001716,PMC9367186,pending,Training of radiology specialists in local staging of primary rectal cancer on MRI: a prospective intervention study exploring the impact of various educational elements on the interpretive performance.
b5,35938519,2022,10.1111/ecc.13676,PMC9787908,pending,"Challenges and controversies patients and (health care) professionals experience in managing vaginal, vulvar, penile or anal cancer: The SILENCE study."
b5,35937503,2022,10.18632/oncotarget.28255,PMC9348692,pending,"Chemoradiation-induced alteration of programmed death-ligand 1, CD8+ tumor-infiltrating lymphocytes and mucin expression in rectal cancer."
b5,35924164,2022,10.3389/fonc.2022.875661,PMC9341484,pending,CT-Only Radiotherapy: An Exploratory Study for Automatic Dose Prediction on Rectal Cancer Patients Via Deep Adversarial Network.
b5,35906833,2022,10.1002/jmrs.611,PMC9714497,pending,A pilot study investigating the role of (18) F-FDG-PET in the early identification of chemoradiotherapy response in anal cancer.
b5,35902393,2022,10.1007/s00384-022-04221-8,PMC9388433,pending,Visceral-to-subcutaneous fat ratio exhibits strongest association with early post-operative outcomes in patients undergoing surgery for advanced rectal cancer.
b5,35901658,2022,10.1016/j.ebiom.2022.104165,PMC9334343,pending,Genomic and epigenomic profiles distinguish pulmonary enteric adenocarcinoma from lung metastatic colorectal cancer.
b5,35885506,2022,10.3390/diagnostics12071601,PMC9317842,pending,Are We There Yet? The Value of Deep Learning in a Multicenter Setting for Response Prediction of Locally Advanced Rectal Cancer to Neoadjuvant Chemoradiotherapy.
b5,35880161,2022,10.3389/fonc.2022.930942,PMC9307891,pending,Development and External Validation of a Preoperative Nomogram for Predicting Lateral Pelvic Lymph Node Metastasis in Patients With Advanced Lower Rectal Cancer.
b5,35879754,2022,10.1186/s12893-022-01737-2,PMC9317461,pending,Long-term oncologic outcomes of natural orifice specimen extraction surgery versus conventional laparoscopic-assisted resection in the treatment of rectal cancer: a propensity-score matching study.
b5,35870000,2022,10.1007/s00276-022-02992-x,PMC9378323,pending,3D mesenteric angiogram-based assessment of Arc of Riolan crossing the inferior mesenteric vein: important considerations in high ligation during splenic flexure takedown in anterior resection.
b5,35848736,2022,10.1097/COC.0000000000000931,PMC9311454,pending,Rectosigmoid Cancer-Rectal Cancer or Sigmoid Cancer?
b5,35847948,2022,10.3389/fonc.2022.779030,PMC9279662,pending,Incremental Value of Radiomics in 5-Year Overall Survival Prediction for Stage II-III Rectal Cancer.
b5,35847225,2022,10.3389/fneur.2022.791298,PMC9277124,pending,Brain Network Alterations in Rectal Cancer Survivors With Depression Tendency: Evaluation With Multimodal Magnetic Resonance Imaging.
b5,35845422,2022,10.3389/fbioe.2022.799541,PMC9277544,pending,FRCNet: Feature Refining and Context-Guided Network for Efficient Polyp Segmentation.
b5,35837891,2022,10.1097/SLA.0000000000005589,PMC9463102,not_found,Magnetic Resonance Imaging Directed Surgical Decision Making for Lateral Pelvic Lymph Node Dissection in Rectal Cancer After Total Neoadjuvant Therapy (TNT).
b5,35833997,2022,10.1007/s00384-022-04215-6,PMC9388407,pending,Correction to: Predicting pathologic complete response in locally advanced rectal cancer patients after neoadjuvant therapy: a machine learning model using XGBoost.
b5,35818579,2022,10.2147/IJGM.S364029,PMC9270925,not_found,MMP2 Polymorphisms and Colorectal Cancer Susceptibility in a Chinese Han Population.
b5,35814462,2022,10.3389/fonc.2022.656095,PMC9260027,pending,Diagnostic Performance of Diffusion-Weighted Imaging for Colorectal Cancer Detection: An Updated Systematic Review and Meta-Analysis.
b5,35808871,2022,10.1002/acm2.13712,PMC9512348,pending,Automation of radiation treatment planning for rectal cancer.
b5,35800297,2022,10.1016/j.phro.2022.06.010,PMC9253904,pending,Clinical and radiomics prediction of complete response in rectal cancer pre-chemoradiotherapy.
b5,35791271,2022,10.3238/arztebl.m2022.0254,PMC9743213,pending,Multimodal Treatment of Rectal Cancer.
b5,35784233,2022,10.3389/fpubh.2022.842970,PMC9247333,pending,Analysis of Prognostic Factors of Rectal Cancer and Construction of a Prognostic Prediction Model Based on Bayesian Network.
b5,35782274,2022,10.21037/qims-22-24,PMC9246756,pending,Diagnostic performance of synthetic magnetic resonance imaging in the prognostic evaluation of rectal cancer.
b5,35765038,2022,10.1186/s13014-022-02088-1,PMC9238000,pending,Pelvic U-Net: multi-label semantic segmentation of pelvic organs at risk for radiation therapy anal cancer patients using a deeply supervised shuffle attention convolutional neural network.
b5,35757479,2022,10.1155/2022/1467070,PMC9225873,pending,Prediction Performance of Deep Learning for Colon Cancer Survival Prediction on SEER Data.
b5,35756883,2022,10.1016/j.phro.2022.06.003,PMC9214864,pending,Quantitative analysis of diffusion weighted imaging in rectal cancer during radiotherapy using a magnetic resonance imaging integrated linear accelerator.
b5,35756653,2022,10.3389/fonc.2022.807264,PMC9214314,pending,Deep Learning Model for Predicting the Pathological Complete Response to Neoadjuvant Chemoradiotherapy of Locally Advanced Rectal Cancer.
b5,35747803,2022,10.3389/fonc.2022.846840,PMC9209707,pending,A Dual-Energy CT Radiomics of the Regional Largest Short-Axis Lymph Node Can Improve the Prediction of Lymph Node Metastasis in Patients With Rectal Cancer.
b5,35743581,2022,10.3390/jcm11123511,PMC9224654,pending,Locally Recurrent Rectal Cancer According to a Standardized MRI Classification System: A Systematic Review of the Literature.
b5,35740669,2022,10.3390/cancers14123004,PMC9221458,pending,Ability of Delta Radiomics to Predict a Complete Pathological Response in Patients with Loco-Regional Rectal Cancer Addressed to Neoadjuvant Chemo-Radiation and Surgery.
b5,35738614,2022,10.21873/invivo.12911,PMC9301400,pending,The Role of PPAR-gamma C161T Polymorphism in Colorectal Cancer Susceptibility.
b5,35729587,2022,10.1186/s13014-022-02079-2,PMC9215022,pending,Effect of intrafraction adaptation on PTV margins for MRI guided online adaptive radiotherapy for rectal cancer.
b5,35720004,2022,10.3389/fonc.2022.888680,PMC9204482,pending,Application of Imaging Indicators Based on (18)F-Fluorodeoxyglucose Positron Emission Tomography/Computed Tomography in Colorectal Peritoneal Carcinomatosis.
b5,35715996,2022,10.1002/jmrs.602,PMC9714490,pending,Correcting rotational error in rectal cancer radiation therapy: Can planning target volume margins be safely reduced?
b5,35715848,2022,10.1186/s40644-022-00461-7,PMC9204907,pending,"Native T1 mapping for differentiating the histopathologic type, grade, and stage of rectal adenocarcinoma: a pilot study."
b5,35714069,2022,10.1371/journal.pone.0269931,PMC9205476,pending,Artificial intelligence-based technology for semi-automated segmentation of rectal cancer using high-resolution MRI.
b5,35712519,2022,10.3389/fonc.2022.886101,PMC9197196,pending,"Combining Clinicopathology, IVIM-DWI and Texture Parameters for a Nomogram to Predict Treatment Response to Neoadjuvant Chemoradiotherapy in Locally Advanced Rectal Cancer Patients."
b5,35710951,2022,10.1007/s00261-022-03572-8,PMC10150388,pending,Combined artificial intelligence and radiologist model for predicting rectal cancer treatment response from magnetic resonance imaging: an external validation study.
b5,35707367,2022,10.3389/fonc.2022.682003,PMC9190242,pending,The Preoperative Diagnostic Performance of Multi-Parametric Quantitative Assessment in Rectal Carcinoma: A Preliminary Study Using Synthetic Magnetic Resonance Imaging.
b5,35704090,2022,10.1007/s00384-022-04157-z,PMC9262764,pending,Predicting pathologic complete response in locally advanced rectal cancer patients after neoadjuvant therapy: a machine learning model using XGBoost.
b5,35681783,2022,10.3390/cancers14112802,PMC9179340,pending,Interobserver Reliability and the Sigmoid Takeoff-An Interobserver Study.
b5,35681149,2022,10.1186/s12876-022-02365-z,PMC9185951,pending,Prognosis of incompletely resected small rectal neuroendocrine tumor using endoscope without additional treatment.
b5,35660797,2022,10.1056/NEJMoa2201445,PMC9492301,pending,"PD-1 Blockade in Mismatch Repair-Deficient, Locally Advanced Rectal Cancer."
b5,35659632,2022,10.1186/s12885-022-09729-4,PMC9164501,pending,Prognostic factors for patients with anal cancer treated with conformal radiotherapy-a systematic review.
b5,35656853,2022,10.1111/codi.16212,PMC9701150,pending,Predictors of operative difficulty in robotic low anterior resection for rectal cancer.
b5,35655733,2022,10.1155/2022/1613632,PMC9135567,pending,Evaluation of Nursing Effects of Pelvic Floor Muscle Rehabilitation Exercise on Gastrointestinal Tract Rectal Cancer Patients Receiving Anus-preserving Operation by Intelligent Algorithm-based Magnetic Resonance Imaging.
b5,35646677,2022,10.3389/fonc.2022.801743,PMC9133669,pending,"MRI-Based Radiomics Features to Predict Treatment Response to Neoadjuvant Chemotherapy in Locally Advanced Rectal Cancer: A Single Center, Prospective Study."
b5,35643791,2022,10.1038/s41416-022-01837-z,PMC9427785,pending,Dynamic changes in longitudinal circulating tumour DNA profile during metastatic colorectal cancer treatment.
b5,35629313,2022,10.3390/life12050645,PMC9143650,pending,Use of Image-Guided Surgical Navigation during Resection of Locally Recurrent Rectal Cancer.
b5,35626271,2022,10.3390/diagnostics12051115,PMC9140199,pending,Radiomics and Machine Learning Analysis Based on Magnetic Resonance Imaging in the Assessment of Colorectal Liver Metastases Growth Pattern.
b5,35626015,2022,10.3390/cancers14102411,PMC9139806,pending,The Role of Indocyanine Green Fluorescence in Rectal Cancer Robotic Surgery: A Narrative Review.
b5,35597871,2022,10.1038/s41416-022-01842-2,PMC9381580,pending,Gene-expression profiles of pretreatment biopsies predict complete response of rectal cancer patients to preoperative chemoradiotherapy.
b5,35594280,2022,10.1093/bjsopen/zrac067,PMC9121981,pending,Clinical outcomes of surgical and imatinib treatment for rectal gastrointestinal stromal tumours: retrospective cohort study.
b5,35584082,2022,10.1371/journal.pone.0267950,PMC9116683,pending,Risk factors and economic burden of postoperative anastomotic leakage related events in patients who underwent surgeries for colorectal cancer.
b5,35581479,2022,10.1007/s00330-022-08840-1,PMC9474434,pending,"The awareness of radiologists for the presence of lateral lymph nodes in patients with locally advanced rectal cancer: a single-centre, retrospective cohort study."
b5,35574447,2022,10.3389/fphys.2022.880981,PMC9091815,not_found,Endoscopy-Based Deep Convolutional Neural Network Predicts Response to Neoadjuvant Treatment for Locally Advanced Rectal Cancer.
b5,35566723,2022,10.3390/jcm11092599,PMC9104021,pending,Lymph Nodes Evaluation in Rectal Cancer: Where Do We Stand and Future Perspective.
b5,35565360,2022,10.3390/cancers14092231,PMC9100060,pending,Automated Prediction of the Response to Neoadjuvant Chemoradiotherapy in Patients Affected by Rectal Cancer.
b5,35552373,2022,10.1093/bjsopen/zrac033,PMC9097816,pending,MRI tumour regression grade in locally recurrent rectal cancer.
b5,35545701,2022,10.1007/s00384-022-04174-y,PMC9167202,pending,Factors influencing downstaging after neoadjuvant long-course chemoradiotherapy in rectal carcinoma.
b5,35524234,2022,10.1186/s12885-022-09561-w,PMC9074374,pending,Image-guided navigation for locally advanced primary and locally recurrent rectal cancer: evaluation of its early cost-effectiveness.
b5,35517409,2022,10.7150/jca.69669,PMC9066221,pending,Detecting the Research Trends and Hot Spots in External Irradiation Therapy for Rectal Cancer.
b5,35501512,2022,10.1186/s41747-022-00272-2,PMC9061921,pending,MRI-based radiomics to predict response in locally advanced rectal cancer: comparison of manual and automatic segmentation on external validation in a multicentre study.
b5,35487526,2022,10.1136/bmjopen-2021-049119,PMC9052059,pending,"A Phase II trial of Higher RadiOtherapy Dose In The Eradication of early rectal cancer (APHRODITE): protocol for a multicentre, open-label randomised controlled trial."
b5,35485874,2022,10.1111/cas.15385,PMC9277261,pending,Association of the collagen signature with pathological complete response in rectal cancer patients.
b5,35484597,2022,10.1186/s13014-022-02053-y,PMC9052564,pending,Simulation CT-based radiomics for prediction of response after neoadjuvant chemo-radiotherapy in patients with locally advanced rectal cancer.
b5,35484509,2022,10.1186/s12880-022-00810-9,PMC9052632,pending,Preoperative prediction of extramural venous invasion in rectal cancer by dynamic contrast-enhanced and diffusion weighted MRI: a preliminary study.
b5,35480114,2022,10.3389/fonc.2022.828904,PMC9036372,pending,Preoperative Prediction of Perineural Invasion Status of Rectal Cancer Based on Radiomics Nomogram of Multiparametric Magnetic Resonance Imaging.
b5,35471653,2022,10.1097/MNM.0000000000001570,PMC9177153,pending,18F-FDG-PET/MRI texture analysis in rectal cancer after neoadjuvant chemoradiotherapy.
b5,35470381,2022,10.1093/bjsopen/zrac039,PMC9039122,pending,Mucinous rectal cancers: clinical features and prognosis in a population-based cohort.
b5,35463367,2022,10.3389/fonc.2022.616310,PMC9021692,pending,Percentage of Tumor Invasion at Pretreatment High-Resolution Magnetic Resonance Imaging: Associating With Aggressive and Tumor Response in Chinese T3 Rectal Cancer-Preliminary Results.
b5,35453969,2022,10.3390/diagnostics12040921,PMC9027294,pending,MRI Evaluation of Complete and Near-Complete Response after Neoadjuvant Therapy in Patients with Locally Advanced Rectal Cancer.
b5,35449546,2022,10.1016/j.ctro.2022.04.003,PMC9018120,pending,ACO/ARO/AIO-21 - Capecitabine-based chemoradiotherapy in combination with the IL-1 receptor antagonist anakinra for rectal cancer Patients: A phase I trial of the German rectal cancer study group.
b5,35445815,2022,10.1007/s00066-022-01931-4,PMC9217888,pending,Image-guided high-dose-rate brachytherapy for rectal cancer: technical note and first clinical experience on an organ-preserving approach.
b5,35441209,2022,10.1093/bjsopen/zrac044,PMC9019068,pending,The management of retrorectal tumours: tertiary centre retrospective study.
b5,35439946,2022,10.1186/s12885-022-09518-z,PMC9017030,pending,Machine learning-based multiparametric MRI radiomics for predicting poor responders after neoadjuvant chemoradiotherapy in rectal Cancer patients.
b5,35438444,2022,10.1007/s11864-022-00984-y,PMC9174118,pending,"Robotic Surgery in Rectal Cancer: Potential, Challenges, and Opportunities."
b5,35428290,2022,10.1186/s12893-022-01591-2,PMC9011378,pending,Report of 13-year survival of patients with colon and rectal cancers; lessons from Shiraz colorectal cancer surgery registry system of a level three medical center.
b5,35411227,2022,,PMC8984874,pending,Signet ring cell component predicts the response to neoadjuvant chemoradiotherapy in rectal cancer. Long interim results of a single institution experience.
b5,35407606,2022,10.3390/jcm11071998,PMC8999631,pending,T(1ρ) for Radiotherapy Treatment Response Monitoring in Rectal Cancer Patients: A Pilot Study.
b5,35388140,2022,10.1038/s41416-022-01801-x,PMC9296509,pending,A new magnetic resonance imaging tumour response grading scheme for locally advanced rectal cancer.
b5,35371999,2022,10.3389/fonc.2022.788731,PMC8971285,pending,Comparison of Computed and Acquired DWI in the Assessment of Rectal Cancer: Image Quality and Preoperative Staging.
b5,35368890,2022,10.1155/2022/4061142,PMC8965599,pending,Role of Perirectal Fat in the Carcinogenesis and Development of Early-Onset Rectal Cancer.
b5,35366088,2022,10.1007/s00261-022-03503-7,PMC9189624,pending,Rectal MRI radiomics inter- and intra-reader reliability: should we worry about that?
b5,35340828,2022,10.1016/j.ejro.2022.100415,PMC8942820,pending,Using texture analysis in the development of a potential radiomic signature for early identification of hepatic metastasis in colorectal cancer.
b5,35339339,2022,10.1016/j.suronc.2022.101739,PMC9464708,pending,The importance of MRI for rectal cancer evaluation.
b5,35336825,2022,10.3390/biology11030452,PMC8945327,pending,The Utility of ADC First-Order Histogram Features for the Prediction of Metachronous Metastases in Rectal Cancer: A Preliminary Study.
b5,35325271,2022,10.1007/s00384-022-04103-z,PMC8976819,pending,A multicentre cohort study assessing the utility of routine blood tests as adjuncts to identify complete responders in rectal cancer following neoadjuvant chemoradiotherapy.
b5,35325225,2022,10.1093/oncolo/oyac003,PMC9355805,pending,Phase I Study of Lenvatinib and Capecitabine with External Radiation Therapy in Locally Advanced Rectal Adenocarcinoma.
b5,35325073,2022,10.1093/cid/ciac211,PMC9617575,pending,Automated Evaluation of p16/Ki-67 Dual-Stain Cytology as a Biomarker for Detection of Anal Precancer in Men Who Have Sex With Men and Are Living With Human Immunodeficiency Virus.
b5,35323347,2022,10.3390/curroncol29030147,PMC8947455,pending,Systemic Therapy and Its Surgical Implications in Patients with Resectable Liver Colorectal Cancer Metastases. A Report from the Western Canadian Gastrointestinal Cancer Consensus Conference.
b5,35319077,2022,10.1007/s00330-022-08694-7,PMC9283216,pending,Occurrence of peritoneal carcinomatosis in patients with rectal cancer undergoing staging pelvic MRI: clinical observations.
b5,35317416,2022,10.1109/JTEHM.2022.3156851,PMC8932521,pending,Using Multi-Scale Convolutional Neural Network Based on Multi-Instance Learning to Predict the Efficacy of Neoadjuvant Chemoradiotherapy for Rectal Cancer.
b5,35311135,2022,10.3389/fonc.2022.813138,PMC8927647,pending,The Value of Intravoxel Incoherent Motion Diffusion-Weighted Magnetic Resonance Imaging Combined With Texture Analysis of Evaluating the Extramural Vascular Invasion in Rectal Adenocarcinoma.
b5,35304396,2022,10.1136/bmjopen-2021-055140,PMC8935173,pending,"Non-operative management after chemoradiotherapy plus consolidation or sandwich (induction with bevacizumab and consolidation) chemotherapy in patients with locally advanced rectal cancer: a multicentre, randomised phase II trial (NOMINATE trial)."
b5,35303919,2022,10.1186/s13014-022-02023-4,PMC8932060,pending,Validation of an MRI-only planning workflow for definitive pelvic radiotherapy.
b5,35287607,2022,10.1186/s12880-022-00773-x,PMC8919611,pending,Local tuning of radiomics-based model for predicting pathological response to neoadjuvant chemoradiotherapy in locally advanced rectal cancer.
b5,35284662,2022,10.1016/j.phro.2022.02.014,PMC8908275,pending,Robust extraction of biological information from diffusion-weighted magnetic resonance imaging during radiotherapy using semi-automatic delineation.
b5,35280723,2022,10.3389/fonc.2022.713335,PMC8907660,pending,Combined Detection of RUNX3 and EZH2 in Evaluating Efficacy of Neoadjuvant Therapy and Prognostic Value of Middle and Low Locally Advanced Rectal Cancer.
b5,35277966,2022,10.1093/bjs/znac059,PMC10364750,pending,Accuracy of MRI in early rectal cancer: national cohort study.
b5,35274187,2022,10.1007/s00330-022-08648-z,PMC8913212,pending,Combined PET-CT and MRI for response evaluation in patients with squamous cell anal carcinoma treated with curative-intent chemoradiotherapy.
b5,35244965,2022,10.1002/jmri.28139,PMC9440947,pending,"Editorial for ""Selecting Candidates for Organ-Preserving Strategies After Neoadjuvant Chemoradiotherapy for Rectal Cancer: Development and Validation of a Model Integrating MRI Radiomics and Pathomics""."
b5,35242447,2022,10.1016/j.jpi.2022.100008,PMC8860736,pending,Neural Network Assisted Pathology Case Identification.
b5,35240976,2022,10.2174/1573405618666220303111026,PMC9720879,pending,Complete Response Evaluation of Locally Advanced Rectal Cancer to Neoadjuvant Chemoradiotherapy Using Textural Features Obtained from T2 Weighted Imaging and ADC Maps.
b5,35237107,2022,10.1055/s-0041-1742112,PMC8885162,pending,Transanal Local Excision of Rectal Cancer after Neoadjuvant Chemoradiation: Is There a Place for It or Should Be Avoided at All Costs?
b5,35232427,2022,10.1186/s12885-022-09304-x,PMC8887187,pending,A longitudinal cohort study of watch and wait in complete clinical responders after chemo-radiotherapy for localised rectal cancer: study protocol.
b5,35232375,2022,10.1186/s12880-022-00758-w,PMC8889761,pending,Correction to: Histogram analysis based on multi-parameter MR imaging as a biomarker to predict lymph node metastasis in T3 stage rectal cancer.
b5,35231978,2022,10.7507/1001-5515.201910027,PMC9927749,pending,[A computed tomography image segmentation algorithm for improving the diagnostic accuracy of rectal cancer based on U-net and residual block].
b5,35223087,2022,10.1177/20584601221081292,PMC8874163,pending,MRI interobserver reliability in rectal tumor angulation.
b5,35220979,2022,10.1186/s12957-022-02532-2,PMC8883685,pending,Evaluation of the SYNAPSE VINCENT for lateral lymph node dissection in rectal cancer with robotic surgery: a preliminary report.
b5,35218137,2022,10.1111/codi.16103,PMC9314139,pending,The prognostic value of extramural venous invasion in preoperative MRI of rectal cancer patients.
b5,35216606,2022,10.1186/s12957-021-02460-7,PMC8881874,pending,Skeletal muscle wasting and long-term prognosis in patients undergoing rectal cancer surgery without neoadjuvant therapy.
b5,35216571,2022,10.1186/s12885-022-09217-9,PMC8881858,pending,"Deep-learning model for predicting the survival of rectal adenocarcinoma patients based on a surveillance, epidemiology, and end results analysis."
b5,35212821,2022,10.1007/s00464-022-09090-4,PMC8921163,pending,"UEG and EAES rapid guideline: Systematic review, meta-analysis, GRADE assessment and evidence-informed European recommendations on TaTME for rectal cancer."
b5,35200577,2022,10.3390/curroncol29020078,PMC8871158,pending,Report from the Western Canadian Gastrointestinal Consensus Cancer Conference-Management of Total Neoadjuvant Therapy in Rectal Cancer.
b5,35200561,2022,10.3390/curroncol29020062,PMC8870404,pending,An Evidence-Based Guideline for Surveillance of Patients after Curative Treatment for Colon and Rectal Cancer.
b5,35169218,2022,10.1038/s41598-022-06474-3,PMC8847648,pending,Association between long noncoding RNA rs944289 and rs7990916 polymorphisms and the risk of colorectal cancer in a Chinese population.
b5,35155538,2022,10.3389/fnut.2022.796601,PMC8830534,pending,"Impact of Body Composition During Neoadjuvant Chemoradiotherapy on Complications, Survival and Tumor Response in Patients With Locally Advanced Rectal Cancer."
b5,35144092,2022,10.1016/j.tranon.2022.101352,PMC8844801,pending,"Comparative study of radiomics, tumor morphology, and clinicopathological factors in predicting overall survival of patients with rectal cancer before surgery."
b5,35085099,2022,10.1109/JBHI.2022.3146778,PMC9295632,not_found,RADIomic Spatial TexturAl Descriptor (RADISTAT): Quantifying Spatial Organization of Imaging Heterogeneity Associated With Tumor Response to Treatment.
b5,35065641,2022,10.1186/s12957-022-02488-3,PMC8783503,pending,Advantages of total proctocolectomy with straight ileoanal anastomosis plus pedicled omental transposition for familial adenomatous polyposis: a preliminary study.
b5,35036637,2022,10.1016/j.adro.2021.100867,PMC8749199,pending,Development of an Orthotopic Murine Model of Rectal Cancer in Conjunction With Targeted Short-Course Radiation Therapy.
b5,35033008,2022,10.1186/s12885-021-09158-9,PMC8760695,pending,THUNDER 2: THeragnostic Utilities for Neoplastic DisEases of the Rectum by MRI guided radiotherapy.
b5,35028011,2022,10.18632/oncotarget.28165,PMC8746015,pending,Early detection of treatment futility in patients with metastatic colorectal cancer.
b5,35018217,2022,10.18632/oncotarget.28100,PMC8734641,pending,"The ""Immunoscore"" in rectal cancer: could we search quality beyond quantity of life?"
b5,35001364,2022,10.1002/ijc.33928,PMC9015603,pending,"Impact of two waves of Sars-Cov2 outbreak on the number, clinical presentation, care trajectories and survival of patients newly referred for a colorectal cancer: A French multicentric cohort study from a large group of university hospitals."
b5,34997304,2022,10.1007/s00384-021-04089-0,PMC8885551,pending,Mesenteric occlusive disease of the inferior mesenteric artery is associated with anastomotic leak after left-sided colon and rectal cancer surgery: a retrospective cohort study.
b5,34986842,2022,10.1186/s12957-021-02464-3,PMC8728915,pending,Combination of extramural venous invasion and lateral lymph node size detected with magnetic resonance imaging is a reliable biomarker for lateral lymph node metastasis in patients with rectal cancer.
b5,34895835,2022,10.1016/j.clcc.2021.10.007,PMC8966586,pending,"MRI for Rectal Cancer: Staging, mrCRM, EMVI, Lymph Node Staging and Post-Treatment Response."
b5,34826772,2022,10.1016/j.clinimag.2021.10.005,PMC9119743,not_found,Rectal MRI radiomics for predicting pathological complete response: Where we are.
b5,34811957,2022,10.1002/cam4.4441,PMC8704175,pending,A blind randomized validated convolutional neural network for auto-segmentation of clinical target volume in rectal cancer patients receiving neoadjuvant radiotherapy.
b5,34803147,2022,10.1097/DCR.0000000000002145,PMC8916980,pending,MRI at Restaging After Neoadjuvant Therapy for Rectal Cancer Overestimates Circumferential Resection Margin Proximity as Determined by Comparison With Whole-Mount Pathology.
b5,34753891,2022,10.1097/DCR.0000000000002282,PMC8916959,not_found,Measuring Rectal Cancer Tumor Height: Concordance Between Clinical Examination and MRI.
b5,34717261,2022,10.1016/j.jss.2021.08.037,PMC8712389,pending,Development of an Online Curriculum for Surgeons on the Use of Pelvic Magnetic Resonance Imaging in Rectal Cancer and Results of a Pilot Study.
b5,34642794,2022,10.1007/s00464-021-08685-7,PMC9001548,pending,The use of deep learning on endoscopic images to assess the response of rectal cancer after chemoradiation.
b5,34605968,2022,10.1007/s00261-021-03279-2,PMC9671700,pending,Multi-practice survey on MR imaging practice patterns in rectal cancer in the United States.
b5,34605966,2022,10.1007/s00261-021-03281-8,PMC8776669,pending,Evolutions in rectal cancer MRI staging and risk stratification in The Netherlands.
b5,34421090,2022,10.2463/mrms.mp.2021-0067,PMC9618932,pending,Quantitative T2 Mapping to Discriminate Mucinous from Nonmucinous Adenocarcinoma in Rectal Cancer: Comparison with Diffusion-weighted Imaging.
b5,34399445,2022,10.3393/ac.2020.01060.0151,PMC9441543,pending,Spotlight on laparoscopy in the surgical resection of locally advanced rectal cancer: multicenter propensity score match study.
b5,34327580,2022,10.1007/s00330-021-08144-w,PMC9018044,pending,MRI radiomics features of mesorectal fat can predict response to neoadjuvant chemoradiation therapy and tumor recurrence in patients with locally advanced rectal cancer.
b5,34231164,2022,10.1007/s13304-021-01095-3,PMC8995263,pending,Influence of incorrect staging of colorectal carcinoma on oncological outcome: are we playing safely?
b5,33825016,2022,10.1007/s00464-021-08381-6,PMC8758657,pending,Deep learning-based automatic surgical step recognition in intraoperative videos for transanal total mesorectal excision.
b5,33662962,2022,10.1159/000515631,PMC8820443,pending,Pretreatment Apparent Diffusion Coefficient Cannot Predict Histopathological Features and Response to Neoadjuvant Radiochemotherapy in Rectal Cancer: A Meta-Analysis.
b5,37636523,2021,10.19080/argh.2021.17.555972,PMC10457021,pending,Stage II/III Rectal Cancer Post-Treatment Surveillance Patterns of Care: A SEER- Medicare Study.
b5,35694154,2021,10.1093/pcmedi/pbab011,PMC8982618,not_found,Combining quantitative and qualitative magnetic resonance imaging features to differentiate anorectal malignant melanoma from low rectal cancer.
b5,35403166,2021,10.21873/cdp.10062,PMC8962870,pending,Risk of Outlet Obstruction Associated With Defunctioning Loop Ileostomy in Rectal Cancer Surgery.
b5,35201442,2021,10.1007/s12672-021-00405-w,PMC8777577,pending,Role of 18F-PET-CT to predict pathological response after neoadjuvant treatment of rectal cancer.
b5,35127518,2021,10.3389/fonc.2021.806749,PMC8813750,pending,Preoperative T and N Restaging of Rectal Cancer After Neoadjuvant Chemoradiotherapy: An Accuracy Comparison Between MSCT and MRI.
b5,35110885,2021,10.1007/s13193-021-01421-6,PMC8764012,pending,Watch and Wait Approach After Neoadjuvant Chemoradiotherapy in Rectal Cancer: Initial Experience in the Indian subcontinent.
b5,35071450,2021,10.21037/atm-21-5658,PMC8756231,not_found,Magnetic resonance neuroimaging promotes the preservation of pelvic autonomic nerves in laparoscopic total mesorectal excision: a comparative study.
b5,35070078,2021,10.4240/wjgs.v13.i12.1754,PMC8727188,pending,Current and future role of three-dimensional modelling technology in rectal cancer surgery: A systematic review.
b5,35070064,2021,10.4240/wjgs.v13.i12.1567,PMC8727185,not_found,Mucinous adenocarcinoma: A unique clinicopathological subtype in colorectal cancer.
b5,35024729,2021,10.47162/RJME.62.2.07,PMC8848272,pending,Assessment of clinical and pathological complete response after neoadjuvant chemoradiotherapy in rectal adenocarcinoma and its therapeutic implications.
b5,34966777,2021,10.3389/fsurg.2021.785313,PMC8710449,pending,Exploring Central Vascular Anatomy With Axial Computed Tomography During Surgery for Sigmoid Colon and Rectal Cancer: New Insights Into the Anatomical Relationship Between the Inferior Mesenteric Artery and the Duodenum.
b5,34956893,2021,10.3389/fonc.2021.774413,PMC8695680,pending,Fractal-Based Radiomic Approach to Tailor the Chemotherapy Treatment in Rectal Cancer: A Generating Hypothesis Study.
b5,34956868,2021,10.3389/fonc.2021.741612,PMC8695495,not_found,Clinical Significance and Prognostic Value of the Maximum Standardized Uptake Value of (18)F-Flurodeoxyglucose Positron Emission Tomography-Computed Tomography in Colorectal Cancer.
b5,34946287,2021,10.3390/medicina57121342,PMC8707820,pending,A Pattern of Care Report on the Management of Patients with Squamous Cell Carcinoma of the Anus-A Study by the Italian Association of Radiotherapy and Clinical Oncology (AIRO) Gastrointestinal Tumors Study Group.
b5,34926566,2021,10.3389/fsurg.2021.752009,PMC8674929,not_found,Comparison of Clinical Efficacy and Safety Between da Vinci Robotic and Laparoscopic Intersphincteric Resection for Low Rectal Cancer: A Meta-Analysis.
b5,34926480,2021,10.3389/fmed.2021.684238,PMC8678047,not_found,A Deep-Learning Pipeline for TSS Coverage Imputation From Shallow Cell-Free DNA Sequencing.
b5,34917505,2021,10.3389/fonc.2021.750922,PMC8670938,not_found,"Commentary: ""Long-Term Outcomes and Prognostic Analysis of Computed Tomography-Guided Radioactive (125) I Seed Implantation for Locally Recurrent Rectal Cancer After External Beam Radiotherapy or Surgery"": Letter to the Editor."
b5,34917137,2021,10.1155/2021/4662061,PMC8670968,pending,Combining CT Images and Clinical Features of Four Periods to Predict Whether Patients Have Rectal Cancer.
b5,34912724,2021,10.3389/fonc.2021.790894,PMC8666428,not_found,A Novel Scoring System for Response of Preoperative Chemoradiotherapy in Locally Advanced Rectal Cancer Using Early-Treatment Blood Features Derived From Machine Learning.
b5,34901474,2021,10.1016/j.phro.2021.10.001,PMC8640865,not_found,Optimisation and validation of an integrated magnetic resonance imaging-only radiotherapy planning solution.
b5,34876924,2021,10.1155/2021/4520450,PMC8645400,not_found,Evaluation of the Risk of Recurrence in Patients with Local Advanced Rectal Tumours by Different Radiomic Analysis Approaches.
b5,34871292,2021,10.12659/MSM.934941,PMC8662961,pending,Diffusion-Weighted Magnetic Resonance Imaging of 103 Patients with Rectal Adenocarcinoma Identifies the Apparent Diffusion Coefficient as an Imaging Marker for Tumor Invasion and Regional Lymph Node Involvement.
b5,34869040,2021,10.3389/fonc.2021.784156,PMC8634258,pending,Development and Validation of an MRI-Based Nomogram Model for Predicting Disease-Free Survival in Locally Advanced Rectal Cancer Treated With Neoadjuvant Radiotherapy.
b5,34868947,2021,10.3389/fonc.2021.747250,PMC8635726,not_found,Deep-Learning-Based Natural Language Processing of Serial Free-Text Radiological Reports for Predicting Rectal Cancer Patient Survival.
b5,34860243,2021,10.1001/jamanetworkopen.2021.36913,PMC8642786,not_found,Identifying Diagnostic MicroRNAs and Investigating Their Biological Implications in Rectal Cancer.
b5,34858841,2021,10.3389/fonc.2021.762444,PMC8632142,pending,Myosteatosis Differentially Affects the Prognosis of Non-Metastatic Colon and Rectal Cancer Patients: An Exploratory Study.
b5,34858808,2021,10.3389/fonc.2021.714948,PMC8630637,pending,The Value of (18)F-FDG PET/CT and Abdominal PET/MRI as a One-Stop Protocol in Patients With Potentially Resectable Colorectal Liver Metastases.
b5,34836989,2021,10.1038/s41598-021-02330-y,PMC8626498,pending,A comparative study of auto-contouring softwares in delineation of organs at risk in lung cancer and rectal cancer.
b5,34829310,2021,10.3390/diagnostics11111964,PMC8625809,pending,Automatic Segmentation of Pelvic Cancers Using Deep Learning: State-of-the-Art Approaches and Challenges.
b5,34815634,2021,10.21147/j.issn.1000-9604.2021.05.07,PMC8580799,not_found,Better prognostic determination of cT3 rectal cancer through measurement of distance to mesorectal fascia: A multicenter study.
b5,34811396,2021,10.1038/s41598-021-01668-7,PMC8608842,pending,Mutational status of plasma exosomal KRAS predicts outcome in patients with metastatic colorectal cancer.
b5,34805260,2021,10.3389/fsurg.2021.745220,PMC8595336,pending,Predicting Survival of Patients With Rectal Neuroendocrine Tumors Using Machine Learning: A SEER-Based Population Study.
b5,34792107,2021,10.1093/bjs/znab388,PMC10364694,not_found,Early response to upfront neoadjuvant chemotherapy (CAPOX) alone in low- and intermediate-risk rectal cancer: a single-arm phase II trial.
b5,34786390,2021,10.12998/wjcc.v9.i30.9077,PMC8567526,pending,Neoadjuvant radiotherapy dose escalation for locally advanced rectal cancers in the new era of radiotherapy: A review of literature.
b5,34785927,2021,10.2147/JIR.S342214,PMC8591410,not_found,Predicting Neoadjuvant Chemoradiotherapy Response in Locally Advanced Rectal Cancer Using Tumor-Infiltrating Lymphocytes Density.
b5,34733785,2021,10.3389/fonc.2021.743540,PMC8560008,pending,Tumor-Infiltrating Cytotoxic T Cells and Tumor-Associated Macrophages Correlate With the Outcomes of Neoadjuvant Chemoradiotherapy for Locally Advanced Rectal Cancer.
b5,34733283,2021,10.3389/fimmu.2021.750407,PMC8558563,pending,New Artificial Intelligence Score and Immune Infiltrates as Prognostic Factors in Colorectal Cancer With Brain Metastases.
b5,34723622,2021,10.1259/bjr.20210350,PMC8631009,pending,Interobserver variability in target volume delineation for CT/MRI simulation and MRI-guided adaptive radiotherapy in rectal cancer.
b5,34722724,2021,10.1159/000514800,PMC8543365,not_found,"Multimodal Treatment of cT3 Rectal Cancer in a Prospective Multi-Center Observational Study: Can Neoadjuvant Chemoradiation Be Omitted in Patients with an MRI-Assessed, Negative Circumferential Resection Margin?"
b5,34720528,2021,10.3748/wjg.v27.i38.6374,PMC8517789,not_found,Intraoperative use of indocyanine green fluorescence imaging in rectal cancer surgery: The state of the art.
b5,34708001,2021,10.3389/fonc.2021.781636,PMC8544257,pending,Corrigendum: Radiomics Analysis of Multi-Sequence MR Images For Predicting Microsatellite Instability Status Preoperatively in Rectal Cancer.
b5,34707015,2021,10.11817/j.issn.1672-7347.2021.200569,PMC10930173,pending,Risks of anastomotic leakage in patients with colorectal cancer after operation and how to effectively avoid it.
b5,34704187,2021,10.1186/s40792-021-01316-2,PMC8548484,pending,A case of laparoscopic partial hepatic S7 resection for postoperative liver metastasis of rectal malignant melanoma.
b5,34691237,2021,10.1155/2021/3854518,PMC8536457,pending,Genetic Algorithm in Data Mining of Colorectal Images.
b5,34687138,2021,10.1002/acm2.13423,PMC8598134,pending,The benefit of MR-only radiotherapy treatment planning for anal and rectal cancers: A planning study.
b5,34686879,2021,10.1093/bjsopen/zrab093,PMC8536864,pending,Organ preservation following short-course radiotherapy for rectal cancer.
b5,34686474,2021,10.1016/S2589-7500(21)00180-1,PMC8609154,pending,Development and validation of a weakly supervised deep learning framework to predict the status of molecular pathways and key mutations in colorectal cancer from routine histology images: a retrospective study.
b5,34684080,2021,10.3390/medicina57101044,PMC8537499,pending,Evaluation and Predictive Factors of Complete Response in Rectal Cancer after Neoadjuvant Chemoradiation Therapy.
b5,34680269,2021,10.3390/cancers13205120,PMC8534180,not_found,Intra- and Interobserver Variability in Magnetic Resonance Imaging Measurements in Rectal Cancer Patients.
b5,34676170,2021,10.3389/fonc.2021.742728,PMC8523984,pending,A Nomogram for Predicting Pathological Complete Response to Neoadjuvant Chemoradiotherapy Using Semiquantitative Parameters Derived From Sequential PET/CT in Locally Advanced Rectal Cancer.
b5,34674666,2021,10.1186/s12885-021-08873-7,PMC8529852,not_found,The efficiency of (18)F-FDG-PET/CT in the assessment of tumor response to preoperative chemoradiation therapy for locally recurrent rectal cancer.
b5,34672343,2021,10.1093/bjsopen/zrab096,PMC8529522,not_found,Impact of nutritional status and body composition on postoperative outcomes after pelvic exenteration for locally advanced and locally recurrent rectal cancer.
b5,34671421,2021,10.1177/17562848211042170,PMC8521411,pending,Treatment in locally advanced rectal cancer: a machine learning bibliometric analysis.
b5,34660266,2021,10.3389/fonc.2021.695726,PMC8515850,not_found,One to Two Cycles of Consolidation Chemotherapy With Capecitabine After Neoadjuvant Chemoradiotherapy Does Not Benefit Low-Risk Patients With Locally Advanced Middle-Low Rectal Cancer.
b5,34660054,2021,10.7759/cureus.17848,PMC8502002,not_found,Telehealth Adaptation for Multidisciplinary Colorectal Cancer Clinic During the COVID-19 Pandemic.
b5,34656100,2021,10.1186/s12894-021-00912-6,PMC8520268,pending,Metal stent for the ureteral stricture after surgery and/or radiation treatment for malignancy.
b5,34646968,2021,10.1016/j.adro.2021.100749,PMC8498733,pending,Optimization of Field Design in the Treatment of Rectal Cancer with Intensity Modulated Proton Beam Radiation Therapy: How Many Fields Are Needed to Account for Rectal Distension Uncertainty?
b5,34646765,2021,10.3389/fonc.2021.710248,PMC8502898,pending,Computed Tomography-Based Radiomics for Preoperative Prediction of Tumor Deposits in Rectal Cancer.
b5,34638278,2021,10.3390/cancers13194793,PMC8507715,pending,Anus-Preserving Surgery in Advanced Low-Lying Rectal Cancer: A Perspective on Oncological Safety of Intersphincteric Resection.
b5,34621477,2021,10.4240/wjgs.v13.i9.1012,PMC8462079,pending,Optimal postoperative surveillance strategies for stage III colorectal cancer.
b5,34616523,2021,10.4251/wjgo.v13.i9.1196,PMC8465444,not_found,Neoadjuvant chemotherapy without radiation as a potential alternative treatment for locally advanced rectal cancer: A meta-analysis.
b5,34589364,2021,10.7759/cureus.17471,PMC8464380,pending,Role of Diffusion-Weighted Imaging in the Evaluation of Post-Treatment Tumor Response in Rectal Carcinoma.
b5,34588755,2021,10.3748/wjg.v27.i33.5610,PMC8433618,pending,Radiomics for predicting perineural invasion status in rectal cancer.
b5,34584334,2021,10.5455/aim.2021.29.113-117,PMC8443141,not_found,MRI Evaluation of Extramural Venous Invasion (EMVI) with Rectal Carcinoma Using High Resolution T2 and Combination of High Resolution T2 and Contrast Enhanced T1 Weighted Imaging.
b5,34567237,2021,10.1155/2021/9976440,PMC8457990,pending,Texture Analysis in the Assessment of Rectal Cancer: Comparison of T2WI and Diffusion-Weighted Imaging.
b5,34565338,2021,10.1186/s12885-021-08773-w,PMC8474828,pending,Artificial intelligence for pre-operative lymph node staging in colorectal cancer: a systematic review and meta-analysis.
b5,34540954,2021,10.12998/wjcc.v9.i24.6987,PMC8409211,not_found,Textural differences based on apparent diffusion coefficient maps for discriminating pT3 subclasses of rectal adenocarcinoma.
b5,34539577,2021,10.3389/fendo.2021.727327,PMC8440966,pending,Comparison of 68Ga-DOTANOC and 18F-FDG PET-CT Scans in the Evaluation of Primary Tumors and Lymph Node Metastasis in Patients With Rectal Neuroendocrine Tumors.
b5,34539134,2021,10.3748/wjg.v27.i32.5306,PMC8409167,pending,Radiomics and machine learning applications in rectal cancer: Current update and future perspectives.
b5,34517303,2021,10.1016/j.clinimag.2021.08.010,PMC8585689,pending,"Meaningful words in rectal MRI synoptic reports: How ""polypoid"" may be prognostic."
b5,34508014,2021,10.1097/DCR.0000000000002122,PMC8820240,not_found,Organ Preservation in Patients with Rectal Cancer Treated with Total Neoadjuvant Therapy.
b5,34485136,2021,10.3389/fonc.2021.701336,PMC8415020,failed,Rectal Tumor Stiffness Quantified by In Vivo Tomoelastography and Collagen Content Estimated by Histopathology Predict Tumor Aggressiveness.
b5,34475997,2021,10.7150/jca.57926,PMC8408126,not_found,(18)F-FDG PET/CT metabolic parameters correlate with EIF2S2 expression status in colorectal cancer.
b5,34471502,2021,10.1016/j.csbj.2021.08.019,PMC8383063,pending,The molecular feature of macrophages in tumor immune microenvironment of glioma patients.
b5,34464382,2021,10.1371/journal.pmed.1003741,PMC8407540,not_found,Utility of ctDNA in predicting response to neoadjuvant chemoradiotherapy and prognosis assessment in locally advanced rectal cancer: A prospective cohort study.
b5,34462657,2021,10.3892/mco.2021.2363,PMC8375047,pending,Monitoring of circulating epithelial tumor cells using the Maintrac(®) method and its potential benefit for the treatment of patients with colorectal cancer.
b5,34450532,2021,10.1016/j.ijscr.2021.106322,PMC8387892,pending,Surgical management of recto-vaginal fistula (about 6 cases).
b5,34448379,2021,10.3348/kjr.2021.0560,PMC8390815,pending,High-Resolution T2-Weighted MRI to Evaluate Rectal Cancer: Why Variations Matter.
b5,34441441,2021,10.3390/diagnostics11081507,PMC8394713,not_found,Watch and Wait Approach for Rectal Cancer Following Neoadjuvant Treatment: The Experience of a High Volume Cancer Center.
b5,34427972,2021,10.1111/codi.15885,PMC9291959,pending,Quantifying displacement of urogenital organs after abdominoperineal resection for rectal cancer.
b5,34420097,2021,10.1186/s13244-021-01063-w,PMC8380206,pending,A preliminary study of synthetic magnetic resonance imaging in rectal cancer: imaging quality and preoperative assessment.
b5,34414105,2021,10.3389/fonc.2021.678441,PMC8369414,pending,Performances of Whole Tumor Texture Analysis Based on MRI: Predicting Preoperative T Stage of Rectal Carcinomas.
b5,34402948,2021,10.1007/s00261-021-03224-3,PMC8502129,not_found,Diagnostic performance of (18)F-fluorodeoxyglucose-PET/MRI versus MRI alone in the diagnosis of pelvic recurrence of rectal cancer.
b5,34399812,2021,10.1186/s13014-021-01876-5,PMC8365937,pending,Sarcopenia and dosimetric parameters in relation to treatment-related leukopenia and survival in anal cancer.
b5,34395262,2021,10.3389/fonc.2021.696706,PMC8358773,pending,Comparable Performance of Deep Learning-Based to Manual-Based Tumor Segmentation in KRAS/NRAS/BRAF Mutation Prediction With MR-Based Radiomics in Rectal Cancer.
b5,34395261,2021,10.3389/fonc.2021.695640,PMC8356670,pending,The Survival Effect of Radiotherapy on Stage II/III Rectal Cancer in Different Age Groups: Formulating Radiotherapy Decision-Making Based on Age.
b5,34386458,2021,10.4174/astr.2021.101.2.93,PMC8331553,not_found,Oncologic comparison between nonradical management and total mesorectal excision in good responders after chemoradiotherapy in patients with mid-to-low rectal cancer.
b5,34373961,2021,10.1186/s13244-021-01055-w,PMC8353037,pending,"Re-staging and follow-up of rectal cancer patients with MR imaging when ""Watch-and-Wait"" is an option: a practical guide."
b5,34370093,2021,10.1186/s13244-021-01023-4,PMC8353019,pending,MRI-detected extramural venous invasion of rectal cancer: Multimodality performance and implications at baseline imaging and after neoadjuvant therapy.
b5,34367318,2021,10.1155/2021/5095940,PMC8346302,not_found,Comparison of Diagnostic Performance between Perfusion-Related Intravoxel Incoherent Motion DWI and Dynamic Contrast-Enhanced MRI in Rectal Cancer.
b5,34337027,2021,10.1155/2021/5566885,PMC8289571,pending,Assessment of MRI-Based Radiomics in Preoperative T Staging of Rectal Cancer: Comparison between Minimum and Maximum Delineation Methods.
b5,34336808,2021,10.3389/fbioe.2021.696251,PMC8317500,not_found,MBFFNet: Multi-Branch Feature Fusion Network for Colonoscopy.
b5,34336663,2021,10.3389/fonc.2021.674253,PMC8322741,not_found,Management of Clinically Involved Lateral Lymph Node Metastasis in Locally Advanced Rectal Cancer: A Radiation Dose Escalation Study.
b5,34335762,2021,10.1155/2021/8585371,PMC8292063,pending,"The Clinical Value of the Combined Detection of Enhanced CT, MRI, CEA, and CA199 in the Diagnosis of Rectal Cancer."
b5,34327411,2021,10.1016/j.lanwpc.2020.100087,PMC8315365,pending,"Quality of life after sphincter preservation surgery or abdominoperineal resection for low rectal cancer (ASPIRE): A long-term prospective, multicentre, cohort study."
b5,34327144,2021,10.3389/fonc.2021.709070,PMC8315047,not_found,Magnetic Resonance Imaging Evaluation of the Accuracy of Various Lymph Node Staging Criteria in Rectal Cancer: A Systematic Review and Meta-Analysis.
b5,34323052,2021,10.12182/20210460201,PMC10409384,not_found,[Application of Automated Machine Learning Based on Radiomics Features of T2WI and RS-EPI DWI to Predict Preoperative T Staging of Rectal Cancer].
b5,34321845,2021,10.3748/wjg.v27.i25.3802,PMC8291019,not_found,Emerging applications of radiomics in rectal cancer: State of the art and future perspectives.
b5,34307164,2021,10.3389/fonc.2021.697497,PMC8293900,not_found,Radiomics Analysis of Multi-Sequence MR Images For Predicting Microsatellite Instability Status Preoperatively in Rectal Cancer.
b5,34301300,2021,10.1186/s13014-021-01866-7,PMC8305875,not_found,Feasibility of Conebeam CT-based online adaptive radiotherapy for neoadjuvant treatment of rectal cancer.
b5,34298803,2021,10.3390/cancers13143590,PMC8303203,not_found,Radiomics in the Setting of Neoadjuvant Radiotherapy: A New Approach for Tailored Treatment.
b5,34298695,2021,10.3390/cancers13143480,PMC8305437,pending,Improvement in the Assessment of Response to Preoperative Chemoradiotherapy for Rectal Cancer Using Magnetic Resonance Imaging and a Multigene Biomarker.
b5,34295545,2021,10.21037/jgo-20-436,PMC8261311,pending,Machine learning-based random forest predicts anastomotic leakage after anterior resection for rectal cancer.
b5,34285586,2021,10.2147/CMAR.S311501,PMC8286103,not_found,Predicting Response to Total Neoadjuvant Treatment (TNT) in Locally Advanced Rectal Cancer Based on Multiparametric Magnetic Resonance Imaging: A Retrospective Study.
b5,34285284,2021,10.1038/s41598-021-94244-y,PMC8292501,pending,Laparoscopic intraarterial catheterization with selective ICG fluorescence imaging in colorectal surgery.
b5,34277445,2021,10.3389/fonc.2021.698427,PMC8281887,not_found,Predicting Treatment Response of Neoadjuvant Chemoradiotherapy in Locally Advanced Rectal Cancer Using Amide Proton Transfer MRI Combined With Diffusion-Weighted Imaging.
b5,34269805,2021,10.1001/jamanetworkopen.2021.17536,PMC8285735,pending,High-Intensity vs Low-Intensity Knowledge Translation Interventions for Surgeons and Their Association With Process and Outcome Measures Among Patients Undergoing Rectal Cancer Surgery.
b5,34258404,2021,10.1016/j.phro.2021.03.003,PMC8254202,pending,Multi-parametric magnetic resonance imaging assessment of whole tumour heterogeneity for chemoradiotherapy response prediction in rectal cancer.
b5,34249757,2021,10.3389/fonc.2021.697995,PMC8264432,pending,Clinical Implementation of Automated Treatment Planning for Rectum Intensity-Modulated Radiotherapy Using Voxel-Based Dose Prediction and Post-Optimization Strategies.
b5,34239446,2021,10.3389/fphys.2021.641290,PMC8257958,pending,"The New Concept of Physiological ""Riolan's Arch"" and the Reconstruction Mechanism of Pathological Riolan's Arch After High Ligation of the Inferior Mesenteric Artery by CT Angiography-Based Small Vessel Imaging."
b5,34233606,2021,10.1186/s12876-021-01851-0,PMC8262029,pending,Comparing neoadjuvant long-course chemoradiotherapy with short-course radiotherapy in rectal cancer.
b5,34222567,2021,10.1016/j.reth.2021.05.003,PMC8220312,not_found,A study on the clinical application of greater omental pedicle flap transplantation to correct anterior resection syndrome in patients with low rectal cancer.
b5,34215310,2021,10.1186/s13017-021-00378-9,PMC8254305,pending,"Multidisciplinary management of elderly patients with rectal cancer: recommendations from the SICG (Italian Society of Geriatric Surgery), SIFIPAC (Italian Society of Surgical Pathophysiology), SICE (Italian Society of Endoscopic Surgery and new technologies), and the WSES (World Society of Emergency Surgery) International Consensus Project."
b5,34211077,2021,10.1038/s41598-021-93160-5,PMC8249635,not_found,Time-frequency time-space long short-term memory networks for image classification of histopathological tissue.
b5,34202891,2021,10.3390/cancers13133166,PMC8269103,pending,High-Risk Clinicopathological and Genetic Features and Outcomes in Patients Receiving Neoadjuvant Radiochemotherapy for Locally Advanced Rectal Cancer.
b5,34192475,2021,10.1259/bjr.20201139,PMC8764912,not_found,"A first radiotherapy application of functional bulboclitoris anatomy, a novel female sexual organ-at-risk, and organ-sparing feasibility study."
b5,34184127,2021,10.1007/s00384-021-03986-8,PMC8426255,pending,Apparent diffusion coefficient cannot discriminate metastatic and non-metastatic lymph nodes in rectal cancer: a meta-analysis.
b5,34174109,2021,10.1111/his.14438,PMC8845517,pending,Stromal composition predicts recurrence of early rectal cancer after local excision.
b5,34163249,2021,10.2147/CMAR.S313113,PMC8214524,pending,Nomogram to Predict Distant Metastasis Probability for Pathological Complete Response Rectal Cancer Patients After Neoadjuvant Chemoradiotherapy.
b5,34162410,2021,10.1186/s13014-021-01837-y,PMC8220801,not_found,The dosimetric impact of deep learning-based auto-segmentation of organs at risk on nasopharyngeal and rectal cancer.
b5,34157487,2021,10.1016/j.ebiom.2021.103442,PMC8237293,pending,Deep learning radiomics-based prediction of distant metastasis in patients with locally advanced rectal cancer after neoadjuvant chemoradiotherapy: A multicentre study.
b5,34155222,2021,10.1038/s41598-021-92118-x,PMC8217562,not_found,Prognostic value of metabolic parameters on (18)F-fluorodeoxyglucose positron tomography/computed tomography in classical rectal adenocarcinoma.
b5,34136391,2021,10.3389/fonc.2021.655325,PMC8201514,not_found,MV CBCT-Based Synthetic CT Generation Using a Deep Learning Method for Rectal Cancer Adaptive Radiotherapy.
b5,34132075,2021,10.3348/kjr.2020.1403,PMC8390818,not_found,How to Combine Diffusion-Weighted and T2-Weighted Imaging for MRI Assessment of Pathologic Complete Response to Neoadjuvant Chemoradiotherapy in Patients with Rectal Cancer?
b5,34109120,2021,10.3389/fonc.2021.670156,PMC8180870,not_found,Quantitative T2*-Weighted Imaging and Reduced Field-of-View Diffusion-Weighted Imaging of Rectal Cancer: Correlation of R2* and Apparent Diffusion Coefficient With Histopathological Prognostic Factors.
b5,34098631,2021,10.3393/ac.2021.03.15,PMC8566143,not_found,The Effect of Anastomotic Leakage on the Incidence and Severity of Low Anterior Resection Syndrome in Patients Undergoing Proctectomy: A Propensity Score Matching Analysis.
b5,34093918,2021,10.5114/pjr.2021.105607,PMC8147714,pending,Single-centre evaluation and staging of rectal carcinoma on a 3-Tesla magnetic resonance imaging and correlation with histological profile.
b5,34081158,2021,10.1007/s00261-021-03137-1,PMC8435521,not_found,A radiomics-based nomogram for preoperative T staging prediction of rectal cancer.
b5,34079725,2021,10.21037/qims-20-1049,PMC8107309,pending,A magnetic resonance imaging (MRI)-based nomogram for predicting lymph node metastasis in rectal cancer: a node-for-node comparative study of MRI and histopathology.
b5,34079717,2021,10.21037/qims-20-525,PMC8107313,not_found,Deep transfer learning based on magnetic resonance imaging can improve the diagnosis of lymph node metastasis in patients with rectal cancer.
b5,34075899,2021,10.1097/CM9.0000000000001483,PMC8183759,pending,Chinese guideline for the application of rectal cancer staging recognition systems based on artificial intelligence platforms (2021 edition).
b5,34057809,2021,10.1111/codi.15764,PMC8518052,pending,The importance of rectal contrast in CT assessment to detect anastomotic leakage after colorectal surgery.
b5,34041033,2021,10.3389/fonc.2021.671354,PMC8141802,not_found,Radiomics Based on T2-Weighted Imaging and Apparent Diffusion Coefficient Images for Preoperative Evaluation of Lymph Node Metastasis in Rectal Cancer Patients.
b5,34039436,2021,10.1186/s40644-021-00408-4,PMC8157664,pending,High resolution MRI-based radiomic nomogram in predicting perineural invasion in rectal cancer.
b5,34030644,2021,10.1186/s12876-021-01821-6,PMC8142474,pending,Endoscopic mucosal resection: still a reliable therapeutic option for gastrointestinal neuroendocrine tumors.
b5,34026605,2021,10.3389/fonc.2021.614052,PMC8138318,pending,MRI Radiomics Signature as a Potential Biomarker for Predicting KRAS Status in Locally Advanced Rectal Cancer Patients.
b5,34025732,2021,10.5114/jcb.2021.103582,PMC8117706,pending,Dosimetric comparison of computed tomography-guided iodine-125 seed implantation assisted with and without three-dimensional printing non-coplanar template in locally recurrent rectal cancer: a propensity score matching study.
b5,34003118,2021,10.5152/dir.2021.19677,PMC8136527,pending,Radiomics signature as a new biomarker for preoperative prediction of neoadjuvant chemoradiotherapy response in locally advanced rectal cancer.
b5,33976755,2021,10.1155/2021/6668885,PMC8087471,not_found,Nursing of Gastrointestinal Peristalsis Function Recovery after Abdominal Mirror Surgery for Rectal Cancer Patients Based on Intelligent Electronic Medicine.
b5,33963688,2021,10.1002/cam4.3957,PMC8209621,not_found,Development and validation of MRI-based deep learning models for prediction of microsatellite instability in rectal cancer.
b5,33948299,2021,10.5603/RPOR.a2021.0004,PMC8086711,pending,Pretreatment CT and PET radiomics predicting rectal cancer patients in response to neoadjuvant chemoradiotherapy.
b5,33941817,2021,10.1038/s41598-021-88831-2,PMC8093213,not_found,Preoperative prediction of perineural invasion with multi-modality radiomics in rectal cancer.
b5,33937558,2021,10.23922/jarc.2020-084,PMC8084536,pending,Identification of Patients with Locally Advanced Rectal Cancer in Whom Preoperative Radiotherapy Can Be Omitted: A Multicenter Retrospective Study at Yokohama Clinical Oncology Group (YCOG1307).
b5,33936322,2021,10.1155/2021/5565902,PMC8055408,pending,Application of Field-of-View Optimized and Constrained Undistorted Single Shot (FOCUS) with Intravoxel Incoherent Motion (IVIM) in 3T in Locally Advanced Rectal Cancer.
b5,33927293,2021,10.1038/s41598-021-88790-8,PMC8085046,pending,Comparison of natural orifice specimen extraction surgery and conventional laparoscopic-assisted resection in the treatment effects of low rectal cancer.
b5,33925250,2021,10.3390/cancers13092135,PMC8125446,pending,Structured Reporting of Rectal Cancer Staging and Restaging: A Consensus Proposal.
b5,33924854,2021,10.3390/diagnostics11050795,PMC8146691,pending,The Heterogeneity of Skewness in T2W-Based Radiomics Predicts the Response to Neoadjuvant Chemoradiotherapy in Locally Advanced Rectal Cancer.
b5,33898901,2021,10.1016/j.vgie.2020.12.001,PMC8058509,pending,Endoscopic submucosal dissection of early-stage rectal cancer using full-time red dichromatic imaging to minimize and avoid significant bleeding.
b5,33888074,2021,10.1186/s12885-021-08187-8,PMC8063376,pending,Patterns of pathologic lymph nodes in anal cancer: a PET-CT-based analysis with implications for radiotherapy treatment volumes.
b5,33882087,2021,10.1371/journal.pone.0249433,PMC8059798,not_found,T-staging of rectal cancer: Utility of single-shot turbo spin-echo diffusion-weighted imaging with T2-weighted images and fusion images.
b5,33849560,2021,10.1186/s12957-021-02222-5,PMC8045315,pending,Discrepancy between surgeon and radiological assessment of ligation level of the inferior mesenteric artery in patients operated for rectal cancer-impacting registry-based research and surgical practice.
b5,33842316,2021,10.3389/fonc.2021.610338,PMC8033032,not_found,Machine Learning-Based Radiomics Nomogram for Detecting Extramural Venous Invasion in Rectal Cancer.
b5,33838677,2021,10.1186/s12893-021-01191-6,PMC8035779,not_found,ICG fluorescence imaging in colorectal surgery: a snapshot from the ICRAL study group.
b5,33837843,2021,10.1007/s00259-021-05318-y,PMC8712298,pending,FDG-PET/CT in colorectal cancer: potential for vascular-metabolic imaging to provide markers of prognosis.
b5,33833581,2021,10.2147/CMAR.S298907,PMC8021267,pending,Histogram Analysis of Diffusion-Weighted Magnetic Resonance Imaging as a Biomarker to Predict Lymph Node Metastasis in T3 Stage Rectal Carcinoma.
b5,33825830,2021,10.1042/BSR20204136,PMC8062955,not_found,Association analysis of miRNA-related genetic polymorphisms in miR-143/145 and KRAS with colorectal cancer susceptibility and survival.
b5,33799475,2021,10.3390/diagnostics11030516,PMC8002064,pending,"CEA, EpCAM, αvβ6 and uPAR Expression in Rectal Cancer Patients with a Pathological Complete Response after Neoadjuvant Therapy."
b5,33797468,2021,10.1097/CM9.0000000000001401,PMC8104246,not_found,Establishment and clinical application value of an automatic diagnosis platform for rectal cancer T-staging based on a deep neural network.
b5,33786121,2021,10.5114/wiitm.2020.100880,PMC7991955,pending,Psoas density - an optimal sarcopaenic indicator associated with postoperative complications after colorectal resection for cancer?
b5,33779742,2021,10.1001/jamanetworkopen.2021.3304,PMC8008289,not_found,Assessment of Simulated SARS-CoV-2 Infection and Mortality Risk Associated With Radiation Therapy Among Patients in 8 Randomized Clinical Trials.
b5,33763362,2021,10.3389/fonc.2021.626626,PMC7982570,not_found,Establishment and Clinical Application of an Artificial Intelligence Diagnostic Platform for Identifying Rectal Cancer Tumor Budding.
b5,33759582,2021,10.1148/radiol.2021210261,PMC8103911,not_found,High-Precision Assessment of Chemoradiotherapy of Rectal Cancer with Near-Infrared Photoacoustic Microscopy and Deep Learning.
b5,33747528,2021,10.1093/gastro/goaa083,PMC7962745,not_found,Transanal vs laparoscopic total mesorectal excision for rectal cancer: a multicenter randomized phase III clinical trial (TaLaR trial) protocol.
b5,33742231,2021,10.1007/s00268-021-06062-y,PMC8516158,pending,Patient Acceptance of Routine Serial Postoperative Endoscopy Following Low Anterior Resection (LAR) and Its Ability to Detect Biomarkers in Anastomotic Lavage Fluid.
b5,33742219,2021,10.1007/s00261-021-03012-z,PMC9318350,pending,Correction to: Bone lesions on baseline staging rectal MRI: prevalence and significance in patients with rectal adenocarcinoma.
b5,33710416,2021,10.1007/s00432-021-03570-1,PMC8484095,pending,Vascular calcification and response to neoadjuvant therapy in locally advanced rectal cancer: an exploratory study.
b5,33708844,2021,10.21037/atm-20-4040,PMC7940951,not_found,Preliminary results of simultaneous integrated boost intensity-modulated radiation therapy based neoadjuvant chemoradiotherapy on locally advanced rectal cancer with clinically suspected positive lateral pelvic lymph nodes.
b5,33686457,2021,10.1007/s00259-021-05193-7,PMC8426298,pending,(18)F FDG PET/MRI with hepatocyte-specific contrast agent for M staging of rectal cancer: a primary economic evaluation.
b5,33686147,2021,10.1038/s41598-021-84816-3,PMC7940398,pending,MRI-based clinical-radiomics model predicts tumor response before treatment in locally advanced rectal cancer.
b5,33616737,2021,10.1007/s00384-021-03887-w,PMC8279988,pending,The middle rectal artery detected by contrast-enhanced magnetic resonance imaging predicts lateral lymph node metastasis in lower rectal cancer.
b5,33616168,2021,10.1093/jrr/rraa144,PMC8127672,pending,The dosimetry evaluation of 3D printing non-coplanar template-assisted CT-guided 125I seed stereotactic ablation brachytherapy for pelvic recurrent rectal cancer after external beam radiotherapy.
b5,33593304,2021,10.1186/s12880-021-00560-0,PMC7885409,pending,Evaluating treatment response to neoadjuvant chemoradiotherapy in rectal cancer using various MRI-based radiomics models.
b5,33591799,2021,10.1259/bjr.20201221,PMC8010537,pending,MRI-defined high-risk rectal cancer patients: outcome comparison between neoadjuvant chemoradiotherapy plus TME and TME plus adjuvant chemotherapy or TME alone.
b5,33569436,2021,10.21037/atm-20-7673,PMC7867944,not_found,Development and validation of magnetic resonance imaging-based radiomics models for preoperative prediction of microsatellite instability in rectal cancer.
b5,33542427,2021,10.1038/s41598-021-82749-5,PMC7862493,pending,Evaluation of dose-volume histogram prediction for organ-at risk and planning target volume based on machine learning.
b5,33533932,2021,10.1001/jamanetworkopen.2020.36330,PMC7859847,not_found,Association of Transanal Total Mesorectal Excision With Local Recurrence of Rectal Cancer.
b5,33517562,2021,10.1007/s12149-021-01580-0,PMC7902586,pending,[18F]FDG PET/MRI in rectal cancer.
b5,33481641,2021,10.1259/bjr.20200931,PMC8010550,pending,Sexual organ-sparing with hydrogel spacer injections for rectal cancer radiotherapy: a feasibility pilot study.
b5,33472660,2021,10.1186/s13014-020-01738-6,PMC7819172,pending,Apparent diffusion coefficient for the prediction of tumor response to neoadjuvant chemo-radiotherapy in locally advanced rectal cancer.
b5,33468176,2021,10.1186/s13014-021-01746-0,PMC7816381,pending,The watch-and-wait strategy versus surgical resection for rectal cancer patients with a clinical complete response after neoadjuvant chemoradiotherapy.
b5,33466369,2021,10.3390/diagnostics11010073,PMC7824834,not_found,The Feasibility of Patient-Specific Circulating Tumor DNA Monitoring throughout Multi-Modality Therapy for Locally Advanced Esophageal and Rectal Cancer: A Potential Biomarker for Early Detection of Subclinical Disease.
b5,33436026,2021,10.1186/s13014-020-01741-x,PMC7805032,not_found,Clinical predictors of pathological good response in locally advanced rectal cancer.
b5,33430884,2021,10.1186/s12957-020-02118-w,PMC7802280,pending,Prognostic significance of enlarged paraaortic lymph nodes detected during left-sided colorectal cancer surgery: a single-center retrospective cohort study.
b5,33423883,2021,10.1016/j.clon.2020.12.011,PMC7985673,not_found,Intensity-modulated Radiotherapy for Rectal Cancer in the UK in 2020.
b5,33420827,2021,10.1007/s00595-020-02211-3,PMC8215037,not_found,MRI pelvimetry-based evaluation of surgical difficulty in laparoscopic total mesorectal excision after neoadjuvant chemoradiation for male rectal cancer.
b5,33336086,2021,10.1016/j.ctro.2020.11.016,PMC7732969,pending,1.5 T MR-linac planning study to compare two different strategies of rectal boost irradiation.
b5,33264638,2021,10.1016/j.radonc.2020.11.027,PMC8050018,not_found,"Multicentre, deep learning, synthetic-CT generation for ano-rectal MR-only radiotherapy treatment planning."
b5,33263225,2021,10.1002/cam4.3628,PMC7877354,pending,Prediction of the World Health Organization Grade of rectal neuroendocrine tumors based on CT histogram analysis.
b5,33230658,2021,10.1007/s00384-020-03802-9,PMC8026460,pending,3D pelvimetry and biometric measurements: a surgical perspective for colorectal resections.
b5,33184703,2021,10.1007/s00384-020-03796-4,PMC7661177,pending,Bioaerosols during transanal minimally invasive surgery.
b5,33174810,2021,10.1148/radiol.2020203975,PMC7771988,not_found,Submucosal Enhancing Stripe: An Important Contrast-enhanced MRI Feature for Staging of Rectal Cancers.
b5,33156126,2021,10.1097/RLI.0000000000000741,PMC7722468,pending,The Role of Magnetic Resonance Imaging in (Future) Cancer Staging: Note the Nodes.
b5,32926212,2021,10.1007/s00261-020-02718-w,PMC7946648,not_found,Does microenema administration improve the quality of DWI sequences in rectal MRI?
b5,32462386,2021,10.1007/s00261-020-02594-4,PMC7864832,pending,3.0 T MRI IVIM-DWI for predicting the efficacy of neoadjuvant chemoradiation for locally advanced rectal cancer.
b5,33680919,2020,10.3389/fonc.2020.585767,PMC7930475,pending,Multiregional-Based Magnetic Resonance Imaging Radiomics Combined With Clinical Data Improves Efficacy in Predicting Lymph Node Metastasis of Rectal Cancer.
b5,33643920,2020,10.3389/fonc.2020.625459,PMC7907590,not_found,Which Definition of Upper Rectal Cancer Is Optimal in Selecting Stage II or III Rectal Cancer Patients to Avoid Postoperative Adjuvant Radiation?
b5,33628729,2020,10.3389/fonc.2020.594182,PMC7899045,not_found,Artificial Intelligence in Decision-Making for Colorectal Cancer Treatment Strategy: An Observational Study of Implementing Watson for Oncology in a 250-Case Cohort.
b5,33614500,2020,10.3389/fonc.2020.616721,PMC7886996,pending,An Artificial Intelligence-Based Full-Process Solution for Radiotherapy: A Proof of Concept Study on Rectal Cancer.
b5,33552943,2020,10.3389/fonc.2020.540096,PMC7859443,pending,Long-Term Outcomes and Prognostic Analysis of Computed Tomography-Guided Radioactive (125)I Seed Implantation for Locally Recurrent Rectal Cancer After External Beam Radiotherapy or Surgery.
b5,33537238,2020,10.3389/fonc.2020.609313,PMC7848147,pending,Role of Preoperative Chemoradiotherapy in Clinical Stage II/III Rectal Cancer Patients Undergoing Total Mesorectal Excision: A Retrospective Propensity Score Analysis.
b5,33379270,2020,10.3390/jcm10010072,PMC7795301,not_found,Initial Experience with the Safe Implementation of Transanal Total Mesorectal Excision (TaTME) as a Standardized Procedure for Low Rectal Cancer.
b5,33344243,2020,10.3389/fonc.2020.595012,PMC7744725,pending,Delta Radiomics Can Predict Distant Metastasis in Locally Advanced Rectal Cancer: The Challenge to Personalize the Cure.
b5,33305090,2020,10.1016/j.adro.2020.04.016,PMC7718560,pending,MRI Radiomics for Prediction of Tumor Response and Downstaging in Rectal Cancer Patients after Preoperative Chemoradiation.
b5,33300090,2020,10.1186/s40792-020-01090-7,PMC7726059,not_found,Breast metastasis from pelvic high-grade serous adenocarcinoma: a report of two cases.
b5,33287114,2020,10.3390/cancers12123611,PMC7761666,not_found,Neoadjuvant Chemotherapy in Locally Advanced Rectal Cancer.
b5,33281411,2020,10.1007/s13193-020-01218-z,PMC7714814,pending,Can Post-Treatment MRI Features Predict Pathological Circumferential Resection Margin (pCRM) Involvement in Low Rectal Tumors.
b5,33256671,2020,10.1186/s12885-020-07613-7,PMC7706015,pending,Three-dimensional (3D) magnetic resonance volume assessment and loco-regional failure in anal cancer: early evaluation case-control study.
b5,33253194,2020,10.1371/journal.pone.0242597,PMC7704000,pending,Association of visual and quantitative heterogeneity of 18F-FDG PET images with treatment response in locally advanced rectal cancer: A feasibility study.
b5,33238384,2020,10.3390/cancers12113478,PMC7700214,pending,"Total Pelvic Exenteration, Cytoreductive Surgery, and Hyperthermic Intraperitoneal Chemotherapy for Rectal Cancer with Associate Peritoneal Metastases: Surgical Strategies to Optimize Safety."
b5,33223969,2020,10.1055/s-0040-1714238,PMC7671851,pending,"Japanese Evidences on Nerve-Preserving Lateral Pelvic Lymh Node Dissection for Rectal Cancer: Major Historical Milestones and Clinical Impact: The Past, Present and Future."
b5,33194696,2020,10.3389/fonc.2020.577653,PMC7653406,not_found,Potential of miR-21 to Predict Incomplete Response to Chemoradiotherapy in Rectal Adenocarcinoma.
b5,33194680,2020,10.3389/fonc.2020.574337,PMC7658629,pending,A Deep Learning Model to Predict the Response to Neoadjuvant Chemoradiotherapy by the Pretreatment Apparent Diffusion Coefficient Images of Locally Advanced Rectal Cancer.
b5,33194651,2020,10.3389/fonc.2020.568012,PMC7658813,pending,Gut Fecal Microbiota Transplant in a Mouse Model of Orthotopic Rectal Cancer.
b5,33194091,2020,10.4240/wjgs.v12.i10.425,PMC7642346,pending,Narrow pelvic inlet plane area and obesity as risk factors for anastomotic leakage after intersphincteric resection.
b5,33178735,2020,10.1159/000510488,PMC7590750,pending,Biology-and Location-Oriented Precision Treatment of Rectal Cancer: Present and Future.
b5,33172475,2020,10.1186/s13014-020-01695-0,PMC7656724,pending,Recent advances in (chemo-)radiation therapy for rectal cancer: a comprehensive review.
b5,33158448,2020,10.1186/s12957-020-02068-3,PMC7648421,pending,Metastasis to lateral lymph nodes with no mesenteric lymph node involvement in low rectal cancer: a retrospective case series.
b5,33154671,2020,10.2147/CMAR.S270727,PMC7608140,not_found,Diameter of Superior Rectal Vein - CT Predictor of KRAS Mutation in Rectal Carcinoma.
b5,33129352,2020,10.1186/s40644-020-00347-6,PMC7603757,pending,Rectal cancer: a methodological approach to matching PET/MRI to histopathology.
b5,33117678,2020,10.3389/fonc.2020.537532,PMC7578261,pending,Modern MR Imaging Technology in Rectal Cancer; There Is More Than Meets the Eye.
b5,33102780,2020,10.1002/jgh3.12357,PMC7578318,pending,Rectal stenosis due to solitary pelvic recurrence of hilar cholangiocarcinoma.
b5,33100931,2020,10.1155/2020/2164509,PMC7576354,pending,Preoperatively Grading Rectal Cancer with the Combination of Intravoxel Incoherent Motions Imaging and Diffusion Kurtosis Imaging.
b5,33083648,2020,10.1016/j.adro.2020.05.004,PMC7557137,not_found,Clinical Implementation of Preoperative Short-Course Pencil Beam Scanning Proton Therapy for Patients With Rectal Cancer.
b5,33080736,2020,10.1097/MD.0000000000022746,PMC7571887,pending,MR prediction of pathologic complete response and early-stage rectal cancer after neoadjuvant chemoradiation in patients with clinical T1/T2 rectal cancer for organ saving strategy.
b5,33060876,2020,10.30476/ijms.2020.72735.0,PMC7519398,pending,Prognostic Factors Affecting Short- and Long-Term Recurrence-Free Survival of Patients with Rectal Cancer using Cure Models: A Cohort Study.
b5,33059647,2020,10.1186/s12893-020-00890-w,PMC7565357,pending,IMARI: multi-Interventional program for prevention and early Management of Anastomotic leakage after low anterior resection in Rectal cancer patIents: rationale and study protocol.
b5,33033081,2020,10.1136/bmjopen-2019-035556,PMC7545626,pending,Changes in the quality of care of colorectal cancer in Estonia: a population-based high-resolution study.
b5,33033006,2020,10.1136/bmjopen-2019-033395,PMC7542933,not_found,Can extranodal tumour deposits be diagnosed on MRI? Protocol for a multicentre clinical trial (the COMET trial).
b5,33031464,2020,10.1371/journal.pone.0240397,PMC7544024,pending,Insights from a global snapshot of the change in elective colorectal practice due to the COVID-19 pandemic.
b5,33024513,2020,10.4240/wjgs.v12.i9.390,PMC7520570,pending,Predictive significance of cancer related-inflammatory markers in locally advanced rectal cancer.
b5,33014786,2020,10.3389/fonc.2020.01476,PMC7461892,pending,Texture Analysis Based on Sagittal Fat-Suppression and Transverse T2-Weighted Magnetic Resonance Imaging for Determining Local Invasion of Rectal Cancer.
b5,33011045,2020,10.1016/j.acra.2020.09.005,PMC7505648,pending,COVID-19-Associated Thromboembolic Events Causing Acute Mesenteric Ischaemia.
b5,33006704,2020,10.1186/s40792-020-00988-6,PMC7532260,not_found,Four cases of laparoscopic colectomy for sigmoid colon and rectal cancer with persistent descending mesocolon.
b5,33004026,2020,10.1186/s12885-020-07405-z,PMC7528380,pending,Simple calculation using anatomical features on pre-treatment verification CT for bladder volume estimation during radiation therapy for rectal cancer.
b5,33003615,2020,10.3390/jcm9103163,PMC7599654,pending,(18)F-FDG PET/MR versus MR Alone in Whole-Body Primary Staging and Restaging of Patients with Rectal Cancer: What Is the Benefit of PET?
b3,42604092,2026,10.1016/j.ctro.2026.101254,PMC13476737,not_found,"Total neoadjuvant therapy for rectal cancer: where are we now, where do we go?"
b3,42601975,2026,10.3389/fonc.2026.1910961,PMC13472932,not_found,Early prediction of pathological complete response in rectal cancer: a dynamic immune remodeling hypothesis during neoadjuvant treatment.
b3,42594359,2026,10.1093/bjsopen/zrag100,PMC13472491,not_found,Oncological outcomes and treatment characteristics of patients with cT3-4 mesorectal fascia positive rectal cancer operated in 2016: Dutch nationwide cohort with standardized magnetic resonance imaging re-assessment.
b3,42588609,2026,10.3390/cancers18152390,PMC13463893,not_found,Predicting Pathological Complete Response in Rectal Cancer: External Validation of Clinical Models.
b3,42583456,2026,10.1097/MS9.0000000000005222,PMC13460672,not_found,"Study on the mechanism of ""Sang-Mei Decoction"" in postoperative rectal cancer based on evaluation with a meridian assessment instrument."
b3,42582989,2026,10.1016/j.esmogo.2026.100355,PMC13459590,not_found,Reassessing the role of CEA in the treatment of rectal cancer in the era of TNT.
b3,42571219,2026,10.1177/11795549261475518,PMC13451741,not_found,Short-Course Radiotherapy Combined With CapeOx and PD-1 Inhibitor Following Local Excision in High-Risk Early Rectal Cancer: Study Protocol for a Prospective Phase II Trial (TORCH-LE).
b3,42569633,2026,10.1016/j.ctro.2026.101237,PMC13450439,not_found,Quantitative MRI T1 relaxation time as a biomarker of complete response in rectal cancer six weeks after neoadjuvant therapy: a prospective study.
b3,42564594,2026,10.7759/cureus.112190,PMC13443989,not_found,Impact of a Structured MRI Reporting Template on the Completeness of Primary Rectal Cancer Staging Reports: A Retrospective Audit.
b3,42551037,2026,10.1093/bjsopen/zrag045,PMC13436816,not_found,"Quality of life, bowel dysfunction, and long-term oncological outcomes after transanal versus laparoscopic total mesorectal excision for mid- and low- rectal cancer (Ta-LaTME study): multicentre randomized open-label trial."
b3,42539793,2026,10.23922/jarc.2025-106,PMC13424421,not_found,"Prediction of Pathological Complete Response after Chemoradiation for Locally Advanced Rectal Cancer Using Machine Learning with Clinical Features, the INTERCEPTOR Study Preliminary Model."
b3,42535226,2026,10.23922/jarc.2026-007,PMC13423477,not_found,Vaginal Estriol Tablet Therapy for Rectovaginal Fistula after Low Rectal Surgery: Endoscopic Evaluation of Efficacy and Healing Mechanism.
b3,42528735,2026,10.3389/fonc.2026.1867185,PMC13414183,not_found,Current evidence on the management of re-recurrent rectal cancer: a systematic review.
b3,42510157,2026,10.3390/diagnostics16142294,PMC13407901,not_found,Pretreatment Staging FDG PET-Derived Radiomic Score Predicts Progression-Free Survival in Locally Advanced Rectal Cancer Treated with Total Neoadjuvant Therapy.
b3,42509089,2026,10.1016/j.ebiom.2026.106397,PMC13476900,not_found,Tumour cell density quantified by artificial intelligence is associated with differential benefit from irinotecan-based chemo-radiotherapy in locally advanced rectal cancer: a post-hoc study of the phase 3 ARISTOTLE trial.
b3,42507765,2026,10.1177/15330338261473039,PMC13408062,not_found,Prognostic Factors and Radiotherapy Benefit in pT3N0M0 Rectal Cancer: A Retrospective Analysis.
b3,42506362,2026,10.3390/medsci14030393,PMC13414229,not_found,Total Neoadjuvant Therapy Versus Long-Course Chemoradiotherapy in Locally Advanced Rectal Cancer: Real-World Tumor Response and Clinical Outcomes.
b3,42500279,2026,10.3389/fonc.2026.1801287,PMC13395617,not_found,Analysis of clinicopathological features and prognosis of mesenteric versus anti-mesenteric rectal cancer: a single-center retrospective cohort study.
b3,42495710,2026,10.34133/cancomm.0041,PMC13392285,not_found,Short-Course Radiotherapy-Based Total Neoadjuvant Therapy plus Tislelizumab for Locally Advanced Rectal Cancer (Neo-STAR): Early Outcomes of a Randomized Phase II Trial.
b3,42495671,2026,10.1002/ags3.70218,PMC13393513,not_found,Diagnostic Accuracy of Size-Based Preoperative CT Assessment for Predicting Lymph Node Metastasis in Colon Cancer: A Systematic Review and Meta-Analysis.
b3,42494071,2026,10.1111/codi.70560,PMC13396530,not_found,A simple MRI/PET-derived index predicts relapse-free survival after neoadjuvant chemoradiotherapy in locally advanced rectal cancer.
b3,42490909,2026,10.3389/fonc.2026.1862322,PMC13375517,not_found,Habitat-based amide proton transfer-weighted MRI model for predicting BRAF mutation and prognostic stratification in rectal cancer.
b3,42465005,2026,10.62347/JESM9471,PMC13373570,not_found,Various machine learning prediction models for short-term postoperative prognosis of colorectal cancer based on intraoperative hypothermia.
b3,42458874,2026,10.1111/codi.70554,PMC13373332,not_found,Indocyanine green-guided robotic-assisted mesorectal lymphadenectomy for high-risk T1 rectal carcinoma: Preliminary results of a prospective cohort study (IDEAL stage 2a).
b3,42452606,2026,10.3390/jcm15135146,PMC13362831,not_found,MRI Dark-Light-Dark Sign and Node Reporting Score: An Integrated Model for Predicting Lymph Node Metastasis in Rectal Cancer.
b3,42449666,2026,10.3390/cancers18132124,PMC13359493,not_found,Plasma Sphingomyelin as a Post-Treatment Monitoring Biomarker for Pathological Response in Locally Advanced Rectal Cancer.
b3,42449570,2026,10.3390/cancers18132024,PMC13360085,not_found,Feasibility of Total Neoadjuvant Treatment Using Short-Course MRI-Guided Radiotherapy with an Integrated Boost in Locally Advanced Rectal Cancer: A Pilot Study.
b3,42446791,2026,10.1007/s10029-026-03786-5,PMC13368903,not_found,Effectiveness of prophylactic Sugarbaker mesh during laparoscopic abdominoperineal resection: a cohort study with 4-year follow-up.
b3,42434286,2026,10.21037/jgo-2026-0269,PMC13350587,not_found,Development of a multivariable prediction model for tumor response and treatment tolerance based on body composition dynamics in rectal cancer undergoing neoadjuvant chemoradiotherapy.
b3,42434230,2026,10.21037/jgo-2026-0226,PMC13350638,not_found,Deep learning model based on MRI-derived microvascular network simulation parameters for noninvasive assessment of lymphovascular invasion in rectal cancer patients.
b3,42433537,2026,10.21037/qims-2025-aw-2441,PMC13350363,not_found,Value of the DeepSeek-R1 large language model in extracting structured data from magnetic resonance imaging reports of rectal cancer and assisting in tumor staging.
b3,42422630,2026,10.7759/cureus.110470,PMC13344908,not_found,Prevention of Parastomal Hernia and the Prophylactic Mesh Debate: A Critical Appraisal of the Chimney Trial.
b3,42415860,2026,10.3389/fonc.2026.1757933,PMC13337384,not_found,Development and expert radiologist validation of a custom pipeline for simplification of oncology radiology reports using large language model.
b3,42403785,2026,10.7759/cureus.110314,PMC13333161,not_found,Indocyanine Green-Guided Lateral Pelvic Sentinel Lymph Node Mapping in Low Rectal Cancer: Toward a Selective Alternative to Systematic Sidewall Lymphadenectomy.
b3,42394497,2026,10.11817/j.issn.1672-7347.2026.250636,PMC13305691,not_found,"[Survey of radiotherapy resource allocation and service capacity in Hunan Province, 2025]."
b3,42392853,2026,10.3393/ac.2025.01067.0152,PMC13327889,not_found,From regression to machine learning: improving prediction of rectal cancer recurrence.
b3,42388096,2026,10.3348/kjr.2026.0046,PMC13333229,not_found,Magnetic Resonance Imaging After Total Neoadjuvant Therapy in Rectal Cancer: Treatment-Oriented Response Assessment and Reporting for Watch-and-Wait Management.
b3,42383069,2026,10.1016/j.ctro.2026.101216,PMC13315657,not_found,Organ preservation in rectal cancer following clinical complete response after short-course radiotherapy-based total neoadjuvant therapy.
b3,42380715,2026,10.1007/s40123-026-01418-w,PMC13424006,not_found,Retinal Vascular Features and Risk of Colorectal Cancer Incidence and Mortality: A Population-Based Cohort Study.
b3,42292396,2026,10.3389/fimmu.2026.1782231,PMC13260345,not_found,MRI-guided risk stratification for neoadjuvant immunotherapy in rectal cancer.
b3,42290893,2026,10.1016/j.ctro.2026.101191,PMC13263622,not_found,Safety and early organ preservation outcomes after dose escalation with MR-guided radiotherapy for rectal cancer (preRADAR): A phase I trial.
b3,42277750,2026,10.1186/s12885-026-16316-4,PMC13483857,not_found,Fusion of MRI-radiomics and clinical features to improve pathological T-stage prediction of rectal cancer: a multicenter study.
b3,42240684,2026,10.1007/s10151-026-03344-2,PMC13454011,not_found,Development and validation of an interpretable machine learning model for predicting postoperative complications after transanal total mesorectal excision: a multicenter study.
b3,42236830,2026,10.1038/s41598-026-55784-3,PMC13473617,not_found,Rectal smooth muscle loss as a predictor of severe postoperative complications in rectal cancer surgery.
b3,42226565,2026,10.1002/jso.70294,PMC13427125,not_found,Real‑World Experience of Circulating Tumor DNA Testing in Extended Pelvic Exenteration: A Chinese Single‑Institution Observational Study.
b3,42210090,2026,10.1186/s11658-026-00947-3,PMC13397665,not_found,KRAS(G12V/A146T) mutations are associated with nCRT resistance via enhanced DNA double-strand break repair and support a deep learning prediction framework in LARC.
b3,42192306,2026,10.1186/s10020-026-01516-2,PMC13390202,not_found,"Evolution of Gastrointestinal Inflammatory Diseases and Neoplasm Burden in Super-Elderly Populations: Integrated GBD 2023, CHARLS, and CLHLS Analyses of China and G20 Countries."
b3,42192138,2026,10.1038/s41746-026-02798-w,PMC13483952,not_found,Personalized neoadjuvant treatment regimen selection in locally advanced rectal cancer based on regimen-specific response modeling.
b3,42185305,2026,10.1038/s41467-026-73565-4,PMC13385896,not_found,Machine learning model-guided selective use of temporary diverting ileostomy in rectal cancer surgery: a randomized controlled trial.
b3,42174531,2026,10.1186/s12885-026-16175-z,PMC13349071,not_found,Radiological staging clinical decision support model for rectal cancer lymph node metastasis detection on MRI.
b3,42171757,2026,10.1007/s00384-026-05155-1,PMC13372953,not_found,Automated deep learning model for predicting pathological complete response in rectal cancer: A tool to organ-preserving strategies.
b3,42163131,2026,10.1186/s12880-026-02443-8,PMC13390417,not_found,Preoperative identification of tumor deposits in rectal cancer using a transformer-based multimodal fusion model: a multicenter retrospective study.
b3,42159837,2026,10.1186/s41747-026-00727-w,PMC13190968,not_found,Preoperative prediction of tumor budding grade in rectal cancer by combining APT histogram analysis and ADC MRI.
b3,42158835,2026,10.5114/pjr/215289,PMC13182697,not_found,Intravoxel incoherent motion diffusion-weighted imaging in the staging of rectal non-mucinous adenocarcinoma.
b3,42158315,2026,10.1016/j.phro.2026.100990,PMC13181284,not_found,In-vivo dosimetry using electronic portal imaging in online-adaptive radiotherapy for rectal cancer.
b3,42151880,2026,10.1186/s12880-026-02367-3,PMC13360884,not_found,Preoperative synthetic magnetic resonance imaging-based biomarkers for predicting tumor budding of rectal cancer.
b3,42138822,2026,10.1002/jmri.70373,PMC13466571,not_found,"Editorial for ""MRI Habitat Analysis for Preoperative Prediction of Perineural Invasion and Prognostic Stratification in Rectal Cancer""."
b3,42138820,2026,10.1002/jmri.70375,PMC13466575,not_found,MRI Habitat Analysis for Preoperative Prediction of Perineural Invasion and Prognostic Stratification in Rectal Cancer.
b3,42135422,2026,10.1038/s41698-026-01476-0,PMC13421654,not_found,Multimodal prediction for radiotherapy-induced hematologic toxicity in rectal cancer patients.
b3,42133104,2026,10.1007/s10151-026-03333-5,PMC13341835,not_found,Use of artificial intelligence in analysis of endoscopic images to detect residual disease or regrowth in rectal patients with complete clinical response to neoadjuvant chemoradiotherapy.
b3,42131461,2026,10.5603/rpor.110098,PMC13167014,not_found,Prospective study on dose escalation using intensity modulated radiotherapy (IMRT) with simultaneous integrated boost (SIB) and concurrent chemotherapy in preoperative locally advanced rectal cancer.
b3,42128940,2026,10.1007/s00384-026-05144-4,PMC13341913,not_found,Effect of prolonged interval between neoadjuvant chemoradiotherapy and surgery on pathological and oncological outcomes in locally advanced rectal cancer: a randomized controlled trial.
b3,42071008,2026,10.1038/s41392-026-02683-8,PMC13136308,not_found,"Total neoadjuvant chemotherapy combined with PD‑1 blockade and IL‑2 in MSS/pMMR locally advanced rectal cancer: short-term results of a prospective, single-arm phase II study."
b3,42065055,2026,10.32604/or.2026.075314,PMC13126397,not_found,Identify MTDH as a Key Gene of Radio-Resistance in Colorectal Cancer Based on Multi-Omics and Experimental Validation.
b3,42062990,2026,10.1186/s12885-026-16049-4,PMC13474779,not_found,Transformer-based Siamese multimodal imaging model for predicting pathological complete response after neoadjuvant chemoradiotherapy in locally advanced rectal cancer.
b3,42057017,2026,10.1186/s12957-026-04368-6,PMC13267367,not_found,Exploration of between-hospital variation and the basis for decision making in management of malignant colorectal polyps- a Danish population-based study.
b3,42023195,2026,10.1007/s13193-026-02569-9,PMC13096359,not_found,Tailoring Rectal Cancer Treatment: Total Neoadjuvant Therapy and the Shift Towards Organ Preservation.
b3,42018309,2026,10.1001/jamasurg.2026.1036,PMC13103874,not_found,Prevention of Parastomal Hernia With Funnel-Shaped Intra-Abdominal Mesh vs No Mesh for Rectal Adenocarcinoma Surgery: 3-Year Follow-Up of a Randomized Clinical Trial.
b3,41998194,2026,10.1007/s00423-026-04047-w,PMC13091882,not_found,Discrepancies between clinical and radiological assessment of complete remission of rectal cancer after neoadjuvant radiochemotherapy.
b3,41992879,2026,10.2340/ao.v65.45169,PMC13097092,not_found,Risk factors for distant recurrence in patients with rectal cancer supporting selection for total neoadjuvant therapy.
b3,41992467,2026,10.1002/ijc.70503,PMC13397155,not_found,Availability of Cancer Screening Across HIV Treatment Sites in the IeDEA Consortium.
b3,41987351,2026,10.1002/jso.70263,PMC13353141,not_found,Pelvic MRI Following Total Neoadjuvant Therapy for Rectal Cancer Poorly Predicts a Complete Clinical Response.
b3,41987267,2026,10.1186/s40644-026-01020-0,PMC13192049,not_found,Magnetic resonance imaging-based radiomics of mesorectum for predicting extramural venous invasion in patients with rectal cancer: a bi-centric study.
b3,41978391,2026,10.19723/j.issn.1671-167X.2026.02.004,PMC13077302,not_found,[Current status and future perspectives of precision treatment for locally advanced rectal cancer].
b3,41948162,2026,10.1055/a-2769-1185,PMC13053106,not_found,Can Artificial Intelligence Be Used to Predict Response in Rectal Cancer? Current Evidence and Future Possibilities.
b3,41910447,2026,10.1093/bjs/znag006,PMC13034544,not_found,"Anal high-grade squamous intraepithelial lesions: identification, classification, and management."
b3,41907627,2026,10.3389/fonc.2026.1781448,PMC13017242,not_found,"Creating pelvic exenteration services: obstacles, cultural factors, and learning experiences from the first specialized service in Saudi Arabia and the Gulf region."
b3,41880130,2026,10.1186/s13244-026-02243-2,PMC13018487,not_found,An interpretable machine learning model combining MRI-DKI habitat radiomic features and clinical biomarkers for noninvasive prediction of lymphatic metastasis in rectal cancer: a prospective study.
b3,41851526,2026,10.1007/s00330-026-12467-x,PMC13342202,not_found,Tumor deposits on MRI in rectal cancer-detection and differentiation from lymph nodes with histopathological correlation.
b3,41843889,2026,10.2196/77313,PMC12994884,not_found,Rectal Cancer Radiotherapy Response Prediction: Retrospective Study of Development of a Deep Learning-Based Radiomics Model.
b3,41841060,2026,10.7759/cureus.103505,PMC12989249,not_found,Pathological Analysis of Lateral Lymph Nodes in Patients With Advanced Rectal Cancer After Preoperative Chemoradiotherapy.
b3,41840743,2026,10.1136/bmjopen-2025-111289,PMC12993317,not_found,Microsimulation model to identify suboptimal recurrence detection in patients with colorectal cancer following the current standard of care.
b3,41815097,2026,10.1159/000550470,PMC12975277,not_found,Predictors of Recurrence after Curative Surgery for Stage I-III Rectal Adenocarcinoma: A Single-Center Retrospective Cohort Study.
b3,41802304,2026,10.3393/ac.2025.01396.0199,PMC12971177,not_found,The Korean Rectal Cancer Multidisciplinary Committee Clinical Practice Guidelines for Rectal Cancer version 2.0.
b3,41800050,2026,10.3389/fonc.2026.1760042,PMC12960087,not_found,Watch-and-Wait strategy for locally advanced rectal cancer after neoadjuvant chemoradiotherapy: a comprehensive review.
b3,41799590,2026,10.1002/ags3.70131,PMC12962017,not_found,Intraoperative Evaluation of Bladder Perfusion Using Indocyanine Green Fluorescence Imaging During Total Pelvic Exenteration After Interruption of Blood Flow From the Internal Iliac Vessels.
b3,41737205,2026,10.3389/fimmu.2026.1680500,PMC12926347,not_found,Discordance between radiological and pathological response to neoadjuvant immunotherapy in mismatch repair-deficient/microsatellite instability-high colorectal cancer: a meta-analysis.
b3,41736123,2026,10.1186/s13014-026-02806-z,PMC13036909,not_found,Segment-specific PTV margins for rectal cancer radiotherapy on the MR-Linac: characterization of rectal motion and dosimetric validation.
b3,41729601,2026,10.1177/15330338261426699,PMC12929820,not_found,The Predictive Value of Extracellular Volume Fraction Derived from Enhanced CT Combined with Systemic Immune-Inflammation Index for Tumor Budding in Rectal Cancer.
b3,41726038,2026,10.1007/s13193-025-02339-z,PMC12921059,not_found,Short-Term Surgical Outcomes of Curative Colorectal Resections from an Evolving Low-Volume Cancer Center in a Tier-2 City in India.
b3,41641421,2026,10.1007/s13193-025-02260-5,PMC12864624,not_found,Baseline Magnetic Resonance Imaging Assessment of Circumferential Resection Margin Predicts Long-term Survival in Rectal Adenocarcinoma: Experience from a Tertiary Care Center.
b3,41641412,2026,10.1007/s13193-025-02237-4,PMC12864610,not_found,Patient-Reported Outcome After Extended Total Mesorectal Excision for Locally Advanced Rectal Cancer in Male Patients.
b3,41630204,2026,10.1097/MD.0000000000044491,PMC12863895,not_found,Advantages of skeletonizing the left colic artery in low anterior resection cases related to vascularity with ICG: A systematic review.
b3,41629689,2026,10.1007/s12672-026-04412-7,PMC12957696,not_found,Construction of immune related genes predictive models of elderly rectal cancer patients based on machine learning.
b3,41627653,2026,10.1186/s43044-026-00718-7,PMC12864643,not_found,Mitral valve prosthesis endocarditis unveiling metastatic colorectal cancer as the primary infection source: a case study.
b3,41627633,2026,10.1186/s13244-025-02204-1,PMC12864629,not_found,MRI-derived radiomics for risk stratification of tumor deposits in rectal cancer: a dual-center study.
b3,41619128,2026,10.1007/s12672-026-04551-x,PMC12953819,not_found,Rectal diffuse large B-cell lymphoma misdiagnosed as bleeding cancer in an elderly patient.
b3,41618477,2026,10.1186/s40644-026-00999-w,PMC12931016,not_found,Study on predicting microsatellite instability in rectal cancer using T(2) mapping combined with ADC value.
b3,41617831,2026,10.1007/s00330-026-12341-w,PMC13212393,not_found,The predictive value of MR cytometry in histological differentiation of rectal cancer: an exploratory study.
b3,41588219,2026,10.1111/codi.70377,PMC12834856,not_found,The significance of MRI-detected lateral lymph node metastasis in rectal cancer on local recurrence and survival-A nationwide cohort study.
b3,41586954,2026,10.1186/s41747-025-00667-x,PMC12834858,not_found,Deep learning reconstruction accelerated reduced field-of-view DWI in rectal cancer: mucosa-submucosa-muscularis visualization and T staging.
b3,41572118,2026,10.1245/s10434-025-19068-w,PMC13083428,not_found,Locally Recurrent Rectal Cancer in the Lateral Compartment: Imaging Features and Association with Primary Tumour Characteristics.
b3,41562331,2026,10.1530/ERC-25-0303,PMC13138514,not_found,NANETS Guidelines for the diagnosis and management of stage I-III rectal neuroendocrine tumors.
b3,41556384,2026,10.1097/DCR.0000000000004059,PMC13127738,not_found,Laparoscopic Sacrectomy as Part of En Bloc Resection for Locally Recurrent Rectal Cancer.
b3,41555561,2026,10.1111/1754-9485.70071,PMC12954381,not_found,Diagnostic and Therapeutic Impact of FDG-PET/CT Following MRI Staging in Anal Cancer: A Systematic Review and Meta-Analysis.
b3,41554898,2026,10.1038/s41598-026-35973-w,PMC12894970,not_found,Multiparametric MRI radiomics nomogram predicts synchronous distant metastasis in rectal cancer.
b3,41488832,2026,10.1002/ags3.70066,PMC12757149,not_found,"Safety and Efficacy of Pelvic Reinforcement Procedure for Preventing Postoperative Perineal Hernia After Robotic Abdominoperineal Resection: A Single-Center, Retrospective Cohort Study."
b3,41484196,2026,10.1038/s41598-025-31068-0,PMC12800305,not_found,Integrating single-cell and bulk transcriptomes identifies B cell features associated with neoadjuvant chemoradiotherapy sensitivity in rectal cancer.
b3,41478087,2026,10.1016/j.esmoop.2025.106022,PMC12804381,not_found,Immune checkpoint blockade in locally advanced rectal cancer with deficient DNA mismatch repair: retrospective multicenter experience.
b3,41435426,2026,10.1088/2057-1976/ae308b,PMC13193058,not_found,Patient outcome prognosis for external beam radiation therapy using CBCT-based radiomics: a systematic review.
b3,41327771,2026,10.2174/0115734056399652251029204023,PMC13312386,not_found,Comparison of Radiomic Features from Different MRI Sequences for Predicting Synchronous Liver Metastases after Rectal Cancer.
b3,41236658,2026,10.1007/s00330-025-12132-9,PMC12895060,not_found,Added value and clinical impact of second-opinion subspecialist radiologist interpretations of baseline rectal MRI in patients with rectal cancer.
b3,41106380,2026,10.1016/j.ccell.2025.09.010,PMC12774452,failed,Tumor-infiltrating bacteria disrupt cancer epithelial cell interactions and induce cell-cycle arrest.
b3,41028637,2026,10.1245/s10434-025-18371-w,PMC12689810,not_found,The Prognostic Impact of Imaging Detected Tumor Deposits in Rectal Cancer: A Systematic Review and Meta-analysis.
b3,41002143,2026,10.1097/SLA.0000000000006948,PMC12695342,not_found,Molecular Residual Disease and Recurrence in Rectal Cancer Patients Undergoing Upfront Surgery: A Prospective Cohort Study.
b3,40856737,2026,10.1007/s00330-025-11967-6,PMC12548934,not_found,Mucin quantity on MRI and outcomes following total neoadjuvant therapy in patients with rectal cancer.
b3,40853592,2026,10.1007/s00330-025-11945-y,PMC12945439,not_found,Lymph nodes in MRI-based early-stage rectal cancer: can MRI accurately predict lymph node involvement?
b3,42558977,2025,10.1007/s13193-025-02484-5,PMC13438430,not_found,Feasibility and Oncological Outcomes of Sacral Resection for Locally Advanced and Recurrent Rectal Cancer : A Single Institutional Experience.
b3,41737732,2025,10.3389/fonc.2025.1643852,PMC12927481,not_found,Deep learning analysis of MRI to assess rectal cancer treatment.
b3,41561548,2025,10.3332/ecancer.2025.1988,PMC12812839,not_found,Feasibility and impact of knowledge-based automated radiotherapy treatment planning in low- and middle-income countries.
b3,41560941,2025,10.3389/fsurg.2025.1644048,PMC12812900,not_found,Left colic artery-preserving radical rectal cancer surgery: a literature review.
b3,41486912,2025,10.3393/ac.2025.00675.0096,PMC12766394,not_found,Predictors of lateral lymph node metastasis and prognostic factors in patients with low rectal cancer who underwent lateral lymph node dissection without preoperative treatment.
b3,41486906,2025,10.3393/ac.2025.01480.0211,PMC12766382,not_found,Clinical implications of radiologic criteria and prognostic factors for lateral lymph node metastasis in low rectal cancer.
b3,41480324,2025,10.3748/wjg.v31.i48.112683,PMC12754245,not_found,Artificial intelligence-assisted diagnosis of rectal neuroendocrine tumors during white-light endoscopy.
b3,41426166,2025,10.1055/s-0045-1806957,PMC12714450,not_found,Real-World Data on the Practice of Chemoradiation with Select Cohort Consolidation Chemotherapy in High-Risk Locally Advanced Rectal Cancers (SOLAR study).
b3,41419806,2025,10.1186/s12880-025-02105-1,PMC12831238,not_found,Integrative multi-region MRI radiomics and clinical nomogram for preoperative lymphovascular invasion prediction in rectal cancer: a multicenter validation.
b3,41415764,2025,10.1007/s13193-025-02244-5,PMC12708447,not_found,Development of Margin Compromise Ordinal Score (MCOS) Based on Analysis of Various Factors Associated with Margin Compromise in Patients of Carcinoma Rectum Undergoing Restorative Surgery.
b3,41395571,2025,10.1007/s13691-025-00786-7,PMC12696246,not_found,Transanal minimally invasive surgery for rectal gastrointestinal stromal tumor using articulated forceps after neoadjuvant chemotherapy with imatinib mesylate.
b3,41393246,2025,10.1590/0100-3984.2025.58.e8-en,PMC12699977,not_found,State of the art of PET/MRI for rectal cancer assessment.
b3,41377789,2025,10.12890/2025_005967,PMC12688587,not_found,"Benign Yet Deceptive: A 19-Year-Old Male with A Rectal Mass Mimicking Carcinoma, Ultimately Diagnosed as Colitis Cystica Profunda."
b3,41323778,2025,10.7150/jca.123558,PMC12664725,not_found,Genetic association of NEAT1 gene polymorphism with the progression of colorectal cancer.
b3,41322830,2025,10.7759/cureus.95621,PMC12661097,not_found,"Comparative Accuracy of Colonoscopy, Computed Tomography (CT), and Magnetic Resonance Imaging (MRI) for the Preoperative Localization of Colorectal Cancer: A Prospective Cohort Study."
b3,41306533,2025,10.3389/fonc.2025.1681939,PMC12643854,not_found,Deep learning based on MRI for assessing the prognostic value of lateral lymph nodes in rectal cancer.
b3,41306113,2025,10.1155/ijbi/3621023,PMC12646736,not_found,Diagnostic Efficacy and Correlation of Intravoxel Incoherent Motion (IVIM) and Contrast-Enhanced (CE) MRI Perfusion Parameters in Oncology Imaging: A Systematic Review and Meta-Analysis.
b3,41283111,2025,10.1007/s13193-024-02178-4,PMC12630506,not_found,Lymph Nodal Yield and Pattern of Spread in Carcinoma Rectum: A Study on Non-formalin Fixed Freshly Resected Surgical Specimen Dissection.
b3,41234732,2025,10.3389/fonc.2025.1692769,PMC12605424,not_found,Risk factors for parastomal hernia following abdominoperineal resection.
b3,41231265,2025,10.1007/s00384-025-05011-8,PMC12615519,not_found,International expert Delphi consensus on management of early and locally advanced rectal cancer.
b3,41228320,2025,10.3390/cancers17213529,PMC12609664,not_found,Neoadjuvant Radiochemotherapy Combined with Locoregional Hyperthermia in Locally Advanced Rectal Cancer: Feasibility and Tolerance of Short-Course Versus Long-Course Radiotherapy Schedules.
b3,41221898,2025,10.1590/acb407925,PMC12600005,not_found,"Visceral fat assessment in rectal adenocarcinoma: the role of computed tomography, sagittal abdominal diameter, and waist circumference."
b3,41220945,2025,10.3389/fonc.2025.1677172,PMC12597761,not_found,Dose response test of patient-derived cancer organoids to irradiation.
b3,41208454,2025,10.1080/14796694.2025.2582211,PMC12674238,not_found,Is neoadjuvant chemoradiotherapy necessary for locally advanced rectal cancer above the anterior peritoneal reflection?
b3,41191581,2025,10.1371/journal.pone.0321819,PMC12588449,not_found,"Can neoadjuvant chemoradiotherapy be omitted in cT2N+ and cT3 mid-rectal cancer: Protocol for a prospective, observational, cohort study (CANO)."
b3,41190107,2025,10.2147/CMAR.S542654,PMC12581790,not_found,Comparative Outcomes of Neo-Adjuvant Chemo-Radiotherapy in Stage II and III Mucinous versus Non-Mucinous Rectal Adenocarcinoma: A Retrospective Study.
b3,41185075,2025,10.1186/s40644-025-00947-0,PMC12581579,not_found,Application of diffusion kurtosis imaging in differentiating T0-T1 from T2 rectal tumors.
b3,41182514,2025,10.1007/s12029-025-01342-5,PMC12583335,not_found,Predicting Tumor Regrowth in Patients Undergoing Non-Operative Management after Total Neoadjuvant Therapy.
b3,41179924,2025,10.1002/jex2.70097,PMC12575058,not_found,Dissemination of Mitochondrial DNA Variants: Looking at the 'Bigger' Picture of the Tumour Microenvironment in Rectal Cancer Patients.
b3,41178867,2025,10.4240/wjgs.v17.i10.110368,PMC12576622,not_found,From static thresholds to dynamic trends: Reassessing serum calcium in anastomotic leakage prediction.
b3,41174018,2025,10.1038/s41598-025-25181-3,PMC12579235,not_found,Endoscopic negative pressure therapy as a salvage treatment for management of post-surgical anastomotic leaks without ostomy after colorectal resection.
b3,41172472,2025,10.1590/1806-9282.20250752,PMC12571420,not_found,Dynamics of body composition in the treatment of locally advanced rectal cancer: the ımpact of adipose and muscle tissue on pathological response.
b3,41113382,2025,10.3348/jksr.2025.0094,PMC12531664,not_found,A Practical Approach to Rectal Cancer Staging with Abbreviated Liver MRI.
b3,41109990,2025,10.2340/1651-226X.2025.44028,PMC12553313,not_found,Low b-values in apparent diffusion coefficient calculations overestimate diffusion in rectal cancer.
b3,41097680,2025,10.3390/cancers17193153,PMC12523431,not_found,Immunotherapy-Induced Complete Response in dMMR Rectal Cancer-A Surgical Dilemma?
b3,41097678,2025,10.3390/cancers17193150,PMC12523370,not_found,"Sexual Dysfunction in Female Rectal and Anal Cancer Survivors: Pathophysiology, Clinical Management, and Integration into Survivorship Care."
b3,41097652,2025,10.3390/cancers17193124,PMC12523675,not_found,Can Advances in Artificial Intelligence Strengthen the Role of Intraoperative Radiotherapy in the Treatment of Cancer?
b3,41094171,2025,10.1007/s12029-025-01324-7,PMC12528186,not_found,Overcoming the Challenge: A Comprehensive Review of Neoadjuvant Treatment Resistance in Rectal Cancer.
b3,41079289,2025,10.3389/fsurg.2025.1683663,PMC12510913,not_found,Impact of preoperative indocyanine green injection on intraoperative decision-making and lymph node harvest in rectal cancer surgery.
b3,41046254,2025,10.1186/s12885-025-14903-5,PMC12495654,not_found,Variations in radiomic features of the femoral head and neck during helical tomotherapy in prostate and rectal cancer patients.
b3,41040910,2025,10.3892/ol.2025.15282,PMC12485598,not_found,Progress of MRI-based radiomics and deep learning for predicting the prognosis of locally advanced rectal cancer (Review).
b3,41040529,2025,10.3389/fonc.2025.1628281,PMC12483917,not_found,A methodology for optimizing treatment head angle arrangement for multi-angle FLASH intensity modulated radiation therapy platforms.
b3,41033282,2025,10.1016/j.esmoop.2025.105757,PMC12514508,not_found,Artificial intelligence defines spatial patterns of tumor-infiltrating lymphocytes highly associated with outcome - a pan-GI cancer study.
b3,41025278,2025,10.3857/roj.2024.00654,PMC12510746,not_found,Implications of interfractional bladder volume variations in proton beam therapy for rectal cancer.
b3,40989689,2025,10.3389/fonc.2025.1610892,PMC12450691,not_found,Development and validation of machine learning-based MRI radiomics models for preoperative lymph node staging in T3 rectal cancer.
b3,40986886,2025,10.2196/73765,PMC12456929,not_found,Predicting Lymph Node Metastasis in Rectal Cancer: Development and Validation of a Machine Learning Model Using Clinical Data.
b3,40949360,2025,10.4240/wjgs.v17.i8.101227,PMC12427073,not_found,Predicting early recurrence in resectable rectal cancer.
b3,40938454,2025,10.1007/s00384-025-04998-4,PMC12431894,not_found,Standard of practice imaging vs. PET/MR: a comparative prospective study in rectal cancer staging.
b3,40919247,2025,10.5603/rpor.106280,PMC12413216,not_found,The effectiveness of three months EGFR-CTH therapy in palliative colorectal cancer.
b3,40902440,2025,10.1016/j.ejrad.2025.112400,PMC12498383,not_found,Value of rectal MRI prior to endoscopic submucosal dissection (ESD): an exploratory study.
b3,40901315,2025,10.5306/wjco.v16.i8.107596,PMC12400217,not_found,Predictive model for sphincter preservation in lower rectal cancer.
b3,40859558,2025,10.1097/MD.0000000000043977,PMC12384797,not_found,Machine learning prediction of anastomotic leak after low anterior resection: Nationwide database analysis.
b3,40851780,2025,10.1016/j.ctro.2025.100963,PMC12368968,not_found,Microscopic intramural spread in patients with rectal cancer after neoadjuvant chemoradiation.
b3,40837773,2025,10.4251/wjgo.v17.i8.108016,PMC12362563,not_found,Correlation between baseline magnetic resonance imaging features and serum carcinoembryonic antigen levels in patients with primary rectal cancer.
b3,40837765,2025,10.4251/wjgo.v17.i8.108362,PMC12362526,not_found,Noninvasive prediction of microsatellite instability in stage II/III rectal cancer using dynamic contrast-enhanced magnetic resonance imaging radiomics.
b3,40781322,2025,10.1186/s13014-025-02706-8,PMC12335123,not_found,From standardized to individualized margins for online adaptive tumor dose escalation in rectal cancer.
b3,40778975,2025,10.1007/s00384-025-04969-9,PMC12334464,not_found,MRI-based radiomics for preoperative T-staging of rectal cancer: a retrospective analysis.
b3,40770420,2025,10.1038/s41598-025-14851-x,PMC12328823,not_found,3D spectral CT-based fusion model predicts prognosis and postoperative adjuvant chemotherapy benefit in locally advanced rectal cancer.
b3,40760425,2025,10.1186/s12885-025-14659-y,PMC12323121,not_found,Evaluation of pre-treatment F-18 FDG PET/CT according to Mandard classification in locally advanced rectal cancer patients undergoing neoadjuvant chemoradiotherapy.
b3,40759457,2025,10.1136/bmjgast-2025-001880,PMC12323515,not_found,Long-term effectiveness of allogeneic bone marrow-derived mesenchymal stromal cell therapy for complex perianal and rectovaginal fistulas in Crohn's disease: a retrospective case series.
b3,40724514,2025,10.3390/life15071011,PMC12299300,not_found,Controversies and Perspectives in the Current Management of Patients with Locally Advanced Rectal Cancer-A Systematic Review.
b3,40723272,2025,10.3390/cancers17142389,PMC12293202,not_found,Metastatic Patterns of Apical Lymph Node and Prognostic Analysis in Rectal and Sigmoid Colon Cancer-A Multicenter Retrospective Cohort Study of 2809 Cases.
b3,40723194,2025,10.3390/cancers17142310,PMC12294010,not_found,Quality of Life in Rectal Cancer Treatments: An Updated Systematic Review of Randomized Controlled Trials (2013-2023).
b3,40722549,2025,10.3390/diagnostics15141800,PMC12293966,not_found,Total Lesion Glycolysis (TLG) on 18F-FDG PET/CT as a Potential Predictor of Pathological Complete Response in Locally Advanced Rectal Cancer After Total Neoadjuvant Therapy: A Retrospective Study.
b3,40650262,2025,10.3390/ijms26136487,PMC12249626,not_found,From Mutation to Prognosis: AI-HOPE-PI3K Enables Artificial Intelligence Agent-Driven Integration of PI3K Pathway Data in Colorectal Cancer Precision Medicine.
b3,40647531,2025,10.3390/cancers17132235,PMC12248587,not_found,Artificial Intelligence and Rectal Cancer: Beyond Images.
b3,40647527,2025,10.3390/cancers17132229,PMC12249413,not_found,Narrative Review: Predictive Biomarkers of Tumor Response to Neoadjuvant Radiotherapy or Total Neoadjuvant Therapy of Locally Advanced Rectal Cancer Patients.
b3,40640480,2025,10.1245/s10434-025-17777-w,PMC12454576,not_found,Discrepancies in the Reactivity of Mesorectal versus Lateral Lymph Nodes Post-Neoadjuvant Chemoradiotherapy for Rectal Cancer: Insights from Radiological and Pathological Perspectives.
b3,40638481,2025,10.1590/1806-9282.20250301,PMC12245044,not_found,Prospective clinical cohort study on the accuracy of magnetic resonance imaging in preoperative staging for cancer of the rectum with node-by-node analysis by pathologists.
b3,40635329,2025,10.3393/ac.2024.00276.0039,PMC12569774,not_found,Effects of clinical information on the treatment decisions for good responders to neoadjuvant chemoradiotherapy among rectal cancer patients.
b3,40632350,2025,10.1007/s00423-025-03804-7,PMC12241187,not_found,Reconstruction of the perineal defect after abdominoperineal resection with vertical rectus abdominis myocutaneous (VRAM) flap versus primary direct closure - a single center retrospective cohort study.
b3,40594522,2025,10.1038/s41598-025-06712-4,PMC12219682,not_found,Diagnostic value of CT scan findings for anastomotic leakage after low anterior resection without ileostomy in rectal cancer.
b3,40589073,2025,10.1111/codi.70150,PMC12209691,not_found,Impact of rectal cancer multidisciplinary conferences on patient care plans.
b3,40584995,2025,10.1016/j.phro.2025.100792,PMC12206142,not_found,FAPI-positron emission tomography for radiotherapy in head and neck cancer: applications and future directions.
b3,40579613,2025,10.1007/s00384-025-04935-5,PMC12204897,not_found,Clinical characteristics and survival outcomes of rectal cancer patients across different mrT3 substages determined by rectal MRI.
b3,40578870,2025,10.1136/bmjopen-2024-092807,PMC12207177,not_found,"Selective neoadjuvant therapy of rectal cancer patients (SELREC): study protocol for a European randomised controlled, open, multicentre non-inferiority trial."
b3,40549424,2025,10.1097/JS9.0000000000002795,PMC12527712,not_found,Applicability of cCR assessment criteria in pMMR rectal cancer patients treated with neoadjuvant chemoradiotherapy combined with immunotherapy.
b3,40475847,2025,10.1016/j.phro.2025.100771,PMC12140033,not_found,Leveraging network uncertainty to identify regions in rectal cancer clinical target volume auto-segmentations likely requiring manual edits.
b3,40474195,2025,10.1186/s12911-025-03050-3,PMC12143085,not_found,Multitask deep learning model based on multimodal data for predicting prognosis of rectal cancer: a multicenter retrospective study.
b3,40471424,2025,10.1007/s11307-025-02021-4,PMC12405016,not_found,Long-term Local Control Following CEA-targeted Fluorescence-guided Surgery in Patients With Locally Advanced and Recurrent Rectal Cancer.
b3,40464951,2025,10.1007/s00384-025-04925-7,PMC12137536,not_found,"Correspondence for the article titled ""Predictive value of rectal MRI variables for pathological complete response in locally advanced rectal cancer following neoadjuvant chemoradiotherapy""."
b3,40463356,2025,10.3892/ol.2025.15105,PMC12130915,not_found,Prognosis and influencing factors of patients with different lymph node statuses after pathological complete response to neoadjuvant chemoradiotherapy in rectal cancer.
b3,40458716,2025,10.3389/fonc.2025.1403890,PMC12127172,not_found,Amide proton transfer-weighted imaging and T1 mapping as diagnostic tools to evaluate high-risk histopathologic phenotypes before surgery in rectal adenocarcinoma and their correlation with Ki-67 expression:a two-center study.
b3,40458366,2025,10.7759/cureus.83345,PMC12127710,not_found,"Guidance for the Management of Rectal Cancer: An Umbrella Review of Existing Guidelines Regarding Surgical Anatomy, Adjuvant Therapy, Follow-Up and Surveillance, Specific Considerations, Documentation, and Palliative Care."
b3,40449122,2025,10.1016/j.jss.2025.04.045,PMC13127459,not_found,"""Watch-and-Wait"" or ""Lost to Follow-Up""? Adherence to Nonoperative Management of Rectal Cancer."
b3,40387083,2025,10.1111/codi.70111,PMC12087270,not_found,Does socioeconomic status influence the choice of surgical technique in abdominal rectal cancer surgery?
b3,40386610,2025,10.21037/jgo-24-831,PMC12078814,not_found,Relationship between apparent diffusion coefficient values and clinicopathologic features in rectal cancer: a cross-sectional study.
b3,40381874,2025,10.1016/j.jacr.2025.05.010,PMC12551975,not_found,Disparities of Distant Metastasis Evaluation Imaging for Rectal Cancer.
b3,40381041,2025,10.1007/s00384-025-04916-8,PMC12085353,not_found,Predictors of difficulty in robotic splenic flexure mobilization during rectal cancer surgery.
b3,40379920,2025,10.1007/s00432-025-06219-5,PMC12084224,not_found,Artificial intelligence generated 3D body composition predicts dose modifications in patients undergoing neoadjuvant chemotherapy for rectal cancer.
b3,40369609,2025,10.1186/s12957-025-03843-w,PMC12076957,not_found,Machine learning prediction model of prolonged delay to loop ileostomy closure after rectal cancer surgery: a retrospective study.
b3,40356764,2025,10.3389/fonc.2025.1509207,PMC12066337,not_found,Different MRI-based radiomics machine learning models to predict CD3+ tumor-infiltrating lymphocytes in rectal cancer.
b3,40302856,2025,10.23922/jarc.2024-085,PMC12035344,not_found,Prediction of the Therapeutic Response to Neoadjuvant Chemotherapy for Rectal Cancer Using a Deep Learning Model.
b3,40293520,2025,10.1007/s00261-025-04953-5,PMC12568919,not_found,MRI radiomics prediction modelling for pathological complete response to neoadjuvant chemoradiotherapy in locally advanced rectal cancer: a systematic review and meta-analysis.
b3,40292002,2025,10.1055/s-0044-1787890,PMC12020633,not_found,Colon Cancer and Pregnancy.
b3,40291865,2025,10.4240/wjgs.v17.i4.104020,PMC12019059,not_found,Advancement of indocyanine green fluorescence imaging technology in laparoscopic surgery for rectal cancer.
b3,40291864,2025,10.4240/wjgs.v17.i4.104726,PMC12019048,not_found,Role of pelvimetry in predicting surgical outcomes and morbidity in rectal cancer surgery: A retrospective analysis.
b3,40290690,2025,10.5306/wjco.v16.i4.99801,PMC12019264,not_found,Is the use of a transanal drainage tube effective in treating anastomotic leakage for mid-low rectal cancer.
b3,40289234,2025,10.1038/s43856-025-00868-w,PMC12034819,not_found,Serum metabolite levels identify incipient metastatic progression of rectal cancer.
b3,40252124,2025,10.1007/s00432-025-06196-9,PMC12009234,not_found,Diagnostic performance of node-RADS classification for primary lymph node assessment in rectal cancer: a modality benchmarking study.
b3,40249891,2025,10.1200/GO-24-00480,PMC12023300,not_found,"Risk Model for Predicting Gaps in Surgical Oncology Care Among Patients With Stage I-III Rectal Cancer From KwaZulu-Natal, South Africa."
b3,40249104,2025,10.1093/bjr/tqaf087,PMC12659730,not_found,MRI-based radiomics nomogram to predict complete response to definitive chemoradiation in patients with anal cancer.
b3,40239065,2025,10.1177/10732748251334454,PMC12035059,not_found,Pretreatment MRI Parameters and Neutrophil-to-Lymphocyte Ratio Could Predict the Long-Term Prognosis of Locally Advanced Rectal Cancer Patients With Pathological Complete Response after Neoadjuvant Chemoradiotherapy.
b3,40235907,2025,10.4251/wjgo.v17.i4.102469,PMC11995326,not_found,Precision medicine in the prediction of metachronous liver metastasis in rectal cancer: Applications and challenges.
b3,40235892,2025,10.4251/wjgo.v17.i4.102324,PMC11995344,not_found,Radiomics and machine learning for predicting metachronous liver metastasis in rectal cancer.
b3,40230305,2025,10.3310/BTMT7049,PMC12010235,not_found,Evaluation of prognostic models to improve prediction of metastasis in patients following potentially curative treatment for primary colorectal cancer: the PROSPECT trial.
b3,40169495,2025,10.3348/kjr.2024.0767,PMC12055262,not_found,Discriminating Tumor Deposits From Metastatic Lymph Nodes in Rectal Cancer: A Pilot Study Utilizing Dynamic Contrast-Enhanced MRI.
b3,40162391,2025,10.4240/wjgs.v17.i3.100820,PMC11948132,not_found,Retrospective analysis of preoperative tumor marker levels in rectal cancer patients: Implications for diagnosis.
b3,40160674,2025,10.1016/j.sopen.2025.03.002,PMC11950755,not_found,"""Impact of regional data reporting and feedback on rectal cancer surgery quality metrics in the Surgical Care Outcomes Assessment Program (SCOAP)""."
b3,40123773,2025,10.1016/j.phro.2025.100747,PMC11926541,not_found,Efficient strategy for magnetic resonance image-guided adaptive radiotherapy of rectal cancer using a library of reference plans.
b3,40120024,2025,10.1186/s41747-025-00575-0,PMC11929653,not_found,MRI radiomic study on prediction of nonenlarged lymph node metastasis of rectal cancer: reduced field-of-view versus conventional DWI.
b3,40120019,2025,10.1186/s41747-025-00559-0,PMC11929663,not_found,Radiomics to predict tumor response to combination chemoradiotherapy in squamous cell carcinoma of the anal canal: a preliminary investigation.
b3,40104506,2025,10.3389/fonc.2025.1516855,PMC11913847,not_found,Radiation hematologic toxicity prediction in rectal cancer: a comparative radiomics-based study on CT image and dose map.
b3,40104214,2025,10.1016/j.phro.2025.100720,PMC11914820,not_found,Repeatability of rectal cancer apparent diffusion coefficient measurements on a 1.5 T MR-linac.
b3,40100473,2025,10.1007/s00384-025-04850-9,PMC11919929,not_found,"No operation after short-course radiotherapy followed by consolidation chemotherapy in locally advanced rectal cancer (NOAHS-ARC): study protocol for a prospective, phase II trial."
b3,40098743,2025,10.3389/fnut.2025.1473952,PMC11911182,not_found,Predicting 3-year all-cause mortality in rectal cancer patients based on body composition and machine learning.
b3,40095215,2025,10.1007/s10151-025-03117-3,PMC11914298,not_found,Why did we encounter a pCRM-positive specimen whose preoperative MRI indicates negative mesorectal fascia involvement in middle to low rectal cancer?
b3,40095014,2025,10.1007/s00261-025-04859-2,PMC12331793,not_found,Radiotherapy volume delineation based on MRI and (18)F-FDG-PET/MRI in locally recurrent rectal cancer.
b3,40050741,2025,10.1186/s12880-025-01610-7,PMC11887235,not_found,LoG-staging: a rectal cancer staging method with LoG operator based on maximization of mutual information.
b3,40050297,2025,10.1038/s41598-025-90191-0,PMC11885450,not_found,Prognostic model for log odds of negative lymph node in locally advanced rectal cancer via interpretable machine learning.
b3,40046530,2025,10.1002/ags3.12873,PMC11877350,not_found,"Upfront surgery, neoadjuvant chemoradiotherapy, or neoadjuvant chemotherapy for rectal cancer with lateral lymph node metastasis: A multicenter MRI and lateral lymph node dissection study."
b3,40045072,2025,10.1007/s00330-025-11463-x,PMC12350595,not_found,Enhancing the role of MRI in rectal cancer: advances from staging to prognosis prediction.
b3,40031376,2025,10.1016/j.ejrad.2025.112019,PMC12184623,not_found,"Reliability of rectal MRI radiomic features: Comparing rectal MRI radiomic features across reader expertise levels, image segmentation technique, and timing of rectal MRI in patients with locally advanced rectal cancer."
b3,40010977,2025,10.21873/invivo.13897,PMC11884458,not_found,Alteration of Apparent Diffusion Coefficient Measurements Predict Survival Outcomes During Neoadjuvant Chemoradiotherapy in Locally Advanced Rectal Cancer.
b3,40010852,2025,10.1503/cjs.012223,PMC11879369,not_found,Post-transanal endoscopic microsurgery (TEM) syndrome: a constellation of symptoms resulting from localized inflammatory changes after TEM.
b3,40004765,2025,10.3390/jcm14041234,PMC11856500,not_found,Minimally Invasive Rectal Surgery: Current Status and Future Perspectives in the Era of Digital Surgery.
b3,39963619,2025,10.7759/cureus.77604,PMC11832227,not_found,Efficacy of Neoadjuvant Short-Course Radiation Therapy Followed by Oxaliplatin-Based Chemotherapy for Locally Advanced Rectal Adenocarcinoma: A Single-Center Experience From Saudi Arabia.
b3,39960895,2025,10.1097/MD.0000000000041602,PMC11835079,not_found,"High glycemic variability serves as an independent risk factor for postoperative infection-related complications in patients undergoing radical surgery for gastric, colon, and rectal cancer."
b3,39960557,2025,10.1007/s00384-024-04801-w,PMC11832599,not_found,Predictive value of rectal MRI variables for pathological complete response in locally advanced rectal cancer following neoadjuvant chemoradiotherapy.
b3,39959143,2025,10.1055/s-0044-1788794,PMC11828646,not_found,Quantitative Dynamic Contrast-Enhanced Magnetic Resonance Imaging and Positron Emission Tomography (PET) for Distinguishing Metastatic Lymph Nodes from Nonmetastatic Among Patients with Rectal Cancer: A Systematic Review and Meta-Analysis.
b3,39958549,2025,10.4251/wjgo.v17.i2.102151,PMC11756008,not_found,"Enhancing rectal cancer liver metastasis prediction: Magnetic resonance imaging-based radiomics, bias mitigation, and regulatory considerations."
b3,39953497,2025,10.1186/s12885-025-13664-5,PMC11827370,not_found,Prognostic significance of preoperative CT-based sarcopenia in locally advanced rectal cancer: a multicenter retrospective study.
b3,39951928,2025,10.1016/j.esmoop.2024.104102,PMC11874550,not_found,"Integrating radiomics, pathomics, and biopsy-adapted immunoscore for predicting distant metastasis in locally advanced rectal cancer."
b3,39885139,2025,10.1038/s41597-024-04152-9,PMC11782544,not_found,A Rectal Cancer Surgery Dataset: Use of artificial intelligence to aid automation of error identification.
b3,39872795,2025,10.4240/wjgs.v17.i1.100232,PMC11757196,not_found,"Risk factors, monitoring, and treatment strategies for early recurrence after rectal cancer surgery."
b3,39872776,2025,10.4240/wjgs.v17.i1.101772,PMC11757192,not_found,Machine learning and deep learning to improve prevention of anastomotic leak after rectal cancer surgery.
b3,39872767,2025,10.4240/wjgs.v17.i1.100278,PMC11757176,not_found,Rectal ameboma: A new entity in the differential diagnosis of rectal cancer.
b3,39872765,2025,10.4240/wjgs.v17.i1.100910,PMC11757172,not_found,Evaluation of surgical strategy for low anterior resection syndrome using preoperative low anterior resection syndrome score in China.
b3,39867726,2025,10.1016/j.ctro.2024.100901,PMC11759539,not_found,Treatment time and learning curve analysis of 1.5 T MR-Linac workflows led by radiation oncologists or therapists.
b3,39864243,2025,10.1016/j.ejrad.2025.111937,PMC12168187,not_found,Mastering rectal cancer MRI: From foundational concepts to optimal staging.
b3,39859149,2025,10.3390/ijms26020432,PMC11764815,not_found,"Comprehensive Overview of Molecular, Imaging, and Therapeutic Challenges in Rectal Mucinous Adenocarcinoma."
b3,39858112,2025,10.3390/cancers17020330,PMC11763976,not_found,A Comprehensive Approach to Neoadjuvant Treatment of Locally Advanced Rectal Cancer.
b3,39817139,2025,10.4251/wjgo.v17.i1.96598,PMC11664605,not_found,Multiparameter magnetic resonance imaging-based radiomics model for the prediction of rectal cancer metachronous liver metastasis.
b3,39808201,2025,10.1007/s00066-024-02354-z,PMC12181125,not_found,Simultaneous integrated boost to lateral pelvic lymph nodes during chemoradiotherapy in high-risk rectal cancer.
b3,39778879,2025,10.5009/gnl240273,PMC11736321,not_found,Artificial Intelligence Models May Aid in Predicting Lymph Node Metastasis in Patients with T1 Colorectal Cancer.
b3,39496237,2025,10.1159/000541394,PMC11793087,not_found,A Territory-Wide Follow-Up of Primary and Secondary Extramammary Paget Disease of 2 Decades: Effects of Local Disease on Survival.
b3,39297948,2025,10.1007/s00330-024-11081-z,PMC11835893,not_found,Added value of histogram analysis of intravoxel incoherent motion and diffusion kurtosis imaging for the evaluation of complete response to neoadjuvant therapy in locally advanced rectal cancer.
b3,39295560,2025,10.1002/jso.27893,PMC12339013,not_found,Barriers to Offering Organ Preservation for Rectal Cancer in a Predominantly Hispanic Safety Net Hospital.
b3,39217971,2025,10.1159/000540887,PMC11731834,not_found,Significance of Gene Polymorphism and Gene Expression of BACE2 in Swedish Patients with Colorectal Cancer.
b3,39896183,2024,10.3389/fonc.2024.1470824,PMC11782148,not_found,Radiomics in rectal cancer: current status of use and advances in research.
b3,39807414,2024,10.34172/mejdd.2024.396,PMC11725019,not_found,Outcome of selective non-diverting low anterior resection after neoadjuvant chemoradiotherapy and curative surgery for proximal rectal cancer: A prospective case series.
b3,39790821,2024,10.4103/ijnm.ijnm_60_24,PMC11708798,not_found,Role of [18F]FDG-PET/CT in Evaluation of Tumor Response to Chemoradiation Therapy for Advanced Colorectal Cancer.
b3,39770899,2024,10.3390/nu16244277,PMC11678168,not_found,Assessing Quality of Life with the Novel QLQ-CAX24 Questionnaire and Body Composition Parameters in Rectal Cancer Patients: A Single-Center Prospective Study.
b3,39768239,2024,10.3390/life14121530,PMC11677041,not_found,A Machine Learning Model Based on MRI Radiomics to Predict Response to Chemoradiation Among Patients with Rectal Cancer.
b3,39759129,2024,10.3389/fonc.2024.1428583,PMC11695227,not_found,Enhancing clinical complete response assessment in rectal cancer: integrating transanal multipoint full-layer puncture biopsy criteria: a systematic review.
b3,39710706,2024,10.1007/s00384-024-04763-z,PMC11663813,not_found,"Short-term surgical outcomes of rectal adenocarcinoma surgical treatment in Latin America: a multicenter, retrospective assessment in 49 centers from 12 countries."
b3,39699826,2024,10.1186/s13244-024-01852-z,PMC11659530,not_found,The value of restriction spectrum imaging in predicting lymph node metastases in rectal cancer: a comparative study with diffusion-weighted imaging and diffusion kurtosis imaging.
b3,39698686,2024,10.21037/qims-24-907,PMC11651964,not_found,Deep learning-based reconstruction: a reliability assessment in preoperative magnetic resonance imaging for primary rectal cancer.
b3,39664184,2024,10.3389/fonc.2024.1459024,PMC11631729,not_found,Could elective nodal irradiation for locally advanced rectal cancer be omitted in the context of total neoadjuvant therapy? An analysis of the recurrence sites of rectal cancer.
b3,39606126,2024,10.7759/cureus.74592,PMC11601879,not_found,"Enhancing Precision in Rectal Cancer Care: Unravelling the Correlation Between MRI Locoregional Staging and Prognostic Factors, With Post-resection Pathology."
b3,39604448,2024,10.1038/s41598-024-80855-8,PMC11603181,not_found,Assessment of circulating tumor DNA in patients with locally advanced rectal cancer treated with neoadjuvant therapy.
b3,39598095,2024,10.3390/jcm13226951,PMC11594537,not_found,"Endoscopic Local Excision (ELE) with Knife-Assisted Resection (KAR) Techniques Followed by Adjuvant Radiotherapy and/or Chemotherapy for Invasive (T1bsm2,3/T2) Early Rectal Cancer: A Multicenter Retrospective Cohort."
b3,39594237,2024,10.3390/diagnostics14222570,PMC11592677,not_found,Rectal Cancer and Lateral Lymph Node Staging: Interobserver Agreement and Success in Predicting Locoregional Recurrence.
b3,39566088,2024,10.1093/bjs/znae302,PMC11578545,not_found,Correction to: Baseline MRI predictors of successful organ preservation in the Organ Preservation in Rectal Adenocarcinoma (OPRA) trial.
b3,39559486,2024,10.1016/j.phro.2024.100663,PMC11570970,not_found,Comparing robust proton versus online adaptive photon radiotherapy for short-course treatment of rectal cancer.
b3,39527151,2024,10.1186/s13244-024-01842-1,PMC11554996,not_found,Roles of MRI evaluation of pelvic recurrence in patients with rectal cancer.
b3,39524896,2024,10.1016/j.heliyon.2024.e38927,PMC11544045,not_found,Visualization analysis of research hotspots and trends in MRI-based artificial intelligence in rectal cancer.
b3,39517321,2024,10.3390/healthcare12212108,PMC11544860,not_found,Change in Quality of Life in Patients with Advanced Rectal Cancer Between 2010 and 2022.
b3,39512305,2024,10.1016/j.tipsro.2024.100284,PMC11541823,not_found,"On the trail of CBCT-guided adaptive rectal boost radiotherapy, does daily delineation require a radiation oncologist?"
b3,39506775,2024,10.1186/s13014-024-02540-4,PMC11539469,not_found,Dynamics of cell-free tumor DNA correlate with early MRI response during chemoradiotherapy in rectal cancer.
b3,39503190,2024,10.1002/jmrs.839,PMC11638342,not_found,Deep learning in image segmentation for cancer.
b3,39502605,2024,10.21873/cdp.10399,PMC11534043,not_found,Drainage Fluid Amylase as a Biomarker for the Detection of Anastomotic Leakage After Low Anterior Resection of Rectal Cancer: A Two-center Study.
b3,39477414,2024,10.21873/invivo.13780,PMC11535921,not_found,The Effect of Multifaceted Anastomotic Leakage Prevention via ICG and SST for Lower Rectal Anastomosis.
b3,39445020,2024,10.3389/fimmu.2024.1442733,PMC11496097,not_found,"Anti-GABAB receptor encephalitis: clinical and laboratory characteristics, imaging, treatments and prognosis."
b3,39429593,2024,10.21037/qims-24-331,PMC11485380,not_found,Prediction of Kirsten rat sarcoma (KRAS) mutation in rectal cancer with amide proton transfer-weighted magnetic resonance imaging.
b3,39427077,2024,10.1007/s10238-024-01495-w,PMC11490463,not_found,Assessing the practice of total neoadjuvant therapy for rectal cancer: an online survey among radiation oncology departments in Germany and German-speaking regions of Austria and Switzerland.
b3,39416464,2024,10.3389/fonc.2024.1464183,PMC11479860,not_found,Significance of apparent diffusion coefficient in diagnosis of rectal carcinoma.
b3,39414276,2024,10.1136/bmjopen-2023-083225,PMC11487837,not_found,"Optimised treatment of patients with enlarged lateral lymph nodes in rectal cancer: protocol of an international, multicentre, prospective registration study after extensive multidisciplinary training (LaNoReC)."
b3,39409972,2024,10.3390/cancers16193353,PMC11475605,not_found,Tumor Immune Microenvironment Biomarkers for Recurrence Prediction in Locally Advanced Rectal Cancer Patients after Neoadjuvant Chemoradiotherapy.
b3,39391230,2024,10.1016/j.tipsro.2024.100277,PMC11465212,not_found,Dealing with rectum motion during radiotherapy: How can we anticipate it?
b3,39342580,2024,10.31557/APJCP.2024.25.9.3029,PMC11700330,not_found,Role of Intravoxel Incoherent Motion and Dynamic-Contrast-Enhanced Perfusion in Response Prediction of Patients with Colorectal Cancer after Neoadjuvant Chemotherapy.
b3,39333910,2024,10.1186/s12876-024-03433-2,PMC11437677,not_found,Deep pelvis and low visceral fat mass as risk factors for neurogenic bladder after rectal cancer surgery.
b3,39333450,2024,10.1007/s00384-024-04721-9,PMC11436429,not_found,Does the initial treatment of primary tumor impact prognosis after recurrence in locally advanced rectal cancer? Results from a retrospective cohort analysis.
b3,39330757,2024,10.3390/tomography10090111,PMC11435900,not_found,Skeletal Muscle Segmentation at the Level of the Third Lumbar Vertebra (L3) in Low-Dose Computed Tomography: A Lightweight Algorithm.
b3,39330748,2024,10.3390/tomography10090102,PMC11435673,not_found,(18)F-Fluoroazomycin Arabinoside (FAZA) PET/MR as a Biomarker of Hypoxia in Rectal Cancer: A Pilot Study.
b3,39292276,2024,10.1007/s00384-024-04717-5,PMC11410998,not_found,Lateral pelvic lymph node positivity (LPLNP) score: predictive clinic-radiological model of lateral pelvic lymph node involvement in rectal cancer patients.
b3,39290702,2024,10.3389/fimmu.2024.1466226,PMC11405197,not_found,Deciphering colorectal cancer radioresistance and immune microrenvironment: unraveling the role of EIF5A through single-cell RNA sequencing and machine learning.
b3,39286771,2024,10.1016/j.phro.2024.100634,PMC11402650,not_found,Inter-fraction motion robustness in a prospective phase II trial on dose-escalated proton reirradiation for locally recurrent rectal cancer.
b3,39279945,2024,10.21037/jgo-22-961,PMC11399841,not_found,MR-linac based radiation therapy in gastrointestinal cancers: a narrative review.
b3,39279931,2024,10.21037/jgo-24-537,PMC11399866,not_found,The impact of transanal drainage tube on the incidence of anastomotic leakage and small bowel obstruction in radical surgery (Dixon) for rectal cancer: a retrospective cohort study.
b3,39264626,2024,10.1001/jamanetworkopen.2024.32927,PMC11393720,not_found,Persistent Lymph Node Metastases After Neoadjuvant Chemoradiotherapy for Rectal Cancer.
b3,39229569,2024,10.1002/ags3.12824,PMC11368511,not_found,Tailoring rectal cancer surgery: Surgical approaches and anatomical insights during deep pelvic dissection for optimal outcomes in low-lying rectal cancer.
b3,39229550,2024,10.1002/ags3.12832,PMC11368503,not_found,Identification of lateral pelvic nodes without metastasis in patients with rectal cancer treated with preoperative chemoradiotherapy or chemotherapy based on magnetic resonance imaging.
b3,39225603,2024,10.1148/radiol.232748,PMC11427875,not_found,MRI Predicts Residual Disease and Outcomes in Watch-and-Wait Patients with Rectal Cancer.
b3,39218934,2024,10.1186/s13014-024-02508-4,PMC11367860,not_found,Dose tracking assessment for magnetic resonance guided adaptive radiotherapy of rectal cancers.
b3,39202192,2024,10.3390/diagnostics14161704,PMC11353868,not_found,Micro-Computed Tomography Whole-Block Imaging Reveals Origin and Path of Rectal Cancer Tumor Deposits: A Pilot Study.
b3,39196580,2024,10.1001/jamasurg.2024.3260,PMC11359091,not_found,Parastomal Hernia Prevention Using Funnel-Shaped Intra-Abdominal Mesh Compared to No Mesh: The Chimney Randomized Clinical Trial.
b3,39195303,2024,10.3390/curroncol31080320,PMC11352987,not_found,Deciphering the Dilemma: Choosing the Optimal Total Neoadjuvant Treatment Strategy for Locally Advanced Rectal Cancer.
b3,39186173,2024,10.1186/s13244-024-01795-5,PMC11347551,not_found,Different radiomics annotation methods comparison in rectal cancer characterisation and prognosis prediction: a two-centre study.
b3,39180940,2024,10.1016/j.ejca.2024.114291,PMC11536523,not_found,Chemoradiotherapy plus induction or consolidation chemotherapy as total neoadjuvant therapy for locally advanced rectal cancer: Pooled analysis of the CAO/ARO/AIO-12 and the OPRA randomized phase 2 trials.
b3,39133330,2024,10.1007/s00464-024-11132-y,PMC11362201,not_found,Correction: An artificial intelligence-based nerve recognition model is useful as surgical support technology and as an educational tool in laparoscopic and robot-assisted rectal cancer surgery.
b3,39126876,2024,10.1016/j.clinsp.2024.100464,PMC11369368,not_found,Prognostic factors for local recurrence in patients with rectal cancer submitted to neoadjuvant chemoradiotherapy and total mesorectal excision.
b3,39120825,2024,10.1186/s13244-024-01772-y,PMC11315814,not_found,Correction: Performance of dual-layer spectrum CT virtual monoenergetic images to assess early rectal adenocarcinoma T-stage: comparison with MR.
b3,39108362,2024,10.1093/jbmrpl/ziae087,PMC11299508,not_found,Bone turnover biomarkers reflect radiation-induced bone injuries in women with non-metastatic rectal cancer.
b3,39108316,2024,10.25259/JCIS_43_2024,PMC11301790,not_found,Does computed tomography-derived volumometry and densitometry of psoas muscle really correlate with complications in rectal cancer patients after elective surgery?
b3,39103772,2024,10.1186/s12876-024-03316-6,PMC11299282,not_found,"Preoperative prediction of rectal Cancer staging combining MRI deep transfer learning, radiomics features, and clinical factors: accurate differentiation from stage T2 to T3."
b3,39102159,2024,10.1007/s10151-024-02969-5,PMC11300497,not_found,Assessing neoadjuvant therapy recommendations in 19 national and international guidelines for rectal cancer.
b3,39099685,2024,10.3389/fonc.2024.1433190,PMC11294238,not_found,"Prediction of lateral lymph node metastasis in rectal cancer patients based on MRI using clinical, deep transfer learning, radiomic, and fusion models."
b3,39046997,2024,10.1371/journal.pone.0307606,PMC11268673,pending,Unraveling the role of computed tomography derived body composition metrics on anastomotic leakages rates in rectal cancer surgery: A protocol for a systematic review and meta-analysis.
b3,39046433,2024,10.1002/cam4.7416,PMC11267980,pending,Predictive value of circulating lymphocyte subsets and inflammatory indexes for neoadjuvant chemoradiotherapy response in rectal mucinous adenocarcinoma patients: A machine learning approach.
b3,39044838,2024,10.1177/20584601241258675,PMC11265246,pending,Radiology reporting in rectal cancer using magnetic resonance imaging: Comparison of reporting completeness between different reporting styles and structure.
b3,39040451,2024,10.3389/fonc.2024.1340081,PMC11260702,pending,Quantifying societal burden of radiation-induced small bowel toxicity in patients with rectal cancer.
b3,39022292,2024,10.21037/qims-24-7,PMC11250347,pending,Multiparametric magnetic resonance imaging (MRI)-based radiomics model explained by the Shapley Additive exPlanations (SHAP) method for predicting complete response to neoadjuvant chemoradiotherapy in locally advanced rectal cancer: a multicenter retrospective study.
b3,39017760,2024,10.1007/s11547-024-01853-4,PMC11322237,pending,Delta radiomics: an updated systematic review.
b3,39017754,2024,10.1007/s00423-024-03416-7,PMC11255083,pending,Magnetic resonance imaging radiomics-based prediction of severe inflammatory response in locally advanced rectal cancer patients after neoadjuvant radiochemotherapy.
b3,39016280,2024,10.1093/bjsopen/zrae073,PMC11252850,pending,Risk factors and development of machine learning diagnostic models for lateral lymph node metastasis in rectal cancer: multicentre study.
b3,39013324,2024,10.1016/j.ebiom.2024.105228,PMC11663784,pending,Identification and validation of a machine learning model of complete response to radiation in rectal cancer reveals immune infiltrate and TGFβ as key predictors.
b3,39008436,2024,10.1371/journal.pone.0307077,PMC11249271,pending,Preliminary study of indocyanine green-guided laparoscopic lateral lymph node dissection for rectal cancer.
b3,39006757,2024,10.1016/j.phro.2024.100599,PMC11245935,pending,Individual lymph node position variation for rectal cancer patients treated with long course chemoradiotherapy.
b3,39001926,2024,10.1007/s00432-024-05876-2,PMC11246300,pending,Deep learning model based on endoscopic images predicting treatment response in locally advanced rectal cancer undergo neoadjuvant chemoradiotherapy: a multicenter study.
b3,39001350,2024,10.3390/diagnostics14131461,PMC11241612,pending,Longitudinal Risk Analysis of Second Primary Cancer after Curative Treatment in Patients with Rectal Cancer.
b3,39001253,2024,10.3390/diagnostics14131363,PMC11240799,pending,Diagnostic Benefits and Surgical Implications of Methods for Tumor Localization in Sigmoid and Rectum Tumors.
b3,38996164,2024,10.1097/MD.0000000000038860,PMC11245182,pending,Does aortic calcification really affect anastomotic leakage after rectal cancer surgery?
b3,38989415,2024,10.21037/jgo-23-1019,PMC11231861,pending,Predicting bowel function after diverting stoma closure in patients with rectal cancer.
b3,38983364,2024,10.3389/fmed.2024.1394262,PMC11231084,pending,Deep learning for MRI lesion segmentation in rectal cancer.
b3,38983331,2024,10.4240/wjgs.v16.i6.1548,PMC11230005,pending,Efficacy of laparoscopic low anterior resection for colorectal cancer patients with 3D-vascular reconstruction for left coronary artery preservation.
b3,38983318,2024,10.4240/wjgs.v16.i6.1825,PMC11230036,pending,Peritoneal fluid indocyanine green test for diagnosis of gut leakage in anastomotic leakage rats and colorectal surgery patients.
b3,38982452,2024,10.1186/s13014-024-02467-w,PMC11232325,pending,Synthetic CT generation for pelvic cases based on deep learning in multi-center datasets.
b3,38977538,2024,10.1007/s10147-024-02582-4,PMC11420390,pending,Measurement of the distance between tumor micro-foci and gross tumor in rectal cancer pathological specimens: implication on margin distance of clinical target volume treated with high-dose radiotherapy for rectal cancer.
b3,38974246,2024,10.3389/fonc.2024.1386697,PMC11224439,pending,Identification of radiologic and clinicopathologic variables associated with tumor regression pattern and distribution of cancer cells after short-course radiotherapy and consolidation chemotherapy in patients with rectal cancer.
b3,38972182,2024,10.1016/j.ejrad.2024.111601,PMC11737601,pending,Prognostic value of lateral lymph node metastasis in pretreatment MRI for rectal cancer in patients undergoing neoadjuvant chemoradiation followed by surgical resection without lateral lymph node dissection: A systemic review and meta-analysis.
b3,38956690,2024,10.1186/s13014-024-02463-0,PMC11221028,pending,Localized fine-tuning and clinical evaluation of deep-learning based auto-segmentation (DLAS) model for clinical target volume (CTV) and organs-at-risk (OAR) in rectal cancer radiotherapy.
b3,38937278,2024,10.1093/jnci/djae152,PMC11542991,pending,Watch and wait in rectal cancer patients with residual mucin on magnetic resonance imaging following neoadjuvant therapy.
b3,38935817,2024,10.1097/JS9.0000000000001239,PMC11175807,pending,Application of radiomics for preoperative prediction of lymph node metastasis in colorectal cancer: a systematic review and meta-analysis.
b3,38927993,2024,10.3390/cancers16122220,PMC11201403,pending,"Correction: Sung et al. Linear Tumor Regression of Rectal Cancer in Daily MRI during Preoperative Chemoradiotherapy: An Insight of Tumor Regression Velocity for Personalized Cancer Therapy. Cancers 2022, 14, 3749."
b3,38926205,2024,10.1007/s00384-024-04672-1,PMC11208236,pending,Analysis of tumor microenvironment alterations in partially responsive rectal cancer patients treated with neoadjuvant chemoradiotherapy.
b3,38923236,2024,10.1002/cam4.7240,PMC11196379,pending,Radiomic score for lung nodules as a prognostic biomarker in locally advanced rectal cancer patients: A bi-institutional study.
b3,38922517,2024,10.1007/s12029-024-01062-2,PMC11347459,pending,Long-Term Functional Outcome After Early vs. Late Stoma Closure in Rectal Cancer Surgery: Sub-analysis of the Multicenter FORCE Trial.
b3,38922456,2024,10.1186/s13244-024-01726-4,PMC11208366,pending,Multiparametric MRI-based radiomic model for predicting lymph node metastasis after neoadjuvant chemoradiotherapy in locally advanced rectal cancer.
b3,38911065,2024,10.1002/mco2.609,PMC11190348,pending,Magnetic resonance imaging-based radiomics analysis for prediction of treatment response to neoadjuvant chemoradiotherapy and clinical outcome in patients with locally advanced rectal cancer: A large multicentric and validated study.
b3,38902675,2024,10.1186/s12876-024-03274-z,PMC11191295,pending,Comparison of conventional MRI analysis versus MRI-based radiomics to predict the circumferential margin resection involvement of rectal cancer.
b3,38888366,2024,10.1002/cam4.7224,PMC11184646,pending,PD-1 blockade enhances the effect of targeted chemotherapy on locally advanced pMMR/MSS colorectal cancer.
b3,38882939,2024,10.1055/s-0043-1770718,PMC11178387,pending,The Role of Intraoperative Radiotherapy Treatment of Locally Advanced Rectal Cancer.
b3,38863003,2024,10.1186/s12957-024-03427-0,PMC11167753,pending,Management of internal iliac and obturator lymph nodes in mid-low rectal cancer.
b3,38862951,2024,10.1186/s12885-024-12487-0,PMC11165899,pending,Diagnostic performance of Node Reporting and Data System (Node-RADS) for assessing mesorectal lymph node in rectal cancer by CT.
b3,38858280,2024,10.1007/s00259-024-06731-9,PMC11300525,pending,Intraoperative near infrared functional imaging of rectal cancer using artificial intelligence methods - now and near future state of the art.
b3,38846296,2024,10.21037/qims-23-1463,PMC11151230,pending,Contrast-enhanced pelvic magnetic resonance imaging (MRI) for the prediction of treatment response in mucinous rectal cancer.
b3,38831328,2024,10.1186/s12957-024-03423-4,PMC11145884,pending,Fertility-sparing uterine displacement for pelvic malignancies: surgical options and radiotherapy dosimetry on a human cadaver.
b3,38822883,2024,10.1007/s00423-024-03364-2,PMC11144127,pending,Surgeon assessment of significant rectal polyps using white light endoscopy alone and in comparison to fluorescence-augmented AI lesion classification.
b3,38819440,2024,10.1002/cam4.7251,PMC11141331,pending,A dynamic nomogram for predicting pathologic complete response to neoadjuvant chemotherapy in locally advanced rectal cancer.
b3,38805357,2024,10.1093/bjsopen/zrae044,PMC11132137,pending,"Robotic, transanal, and laparoscopic total mesorectal excision for locally advanced mid/low rectal cancer: European multicentre, propensity score-matched study."
b3,38789861,2024,10.1007/s00384-024-04651-6,PMC11126485,pending,Machine learning-based response assessment in patients with rectal cancer after neoadjuvant chemoradiotherapy: radiomics analysis for assessing tumor regression grade using T2-weighted magnetic resonance images.
b3,38788679,2024,10.1093/bjsopen/zrae029,PMC11126316,pending,"Total mesorectal excision in MRI-defined low rectal cancer: multicentre study comparing oncological outcomes of robotic, laparoscopic and transanal total mesorectal excision in high-volume centres."
b3,38787988,2024,10.1097/MD.0000000000038083,PMC11124751,pending,Determining the optimal distal resection margin in rectal cancer patients by imaging of large pathological sections: An experimental study.
b3,38783014,2024,10.1038/s41598-024-62584-0,PMC11116457,pending,A combinatorial MRI sequence-based radiomics model for preoperative prediction of microsatellite instability status in rectal cancer.
b3,38778698,2024,10.1002/cam4.7225,PMC11112298,pending,The association of preoperative hematologic parameters with short-term clinical outcomes in rectal cancer: A feature importance analysis.
b3,38773384,2024,10.1186/s12880-024-01291-8,PMC11106941,pending,Diagnostic value of one-stop CT energy spectrum and perfusion for angiogenesis in colon and rectum cancer.
b3,38764830,2024,10.4251/wjgo.v16.i5.1849,PMC11099437,pending,Magnetic resonance imaging-based lymph node radiomics for predicting the metastasis of evaluable lymph nodes in rectal cancer.
b3,38764818,2024,10.4251/wjgo.v16.i5.1796,PMC11099448,pending,Diagnostic performance of dynamic contrast-enhanced magnetic resonance imaging parameters and serum tumor markers in rectal carcinoma prognosis.
b3,38764764,2024,10.3748/wjg.v30.i18.2418,PMC11099392,pending,Construction of a nomogram model to predict technical difficulty in performing laparoscopic sphincter-preserving radical resection for rectal cancer.
b3,38759125,2024,10.1200/CCI.23.00219,PMC12123765,pending,"Automated, High-Throughput Platform to Generate a High-Reliability, Comprehensive Rectal Cancer Database."
b3,38757077,2024,10.1016/j.ijpt.2024.100019,PMC11095104,pending,PTCOG Gastrointestinal Subcommittee Lower Gastrointestinal Tract Malignancies Consensus Statement.
b3,38741926,2024,10.1016/j.ctro.2024.100789,PMC11089307,pending,Impact of body composition parameters on radiation therapy compliance in locally advanced rectal cancer: A retrospective observational analysis.
b3,38741654,2024,10.1007/s13193-024-01888-z,PMC11088601,pending,Study of Comparison of Magnetic Resonance Imaging with Surgical and Pathological features in Carcinoma Rectum Patients.
b3,38741635,2024,10.1007/s13193-024-01918-w,PMC11088593,pending,Outcomes Following Treatment of Pelvic Exenteration for Rectal Cancer in a Tertiary Care Center.
b3,38741630,2024,10.1007/s13193-024-01878-1,PMC11088610,pending,Quality of Life in Locally Advanced Carcinoma Rectum Patients During Various Phases of NACRT: An Indian Perspective.
b3,38730550,2024,10.1093/bjr/tqae098,PMC11186567,pending,Machine learning in predicting pathological complete response to neoadjuvant chemoradiotherapy in rectal cancer using MRI: a systematic review and meta-analysis.
b3,38724058,2024,10.1136/bmjopen-2023-079858,PMC11086471,pending,Perfusion outcomes with near-infrared indocyanine green imaging system in laparoscopic total mesorectal excision for mid-rectal or low-rectal cancer (POSTER): a study protocol.
b3,38720830,2024,10.21037/qims-24-406,PMC11074728,pending,Higher perfusion of rectum carcinoma relative to tumor-free rectal wall: quantification by a new imaging biomarker diffusion-derived vessel density (DDVD).
b3,38717479,2024,10.1007/s00384-024-04638-3,PMC11078832,pending,Evaluating postoperative hernia incidence and risk factors following pelvic exenteration.
b3,38706833,2024,10.1016/j.adro.2024.101483,PMC11066509,pending,Evaluation of Deep Learning Clinical Target Volumes Auto-Contouring for Magnetic Resonance Imaging-Guided Online Adaptive Treatment of Rectal Cancer.
b3,38701433,2024,10.1097/DCR.0000000000003301,PMC11250092,pending,Interrater Agreement of Height Assessment by Rigid Proctoscopy/Rectoscopy for Rectal Carcinoma.
b3,38700799,2024,10.1245/s10434-024-15311-y,PMC11600550,pending,Assessing Endoscopic Response in Locally Advanced Rectal Cancer Treated with Total Neoadjuvant Therapy: Development and Validation of a Highly Accurate Convolutional Neural Network.
b3,38694706,2024,10.3389/pore.2024.1611744,PMC11061551,pending,Evaluating complete response prediction rates in locally advanced rectal cancer with different radiomics segmentation approaches.
b3,38691233,2024,10.1186/s40792-024-01894-x,PMC11063011,pending,Unanticipated pathological clearance in two cases of clinical T4b dMMR/MSI-h advanced colorectal cancer: the potential of immune checkpoint inhibitors despite positive positron-emission tomography results.
b3,38690169,2024,10.3389/fonc.2024.1353446,PMC11060749,pending,Predicting rectal cancer prognosis from histopathological images and clinical information using multi-modal deep learning.
b3,38690027,2024,10.3748/wjg.v30.i16.2233,PMC11056922,pending,Preoperative prediction of perineural invasion of rectal cancer based on a magnetic resonance imaging radiomics model: A dual-center study.
b3,38689627,2024,10.5306/wjco.v15.i4.472,PMC11056856,pending,Management of lateral pelvic lymph nodes in rectal cancer: Is it time to reach an Agreement?
b3,38688632,2024,10.21873/invivo.13570,PMC11059920,pending,High-tailored Anal Canal Radiotherapy (HIT-ART): Outcomes of a 10-Year Single Center Clinical Experience.
b3,38688457,2024,10.1093/oncolo/oyae068,PMC11299955,pending,Rational treatment options for T1/2N0M0 squamous cell carcinoma of the anal canal: a population-based study combined with external validation.
b3,38684405,2024,10.3960/jslrt.24002,PMC11303966,pending,Spontaneous regression and rare relapse after excisional biopsy in long-term observation of 31 patients with primary conjunctival lymphoma.
b3,38673565,2024,10.3390/jcm13082292,PMC11051053,pending,Early Rectal Cancer and Local Excision: A Narrative Review.
b3,38672621,2024,10.3390/cancers16081539,PMC11048284,pending,Surgical Outcomes after Radiotherapy in Rectal Cancer.
b4,38671820,2024,10.3390/bioengineering11040399,PMC11048699,pending,Precision Identification of Locally Advanced Rectal Cancer in Denoised CT Scans Using EfficientNet and Voting System Algorithms.
b4,38669916,2024,10.1016/j.clinimag.2024.110166,PMC11090716,pending,Watch & wait - Post neoadjuvant imaging for rectal cancer.
b4,38668405,2024,10.3390/tomography10040048,PMC11054900,pending,The Additional Role of F18-FDG PET/CT in Characterizing MRI-Diagnosed Tumor Deposits in Locally Advanced Rectal Cancer.
b4,38664824,2024,10.1186/s12957-024-03389-3,PMC11044303,pending,Development and validation of machine learning models and nomograms for predicting the surgical difficulty of laparoscopic resection in rectal cancer.
b4,38654675,2024,10.1002/jmrs.794,PMC11638361,pending,Improved deep learning for automatic localisation and segmentation of rectal cancer on T2-weighted MRI.
b4,38654162,2024,10.1186/s12880-024-01269-6,PMC11040747,pending,Imaging segmentation mechanism for rectal tumors using improved U-Net.
b4,38652133,2024,10.1097/JS9.0000000000001014,PMC11254249,pending,Unraveling variations and enhancing prediction of successful sphincter-preserving resection for low rectal cancer: a post hoc analysis of the multicentre LASRE randomized clinical trial.
b4,38651169,2024,10.1093/gastro/goae035,PMC11035003,pending,Texture analysis of apparent diffusion coefficient maps: can it identify nonresponse to neoadjuvant chemotherapy for additional radiation therapy in rectal cancer patients?
b4,38633094,2024,10.1364/BOE.518204,PMC11019702,pending,In-vivo assessment of a rat rectal tumor using optical-resolution photoacoustic endoscopy.
b4,38627724,2024,10.1186/s12957-024-03379-5,PMC11020791,pending,Impact of grade on workup of rectal neuroendocrine tumors: a retrospective cohort study : Grade impact on workup of rectal NETs.
b4,38619675,2024,10.1186/s40792-024-01889-8,PMC11018568,pending,Two cases of strangulated bowel obstruction due to exposed vessel and nerve after laparoscopic and robot-assisted lateral lymph node dissection (LLND) for rectal cancer.
b4,38615709,2024,10.1016/j.modpat.2024.100493,PMC11193612,pending,Scattering-Based Light-Sheet Microscopy Imaging of Human Papillomavirus-Associated Squamous Lesions of the Anal Canal: A Proof-of-Principle Study.
b4,38605419,2024,10.1186/s40959-024-00223-3,PMC11007921,pending,Cancer therapy related cardiac dysfunction as a result of Panitumumab.
b4,38594327,2024,10.1038/s41698-024-00580-3,PMC11003957,pending,Image-based consensus molecular subtyping in rectal cancer biopsies and response to neoadjuvant chemoradiotherapy.
b4,38592109,2024,10.3390/jcm13051233,PMC10931769,pending,Stereotactic Navigation-Assisted Laparoscopic Resection of Challenging Low Pelvic Tumors: A Case Series.
b4,38591098,2024,10.1002/cam4.7107,PMC11002633,pending,Switching from FOLFIRI plus cetuximab to FOLFIRI plus bevacizumab based on early tumor shrinkage in RAS wild-type metastatic colorectal cancer: A phase II trial (HYBRID).
b4,38590908,2024,10.1016/j.heliyon.2024.e28769,PMC11000007,pending,Predicting rectal cancer tumor budding grading based on MRI and CT with multimodal deep transfer learning: A dual-center study.
b4,38577473,2024,10.4251/wjgo.v16.i3.773,PMC10989393,pending,Study on sex differences and potential clinical value of three-dimensional computerized tomography pelvimetry in rectal cancer patients.
b4,38577081,2024,10.4240/wjgs.v16.i3.823,PMC10989334,pending,Reinforced tissue matrix to strengthen the abdominal wall following reversal of temporary ostomies or to treat incisional hernias.
b4,38575793,2024,10.1007/s00432-024-05662-0,PMC10995092,pending,Clinicopathological factors predict residual lymph node metastasis in locally advanced rectal cancer with ypT0-2 after neoadjuvant chemoradiotherapy.
b4,38538828,2024,10.1007/s11547-024-01811-0,PMC11088547,pending,Multi-omics staging of locally advanced rectal cancer predicts treatment response: a pilot study.
b4,38535046,2024,10.3390/diagnostics14060625,PMC10969012,pending,"Machine Learning-Based Algorithms for Enhanced Prediction of Local Recurrence and Metastasis in Low Rectal Adenocarcinoma Using Imaging, Surgical, and Pathological Data."
b4,38529385,2024,10.3389/fonc.2024.1361300,PMC10961458,pending,Prediction of pathologic complete response to neoadjuvant chemoradiation in locally advanced rectal cancer.
b4,38528760,2024,10.4274/dir.2024.232460,PMC11589510,pending,Value of perfusion parameters from golden-angle radial sparse parallel dynamic contrast-enhanced magnetic resonance imaging in predicting pathological complete response after neoadjuvant chemoradiotherapy for locally advanced rectal cancer.
b4,38528693,2024,10.3348/kjr.2023.1213,PMC10973736,pending,Interpretation of Complete Tumor Response on MRI Following Chemoradiotherapy of Rectal Cancer: Inter-Reader Agreement and Associated Factors in Multi-Center Clinical Practice.
b4,38528456,2024,10.1186/s12885-024-12111-1,PMC10962183,pending,"ROAR-A: re-optimization based Online Adaptive Radiotherapy of anal cancer, a prospective phase II trial protocol."
b4,38513282,2024,10.1093/bjsopen/zrae014,PMC10957166,pending,Nomograms integrating the collagen signature and systemic immune-inflammation index for predicting prognosis in rectal cancer patients.
b4,38506889,2024,10.1001/jamasurg.2024.0184,PMC10955353,pending,Morbidity After Mechanical Bowel Preparation and Oral Antibiotics Prior to Rectal Resection: The MOBILE2 Randomized Clinical Trial.
b4,38505156,2024,10.1097/CU9.0000000000000183,PMC10946639,pending,The challenging management of malignant ureteral obstruction: Analysis of a series of 188 cases.
b4,38498392,2024,10.1097/JS9.0000000000001335,PMC11254239,pending,Multiparametric MRI subregion radiomics for preoperative assessment of high-risk subregions in microsatellite instability of rectal cancer patients: a multicenter study.
b4,38485756,2024,10.1038/s41575-024-00900-9,PMC11588332,pending,Future direction of total neoadjuvant therapy for locally advanced rectal cancer.
b4,38463367,2024,10.4240/wjgs.v16.i2.529,PMC10921216,pending,To explore the pathogenesis of anterior resection syndrome by magnetic resonance imaging rectal defecography.
b4,38463234,2024,10.3389/fonc.2024.1301710,PMC10921553,pending,A study on the radiomic correlation between CBCT and pCT scans based on modified 3D-RUnet image segmentation.
b4,38462629,2024,10.1038/s41392-024-01762-y,PMC10925604,pending,Efficacy and safety of PD-1 blockade plus long-course chemoradiotherapy in locally advanced rectal cancer (NECTAR): a multi-center phase 2 study.
b4,38456896,2024,10.1007/s00261-024-04213-y,PMC11613965,pending,"Comparison between pelvic MRI, CT, and PET/CT in baseline staging and radiation planning of anal squamous cell carcinoma."
b4,38454930,2024,10.3389/fonc.2024.1255438,PMC10917947,pending,Prediction by a multiparametric magnetic resonance imaging-based radiomics signature model of disease-free survival in patients with rectal cancer treated by surgery.
b4,38454349,2024,10.1186/s12885-024-11997-1,PMC10919051,pending,Fully semantic segmentation for rectal cancer based on post-nCRT MRl modality and deep learning framework.
b4,38418627,2024,10.1007/s00330-024-10645-3,PMC11364724,pending,ESR Essentials: Imaging in colorectal cancer-practice recommendations by ESGAR.
b4,38414120,2024,10.3393/ac.2023.00892.0127,PMC10915525,pending,Performance reporting design in artificial intelligence studies using image-based TNM staging and prognostic parameters in rectal cancer: a systematic review.
b4,38411722,2024,10.1186/s13244-024-01625-8,PMC10899552,pending,T2WI-based MRI radiomics for the prediction of preoperative extranodal extension and prognosis in resectable rectal cancer.
b4,38406803,2024,10.3389/fonc.2024.1294440,PMC10889124,pending,An immune-related gene prognostic prediction risk model for neoadjuvant chemoradiotherapy in rectal cancer using artificial intelligence.
b4,38400314,2024,10.3390/s24041156,PMC10893370,pending,The Effectiveness of an Adaptive Method to Analyse the Transition between Tumour and Peritumour for Answering Two Clinical Questions in Cancer Imaging.
b4,38399617,2024,10.3390/medicina60020330,PMC10890266,pending,Predicting the Feasibility of Curative Resection in Low Rectal Cancer: Insights from a Prospective Observational Study on Preoperative Magnetic Resonance Imaging Accuracy.
b4,38380369,2024,10.3389/fonc.2024.1337219,PMC10878416,pending,Interpretable machine learning model to predict surgical difficulty in laparoscopic resection for rectal cancer.
b4,38363197,2024,10.1148/rycan.230077,PMC10988347,pending,Multimodality Imaging to Direct Management of Primary and Recurrent Rectal Adenocarcinoma Beyond the Total Mesorectal Excision Plane.
b4,38362400,2024,10.3348/jksr.2024.0012,PMC10864143,pending,Erratum: Diagnostic Performance of Rectal CT for Staging Rectal Cancer: Comparison with Rectal MRI and Histopathology.
b4,38353633,2024,10.1148/ryai.230152,PMC10982819,pending,Multicenter Evaluation of a Weakly Supervised Deep Learning Model for Lymph Node Diagnosis in Rectal Cancer at MRI.
b4,38352181,2024,10.1093/bjro/tzad001,PMC10860507,pending,Radiotherapy dose escalation using pre-treatment diffusion-weighted imaging in locally advanced rectal cancer: a planning study.
b4,38350888,2024,10.1186/s12885-024-11899-2,PMC10863118,pending,"Alliance for clinical trials in Oncology (Alliance) trial A022101/NRG-GI009: a pragmatic randomized phase III trial evaluating total ablative therapy for patients with limited metastatic colorectal cancer: evaluating radiation, ablation, and surgery (ERASur)."
b4,38335901,2024,10.1016/j.jss.2023.12.047,PMC10947808,pending,Development of a Predictive Nomogram for Circumferential Resection Margin in Rectal Cancer Surgery.
b4,38322665,2024,10.1177/11795549241227423,PMC10845996,pending,Risk Factors for Distant Metastasis in T3 T4 Rectal Cancer.
b4,38322600,2024,10.1055/s-0043-1761473,PMC10843878,pending,"Novel and Innovative Surgical Strategies for Recurrent Rectal Cancer: Uncommon Resections, Local Interventions for Pelvic Reoccurrence, and Intraoperative Radiation Therapy."
b4,38317597,2024,10.1002/acm2.14259,PMC11005975,pending,Automatic end-to-end VMAT treatment planning for rectal cancers.
b4,38295317,2024,10.1200/PO.23.00256,PMC10843252,pending,Baseline and Longitudinal Neutrophil-to-Lymphocyte Ratio as Prognostic Factor for Metastatic Colorectal Cancer: A Secondary Analysis of the ITACa Randomized Trial.
b4,38293722,2024,10.1002/jcsm.13424,PMC10995272,pending,Influence of skeletal muscle and intermuscular fat on postoperative complications and long-term survival in rectal cancer patients.
b4,38289485,2024,10.1007/s00384-024-04595-x,PMC10827956,pending,Findings in magnetic resonance imaging for restaging locally advanced rectal cancer.
b4,38274389,2024,10.1016/j.ctro.2023.100721,PMC10808928,pending,Quality of life and clinical outcomes in rectal cancer patients treated on a 1.5T MR-Linac within the MOMENTUM study.
b4,38272561,2024,10.1136/jitc-2023-008436,PMC10824013,pending,Biomarkers of pembrolizumab efficacy in advanced anal squamous cell carcinoma: analysis of a phase II clinical trial and a cohort of long-term responders.
b4,38270249,2024,10.14309/ctg.0000000000000681,PMC11042766,pending,Deep Learning in High-Resolution Anoscopy: Assessing the Impact of Staining and Therapeutic Manipulation on Automated Detection of Anal Cancer Precursors.
b4,38263089,2024,10.1186/s12893-024-02316-3,PMC10804464,pending,What affects the selection of diverting ileostomy in rectal cancer surgery: a single-center retrospective study.
b4,38256556,2024,10.3390/jcm13020421,PMC10816962,pending,Performance and Dimensionality of Pretreatment MRI Radiomics in Rectal Carcinoma Chemoradiotherapy Prediction.
b4,38253770,2024,10.1038/s41698-024-00516-x,PMC10803303,pending,An automated deep learning pipeline for EMVI classification and response prediction of rectal cancer using baseline MRI: a multi-centre study.
b4,38250676,2024,10.1002/ags3.12720,PMC10797815,pending,Neoadjuvant S-1 and oxaliplatin plus bevacizumab therapy for high-risk locally advanced rectal cancer: A prospective multicenter phase II study.
b4,38248122,2024,10.3390/curroncol31010037,PMC10814650,pending,Artemis as Predictive Biomarker of Responsiveness to Preoperative Chemoradiotherapy in Patients with Locally Advanced Rectal Cancer.
b4,38248112,2024,10.3390/curroncol31010027,PMC10814313,pending,"An Informative Review of Radiomics Studies on Cancer Imaging: The Main Findings, Challenges and Limitations of the Methodologies."
b4,38245891,2024,10.1007/s13304-023-01748-5,PMC10995043,pending,A nomogram for predicting lymph nodes metastasis at the inferior mesenteric artery in rectal cancer: a retrospective case-control study.
b4,38243288,2024,10.1186/s12880-024-01200-z,PMC10799446,pending,Study on the diagnostic value of MDCT extramural vascular invasion in preoperative N staging of gastric cancer patients.
b4,38241536,2024,10.1097/MD.0000000000036961,PMC10798752,pending,Can 3D radiological calculations predict operational difficulties for rectal cancer?: A single center retrospective analysis.
b4,38231409,2024,10.1007/s00423-024-03231-0,PMC10794372,pending,Impact of CT-measured sarcopenic obesity on postoperative outcomes following colon cancer surgery.
b4,38228903,2024,10.1186/s13244-023-01593-5,PMC10792143,pending,Performance of dual-layer spectrum CT virtual monoenergetic images to assess early rectal adenocarcinoma T-stage: comparison with MR.
b4,38227140,2024,10.1007/s13246-023-01369-7,PMC10963571,pending,Potential dosimetric error in the adaptive workflow of a 1.5 T MR-Linac from patient movement relative to immobilisation systems.
b4,38223741,2024,10.1016/j.heliyon.2023.e23923,PMC10787243,pending,"CT radiomics for predicting the prognosis of patients with stage II rectal cancer during the three-year period after surgery, chemotherapy and radiotherapy."
b4,38223404,2024,10.3892/mco.2023.2702,PMC10784769,pending,Treatment options for neoadjuvant strategies of esophageal squamous cell carcinoma (Review).
b4,38200410,2024,10.1186/s12885-024-11829-2,PMC10782729,pending,"Anus preservation in low rectal adenocarcinoma based on MMR/MSI status (APRAM): a study protocol for a randomised, controlled, open-label, multicentre phase III trial."
b4,38194231,2024,10.1001/jamanetworkopen.2023.50903,PMC10777257,pending,Organ Preservation and Survival by Clinical Response Grade in Patients With Rectal Cancer Treated With Total Neoadjuvant Therapy: A Secondary Analysis of the OPRA Randomized Clinical Trial.
b4,38180954,2024,10.1093/oncolo/oyad336,PMC10911913,pending,Circulating Tumor DNA to Predict Radiographic and Pathologic Response to Total Neoadjuvant Therapy in Locally Advanced Rectal Cancer.
b4,38170894,2024,10.1093/bjsopen/zrad139,PMC10763995,pending,MRI-predicted extramural vascular invasion and tumour deposit are main predictors of disease-free survival in patients undergoing surgical resection for rectal cancer.
b4,38167665,2024,10.1038/s41598-023-50966-9,PMC10762039,pending,Quantitative MRI-based radiomics analysis identifies blood flow feature associated to overall survival for rectal cancer patients.
b4,38127337,2024,10.1001/jamaoncol.2023.5444,PMC10739079,pending,Abandonment of Routine Radiotherapy for Nonlocally Advanced Rectal Cancer and Oncological Outcomes.
b4,38106864,2024,10.1055/s-0043-1774300,PMC10723970,pending,Predicting Positive Radial Margin on Restaging MRI of Patients with Low Rectal Cancer: Can We Do Better?
b4,38106857,2024,10.1055/s-0043-1772695,PMC10723953,pending,Evaluation of an Objective MRI-Based Tumor Regression Grade (mrTRG) Score and a Subjective Likert Score for Assessing Treatment Response in Locally Advanced Rectal Cancers-A Retrospective Study.
b4,38073716,2024,10.1016/j.ctro.2023.100703,PMC10701125,pending,Radiomics of skeletal muscle helps to predict gastrointestinal toxicity in locally advanced rectal cancer patients receiving neoadjuvant chemoradiotherapy.
b4,38048750,2024,10.1016/j.jss.2023.11.006,PMC11010235,pending,Incidence of Secondary Cancers After Neoadjuvant Therapy for Locally Advanced Rectal Cancer.
b4,38042958,2024,10.1038/s41416-023-02500-x,PMC10803761,pending,Stromal localization of inactive CD8(+) T cells in metastatic mismatch repair deficient colorectal cancer.
b4,38000147,2024,10.1016/j.tranon.2023.101828,PMC10709626,pending,Lipid metabolism-associated genes serve as potential predictive biomarkers in neoadjuvant chemoradiotherapy combined with immunotherapy in rectal cancer.
b4,37994445,2024,10.1097/DCR.0000000000003038,PMC11186794,pending,Prediction of Pathologic Complete Response for Rectal Cancer Based on Pretreatment Factors Using Machine Learning.
b4,37982756,2024,10.1093/jnci/djad243,PMC10995848,pending,Morphological diversity of cancer cells predicts prognosis across tumor types.
b4,37979009,2024,10.1007/s00330-023-10447-z,PMC11166750,pending,Split scar sign to predict complete response in rectal cancer after neoadjuvant chemoradiotherapy: systematic review and meta-analysis.
b4,37932600,2024,10.1007/s00464-023-10517-9,PMC10776460,pending,"Permanent stoma rate and long-term stoma complications in laparoscopic, robot-assisted, and transanal total mesorectal excisions: a retrospective cohort study."
b4,37924344,2024,10.1007/s00330-023-10340-9,PMC11126458,pending,Training and external validation of pre-treatment FDG PET-CT-based models for outcome prediction in anal squamous cell carcinoma.
b4,37922377,2024,10.1002/acm2.14193,PMC10962489,pending,Impact of attenuation correction of radiotherapy hardware for positron emission tomography-magnetic resonance in ano-rectal radiotherapy patients.
b4,37919185,2024,10.1016/j.clcc.2023.10.001,PMC10922547,pending,Effectiveness of Biologic Agents Among Hispanic Patients With Metastatic Colorectal Cancer.
b4,37820978,2024,10.1016/j.mri.2023.10.002,PMC11138874,pending,Convolutional network denoising for acceleration of multi-shot diffusion MRI.
b4,37788410,2024,10.1200/JCO.23.00586,PMC10730081,pending,International Validation of the Immunoscore Biopsy in Patients With Rectal Cancer Managed by a Watch-and-Wait Strategy.
b4,37646807,2024,10.1007/s00330-023-10167-4,PMC10873460,pending,Outcomes and potential impact of a virtual hands-on training program on MRI staging confidence and performance in rectal cancer.
b4,37429949,2024,10.1007/s00066-023-02114-5,PMC10784345,pending,Magnetic resonance imaging of anal cancer: tumor characteristics and early prediction of treatment outcome.
b4,37395934,2024,10.1007/s11764-023-01410-4,PMC11424718,pending,Quality of life and symptom burden after rectal cancer surgery: a randomised controlled trial comparing patient-led versus standard follow-up.
b4,37393447,2024,10.3233/THC-220798,PMC10977434,pending,The value of multimodality MR in T staging evaluation after neoadjuvant therapy for rectal cancer.
b4,37260270,2024,10.1097/DCR.0000000000002752,PMC10715698,pending,Prognostic Implications of Lateral Lymph Nodes in Rectal Cancer: A Population-Based Cross-sectional Study With Standardized Radiological Evaluation After Dedicated Training.
b4,41647729,2023,10.1016/j.esmogo.2023.08.012,PMC12836764,pending,Circulating tumour DNA and MRI circumferential resection margin are key prognostic indicators for survival in rectal cancer.
b4,38390532,2023,10.4103/ijnm.ijnm_69_23,PMC10880856,pending,Ureteral Stone Mimicking Metastasis - Planar Bone Scan When Single-photon Emission Computed Tomography/Computed Tomography Is a Necessity.
b4,38328435,2023,10.3389/fonc.2023.1231508,PMC10849061,pending,Construction and validation of a progression prediction model for locally advanced rectal cancer patients received neoadjuvant chemoradiotherapy followed by total mesorectal excision based on machine learning.
b4,38288161,2023,10.3389/fgene.2023.1299599,PMC10822895,pending,Methylenetetrahydrofolate reductase polymorphic variants C677T and A1298C in rectal cancer in Slavic population: significance for cancer risk and response to chemoradiotherapy.
b4,38259008,2023,10.1097/JS9.0000000000000756,PMC10720841,pending,An easy-to-use artificial intelligence preoperative lymph node metastasis predictor (LN-MASTER) in rectal cancer based on a privacy-preserving computing platform: multicenter retrospective cohort study: erratum.
b4,38202179,2023,10.3390/jcm13010172,PMC10780006,pending,Advances in MRI-Based Assessment of Rectal Cancer Post-Neoadjuvant Therapy: A Comprehensive Review.
b4,38196531,2023,10.21037/jgo-23-683,PMC10772672,pending,Prognostic value of the ratio of pretreatment carcinoembryonic antigen to tumor volume in rectal cancer.
b4,38187830,2023,10.1007/s13193-023-01831-8,PMC10767130,pending,"The ""Watch and Wait"" Method After Chemoradiotherapy for Rectal Cancer Requiring Abdominoperineal Resection."
b4,38161529,2023,10.7759/cureus.51208,PMC10756688,pending,Enhanced Recovery After Surgery (ERAS) Approach: A Medical Complex Experience.
b4,38138297,2023,10.3390/medicina59122194,PMC10744935,pending,"Prognostic Value of Tumor Volume, Tumor Volume Reduction Rate and Magnetic Resonance Tumor Regression Grade in Rectal Cancer."
b4,38138265,2023,10.3390/medicina59122162,PMC10744943,pending,The Multipurpose Usage of Diffusion-Weighted MRI in Rectal Cancer.
b4,38136361,2023,10.3390/cancers15245816,PMC10741704,pending,Radiogenomics: Contemporary Applications in the Management of Rectal Cancer.
b4,38124365,2023,10.3393/ac.2023.00080.0011,PMC10781604,pending,Impact of consolidation chemotherapy in poor responders to neoadjuvant radiation therapy: magnetic resonance imaging-based clinical-radiological correlation in high-risk rectal cancers.
b4,38117396,2023,10.1186/s13244-023-01564-w,PMC10733230,pending,Predicting tumor deposits in rectal cancer: a combined deep learning model using T2-MR imaging and clinical features.
b4,38106286,2023,10.21037/qims-23-692,PMC10722083,pending,Radiomics for predicting survival in patients with locally advanced rectal cancer: a systematic review and meta-analysis.
b4,38105894,2023,10.3389/fmed.2023.1326324,PMC10722089,pending,Deep learning models for preoperative T-stage assessment in rectal cancer using MRI: exploring the impact of rectal filling.
b4,38105891,2023,10.3389/fmed.2023.1276672,PMC10722265,pending,Deep learning-based clinical-radiomics nomogram for preoperative prediction of lymph node metastasis in patients with rectal cancer: a two-center study.
b4,38100485,2023,10.1371/journal.pone.0290141,PMC10723658,pending,Machine learning based prediction of recurrence after curative resection for rectal cancer.
b4,38097594,2023,10.1038/s41598-023-49197-9,PMC10721617,pending,Deployment and assessment of a deep learning model for real-time detection of anal precancer with high frame rate high-resolution microendoscopy.
b4,38094524,2023,10.7759/cureus.48730,PMC10718152,pending,A Comparative Study on the Quality of MRI Reporting in Primary Rectal Cancer.
b4,38081790,2023,10.3393/ac.2023.00031.0004,PMC10781607,pending,Computed tomography-assessed presarcopenia and clinical outcomes after laparoscopic surgery for rectal cancer.
b4,38075095,2023,10.1155/2023/9754194,PMC10700884,pending,Retracted: Evaluation of the Risk of Recurrence in Patients with Local Advanced Rectal Tumours by Different Radiomic Analysis Approaches.
b4,38074653,2023,10.3389/fonc.2023.1230519,PMC10704453,pending,Feasibility of delta radiomics-based pCR prediction for rectal cancer patients treated with magnetic resonance-guided adaptive radiotherapy.
b4,38074652,2023,10.3389/fonc.2023.1230698,PMC10708912,pending,Comparison of preoperative CT- and MRI-based multiparametric radiomics in the prediction of lymph node metastasis in rectal cancer.
b4,38074647,2023,10.3389/fonc.2023.1242193,PMC10699861,pending,Body composition parameters combined with blood biomarkers and magnetic resonance imaging predict responses to neoadjuvant chemoradiotherapy in locally advanced rectal cancer.
b4,38071443,2023,10.5144/0256-4947.2023.348,PMC11182431,pending,Transanal minimally invasive surgery for benign and malignant rectal lesions: midterm outcomes from a tertiary center.
b4,38067368,2023,10.3390/cancers15235662,PMC10705093,pending,Prediction of Neoadjuvant Chemoradiotherapy Response in Rectal Cancer Patients Using Harmonized Radiomics of Multcenter (18)F-FDG-PET Image.
b4,38067239,2023,10.3390/cancers15235535,PMC10705332,pending,Clinical Tools for Rectal Cancer Response Assessment following Neoadjuvant Treatment in the Era of Organ Preservation.
b4,38049783,2023,10.1186/s12885-023-11671-y,PMC10696698,pending,Can we use a simple blood test to reduce unnecessary adverse effects from radiotherapy by timely identification of radiotherapy-resistant rectal cancers? MeD-Seq rectal study protocol.
b4,38044392,2023,10.1007/s12672-023-00824-x,PMC10694116,pending,"Resection margins, lymph node harvest and 3 year survival in open and laparoscopic colorectal cancer surgery; a prospective cohort study."
b4,38036687,2023,10.1186/s41824-023-00183-4,PMC10689635,pending,Signet cell rectal carcinoma with prostatic involvement detected by FAPI-04 PET-MRI fusion.
b4,38006203,2023,10.1093/bjsopen/zrad114,PMC10674077,pending,"Tumour, narrow pelvis and surgery specific factors for total mesorectal excision quality and morbidity following rectal cancer resection."
b4,38004246,2023,10.3390/life13112106,PMC10672442,pending,A Modified NAR Scoring Model Incorporating Immune Infiltration Characteristics to Better Predict Long-Term Survival Following Neoadjuvant Radiotherapy in Rectal Cancer.
b4,38002422,2023,10.3390/bioengineering10111298,PMC10669695,pending,"Preoperative Grading of Rectal Cancer with Multiple DWI Models, DWI-Derived Biological Markers, and Machine Learning Classifiers."
b4,38001587,2023,10.3390/cancers15225328,PMC10670363,pending,Beyond Total Mesorectal Excision (TME)-Results of MRI-Guided Multivisceral Resections in T4 Rectal Carcinoma and Local Recurrence.
b4,38001376,2023,10.1186/s13244-023-01552-0,PMC10673763,pending,Results of a diagnostic imaging audit in a randomised clinical trial in rectal cancer highlight the importance of careful planning and quality control.
b4,37958350,2023,10.3390/cancers15215176,PMC10649318,pending,Radiological Biomarkers in MRI directed Rectal Cancer Radiotherapy Volume Delineation.
b4,37958316,2023,10.3390/cancers15215142,PMC10647315,pending,Prediction of Radiation Treatment Response for Locally Advanced Rectal Cancer via a Longitudinal Trend Analysis Framework on Cone-Beam CT.
b4,37958309,2023,10.3390/cancers15215134,PMC10648149,pending,Radiomics Signature Based on Support Vector Machines for the Prediction of Pathological Complete Response to Neoadjuvant Chemoradiotherapy in Locally Advanced Rectal Cancer.
b4,37950314,2023,10.1186/s13014-023-02374-6,PMC10638784,pending,First clinical application of image-guided intraoperative electron radiation therapy with real time intraoperative dose calculation in recurrent rectal cancer: technical procedure.
b4,37941552,2023,10.3389/fonc.2023.1267838,PMC10628597,pending,Preoperative prediction of tumor budding in rectal cancer using multiple machine learning algorithms based on MRI T2WI radiomics.
b4,37933755,2023,10.2196/50110,PMC10753427,pending,Pharmaceutical Agents as Potential Drivers in the Development of Early-Onset Colorectal Cancer: Case-Control Study.
b4,37933042,2023,10.1097/MD.0000000000035756,PMC10627669,pending,Clinical application of a novel stent-assisted in situ intestinal bypass in preventing postoperative anastomotic leakage for low-mid rectal cancer: A retrospective study.
b4,37919401,2023,10.1038/s41598-023-46225-6,PMC10622418,pending,Predicting multiple linear stapler firings in double stapling technique with an MRI-based deep-learning model.
b4,37909021,2023,10.3389/fonc.2023.1194120,PMC10614283,pending,Effects of MRI radiomics combined with clinical data in evaluating lymph node metastasis in mrT1-3a staging rectal cancer.
b4,37907928,2023,10.1186/s13014-023-02368-4,PMC10619290,pending,Multiphase and multiparameter MRI-based radiomics for prediction of tumor response to neoadjuvant therapy in locally advanced rectal cancer.
b4,37903871,2023,10.1038/s41598-023-45939-x,PMC10616067,pending,Circulating DNA and frequency of colorectal cancer brain metastases in a presumed high-risk group.
b4,37894322,2023,10.3390/cancers15204955,PMC10605354,pending,"Urethral Injury in Rectal Cancer Surgery: A Comprehensive Study Using Cadaveric Dissection, Imaging Analyses, and Clinical Series."
b4,37892047,2023,10.3390/diagnostics13203226,PMC10606015,pending,MRI Tumor Regression Grade Combined with T2-Weighted Volumetry May Predict Histopathological Response in Locally Advanced Rectal Cancer following Neoadjuvant Chemoradiotherapy-A New Scoring System Proposal.
b4,37891611,2023,10.1186/s13014-023-02352-y,PMC10612200,pending,Attention mechanism based multi-sequence MRI fusion improves prediction of response to neoadjuvant chemoradiotherapy in locally advanced rectal cancer.
b4,37891502,2023,10.1186/s12880-023-01123-1,PMC10612175,pending,A novel radiomics based on multi-parametric magnetic resonance imaging for predicting Ki-67 expression in rectal cancer: a multicenter study.
b4,37870301,2023,10.4274/mirt.galenos.2023.07830,PMC10600547,pending,Pneumonia with Intense (68)Ga-FAPI Uptake Mimicking Metastasis on (68)Ga-FAPI PET/CT in a Patient with Rectal Cancer.
b4,37869474,2023,10.1016/j.phro.2023.100500,PMC10587515,pending,A network score-based metric to optimize the quality assurance of automatic radiotherapy target segmentations.
b4,37864414,2023,10.1002/cam4.6625,PMC10660615,pending,Survival outcomes of different neoadjuvant treatment regimens in patients with locally advanced rectal cancer and MRI-detected extramural venous invasion.
b4,37843705,2023,10.1186/s40658-023-00587-y,PMC10579211,not_found,The effects of various penalty parameter values in Q.Clear algorithm for rectal cancer detection on (18)F-FDG images using a BGO-based PET/CT scanner: a phantom and clinical study.
b4,37840123,2023,10.1186/s12967-023-04612-7,PMC10577972,pending,Bidirectional Mendelian randomization analysis of the genetic association between primary lung cancer and colorectal cancer.
b4,37835842,2023,10.3390/diagnostics13193099,PMC10572128,not_found,A Deep Learning Framework with Explainability for the Prediction of Lateral Locoregional Recurrences in Rectal Cancer Patients with Suspicious Lateral Lymph Nodes.
b4,37828450,2023,10.1186/s12880-023-01118-y,PMC10571450,pending,Predictive value of infiltrating tumor border configuration of rectal cancer on MRI.
b4,37809043,2023,10.3892/ol.2023.14062,PMC10551859,pending,Treatment response prediction of neoadjuvant chemotherapy for rectal cancer by deep learning of colonoscopy images.
b4,37803462,2023,10.1186/s13014-023-02350-0,PMC10557242,pending,Towards deep-learning (DL) based fully automated target delineation for rectal cancer neoadjuvant radiotherapy using a divide-and-conquer strategy: a study with multicenter blind and randomized validation.
b4,37803322,2023,10.1186/s13014-023-02353-x,PMC10557246,pending,THeragnostic utilities for neoplastic DisEases of the rectum by MRI guided radiotherapy (THUNDER 2) phase II trial: interim safety analysis.
b4,37798533,2023,10.1007/s00464-023-10448-5,PMC10709236,pending,Surgical treatment of retrorectal tumors: a plea for a laparoscopic approach.
b4,37794609,2023,10.1093/postmj/qgad095,PMC10658730,not_found,Computer image analysis with artificial intelligence: a practical introduction to convolutional neural networks for medical professionals.
b4,37781186,2023,10.3389/fonc.2023.1189324,PMC10539580,pending,The psoas muscle density as a predictor of postoperative complications in elderly patients undergoing rectal cancer resection.
b4,37772467,2023,10.1002/cam4.6541,PMC10587958,pending,The patient's perspective on radiation for rectal cancer: Initial expectations versus actual experience.
b4,37771870,2023,10.5662/wjm.v13.i4.259,PMC10523244,pending,External validation of the Moroccan Arabic version of the European Organization for Research and Treatment of Cancer colorectal (CR29) module: Monocentric study.
b4,37754494,2023,10.3390/curroncol30090579,PMC10529884,pending,"Report from the 24th Annual Western Canadian Gastrointestinal Cancer Consensus Conference on Colorectal Cancer, Richmond, British Columbia, 28-29, October 2022."
b4,37750945,2023,10.1259/bjr.20230243,PMC10607399,not_found,Imaging prediction of KRAS mutation in patients with rectal cancer through deep metric learning using pretreatment [(18)F]Fluorodeoxyglucose positron emission tomography/computed tomography.
b4,37750870,2023,10.1259/bjr.20230318,PMC10607404,pending,Sense and non-sense of imaging in the era of organ preservation for rectal cancer.
b4,37749564,2023,10.1186/s12957-023-03193-5,PMC10521534,pending,Quantitative dynamic contrast-enhance MRI parameters for rectal carcinoma characterization: correlation with tumor tissue composition.
b4,37749194,2023,10.1038/s41598-023-43211-w,PMC10519982,pending,Artificial intelligence based system for predicting permanent stoma after sphincter saving operations.
b4,37746305,2023,10.3389/fonc.2023.1109588,PMC10517628,not_found,Predicting the risk of distant metastasis in patients with locally advanced rectal cancer using model based on pre-treatment T2WI-based radiomic features plus postoperative pathological stage.
b4,37738440,2023,10.1093/jrr/rrad068,PMC10665299,pending,Definitive carbon ion re-irradiation with pencil beam scanning in the treatment of unresectable locally recurrent rectal cancer.
b4,37735896,2023,10.1177/15330338231201508,PMC10515520,not_found,CT-Guided Percutaneous Cryoablation for Lung Metastasis of Colorectal Cancer: A Case Series.
b4,37731023,2023,10.1038/s41416-023-02431-7,PMC10646086,pending,"A first-in-human phase 1 study of nofazinlimab, an anti-PD-1 antibody, in advanced solid tumors and in combination with regorafenib in metastatic colorectal cancer."
b4,37723592,2023,10.1186/s40644-023-00607-1,PMC10507842,pending,Prediction of p53 mutation status in rectal cancer patients based on magnetic resonance imaging-based nomogram: a study of machine learning.
b4,37719698,2023,10.3389/fgene.2023.1245594,PMC10501402,pending,Exploring novel genetic and hematological predictors of response to neoadjuvant chemoradiotherapy in locally advanced rectal cancer.
b4,37709314,2023,10.1136/bmjopen-2022-069793,PMC10503376,pending,Neoadjuvant chemoradiation therapy combined with immunotherapy for microsatellite stable ultra-low rectal cancer (CHOICE II): study protocol of a multicentre prospective randomised clinical trial.
b4,37702885,2023,10.1007/s11864-023-01125-9,PMC10643426,pending,The Crying Need for a Better Response Assessment in Rectal Cancer.
b4,37702196,2023,10.1111/cas.15959,PMC10637059,pending,High-dose rate endorectal brachytherapy for rectal cancer: A state-of-the-art review.
b4,37684648,2023,10.1186/s13063-023-07430-w,PMC10486037,not_found,PHaLIR: prevent hernia after loop ileostomy reversal-a study protocol for a randomized controlled multicenter study.
b4,37664046,2023,10.3389/fonc.2023.1234619,PMC10468971,pending,A multiple-time-scale comparative study for the added value of magnetic resonance imaging-based radiomics in predicting pathological complete response after neoadjuvant chemoradiotherapy in locally advanced rectal cancer.
b4,37655097,2023,10.3389/fonc.2023.1235121,PMC10465697,pending,A machine learning-based model for predicting distant metastasis in patients with rectal cancer.
b4,37653735,2023,10.1097/MD.0000000000034985,PMC10470674,pending,Neoadjuvant chemoradiotherapy with capecitabine based regimen in locally advanced rectal cancer: A retrospective study.
b4,37602638,2023,10.4103/sjg.sjg_85_23,PMC10754382,pending,Comparison of KRAS gene in circulating tumor DNA levels vs histological grading of colorectal cancer patients through liquid biopsy.
b4,37581503,2023,10.1148/radiol.230079,PMC10478788,pending,Extramural Venous Invasion and Tumor Deposit at Diffusion-weighted MRI in Patients after Neoadjuvant Treatment for Rectal Cancer.
b4,37581054,2023,10.21037/qims-22-1244,PMC10423373,pending,Golden-angle radial sparse parallel magnetic resonance imaging of rectal perfusion: utility in the diagnosis of poorly differentiated rectal cancer.
b4,37577010,2023,10.15386/mpr-2542,PMC10419690,pending,Preoperative MRI accuracy after neoadjuvant chemoradiation for locally advanced rectal cancer.
b4,37573297,2023,10.1186/s12893-023-02140-1,PMC10423425,pending,Mesorectal reconstruction with pedicled greater omental transplantation to relieve low anterior resection syndrome following total intersphincteric resection in patients with ultra-low rectal cancer.
b4,37569532,2023,10.3390/ijms241512159,PMC10418822,pending,Total Neoadjuvant Treatment for Locally Advanced Rectal Cancer Patients: Where Do We Stand?
b4,37568936,2023,10.3390/diagnostics13152573,PMC10417449,pending,Radiomic Features Are Predictive of Response in Rectal Cancer Undergoing Therapy.
b4,37568685,2023,10.3390/cancers15153869,PMC10416952,pending,Preoperative Radiotherapy with a Simultaneous Integrated Boost Compared to Chemoradiotherapy for cT3-4 Rectal Cancer: Long-Term Results of a Multicenter Randomized Study.
b4,37558922,2023,10.1038/s41416-023-02384-x,PMC10539304,pending,An MRI-based scoring system for pretreatment risk stratification in locally advanced rectal cancer.
b4,37546428,2023,10.3389/fonc.2023.1189334,PMC10399696,pending,The use of quantitative T1-mapping to identify cells and collagen fibers in rectal cancer.
b4,37540407,2023,10.1007/s13304-023-01614-4,PMC10435656,pending,Predictors of Clostridium difficile infection after stoma reversal following TaTME surgery.
b4,37535356,2023,10.1001/jamanetworkopen.2023.27109,PMC10401304,pending,Analysis of Time to Treatment and Survival Among Adults Younger Than 50 Years of Age With Colorectal Cancer in Canada.
b4,37510423,2023,10.3390/healthcare11141981,PMC10379628,pending,Impact of COVID-19 on Quality of Life in Long-Term Advanced Rectal Cancer Survivors.
b4,37499603,2023,10.1016/j.ebiom.2023.104726,PMC10388166,pending,Integrative deep learning analysis improves colon adenocarcinoma patient stratification at risk for mortality.
b4,37481493,2023,10.1245/s10434-023-13964-9,PMC10562504,pending,Navigation-Assisted Surgery for Locally Advanced Primary and Recurrent Rectal Cancer.
b4,37479864,2023,10.1038/s41598-023-38670-0,PMC10362018,pending,Machine learning-based approaches for cancer prediction using microbiome data.
b4,37462820,2023,10.1007/s00330-023-09942-0,PMC10598114,pending,Diffusion-weighted imaging complements T2-weighted MRI for tumour response assessment in squamous anal carcinoma.
b4,37458391,2023,10.5152/tjg.2023.22597,PMC10544611,pending,Radiation Oncologists' Approach to Rectosigmoid Junction Tumors in Turkey: The Turkish Society for Radiation Oncology Gastrointestinal Group Survey Study (TROD 02-007).
b4,37457020,2023,10.1016/j.ctro.2023.100656,PMC10339188,pending,Short-course preoperative radiotherapy increases pelvic fracture risk in rectal cancer.
b4,37455833,2023,10.37349/etat.2023.00142,PMC10344900,pending,Artificial intelligence and radiomics in magnetic resonance imaging of rectal cancer: a review.
b4,37452176,2023,10.1007/s00330-023-09920-6,PMC10667134,pending,Development and multicenter validation of a multiparametric imaging model to predict treatment response in rectal cancer.
b4,37443514,2023,10.1097/MD.0000000000034245,PMC10344533,pending,Nomogram including tumor deposition count to noninvasively evaluate the prognosis of rectal cancer patients: A retrospective study.
b4,37435214,2023,10.21037/jgo-23-405,PMC10331738,pending,Screening of key genes related to ferroptosis and a molecular interaction network analysis in colorectal cancer using machine learning and bioinformatics.
b4,37431270,2023,10.1177/15330338231186467,PMC10338728,pending,Predicting Rectal Cancer Response to Total Neoadjuvant Treatment Using an Artificial Intelligence Model Based on Magnetic Resonance Imaging and Clinical Data.
b4,37420246,2023,10.1186/s12957-023-03091-w,PMC10326933,pending,Persistent descending mesocolon as a vital risk factor for anastomotic failure and prolonged operative time for sigmoid colon and rectal cancers.
b4,37407899,2023,10.1007/s11605-023-05755-0,PMC10528925,not_found,Estimating Risk of Locoregional Failure and Overall Survival in Anal Cancer Following Chemoradiation: A Machine Learning Approach.
b4,37404759,2023,10.3389/fonc.2023.1195404,PMC10315900,pending,Application of a three-dimensional printed pelvic model in laparoscopic radical resection of rectal cancer.
b4,37377906,2023,10.3389/fonc.2023.1118518,PMC10292078,pending,The role of MRI after neochemoradiotherapy in predicting pathological tumor regression grade and clinical outcome in patients with locally advanced rectal adenocarcinoma.
b4,37370997,2023,10.3390/diagnostics13122104,PMC10296819,pending,Local Recurrences in Rectal Cancer: MRI vs. CT.
b4,37370882,2023,10.3390/diagnostics13121987,PMC10297215,pending,Radiomics from Mesorectal Blood Vessels and Lymph Nodes: A Novel Prognostic Predictor for Rectal Cancer with Neoadjuvant Therapy.
b4,37370692,2023,10.3390/cancers15123082,PMC10296157,pending,Delta Radiomic Analysis of Mesorectum to Predict Treatment Response and Prognosis in Locally Advanced Rectal Cancer.
b4,37370651,2023,10.3390/bioengineering10060720,PMC10294893,pending,Chemical Shift-Encoded Sequence (IDEAL-IQ) and Amide Proton Transfer (APT) MRI for Prediction of Histopathological Factors of Rectal Cancer.
b4,37370565,2023,10.3390/bioengineering10060634,PMC10295574,pending,Radiomics for the Prediction of Pathological Complete Response to Neoadjuvant Chemoradiation in Locally Advanced Rectal Cancer: A Prospective Observational Trial.
b4,37370032,2023,10.1186/s12885-023-11103-x,PMC10294487,pending,Neoadjuvant chemotherapy with modified FOLFOXIRI for locally advanced rectal cancer to transform effectively EMVI and MRF from positive to negative: results of a long-term single center phase 2 clinical trial.
b4,37365381,2023,10.1007/s11547-023-01652-3,PMC10317862,pending,Pattern of care for re-irradiation in locally recurrent rectal cancer: a national survey on behalf of the AIRO gastrointestinal tumors study group.
b4,37363997,2023,10.1158/1078-0432.CCR-23-0859,PMC10570673,not_found,Associations between AI-Assisted Tumor Amphiregulin and Epiregulin IHC and Outcomes from Anti-EGFR Therapy in the Routine Management of Metastatic Colorectal Cancer.
b4,37358604,2023,10.1007/s00261-023-03961-7,PMC10480283,pending,Predicting response to chemoradiotherapy in rectal cancer via visual morphologic assessment and staging on baseline MRI: a multicenter and multireader study.
b4,37334122,2023,10.7717/peerj.15408,PMC10269576,pending,A multi-class classification algorithm based on hematoxylin-eosin staining for neoadjuvant therapy in rectal cancer: a retrospective study.
b4,37330508,2023,10.1186/s13014-023-02285-6,PMC10276517,pending,Advantages and robustness of partial VMAT with prone position for neoadjuvant rectal cancer evaluated by CBCT-based offline adaptive radiotherapy.
b4,37325000,2023,10.3348/jksr.2023.0007,PMC10265231,pending,[Interpretation of Rectal MRI after Neoadjuvant Treatment in Patients with Rectal Cancer].
b4,37321815,2023,10.1136/bmjopen-2022-065010,PMC10277084,pending,Towards Response ADAptive Radiotherapy for organ preservation for intermediate-risk rectal cancer (preRADAR): protocol of a phase I dose-escalation trial.
b4,37313205,2023,10.5114/aoms/112531,PMC10259405,pending,Relationship between inferior mesenteric artery diameter and rectal cancer.
b4,37310167,2023,10.1002/14651858.CD002198.pub3,PMC10264720,pending,Local versus radical surgery for early rectal cancer with or without neoadjuvant or adjuvant therapy.
b4,37299595,2023,10.3390/nu15112632,PMC10255819,pending,Sarcopenic Obesity Is a Risk Factor for Worse Oncological Long-Term Outcome in Locally Advanced Rectal Cancer Patients: A Retrospective Single-Center Cohort Study.
b4,37296929,2023,10.3390/cancers15112967,PMC10252061,pending,The Role of MRI and PET/CT in Radiotherapy Target Volume Determination in Gastrointestinal Cancers-Review of the Literature.
b4,37296579,2023,10.3390/cells12111458,PMC10253213,pending,Evaluation of RAS Mutational Status in Liquid Biopsy to Monitor Disease Progression in Metastatic Colorectal Cancer Patients.
b4,37291527,2023,10.1186/s12880-023-01027-0,PMC10249234,not_found,Histogram analysis of dynamic contrast-enhanced magnetic resonance imaging to predict extramural venous invasion in rectal cancer.
b4,37287925,2023,10.3389/fonc.2023.1160159,PMC10243597,not_found,Treatment paradigm and prognostic factor analyses of rectal squamous cell carcinoma.
b4,37274803,2023,10.3748/wjg.v29.i19.2888,PMC10237092,pending,Radiomics in colorectal cancer patients.
b4,37274801,2023,10.3748/wjg.v29.i19.2979,PMC10237089,pending,Machine learning model for prediction of low anterior resection syndrome following laparoscopic anterior resection of rectal cancer: A multicenter study.
b4,37265550,2023,10.1159/000526633,PMC10230821,pending,Diagnostic and Therapeutic Management of Early Colorectal Cancer.
b4,37256101,2023,10.1016/j.eclinm.2023.101945,PMC10225622,pending,"Development and validation of a patient reported outcome measure for health-related quality of life for locally recurrent rectal cancer: a multicentre, three-phase, mixed-methods, cohort study."
b4,37250635,2023,10.3389/fmed.2023.1149056,PMC10213753,pending,"Region-specific deep learning models for accurate segmentation of rectal structures on post-chemoradiation T2w MRI: a multi-institutional, multi-reader study."
b4,37231115,2023,10.1038/s41598-023-35763-8,PMC10213059,pending,Predicting lymphovascular invasion in rectal cancer: evaluating the performance of golden-angle radial sparse parallel MRI for rectal perfusion assessment.
b4,37228304,2023,10.5005/jp-journals-10078-1396,PMC10203326,pending,Rho-kinase Inhibitors in Ocular Diseases: A Translational Research Journey.
b4,37218517,2023,10.1097/SLA.0000000000005907,PMC10481925,pending,Blood Perfusion Assessment by Indocyanine Green Fluorescence Imaging for Minimally Invasive Rectal Cancer Surgery (EssentiAL trial): A Randomized Clinical Trial.
b4,37201089,2023,10.21037/jgo-23-222,PMC10186500,pending,Effects of magnetic resonance imaging (MRI)-detected extramural vascular invasion (mrEMVI) and tumor deposits (TDs) on distant metastasis and long-term survival after surgery for stage III rectal cancer: a retrospective study grouped based on the relationship between the bottom of the tumor and peritoneal reflection.
b4,37184772,2023,10.1007/s10151-023-02803-4,PMC10638143,pending,An updated evaluation of the implementation of the sigmoid take-off landmark 1 year after the official introduction in the Netherlands.
b4,37184445,2023,10.1097/JS9.0000000000000438,PMC10389374,pending,Effect of interval between neoadjuvant chemoradiotherapy and surgery on oncological outcomes in poor responders with locally advanced rectal cancer: a retrospective cohort study.
b4,37179942,2023,10.21037/qims-22-879,PMC10167423,pending,Assessing the histopathological features of rectal adenocarcinoma with chemical shift-encoded sequence (CSE)-MRI and diffusion-weighted imaging (DWI).
b4,37172066,2023,10.1371/journal.pone.0285709,PMC10180662,pending,Applying a neoscore in locally advanced rectal cancer is beneficial in predicting local recurrences after surgery.
b4,37168940,2023,,PMC10165227,pending,Extramural venous invasion: a novel magnetic resonance imaging biomarker for adverse pathology in bladder cancer.
b4,37155130,2023,10.1007/s12029-022-00909-w,PMC11301614,pending,The Role of Radiomics in Rectal Cancer.
b4,37154929,2023,10.1007/s00432-023-04779-y,PMC10374480,pending,Neoadjuvant chemoradiotherapy versus neoadjuvant chemotherapy alone for patients with locally advanced rectal cancer: a propensity-score-matched analysis combined with SEER validation.
b4,37145311,2023,10.1007/s00261-023-03893-2,PMC10444656,pending,Rectal cancer lexicon 2023 revised and updated consensus statement from the Society of Abdominal Radiology Colorectal and Anal Cancer Disease-Focused Panel.
b4,37127032,2023,10.3171/CASE2316,PMC10555566,pending,Rectal dural metastasis masquerading as chronic subdural hematoma: illustrative case.
b4,37123445,2023,10.1016/j.patter.2023.100711,PMC10140608,pending,A boundary-guided transformer for measuring distance from rectal tumor to anal verge on magnetic resonance images.
b4,37120533,2023,10.1186/s13048-023-01153-x,PMC10148549,pending,Anastomotic leakage after resection of the rectosigmoid colon in primary ovarian cancer.
b4,37115093,2023,10.1097/MD.0000000000033575,PMC10146036,pending,"Planning adaptive treatment by longitudinal response assessment implementing MR imaging, liquid biopsy and analysis of microenvironment during neoadjuvant treatment of rectal cancer (PRIMO)."
b4,37113403,2023,10.3892/ol.2023.13783,PMC10126625,pending,Cardiac 18F‑FDG uptake and new‑onset rectal cancer.
b4,37106657,2023,10.3390/bioengineering10040468,PMC10135707,pending,Establishment of Surgical Difficulty Grading System and Application of MRI-Based Artificial Intelligence to Stratify Difficulty in Laparoscopic Rectal Surgery.
b4,37099182,2023,10.1007/s00261-023-03900-6,PMC11210452,not_found,A primer on rectal MRI in patients on watch-and-wait treatment for rectal cancer.
b4,37082450,2023,10.1093/gastro/goad017,PMC10112957,pending,"Total neoadjuvant treatment for MRI-stratified high-risk rectal cancer: a single-center, single-arm, prospective Phase II trial (PKUCH-R02)."
b4,37081037,2023,10.1038/s41598-023-33697-9,PMC10119273,pending,Early stoma closure after low anterior resection is not recommended due to postoperative complications and asymptomatic anastomotic leakage.
b4,37064150,2023,10.3389/fonc.2023.1125470,PMC10102576,pending,Assessing the predictive value of clinical factors to pathological complete response for locally advanced rectal cancer: An analysis of 124 patients.
b4,37064097,2023,10.3389/fonc.2023.1099168,PMC10098206,pending,Efficacy of concurrent radiotherapy in patients with locally advanced rectal cancer and synchronous metastasis receiving systemic therapy.
b4,37051159,2023,10.4174/astr.2023.104.4.205,PMC10083348,pending,Difference in prognostic impact of lateral pelvic lymph node metastasis between pre- and post-neoadjuvant chemoradiotherapy in rectal cancer patients.
b4,37035560,2023,10.3389/fsurg.2023.1125875,PMC10079943,pending,Applying interpretable machine learning algorithms to predict risk factors for permanent stoma in patients after TME.
b4,37027015,2023,10.1007/s00261-023-03891-4,PMC10775174,pending,Beyond squamous cell carcinoma: MRI appearance of uncommon anal neoplasms and mimickers.
b4,37026966,2023,10.1097/MD.0000000000033281,PMC10082321,pending,Value of apparent diffusion coefficient on MRI for prediction of histopathological type in anal fistula cancer.
b4,37011059,2023,10.1093/bjsopen/zrad018,PMC10069662,pending,Implications of the new MRI-based rectum definition according to the sigmoid take-off: multicentre cohort study.
b4,37010604,2023,10.1007/s00464-023-10008-x,PMC10322756,pending,Predictors for selective flexure mobilization during robotic anterior resection for rectal cancer: a prospective cohort analysis.
b4,37004557,2023,10.1007/s00261-023-03898-x,PMC10942660,not_found,MRI-based radiomic score increased mrTRG accuracy in predicting rectal cancer response to neoadjuvant therapy.
b4,37000002,2023,10.1148/rycan.239007,PMC10077089,pending,Multireader MRI Assessment of Rectal Cancer Response to Neoadjuvant Therapy.
b4,36996891,2023,10.1055/a-2032-3646,PMC10063340,pending,Magnifying endoscopy with narrow-band imaging and salvage endoscopic submucosal dissection of a locally advanced rectal adenocarcinoma after neoadjuvant chemoradiotherapy.
b4,36984010,2023,10.3390/life13030678,PMC10018642,pending,"Correction: Groen et al. Use of Image-Guided Surgical Navigation during Resection of Locally Recurrent Rectal Cancer. Life 2022, 12, 645."
b4,36978750,2023,10.3390/bioengineering10030359,PMC10045764,pending,Accelerated Diffusion-Weighted MRI of Rectal Cancer Using a Residual Convolutional Network.
b4,36972213,2023,10.1093/bjs/znad051,PMC10364523,pending,Watch and wait after neoadjuvant treatment in rectal cancer: comparison of outcomes in patients with and without a complete response at first reassessment in the International Watch & Wait Database (IWWD).
b4,36971272,2023,10.4274/dir.2022.221333,PMC10679710,pending,Diagnostic performance of magnetic resonance imaging in preoperative local staging of rectal cancer after neoadjuvant chemoradiotherapy.
b4,36969078,2023,10.3389/fonc.2023.993888,PMC10034158,pending,The repeatability and consistency of different methods for measuring the volume parameters of the primary rectal cancer on diffusion weighted images.
b4,36964328,2023,10.1245/s10434-023-13225-9,PMC10394736,pending,MRI Assessment of Extramural Venous Invasion Before and After Total Neoadjuvant Therapy for Locally Advanced Rectal Cancer and Its Association with Disease-Free and Overall Survival.
b4,36938675,2023,10.1002/cam4.5761,PMC10225194,pending,Radiological lymph-node size improves the prognostic value of systemic inflammation index in rectal cancer with pathologically negative nodes.
b4,36937315,2023,10.37349/etat.2023.00119,PMC10017185,pending,Artificial intelligence fusion for predicting survival of rectal cancer patients using immunohistochemical expression of Ras homolog family member B in biopsy.
b4,36932225,2023,10.1007/s00261-023-03863-8,PMC10929685,pending,Imaging of Anal Squamous Cell Carcinoma: Survey Results and Expert Opinion from the Rectal and Anal Cancer Disease-Focused Panel of the Society of Abdominal Radiology.
b4,36925913,2023,10.3389/fonc.2023.1133008,PMC10013156,pending,MRI-based pre-Radiomics and delta-Radiomics models accurately predict the post-treatment response of rectal adenocarcinoma to neoadjuvant chemoradiotherapy.
b4,36919880,2023,10.2214/AJR.23.29002,PMC10777341,not_found,Mucinous Degeneration on MRI After Neoadjuvant Therapy in Patients With Rectal Adenocarcinoma: Frequency and Association With Clinical Outcomes.
b4,36915299,2023,10.21037/qims-22-624,PMC10006105,pending,Synthetic magnetic resonance imaging predicts the prognostic evaluation of rectal cancer.
b4,36906661,2023,10.1007/s10151-023-02773-7,PMC11181310,pending,Magnifying chromoendoscopy is a reliable method in the selection of rectal neoplasms for local excision.
b4,36902845,2023,10.3390/jcm12052058,PMC10004457,pending,Radiomic Features from Post-Operative (18)F-FDG PET/CT and CT Imaging Associated with Locally Recurrent Rectal Cancer: Preliminary Findings.
b4,36900249,2023,10.3390/cancers15051457,PMC10001362,pending,Immune Microenvironment in Sporadic Early-Onset versus Average-Onset Colorectal Cancer.
b4,36896297,2023,10.4240/wjgs.v15.i2.177,PMC9988648,pending,Surveillance strategies following curative resection and non-operative approach of rectal cancer: How and how long? Review of current recommendations.
b4,36896217,2023,10.1016/j.adro.2023.101192,PMC9991532,pending,Outcomes and Prognostic Factors for Locally Recurrent Rectal Cancer Treated With Proton Beam Therapy.
b4,36894810,2023,10.1007/s00464-023-09963-2,PMC10338552,pending,Clinical application of machine learning and computer vision to indocyanine green quantification for dynamic intraoperative tissue characterisation: how to do it.
b4,36890929,2023,10.4314/ejhs.v33i1.11,PMC9987274,pending,High Magnitude Advanced Colorectal Cancer at Diagnosis in Ethiopian Patients: Imaging Pattern and Associated Factors.
b4,36890815,2023,10.3389/fonc.2023.1078863,PMC9986582,pending,Preoperative prediction of tumor deposits in rectal cancer with clinical-magnetic resonance deep learning-based radiomic models.
b4,36882082,2023,10.1093/bjsopen/zrac176,PMC9991500,pending,Automatic purse-string suture skill assessment in transanal total mesorectal excision using deep learning-based video analysis.
b4,36874463,2023,10.3389/fsurg.2023.1106177,PMC9981957,pending,"Downsizing of rectal cancer following neoadjuvant radiotherapy (5 × 5 Gy) and long interval surgery evaluated using MRI semiautomated volumetric measurements, a retrospective study."
b4,36853286,2023,10.31557/APJCP.2023.24.2.401,PMC10162625,pending,"Value of Conventional MRI, DCE-MRI, and DWI-MRI in the Discrimination of Metastatic from Non-Metastatic Lymph Nodes in Rectal Cancer: A Systematic Review and Meta-Analysis Study."
b4,36843078,2023,10.1186/s12957-023-02933-x,PMC9969644,pending,Advances in pelvic imaging parameters predicting surgical difficulty in rectal cancer.
b4,36836024,2023,10.3390/jcm12041489,PMC9966470,pending,Post-Surgical Imaging Assessment in Rectal Cancer: Normal Findings and Complications.
b4,36831354,2023,10.3390/cancers15041009,PMC9953931,pending,Online Adaptive MRI-Guided Radiotherapy for Primary Tumor and Lymph Node Boosting in Rectal Cancer.
b4,36831076,2023,10.3390/biomedicines11020540,PMC9953361,pending,Colorectal Cancer (CRC): Investigating the Expression of the Suppressor of Fused (SuFu) Gene and Its Relationship with Several Inflammatory Blood-Based Biomarkers.
b4,36830812,2023,10.3390/biomedicines11020274,PMC9952975,pending,Reappraisal of the Lymphatic Drainage System of the Distal Rectum: Functional Lymphatic Flow into the Presacral Space and Its Clinical Implication in Rectal Cancer Treatment.
b4,36826155,2023,10.3390/curroncol30020194,PMC9955503,pending,Association between Dynamic Contrast-Enhanced MRI Parameters and Prognostic Factors in Patients with Primary Rectal Cancer.
b4,36820708,2023,10.4274/mirt.galenos.2022.53824,PMC9950681,pending,A Rare Hernia Mimicking Implant in a Patient with Rectal Adenocarcinoma: Internal Herniation.
b4,36820009,2023,10.4274/mirt.galenos.2022.94547,PMC9950674,pending,Incidental Detection of Pseudomembranous Colitis Through (18)F-FDG PET/CT During the Restaging of Colorectal Cancer.
b4,36814032,2023,10.1007/s00330-023-09480-9,PMC10394731,pending,MRI assessment of rectal cancer response to neoadjuvant therapy: a multireader study.
b4,36787174,2023,10.1093/bjsopen/zrac168,PMC9927560,pending,"Short-term outcomes of health-related quality of life in patients with locally recurrent rectal cancer: multicentre, international, cross-sectional cohort study."
b4,36768257,2023,10.3390/ijms24031935,PMC9915427,pending,Superiority of [(11)C]methionine over [(18)F]deoxyglucose for PET Imaging of Multiple Cancer Types Due to the Methionine Addiction of Cancer.
b4,36765878,2023,10.3390/cancers15030921,PMC9913523,pending,Integrated Intensified Chemoradiation in the Setting of Total Neoadjuvant Therapy (TNT) in Patients with Locally Advanced Rectal Cancer: A Retrospective Single-Arm Study on Feasibility and Efficacy.
b4,36765348,2023,10.1186/s12935-023-02864-3,PMC9912542,pending,Clinicopathological significance and prognostic role of LAG3 + tumor-infiltrating lymphocytes in colorectal cancer; relationship with sidedness.
b4,36741013,2023,10.3389/fonc.2023.1031581,PMC9890074,pending,MRI VS. FDG-PET for diagnosis of response to neoadjuvant therapy in patients with locally advanced rectal cancer.
b4,36737522,2023,10.1007/s00261-022-03746-4,PMC12285713,pending,Rectal cancer pelvic recurrence: imaging patterns and key concepts to guide treatment planning.
b4,36729506,2023,10.14309/ctg.0000000000000558,PMC9944690,pending,Automated In Vivo High-Resolution Imaging to Detect Human Papillomavirus-Associated Anal Precancer in Persons Living With HIV.
b4,36727777,2023,10.1097/JCMA.0000000000000887,PMC12755438,pending,Radiomic features derived from pretherapeutic MRI predict chemoradiation response in locally advanced rectal cancer.
b4,36719559,2023,10.1007/s12029-022-00906-z,PMC10754735,pending,A Review of Circulating Tumor DNA as a Biomarker Guide for Total Neoadjuvant Therapy in Patients with Locally Advanced Rectal Cancer.
b4,36718357,2023,10.1016/j.phro.2023.100417,PMC9883255,pending,Imaging the tumour microenvironment in rectal cancer: Decline in tumour blood flow during radiotherapy predicts good outcome.
b4,36688017,2023,10.3748/wjg.v29.i3.536,PMC9850934,pending,Magnetic resonance imaging-based deep learning model to predict multiple firings in double-stapled colorectal anastomosis.
b4,36678245,2023,10.3390/nu15020374,PMC9864407,pending,Abdominal Fat Characteristics and Mortality in Rectal Cancer: A Retrospective Study.
b4,36673079,2023,10.3390/diagnostics13020269,PMC9858257,pending,Preoperative Prediction of Microsatellite Instability in Rectal Cancer Using Five Machine Learning Algorithms Based on Multiparametric MRI Radiomics.
b4,36672381,2023,10.3390/cancers15020432,PMC9857080,pending,Radiomics Approaches for the Prediction of Pathological Complete Response after Neoadjuvant Treatment in Locally Advanced Rectal Cancer: Ready for Prime Time?
b4,36652149,2023,10.1186/s13244-022-01348-8,PMC9849549,pending,MRI anatomy of the rectum: key concepts important for rectal cancer staging and treatment planning.
b4,36650498,2023,10.1186/s12885-023-10534-w,PMC9847040,pending,Biparametric magnetic resonance imaging-based radiomics features for prediction of lymphovascular invasion in rectal cancer.
b4,36647027,2023,10.1186/s12885-023-10522-0,PMC9843961,pending,Comparison of CT derived body composition at the thoracic T4 and T12 with lumbar L3 vertebral levels and their utility in patients with rectal cancer.
b4,36635737,2023,10.1186/s40644-022-00514-x,PMC9835251,not_found,Associations of muscle and adipose tissue parameters with long-term outcomes in middle and low rectal cancer: a retrospective cohort study.
b4,36604699,2023,10.1186/s13014-022-02193-1,PMC9817323,pending,Mesorectal motion evaluation in rectal cancer MR-guided radiotherapy: an exploratory study to quantify treatment margins.
b4,36599112,2023,10.1097/DCR.0000000000002623,PMC9931656,pending,"The Use of the Protease Inhibitor, Saquinavir, to Treat Anal Cancer Spheroids Derived From Human Papillomavirus Transgenic Mice."
b4,36538694,2023,10.1097/DCR.0000000000002450,PMC11584182,pending,Limits of Clinical Restaging in Detecting Responders After Neoadjuvant Therapies for Rectal Cancer.
b4,36534496,2023,10.1158/1078-0432.CCR-22-2538,PMC9975664,pending,Metastatic Colorectal Cancer Treatment Response Evaluation by Ultra-Deep Sequencing of Cell-Free DNA and Matched White Blood Cells.
b4,36525395,2023,10.1097/DCR.0000000000002624,PMC10591203,pending,Multiplexed Immunofluorescence Imaging Reveals an Immune-Rich Tumor Microenvironment in Mucinous Rectal Cancer Characterized by Increased Lymphocyte Infiltration and Enhanced Programmed Cell Death Protein 1 Expression.
b4,36471751,2023,10.1016/j.ctro.2022.11.009,PMC9719068,pending,MRI-based radiomics to predict neoadjuvant chemoradiotherapy outcomes in locally advanced rectal cancer: A multicenter study.
b4,36407490,2023,10.1016/j.ctro.2022.10.013,PMC9668658,pending,"BioXmark® liquid fiducials to enable radiotherapy tumor boosting in rectal cancer, a feasibility trial."
b4,36403118,2023,10.1093/jrr/rrac074,PMC9855328,pending,"Comparison of dosimetries of carbon-ion pencil beam scanning, proton pencil beam scanning and volumetric modulated arc therapy for locally recurrent rectal cancer."
b4,36307596,2023,10.1007/s00261-022-03710-2,PMC9905276,not_found,Multiplexed sensitivity-encoding diffusion-weighted imaging (MUSE) in diffusion-weighted imaging for rectal MRI: a quantitative and qualitative analysis at multiple b-values.
b4,36244050,2023,10.1007/s11701-022-01469-8,PMC10076353,pending,Robotic transanal excision of rectal lesions: expert perspective and literature review.
b4,36181547,2023,10.1007/s00192-022-05363-7,PMC11740198,pending,An assessment of urethral radiation exposure in the treatment of endometrial and rectal cancers.
b4,36127416,2023,10.1007/s00259-022-05944-0,PMC9816267,pending,Adaptive Individualized high-dose preoperAtive (AIDA) chemoradiation in high-risk rectal cancer: a phase II trial.
b4,36073323,2023,10.1002/jmri.28426,PMC9851947,pending,Rectal MRI Interpretation After Neoadjuvant Therapy.
b4,36036328,2023,10.1007/s10151-022-02690-1,PMC9807492,pending,Required distal mesorectal resection margin in partial mesorectal excision: a systematic review on distal mesorectal spread.
b4,36028725,2023,10.1007/s00432-022-04305-6,PMC11798157,pending,Technique to match mesorectal lymph nodes imaging findings to histopathology: node-by-node comparison.
b4,35976398,2023,10.1007/s00330-022-09053-2,PMC9889429,pending,"Standard diametric versus volumetric early tumor shrinkage as a predictor of survival in metastatic colorectal cancer: subgroup findings of the randomized, open-label phase III trial FIRE-3 / AIO KRK-0306."
b4,35915202,2023,10.1007/s12029-022-00850-y,PMC9342937,pending,The Prognostic Role of Baseline Eosinophils in HPV-Related Cancers: a Multi-institutional Analysis of Anal SCC and OPC Patients Treated with Radical CT-RT.
b4,35899858,2023,10.1002/cam4.5041,PMC9883536,pending,Development of prediction model of low anterior resection syndrome for colorectal cancer patients after surgery based on machine-learning technique.
b4,35802179,2023,10.1007/s00330-022-08968-0,PMC9755077,pending,Significant improvement after training in the assessment of lateral compartments and short-axis measurements of lateral lymph nodes in rectal cancer.
b4,35771366,2023,10.1245/s10434-022-11914-5,PMC10319655,pending,Relationship Between Baseline Rectal Tumor Length and Magnetic Resonance Tumor Regression Grade Response to Chemoradiotherapy: A Subanalysis of the TRIGGER Feasibility Study.
b4,35766394,2023,10.1097/SLA.0000000000005507,PMC9994840,pending,"Intentional Watch and Wait or Organ Preservation Surgery Following Neoadjuvant Chemoradiotherapy Plus Consolidation CAPEOX for MRI-defined Low-risk Rectal Cancer: Findings From a Prospective Phase 2 Trial (PKUCH-R01 Trial, NCT02860234)."
b4,35718836,2023,10.1007/s10689-022-00299-9,PMC9829596,pending,Potential risks associated with the use of ionizing radiation for imaging and treatment of colorectal cancer in Lynch syndrome patients.
b4,35712999,2023,10.1111/ajco.13795,PMC10084150,pending,A prospective study of diagnostic accuracy of multidisciplinary team and radiology reporting of preoperative colorectal cancer local staging.
b4,35358109,2023,10.1097/DCR.0000000000002295,PMC10185333,not_found,Deep Learning-Based Model for Identifying Tumors in Endoscopic Images From Patients With Locally Advanced Rectal Cancer Treated With Total Neoadjuvant Therapy.
b4,39845590,2022,10.1016/j.sipas.2022.100096,PMC11749183,pending,"How do they measure up: Assessing the height of rectal cancer with digital rectal exam, endoscopy, and MRI(,)."
b4,36661692,2022,10.3390/curroncol30010043,PMC9857771,pending,"Correlation between Lymphocyte-to-Monocyte Ratio (LMR), Neutrophil-to-Lymphocyte Ratio (NLR), Platelet-to-Lymphocyte Ratio (PLR) and Extramural Vascular Invasion (EMVI) in Locally Advanced Rectal Cancer."
b4,36636070,2022,10.21037/jgo-22-942,PMC9830325,pending,Clinical study on risk factors related to postoperative recurrence or metastasis of rectal cancer: a retrospective cohort study.
b4,36620536,2022,10.3389/fonc.2022.1037783,PMC9814115,pending,The reduction of (18)F-FDG uptake ability of tumor tissue after neoadjuvant chemoradiotherapy in locally advanced rectal cancer can effectively reflect the degree of tumor regression.
b4,36612061,2022,10.3390/cancers15010063,PMC9817513,pending,Role of Machine Learning in Precision Oncology: Applications in Gastrointestinal Cancers.
b4,36605115,2022,10.1016/j.jpi.2022.100152,PMC9808016,pending,Development of a method for digital assessment of tumor regression grade in patients with rectal cancer following neoadjuvant therapy.
b4,36578032,2022,10.1186/s13014-022-02182-4,PMC9795765,pending,The safety of an MRI simulation-guided boost after short-course preoperative radiotherapy for unresectable rectal cancer (SUNRISE): interim analysis of a randomized phase II trial.
b4,36569918,2022,10.3389/fimmu.2022.1067036,PMC9772444,pending,Neoadjuvant chemoradiotherapy combined with immunotherapy for locally advanced rectal cancer: A new era for anal preservation.
b4,36568580,2022,10.3389/frai.2022.1059033,PMC9771385,pending,Interpretable machine learning for predicting pathologic complete response in patients treated with chemoradiation therapy for rectal adenocarcinoma.
b4,36556455,2022,10.3390/life12122088,PMC9782080,pending,Implementation of a Commercial Deep Learning-Based Auto Segmentation Software in Radiotherapy: Evaluation of Effectiveness and Impact on Workflow.
b4,36551723,2022,10.3390/cancers14246238,PMC9777013,pending,Associations between Response to Commonly Used Neo-Adjuvant Schedules in Rectal Cancer and Routinely Collected Clinical and Imaging Parameters.
b4,36515673,2022,10.1093/bjsopen/zrac151,PMC9897192,pending,Indocyanine green for radical lymph node dissection in patients with sigmoid and rectal cancer: randomized clinical trial.
b4,36514053,2022,10.1186/s12957-022-02856-z,PMC9746152,pending,Indocyanine green fluorescence imaging during laparoscopic rectal cancer surgery could reduce the incidence of anastomotic leakage: a single institutional retrospective cohort study.
b4,36505889,2022,10.1007/s13167-022-00303-3,PMC9727035,pending,"Radiomics based on readout-segmented echo-planar imaging (RS-EPI) diffusion-weighted imaging (DWI) for prognostic risk stratification of patients with rectal cancer: a two-centre, machine learning study using the framework of predictive, preventive, and personalized medicine."
b4,36474844,2022,,PMC9720580,pending,Watch and wait for Rectal Cancer: A 9 year Experience.
b4,36465793,2022,10.7759/cureus.30949,PMC9712831,pending,"Tomotherapy: Comparison of Hi-ART, Tomo-HD, and Radixact."
b4,36459257,2022,10.1186/s40792-022-01569-5,PMC9718905,pending,Liver metastasis from rectal neuroendocrine neoplasm detected 15 years after primary resection.
b4,36438036,2022,10.3389/fmed.2022.1039928,PMC9684625,pending,Short-term outcomes of near-infrared imaging using indocyanine green in laparoscopic lateral pelvic lymph node dissection for middle-lower rectal cancer: A propensity score-matched cohort analysis.
b4,36428659,2022,10.3390/cancers14225565,PMC9688812,pending,Features on Endoscopy and MRI after Treatment with Contact X-ray Brachytherapy for Rectal Cancer: Explorative Results.
b4,36420207,2022,10.1016/j.adro.2022.101060,PMC9677216,pending,Factors Affecting Isocenter Displacement and Planning Target Volume Margin for Patients With Rectal Cancer Receiving Radiation Therapy.
b4,36418952,2022,10.1186/s12876-022-02555-9,PMC9685901,pending,Quantitative assessment of the microstructure of the mesorectum with different prognostic statuses by intravoxel incoherent motion diffusion-weighed magnetic resonance imaging.
b4,36418865,2022,10.1038/s41598-022-24187-5,PMC9684139,pending,The clinical experience of the prognosis in opposite CEA and image change after therapy in stage IV colorectal cancer.
b4,36417020,2022,10.1186/s13244-022-01316-2,PMC9684393,pending,Value of texture analysis based on dynamic contrast-enhanced magnetic resonance imaging in preoperative assessment of extramural venous invasion in rectal cancer.
b4,36415832,2022,10.20407/fmj.2021-013,PMC9673079,pending,Heterotopic ossification in primary rectal cancer with squamous cell carcinoma-like differentiation.
b4,36412686,2022,10.3390/tomography8060227,PMC9680346,pending,FDG-PET/MRI for Nonoperative Management of Rectal Cancer: A Prospective Pilot Study.
b4,36404329,2022,10.1186/s12893-022-01840-4,PMC9677663,pending,BMI and pelvimetry help to predict the duration of laparoscopic resection for low and middle rectal cancer.
b4,36388693,2022,10.21037/jgo-22-817,PMC9660069,pending,Locally advanced rectal mucinous adenocarcinoma: is preoperative radiation necessary?
b4,36361712,2022,10.3390/ijms232112923,PMC9656829,pending,Dual Oxidase 2 (DUOX2) as a Proteomic Biomarker for Predicting Treatment Response to Chemoradiation Therapy for Locally Advanced Rectal Cancer: Using High-Throughput Proteomic Analysis and Machine Learning Algorithm.
b4,36348945,2022,10.23922/jarc.2022-047,PMC9613410,pending,Current Status and Future of Robotic Surgery for Colorectal Cancer-An English Version.
b4,36344838,2022,10.1186/s41747-022-00306-9,PMC9640522,pending,NAVIGATOR: an Italian regional imaging biobank to promote precision medicine for oncologic patients.
b4,36338586,2022,10.1002/ags3.12592,PMC9628237,pending,Japanese multicenter prospective study investigating laparoscopic surgery for locally advanced rectal cancer with evaluation of CRM and TME quality (PRODUCT trial).
b4,36338585,2022,10.1002/ags3.12574,PMC9628238,pending,Artificial intelligence-based technology to make a three-dimensional pelvic model for preoperative simulation of rectal cancer surgery using MRI.
b4,36324613,2022,10.1093/gastro/goac058,PMC9619829,pending,Post-operative anastomotic leakage and collagen changes in patients with rectal cancer undergoing neoadjuvant chemotherapy vs chemoradiotherapy.
b4,36313696,2022,10.3389/fonc.2022.1026216,PMC9597310,pending,Artificial intelligence with magnetic resonance imaging for prediction of pathological complete response to neoadjuvant chemoradiotherapy in rectal cancer: A systematic review and meta-analysis.
b4,36309383,2022,10.21873/invivo.13043,PMC9677754,not_found,Survival Analysis Using the Covid-death Mean-imputation (CoDMI) Algorithm: A First Clinical Application in Radiation Oncology.
b4,36308363,2022,10.31557/APJCP.2022.23.10.3387,PMC9924338,pending,Diffusion-Weighted MRI as Non-Invasive Diagnostic Tool for Rectal Cancer Aggressiveness and Correlation with KI-67 Expression in Tumor Tissue.
b4,36307775,2022,10.1186/s12885-022-10147-9,PMC9617324,pending,"Safety, pharmacokinetics and efficacy of SCT200, an anti-EGFR monoclonal antibody in patients with wild-type KRAS/NRAS/BRAF metastatic colorectal cancer: a phase I dose-escalation and dose-expansion study."
b4,36291865,2022,10.3390/cancers14205076,PMC9599928,pending,Radiomic and Volumetric Measurements as Clinical Trial Endpoints-A Comprehensive Review.
b4,36275828,2022,10.3389/fmed.2022.969654,PMC9581143,pending,Ephedrine vs. phenylephrine effect on sublingual microcirculation in elderly patients undergoing laparoscopic rectal cancer surgery.
b4,36268414,2022,10.1016/j.amsu.2022.104693,PMC9577628,pending,"Epidemiology, incidence and treatment of rectal cancer in young women case serie about 11 cases (case series)."
b4,36264440,2022,10.1186/s13244-022-01303-7,PMC9583997,pending,Retrospective evaluation of national MRI reporting quality for lateral lymph nodes in rectal cancer patients and concordance with prospective re-evaluation following additional training.
b4,36263216,2022,10.3389/fonc.2022.941786,PMC9574388,pending,Prognostic value of mesorectal package area in patients with locally advanced rectal cancer following neoadjuvant chemoradiotherapy: A retrospective cohort study.
b4,36251240,2022,10.1007/s13402-022-00725-1,PMC12978108,pending,Distinct tumor microenvironment landscapes of rectal cancer for prognosis and prediction of immunotherapy response.
b4,36243807,2022,10.1007/s00384-022-04268-7,PMC9569175,pending,Optimized tools and timing of response reassessment after neoadjuvant chemoradiation in rectal cancer.
b4,36238289,2022,10.3389/fimmu.2022.1011498,PMC9552175,pending,The immune microenvironment landscape shows treatment-specific differences in rectal cancer patients.
b4,36233780,2022,10.3390/jcm11195912,PMC9573224,pending,Prospective Evaluation of the Quality of Life of Patients after Surgical Treatment of Rectal Cancer: A 12-Month Cohort Observation.
b4,36224480,2022,10.1007/s11605-022-05463-1,PMC9555694,pending,Total Neoadjuvant Therapy Is a Predictor for Complete Pathological Response in Patients Undergoing Surgery for Rectal Cancer.
b4,36199540,2022,10.21147/j.issn.1000-9604.2022.04.06,PMC9468014,pending,Predictors of pathologic complete response in patients with residual flat mucosal lesions after neoadjuvant chemoradiotherapy for locally advanced rectal cancer.
b4,36199484,2022,10.1097/AS9.0000000000000177,PMC9508969,pending,Impact of Care Coordination on the Content of Communication Between Surgeons and Patients With Rectal Cancer.
b4,36199039,2022,10.1186/s12885-022-10124-2,PMC9533537,pending,Association of levels of metabolites with the safe margin of rectal cancer surgery: a metabolomics study.
b4,36187388,2022,10.4251/wjgo.v14.i9.1711,PMC9516640,pending,Consolidation chemotherapy with capecitabine after neoadjuvant chemoradiotherapy in high-risk patients with locally advanced rectal cancer: Propensity score study.
b4,36186705,2022,10.5603/RPOR.a2022.0026,PMC9518781,pending,Shrinkage of the non-malignant prostate gland volume after receiving incidental radiotherapy for rectal cancer.
b4,36185279,2022,10.3389/fonc.2022.945559,PMC9523667,pending,Development and validation of a high-resolution T2WI-based radiomic signature for the diagnosis of lymph node status within the mesorectum in rectal cancer.
b4,36157536,2022,10.3748/wjg.v28.i29.3960,PMC9367222,pending,Radiomics for differentiating tumor deposits from lymph node metastasis in rectal cancer.
b4,36157223,2022,10.1155/2022/4108677,PMC9499766,pending,The Effect of Continuing Chemotherapy after Chemoradiotherapy during the Time to Surgery on Tumor Response and Survival for Local Advanced Rectal Cancer.
b4,36143227,2022,10.3390/jpm12091442,PMC9503780,pending,Assessment of Radiation-Induced Bladder and Bowel Cancer Risks after Conventionally and Hypo-Fractionated Radiotherapy for the Preoperative Management of Rectal Carcinoma.
b4,36106114,2022,10.3389/fonc.2022.881341,PMC9465298,pending,DCE-MRI radiomics models predicting the expression of radioresistant-related factors of LRP-1 and survivin in locally advanced rectal cancer.
b4,36092772,2022,10.1016/j.phro.2022.08.006,PMC9450152,pending,Benchmarking daily adaptation using fully automated radiotherapy treatment plan optimization for rectal cancer.
b5,36090011,2022,10.1016/j.tipsro.2022.08.004,PMC9460551,pending,"Online adaptive MR-guided radiotherapy: Conformity of contour adaptation for prostate cancer, rectal cancer and lymph node oligometastases among radiation therapists and radiation oncologists."
b5,36089588,2022,10.1186/s12957-022-02762-4,PMC9465900,pending,A clinical study of inferior mesenteric artery typing in laparoscopic radical resections with left colonic artery preservation of rectal cancer.
b5,36084094,2022,10.1371/journal.pone.0270887,PMC9462767,pending,Impact of neoadjuvant treatment on rectal gastrointestinal stromal tumors.
b5,36068495,2022,10.1186/s12885-022-09947-w,PMC9446695,pending,"Neoadjuvant FOLFOXIRI prior to chemoradiotherapy for high-risk (""ugly"") locally advanced rectal cancer: study protocol of a single-arm, multicentre, open-label, phase II trial (MEND-IT)."
b5,36063201,2022,10.1007/s00259-022-05936-0,PMC9668962,pending,"Added value of quantitative, multiparametric 18F-FDG PET/MRI in the locoregional staging of rectal cancer."
b5,36057660,2022,10.1186/s12957-022-02750-8,PMC9440490,pending,Computed tomography texture analysis for the prediction of lateral pelvic lymph node metastasis of rectal cancer.
b5,36044045,2022,10.1007/s00384-022-04234-3,PMC9562368,pending,Exploring the impact of urogenital organ displacement after abdominoperineal resection on urinary and sexual function.
b5,36035009,2022,10.21037/atm-22-3498,PMC9403946,pending,Imaging for guiding a more tailored approach in rectal cancer patients.
b5,36033579,2022,10.1155/2022/6623574,PMC9400426,pending,Predicting Mismatch-Repair Status in Rectal Cancer Using Multiparametric MRI-Based Radiomics Models: A Preliminary Study.
b5,36032598,2022,10.26574/maedica.2022.17.2.264,PMC9375885,pending,In Vivo Sentinel Lymph Node Detection with Indocyanine Green in Colorectal Cancer.
b5,36016621,2022,10.3389/fonc.2022.916840,PMC9396285,pending,Pretreatment blood biomarkers combined with magnetic resonance imaging predict responses to neoadjuvant chemoradiotherapy in locally advanced rectal cancer.
b5,36016617,2022,10.3389/fonc.2022.913683,PMC9395725,pending,Review of Radiomics- and Dosiomics-based Predicting Models for Rectal Cancer.
b5,36011082,2022,10.3390/healthcare10081425,PMC9407908,pending,The Prediction of Peritoneal Carcinomatosis in Patients with Colorectal Cancer Using Machine Learning.
b5,36008790,2022,10.1186/s12885-022-10022-7,PMC9414404,pending,The value of diffusion kurtosis imaging and intravoxel incoherent motion quantitative parameters in predicting synchronous distant metastasis of rectal cancer.
b5,36006071,2022,10.3390/tomography8040173,PMC9416446,pending,Performance of Machine Learning and Texture Analysis for Predicting Response to Neoadjuvant Chemoradiotherapy in Locally Advanced Rectal Cancer with 3T MRI.
b5,36003628,2022,10.3389/fpubh.2022.962256,PMC9393343,pending,Global status of research on radiotherapy for rectal cancer: A bibliometric and visual analysis.
b5,36002771,2022,10.1007/s00423-022-02652-z,PMC9722798,pending,Usefulness of CT scan as part of an institutional protocol for proactive leakage management after low anterior resection for rectal cancer.
b5,35997800,2022,10.1007/s00261-022-03636-9,PMC9560929,not_found,Comparison of compressed sensing-sensitivity encoding (CS-SENSE) accelerated 3D T2W TSE sequence versus conventional 3D and 2D T2W TSE sequences in rectal cancer: a prospective study.
b5,35997474,2022,10.5152/dir.2022.201112,PMC9682593,pending,Apparent diffusion coefficient histogram analysis for predicting neoadjuvant chemoradiotherapy response in patients with rectal cancer.
b5,35993526,2022,10.5152/tjg.2022.211103,PMC9524446,pending,Optimizing the Personalized Care for the Management of Rectal Cancer: A Consensus Statement.
b5,35993092,2022,10.1016/j.ctro.2022.07.009,PMC9382364,pending,Nonoperative versus operative approach according to the response to neoadjuvant chemoradiotherapy for rectal cancer: A prospective cohort study.
b5,35992729,2022,10.1117/1.JMI.9.4.044005,PMC9386367,pending,Repeatability and reproducibility of magnetic resonance imaging-based radiomic features in rectal cancer.
b5,35971393,2022,10.2147/CMAR.S377138,PMC9375564,pending,A Tumoral and Peritumoral CT-Based Radiomics and Machine Learning Approach to Predict the Microsatellite Instability of Rectal Carcinoma.
b5,35966387,2022,10.1055/s-0042-1742589,PMC9374526,pending,Surgical Dilemmas Associated with Malignant Large Bowel Obstructions.
b5,35957878,2022,10.3389/fonc.2022.882300,PMC9357897,pending,An MRI-based pelvimetry nomogram for predicting surgical difficulty of transabdominal resection in patients with middle and low rectal cancer.
b5,35954413,2022,10.3390/cancers14153749,PMC9367607,pending,Linear Tumor Regression of Rectal Cancer in Daily MRI during Preoperative Chemoradiotherapy: An Insight of Tumor Regression Velocity for Personalized Cancer Therapy.
b5,35949349,2022,10.3748/wjg.v28.i23.2609,PMC9254137,pending,Whole lesion histogram analysis of apparent diffusion coefficient predicts therapy response in locally advanced rectal cancer.
b5,35944932,2022,10.1136/bmjoq-2021-001716,PMC9367186,pending,Training of radiology specialists in local staging of primary rectal cancer on MRI: a prospective intervention study exploring the impact of various educational elements on the interpretive performance.
b5,35938519,2022,10.1111/ecc.13676,PMC9787908,pending,"Challenges and controversies patients and (health care) professionals experience in managing vaginal, vulvar, penile or anal cancer: The SILENCE study."
b5,35937503,2022,10.18632/oncotarget.28255,PMC9348692,pending,"Chemoradiation-induced alteration of programmed death-ligand 1, CD8+ tumor-infiltrating lymphocytes and mucin expression in rectal cancer."
b5,35924164,2022,10.3389/fonc.2022.875661,PMC9341484,pending,CT-Only Radiotherapy: An Exploratory Study for Automatic Dose Prediction on Rectal Cancer Patients Via Deep Adversarial Network.
b5,35906833,2022,10.1002/jmrs.611,PMC9714497,pending,A pilot study investigating the role of (18) F-FDG-PET in the early identification of chemoradiotherapy response in anal cancer.
b5,35902393,2022,10.1007/s00384-022-04221-8,PMC9388433,pending,Visceral-to-subcutaneous fat ratio exhibits strongest association with early post-operative outcomes in patients undergoing surgery for advanced rectal cancer.
b5,35901658,2022,10.1016/j.ebiom.2022.104165,PMC9334343,pending,Genomic and epigenomic profiles distinguish pulmonary enteric adenocarcinoma from lung metastatic colorectal cancer.
b5,35885506,2022,10.3390/diagnostics12071601,PMC9317842,pending,Are We There Yet? The Value of Deep Learning in a Multicenter Setting for Response Prediction of Locally Advanced Rectal Cancer to Neoadjuvant Chemoradiotherapy.
b5,35880161,2022,10.3389/fonc.2022.930942,PMC9307891,pending,Development and External Validation of a Preoperative Nomogram for Predicting Lateral Pelvic Lymph Node Metastasis in Patients With Advanced Lower Rectal Cancer.
b5,35879754,2022,10.1186/s12893-022-01737-2,PMC9317461,pending,Long-term oncologic outcomes of natural orifice specimen extraction surgery versus conventional laparoscopic-assisted resection in the treatment of rectal cancer: a propensity-score matching study.
b5,35870000,2022,10.1007/s00276-022-02992-x,PMC9378323,pending,3D mesenteric angiogram-based assessment of Arc of Riolan crossing the inferior mesenteric vein: important considerations in high ligation during splenic flexure takedown in anterior resection.
b5,35848736,2022,10.1097/COC.0000000000000931,PMC9311454,pending,Rectosigmoid Cancer-Rectal Cancer or Sigmoid Cancer?
b5,35847948,2022,10.3389/fonc.2022.779030,PMC9279662,pending,Incremental Value of Radiomics in 5-Year Overall Survival Prediction for Stage II-III Rectal Cancer.
b5,35847225,2022,10.3389/fneur.2022.791298,PMC9277124,pending,Brain Network Alterations in Rectal Cancer Survivors With Depression Tendency: Evaluation With Multimodal Magnetic Resonance Imaging.
b5,35845422,2022,10.3389/fbioe.2022.799541,PMC9277544,pending,FRCNet: Feature Refining and Context-Guided Network for Efficient Polyp Segmentation.
b5,35837891,2022,10.1097/SLA.0000000000005589,PMC9463102,not_found,Magnetic Resonance Imaging Directed Surgical Decision Making for Lateral Pelvic Lymph Node Dissection in Rectal Cancer After Total Neoadjuvant Therapy (TNT).
b5,35833997,2022,10.1007/s00384-022-04215-6,PMC9388407,pending,Correction to: Predicting pathologic complete response in locally advanced rectal cancer patients after neoadjuvant therapy: a machine learning model using XGBoost.
b5,35818579,2022,10.2147/IJGM.S364029,PMC9270925,not_found,MMP2 Polymorphisms and Colorectal Cancer Susceptibility in a Chinese Han Population.
b5,35814462,2022,10.3389/fonc.2022.656095,PMC9260027,pending,Diagnostic Performance of Diffusion-Weighted Imaging for Colorectal Cancer Detection: An Updated Systematic Review and Meta-Analysis.
b5,35808871,2022,10.1002/acm2.13712,PMC9512348,pending,Automation of radiation treatment planning for rectal cancer.
b5,35800297,2022,10.1016/j.phro.2022.06.010,PMC9253904,pending,Clinical and radiomics prediction of complete response in rectal cancer pre-chemoradiotherapy.
b5,35791271,2022,10.3238/arztebl.m2022.0254,PMC9743213,pending,Multimodal Treatment of Rectal Cancer.
b5,35784233,2022,10.3389/fpubh.2022.842970,PMC9247333,pending,Analysis of Prognostic Factors of Rectal Cancer and Construction of a Prognostic Prediction Model Based on Bayesian Network.
b5,35782274,2022,10.21037/qims-22-24,PMC9246756,pending,Diagnostic performance of synthetic magnetic resonance imaging in the prognostic evaluation of rectal cancer.
b5,35765038,2022,10.1186/s13014-022-02088-1,PMC9238000,pending,Pelvic U-Net: multi-label semantic segmentation of pelvic organs at risk for radiation therapy anal cancer patients using a deeply supervised shuffle attention convolutional neural network.
b5,35757479,2022,10.1155/2022/1467070,PMC9225873,pending,Prediction Performance of Deep Learning for Colon Cancer Survival Prediction on SEER Data.
b5,35756883,2022,10.1016/j.phro.2022.06.003,PMC9214864,pending,Quantitative analysis of diffusion weighted imaging in rectal cancer during radiotherapy using a magnetic resonance imaging integrated linear accelerator.
b5,35756653,2022,10.3389/fonc.2022.807264,PMC9214314,pending,Deep Learning Model for Predicting the Pathological Complete Response to Neoadjuvant Chemoradiotherapy of Locally Advanced Rectal Cancer.
b5,35747803,2022,10.3389/fonc.2022.846840,PMC9209707,pending,A Dual-Energy CT Radiomics of the Regional Largest Short-Axis Lymph Node Can Improve the Prediction of Lymph Node Metastasis in Patients With Rectal Cancer.
b5,35743581,2022,10.3390/jcm11123511,PMC9224654,pending,Locally Recurrent Rectal Cancer According to a Standardized MRI Classification System: A Systematic Review of the Literature.
b5,35740669,2022,10.3390/cancers14123004,PMC9221458,pending,Ability of Delta Radiomics to Predict a Complete Pathological Response in Patients with Loco-Regional Rectal Cancer Addressed to Neoadjuvant Chemo-Radiation and Surgery.
b5,35738614,2022,10.21873/invivo.12911,PMC9301400,pending,The Role of PPAR-gamma C161T Polymorphism in Colorectal Cancer Susceptibility.
b5,35729587,2022,10.1186/s13014-022-02079-2,PMC9215022,pending,Effect of intrafraction adaptation on PTV margins for MRI guided online adaptive radiotherapy for rectal cancer.
b5,35720004,2022,10.3389/fonc.2022.888680,PMC9204482,pending,Application of Imaging Indicators Based on (18)F-Fluorodeoxyglucose Positron Emission Tomography/Computed Tomography in Colorectal Peritoneal Carcinomatosis.
b5,35715996,2022,10.1002/jmrs.602,PMC9714490,pending,Correcting rotational error in rectal cancer radiation therapy: Can planning target volume margins be safely reduced?
b5,35715848,2022,10.1186/s40644-022-00461-7,PMC9204907,pending,"Native T1 mapping for differentiating the histopathologic type, grade, and stage of rectal adenocarcinoma: a pilot study."
b5,35714069,2022,10.1371/journal.pone.0269931,PMC9205476,pending,Artificial intelligence-based technology for semi-automated segmentation of rectal cancer using high-resolution MRI.
b5,35712519,2022,10.3389/fonc.2022.886101,PMC9197196,pending,"Combining Clinicopathology, IVIM-DWI and Texture Parameters for a Nomogram to Predict Treatment Response to Neoadjuvant Chemoradiotherapy in Locally Advanced Rectal Cancer Patients."
b5,35710951,2022,10.1007/s00261-022-03572-8,PMC10150388,pending,Combined artificial intelligence and radiologist model for predicting rectal cancer treatment response from magnetic resonance imaging: an external validation study.
b5,35707367,2022,10.3389/fonc.2022.682003,PMC9190242,pending,The Preoperative Diagnostic Performance of Multi-Parametric Quantitative Assessment in Rectal Carcinoma: A Preliminary Study Using Synthetic Magnetic Resonance Imaging.
b5,35704090,2022,10.1007/s00384-022-04157-z,PMC9262764,pending,Predicting pathologic complete response in locally advanced rectal cancer patients after neoadjuvant therapy: a machine learning model using XGBoost.
b5,35681783,2022,10.3390/cancers14112802,PMC9179340,pending,Interobserver Reliability and the Sigmoid Takeoff-An Interobserver Study.
b5,35681149,2022,10.1186/s12876-022-02365-z,PMC9185951,pending,Prognosis of incompletely resected small rectal neuroendocrine tumor using endoscope without additional treatment.
b5,35660797,2022,10.1056/NEJMoa2201445,PMC9492301,pending,"PD-1 Blockade in Mismatch Repair-Deficient, Locally Advanced Rectal Cancer."
b5,35659632,2022,10.1186/s12885-022-09729-4,PMC9164501,pending,Prognostic factors for patients with anal cancer treated with conformal radiotherapy-a systematic review.
b5,35656853,2022,10.1111/codi.16212,PMC9701150,pending,Predictors of operative difficulty in robotic low anterior resection for rectal cancer.
b5,35655733,2022,10.1155/2022/1613632,PMC9135567,pending,Evaluation of Nursing Effects of Pelvic Floor Muscle Rehabilitation Exercise on Gastrointestinal Tract Rectal Cancer Patients Receiving Anus-preserving Operation by Intelligent Algorithm-based Magnetic Resonance Imaging.
b5,35646677,2022,10.3389/fonc.2022.801743,PMC9133669,pending,"MRI-Based Radiomics Features to Predict Treatment Response to Neoadjuvant Chemotherapy in Locally Advanced Rectal Cancer: A Single Center, Prospective Study."
b5,35643791,2022,10.1038/s41416-022-01837-z,PMC9427785,pending,Dynamic changes in longitudinal circulating tumour DNA profile during metastatic colorectal cancer treatment.
b5,35629313,2022,10.3390/life12050645,PMC9143650,pending,Use of Image-Guided Surgical Navigation during Resection of Locally Recurrent Rectal Cancer.
b5,35626271,2022,10.3390/diagnostics12051115,PMC9140199,pending,Radiomics and Machine Learning Analysis Based on Magnetic Resonance Imaging in the Assessment of Colorectal Liver Metastases Growth Pattern.
b5,35626015,2022,10.3390/cancers14102411,PMC9139806,pending,The Role of Indocyanine Green Fluorescence in Rectal Cancer Robotic Surgery: A Narrative Review.
b5,35597871,2022,10.1038/s41416-022-01842-2,PMC9381580,pending,Gene-expression profiles of pretreatment biopsies predict complete response of rectal cancer patients to preoperative chemoradiotherapy.
b5,35594280,2022,10.1093/bjsopen/zrac067,PMC9121981,pending,Clinical outcomes of surgical and imatinib treatment for rectal gastrointestinal stromal tumours: retrospective cohort study.
b5,35584082,2022,10.1371/journal.pone.0267950,PMC9116683,pending,Risk factors and economic burden of postoperative anastomotic leakage related events in patients who underwent surgeries for colorectal cancer.
b5,35581479,2022,10.1007/s00330-022-08840-1,PMC9474434,pending,"The awareness of radiologists for the presence of lateral lymph nodes in patients with locally advanced rectal cancer: a single-centre, retrospective cohort study."
b5,35574447,2022,10.3389/fphys.2022.880981,PMC9091815,not_found,Endoscopy-Based Deep Convolutional Neural Network Predicts Response to Neoadjuvant Treatment for Locally Advanced Rectal Cancer.
b5,35566723,2022,10.3390/jcm11092599,PMC9104021,pending,Lymph Nodes Evaluation in Rectal Cancer: Where Do We Stand and Future Perspective.
b5,35565360,2022,10.3390/cancers14092231,PMC9100060,pending,Automated Prediction of the Response to Neoadjuvant Chemoradiotherapy in Patients Affected by Rectal Cancer.
b5,35552373,2022,10.1093/bjsopen/zrac033,PMC9097816,pending,MRI tumour regression grade in locally recurrent rectal cancer.
b5,35545701,2022,10.1007/s00384-022-04174-y,PMC9167202,pending,Factors influencing downstaging after neoadjuvant long-course chemoradiotherapy in rectal carcinoma.
b5,35524234,2022,10.1186/s12885-022-09561-w,PMC9074374,pending,Image-guided navigation for locally advanced primary and locally recurrent rectal cancer: evaluation of its early cost-effectiveness.
b5,35517409,2022,10.7150/jca.69669,PMC9066221,pending,Detecting the Research Trends and Hot Spots in External Irradiation Therapy for Rectal Cancer.
b5,35501512,2022,10.1186/s41747-022-00272-2,PMC9061921,pending,MRI-based radiomics to predict response in locally advanced rectal cancer: comparison of manual and automatic segmentation on external validation in a multicentre study.
b5,35487526,2022,10.1136/bmjopen-2021-049119,PMC9052059,pending,"A Phase II trial of Higher RadiOtherapy Dose In The Eradication of early rectal cancer (APHRODITE): protocol for a multicentre, open-label randomised controlled trial."
b5,35485874,2022,10.1111/cas.15385,PMC9277261,pending,Association of the collagen signature with pathological complete response in rectal cancer patients.
b5,35484597,2022,10.1186/s13014-022-02053-y,PMC9052564,pending,Simulation CT-based radiomics for prediction of response after neoadjuvant chemo-radiotherapy in patients with locally advanced rectal cancer.
b5,35484509,2022,10.1186/s12880-022-00810-9,PMC9052632,pending,Preoperative prediction of extramural venous invasion in rectal cancer by dynamic contrast-enhanced and diffusion weighted MRI: a preliminary study.
b5,35480114,2022,10.3389/fonc.2022.828904,PMC9036372,pending,Preoperative Prediction of Perineural Invasion Status of Rectal Cancer Based on Radiomics Nomogram of Multiparametric Magnetic Resonance Imaging.
b5,35471653,2022,10.1097/MNM.0000000000001570,PMC9177153,pending,18F-FDG-PET/MRI texture analysis in rectal cancer after neoadjuvant chemoradiotherapy.
b5,35470381,2022,10.1093/bjsopen/zrac039,PMC9039122,pending,Mucinous rectal cancers: clinical features and prognosis in a population-based cohort.
b5,35463367,2022,10.3389/fonc.2022.616310,PMC9021692,pending,Percentage of Tumor Invasion at Pretreatment High-Resolution Magnetic Resonance Imaging: Associating With Aggressive and Tumor Response in Chinese T3 Rectal Cancer-Preliminary Results.
b5,35453969,2022,10.3390/diagnostics12040921,PMC9027294,pending,MRI Evaluation of Complete and Near-Complete Response after Neoadjuvant Therapy in Patients with Locally Advanced Rectal Cancer.
b5,35449546,2022,10.1016/j.ctro.2022.04.003,PMC9018120,pending,ACO/ARO/AIO-21 - Capecitabine-based chemoradiotherapy in combination with the IL-1 receptor antagonist anakinra for rectal cancer Patients: A phase I trial of the German rectal cancer study group.
b5,35445815,2022,10.1007/s00066-022-01931-4,PMC9217888,pending,Image-guided high-dose-rate brachytherapy for rectal cancer: technical note and first clinical experience on an organ-preserving approach.
b5,35441209,2022,10.1093/bjsopen/zrac044,PMC9019068,pending,The management of retrorectal tumours: tertiary centre retrospective study.
b5,35439946,2022,10.1186/s12885-022-09518-z,PMC9017030,pending,Machine learning-based multiparametric MRI radiomics for predicting poor responders after neoadjuvant chemoradiotherapy in rectal Cancer patients.
b5,35438444,2022,10.1007/s11864-022-00984-y,PMC9174118,pending,"Robotic Surgery in Rectal Cancer: Potential, Challenges, and Opportunities."
b5,35428290,2022,10.1186/s12893-022-01591-2,PMC9011378,pending,Report of 13-year survival of patients with colon and rectal cancers; lessons from Shiraz colorectal cancer surgery registry system of a level three medical center.
b5,35411227,2022,,PMC8984874,pending,Signet ring cell component predicts the response to neoadjuvant chemoradiotherapy in rectal cancer. Long interim results of a single institution experience.
b5,35407606,2022,10.3390/jcm11071998,PMC8999631,pending,T(1ρ) for Radiotherapy Treatment Response Monitoring in Rectal Cancer Patients: A Pilot Study.
b5,35388140,2022,10.1038/s41416-022-01801-x,PMC9296509,pending,A new magnetic resonance imaging tumour response grading scheme for locally advanced rectal cancer.
b5,35371999,2022,10.3389/fonc.2022.788731,PMC8971285,pending,Comparison of Computed and Acquired DWI in the Assessment of Rectal Cancer: Image Quality and Preoperative Staging.
b5,35368890,2022,10.1155/2022/4061142,PMC8965599,pending,Role of Perirectal Fat in the Carcinogenesis and Development of Early-Onset Rectal Cancer.
b5,35366088,2022,10.1007/s00261-022-03503-7,PMC9189624,pending,Rectal MRI radiomics inter- and intra-reader reliability: should we worry about that?
b5,35340828,2022,10.1016/j.ejro.2022.100415,PMC8942820,pending,Using texture analysis in the development of a potential radiomic signature for early identification of hepatic metastasis in colorectal cancer.
b5,35339339,2022,10.1016/j.suronc.2022.101739,PMC9464708,pending,The importance of MRI for rectal cancer evaluation.
b5,35336825,2022,10.3390/biology11030452,PMC8945327,pending,The Utility of ADC First-Order Histogram Features for the Prediction of Metachronous Metastases in Rectal Cancer: A Preliminary Study.
b5,35325271,2022,10.1007/s00384-022-04103-z,PMC8976819,pending,A multicentre cohort study assessing the utility of routine blood tests as adjuncts to identify complete responders in rectal cancer following neoadjuvant chemoradiotherapy.
b5,35325225,2022,10.1093/oncolo/oyac003,PMC9355805,pending,Phase I Study of Lenvatinib and Capecitabine with External Radiation Therapy in Locally Advanced Rectal Adenocarcinoma.
b5,35325073,2022,10.1093/cid/ciac211,PMC9617575,pending,Automated Evaluation of p16/Ki-67 Dual-Stain Cytology as a Biomarker for Detection of Anal Precancer in Men Who Have Sex With Men and Are Living With Human Immunodeficiency Virus.
b5,35323347,2022,10.3390/curroncol29030147,PMC8947455,pending,Systemic Therapy and Its Surgical Implications in Patients with Resectable Liver Colorectal Cancer Metastases. A Report from the Western Canadian Gastrointestinal Cancer Consensus Conference.
b5,35319077,2022,10.1007/s00330-022-08694-7,PMC9283216,pending,Occurrence of peritoneal carcinomatosis in patients with rectal cancer undergoing staging pelvic MRI: clinical observations.
b5,35317416,2022,10.1109/JTEHM.2022.3156851,PMC8932521,pending,Using Multi-Scale Convolutional Neural Network Based on Multi-Instance Learning to Predict the Efficacy of Neoadjuvant Chemoradiotherapy for Rectal Cancer.
b5,35311135,2022,10.3389/fonc.2022.813138,PMC8927647,pending,The Value of Intravoxel Incoherent Motion Diffusion-Weighted Magnetic Resonance Imaging Combined With Texture Analysis of Evaluating the Extramural Vascular Invasion in Rectal Adenocarcinoma.
b5,35304396,2022,10.1136/bmjopen-2021-055140,PMC8935173,pending,"Non-operative management after chemoradiotherapy plus consolidation or sandwich (induction with bevacizumab and consolidation) chemotherapy in patients with locally advanced rectal cancer: a multicentre, randomised phase II trial (NOMINATE trial)."
b5,35303919,2022,10.1186/s13014-022-02023-4,PMC8932060,pending,Validation of an MRI-only planning workflow for definitive pelvic radiotherapy.
b5,35287607,2022,10.1186/s12880-022-00773-x,PMC8919611,pending,Local tuning of radiomics-based model for predicting pathological response to neoadjuvant chemoradiotherapy in locally advanced rectal cancer.
b5,35284662,2022,10.1016/j.phro.2022.02.014,PMC8908275,pending,Robust extraction of biological information from diffusion-weighted magnetic resonance imaging during radiotherapy using semi-automatic delineation.
b5,35280723,2022,10.3389/fonc.2022.713335,PMC8907660,pending,Combined Detection of RUNX3 and EZH2 in Evaluating Efficacy of Neoadjuvant Therapy and Prognostic Value of Middle and Low Locally Advanced Rectal Cancer.
b5,35277966,2022,10.1093/bjs/znac059,PMC10364750,pending,Accuracy of MRI in early rectal cancer: national cohort study.
b5,35274187,2022,10.1007/s00330-022-08648-z,PMC8913212,pending,Combined PET-CT and MRI for response evaluation in patients with squamous cell anal carcinoma treated with curative-intent chemoradiotherapy.
b5,35244965,2022,10.1002/jmri.28139,PMC9440947,pending,"Editorial for ""Selecting Candidates for Organ-Preserving Strategies After Neoadjuvant Chemoradiotherapy for Rectal Cancer: Development and Validation of a Model Integrating MRI Radiomics and Pathomics""."
b5,35242447,2022,10.1016/j.jpi.2022.100008,PMC8860736,pending,Neural Network Assisted Pathology Case Identification.
b5,35240976,2022,10.2174/1573405618666220303111026,PMC9720879,pending,Complete Response Evaluation of Locally Advanced Rectal Cancer to Neoadjuvant Chemoradiotherapy Using Textural Features Obtained from T2 Weighted Imaging and ADC Maps.
b5,35237107,2022,10.1055/s-0041-1742112,PMC8885162,pending,Transanal Local Excision of Rectal Cancer after Neoadjuvant Chemoradiation: Is There a Place for It or Should Be Avoided at All Costs?
b5,35232427,2022,10.1186/s12885-022-09304-x,PMC8887187,pending,A longitudinal cohort study of watch and wait in complete clinical responders after chemo-radiotherapy for localised rectal cancer: study protocol.
b5,35232375,2022,10.1186/s12880-022-00758-w,PMC8889761,pending,Correction to: Histogram analysis based on multi-parameter MR imaging as a biomarker to predict lymph node metastasis in T3 stage rectal cancer.
b5,35231978,2022,10.7507/1001-5515.201910027,PMC9927749,pending,[A computed tomography image segmentation algorithm for improving the diagnostic accuracy of rectal cancer based on U-net and residual block].
b5,35223087,2022,10.1177/20584601221081292,PMC8874163,pending,MRI interobserver reliability in rectal tumor angulation.
b5,35220979,2022,10.1186/s12957-022-02532-2,PMC8883685,pending,Evaluation of the SYNAPSE VINCENT for lateral lymph node dissection in rectal cancer with robotic surgery: a preliminary report.
b5,35218137,2022,10.1111/codi.16103,PMC9314139,pending,The prognostic value of extramural venous invasion in preoperative MRI of rectal cancer patients.
b5,35216606,2022,10.1186/s12957-021-02460-7,PMC8881874,pending,Skeletal muscle wasting and long-term prognosis in patients undergoing rectal cancer surgery without neoadjuvant therapy.
b5,35216571,2022,10.1186/s12885-022-09217-9,PMC8881858,pending,"Deep-learning model for predicting the survival of rectal adenocarcinoma patients based on a surveillance, epidemiology, and end results analysis."
b5,35212821,2022,10.1007/s00464-022-09090-4,PMC8921163,pending,"UEG and EAES rapid guideline: Systematic review, meta-analysis, GRADE assessment and evidence-informed European recommendations on TaTME for rectal cancer."
b5,35200577,2022,10.3390/curroncol29020078,PMC8871158,pending,Report from the Western Canadian Gastrointestinal Consensus Cancer Conference-Management of Total Neoadjuvant Therapy in Rectal Cancer.
b5,35200561,2022,10.3390/curroncol29020062,PMC8870404,pending,An Evidence-Based Guideline for Surveillance of Patients after Curative Treatment for Colon and Rectal Cancer.
b5,35169218,2022,10.1038/s41598-022-06474-3,PMC8847648,pending,Association between long noncoding RNA rs944289 and rs7990916 polymorphisms and the risk of colorectal cancer in a Chinese population.
b5,35155538,2022,10.3389/fnut.2022.796601,PMC8830534,pending,"Impact of Body Composition During Neoadjuvant Chemoradiotherapy on Complications, Survival and Tumor Response in Patients With Locally Advanced Rectal Cancer."
b5,35144092,2022,10.1016/j.tranon.2022.101352,PMC8844801,pending,"Comparative study of radiomics, tumor morphology, and clinicopathological factors in predicting overall survival of patients with rectal cancer before surgery."
b5,35085099,2022,10.1109/JBHI.2022.3146778,PMC9295632,not_found,RADIomic Spatial TexturAl Descriptor (RADISTAT): Quantifying Spatial Organization of Imaging Heterogeneity Associated With Tumor Response to Treatment.
b5,35065641,2022,10.1186/s12957-022-02488-3,PMC8783503,pending,Advantages of total proctocolectomy with straight ileoanal anastomosis plus pedicled omental transposition for familial adenomatous polyposis: a preliminary study.
b5,35036637,2022,10.1016/j.adro.2021.100867,PMC8749199,pending,Development of an Orthotopic Murine Model of Rectal Cancer in Conjunction With Targeted Short-Course Radiation Therapy.
b5,35033008,2022,10.1186/s12885-021-09158-9,PMC8760695,pending,THUNDER 2: THeragnostic Utilities for Neoplastic DisEases of the Rectum by MRI guided radiotherapy.
b5,35028011,2022,10.18632/oncotarget.28165,PMC8746015,pending,Early detection of treatment futility in patients with metastatic colorectal cancer.
b5,35018217,2022,10.18632/oncotarget.28100,PMC8734641,pending,"The ""Immunoscore"" in rectal cancer: could we search quality beyond quantity of life?"
b5,35001364,2022,10.1002/ijc.33928,PMC9015603,pending,"Impact of two waves of Sars-Cov2 outbreak on the number, clinical presentation, care trajectories and survival of patients newly referred for a colorectal cancer: A French multicentric cohort study from a large group of university hospitals."
b5,34997304,2022,10.1007/s00384-021-04089-0,PMC8885551,pending,Mesenteric occlusive disease of the inferior mesenteric artery is associated with anastomotic leak after left-sided colon and rectal cancer surgery: a retrospective cohort study.
b5,34986842,2022,10.1186/s12957-021-02464-3,PMC8728915,pending,Combination of extramural venous invasion and lateral lymph node size detected with magnetic resonance imaging is a reliable biomarker for lateral lymph node metastasis in patients with rectal cancer.
b5,34895835,2022,10.1016/j.clcc.2021.10.007,PMC8966586,pending,"MRI for Rectal Cancer: Staging, mrCRM, EMVI, Lymph Node Staging and Post-Treatment Response."
b5,34826772,2022,10.1016/j.clinimag.2021.10.005,PMC9119743,not_found,Rectal MRI radiomics for predicting pathological complete response: Where we are.
b5,34811957,2022,10.1002/cam4.4441,PMC8704175,pending,A blind randomized validated convolutional neural network for auto-segmentation of clinical target volume in rectal cancer patients receiving neoadjuvant radiotherapy.
b5,34803147,2022,10.1097/DCR.0000000000002145,PMC8916980,pending,MRI at Restaging After Neoadjuvant Therapy for Rectal Cancer Overestimates Circumferential Resection Margin Proximity as Determined by Comparison With Whole-Mount Pathology.
b5,34753891,2022,10.1097/DCR.0000000000002282,PMC8916959,not_found,Measuring Rectal Cancer Tumor Height: Concordance Between Clinical Examination and MRI.
b5,34717261,2022,10.1016/j.jss.2021.08.037,PMC8712389,pending,Development of an Online Curriculum for Surgeons on the Use of Pelvic Magnetic Resonance Imaging in Rectal Cancer and Results of a Pilot Study.
b5,34642794,2022,10.1007/s00464-021-08685-7,PMC9001548,pending,The use of deep learning on endoscopic images to assess the response of rectal cancer after chemoradiation.
b5,34605968,2022,10.1007/s00261-021-03279-2,PMC9671700,pending,Multi-practice survey on MR imaging practice patterns in rectal cancer in the United States.
b5,34327580,2022,10.1007/s00330-021-08144-w,PMC9018044,pending,MRI radiomics features of mesorectal fat can predict response to neoadjuvant chemoradiation therapy and tumor recurrence in patients with locally advanced rectal cancer.
b5,37636523,2021,10.19080/argh.2021.17.555972,PMC10457021,pending,Stage II/III Rectal Cancer Post-Treatment Surveillance Patterns of Care: A SEER- Medicare Study.
b5,35694154,2021,10.1093/pcmedi/pbab011,PMC8982618,not_found,Combining quantitative and qualitative magnetic resonance imaging features to differentiate anorectal malignant melanoma from low rectal cancer.
b5,35403166,2021,10.21873/cdp.10062,PMC8962870,pending,Risk of Outlet Obstruction Associated With Defunctioning Loop Ileostomy in Rectal Cancer Surgery.
b5,35201442,2021,10.1007/s12672-021-00405-w,PMC8777577,pending,Role of 18F-PET-CT to predict pathological response after neoadjuvant treatment of rectal cancer.
b5,35127518,2021,10.3389/fonc.2021.806749,PMC8813750,pending,Preoperative T and N Restaging of Rectal Cancer After Neoadjuvant Chemoradiotherapy: An Accuracy Comparison Between MSCT and MRI.
b5,35110885,2021,10.1007/s13193-021-01421-6,PMC8764012,pending,Watch and Wait Approach After Neoadjuvant Chemoradiotherapy in Rectal Cancer: Initial Experience in the Indian subcontinent.
b5,35071450,2021,10.21037/atm-21-5658,PMC8756231,not_found,Magnetic resonance neuroimaging promotes the preservation of pelvic autonomic nerves in laparoscopic total mesorectal excision: a comparative study.
b5,35070078,2021,10.4240/wjgs.v13.i12.1754,PMC8727188,pending,Current and future role of three-dimensional modelling technology in rectal cancer surgery: A systematic review.
b5,35070064,2021,10.4240/wjgs.v13.i12.1567,PMC8727185,not_found,Mucinous adenocarcinoma: A unique clinicopathological subtype in colorectal cancer.
b5,35024729,2021,10.47162/RJME.62.2.07,PMC8848272,pending,Assessment of clinical and pathological complete response after neoadjuvant chemoradiotherapy in rectal adenocarcinoma and its therapeutic implications.
b5,34966777,2021,10.3389/fsurg.2021.785313,PMC8710449,pending,Exploring Central Vascular Anatomy With Axial Computed Tomography During Surgery for Sigmoid Colon and Rectal Cancer: New Insights Into the Anatomical Relationship Between the Inferior Mesenteric Artery and the Duodenum.
b5,34956893,2021,10.3389/fonc.2021.774413,PMC8695680,pending,Fractal-Based Radiomic Approach to Tailor the Chemotherapy Treatment in Rectal Cancer: A Generating Hypothesis Study.
b5,34956868,2021,10.3389/fonc.2021.741612,PMC8695495,not_found,Clinical Significance and Prognostic Value of the Maximum Standardized Uptake Value of (18)F-Flurodeoxyglucose Positron Emission Tomography-Computed Tomography in Colorectal Cancer.
b5,34946287,2021,10.3390/medicina57121342,PMC8707820,pending,A Pattern of Care Report on the Management of Patients with Squamous Cell Carcinoma of the Anus-A Study by the Italian Association of Radiotherapy and Clinical Oncology (AIRO) Gastrointestinal Tumors Study Group.
b5,34926566,2021,10.3389/fsurg.2021.752009,PMC8674929,not_found,Comparison of Clinical Efficacy and Safety Between da Vinci Robotic and Laparoscopic Intersphincteric Resection for Low Rectal Cancer: A Meta-Analysis.
b5,34926480,2021,10.3389/fmed.2021.684238,PMC8678047,not_found,A Deep-Learning Pipeline for TSS Coverage Imputation From Shallow Cell-Free DNA Sequencing.
b5,34917505,2021,10.3389/fonc.2021.750922,PMC8670938,not_found,"Commentary: ""Long-Term Outcomes and Prognostic Analysis of Computed Tomography-Guided Radioactive (125) I Seed Implantation for Locally Recurrent Rectal Cancer After External Beam Radiotherapy or Surgery"": Letter to the Editor."
b5,34917137,2021,10.1155/2021/4662061,PMC8670968,pending,Combining CT Images and Clinical Features of Four Periods to Predict Whether Patients Have Rectal Cancer.
b5,34912724,2021,10.3389/fonc.2021.790894,PMC8666428,not_found,A Novel Scoring System for Response of Preoperative Chemoradiotherapy in Locally Advanced Rectal Cancer Using Early-Treatment Blood Features Derived From Machine Learning.
b5,34901474,2021,10.1016/j.phro.2021.10.001,PMC8640865,not_found,Optimisation and validation of an integrated magnetic resonance imaging-only radiotherapy planning solution.
b5,34876924,2021,10.1155/2021/4520450,PMC8645400,not_found,Evaluation of the Risk of Recurrence in Patients with Local Advanced Rectal Tumours by Different Radiomic Analysis Approaches.
b5,34871292,2021,10.12659/MSM.934941,PMC8662961,pending,Diffusion-Weighted Magnetic Resonance Imaging of 103 Patients with Rectal Adenocarcinoma Identifies the Apparent Diffusion Coefficient as an Imaging Marker for Tumor Invasion and Regional Lymph Node Involvement.
b5,34869040,2021,10.3389/fonc.2021.784156,PMC8634258,pending,Development and Validation of an MRI-Based Nomogram Model for Predicting Disease-Free Survival in Locally Advanced Rectal Cancer Treated With Neoadjuvant Radiotherapy.
b5,34868947,2021,10.3389/fonc.2021.747250,PMC8635726,not_found,Deep-Learning-Based Natural Language Processing of Serial Free-Text Radiological Reports for Predicting Rectal Cancer Patient Survival.
b5,34860243,2021,10.1001/jamanetworkopen.2021.36913,PMC8642786,not_found,Identifying Diagnostic MicroRNAs and Investigating Their Biological Implications in Rectal Cancer.
b5,34858841,2021,10.3389/fonc.2021.762444,PMC8632142,pending,Myosteatosis Differentially Affects the Prognosis of Non-Metastatic Colon and Rectal Cancer Patients: An Exploratory Study.
b5,34858808,2021,10.3389/fonc.2021.714948,PMC8630637,pending,The Value of (18)F-FDG PET/CT and Abdominal PET/MRI as a One-Stop Protocol in Patients With Potentially Resectable Colorectal Liver Metastases.
b5,34836989,2021,10.1038/s41598-021-02330-y,PMC8626498,pending,A comparative study of auto-contouring softwares in delineation of organs at risk in lung cancer and rectal cancer.
b5,34829310,2021,10.3390/diagnostics11111964,PMC8625809,pending,Automatic Segmentation of Pelvic Cancers Using Deep Learning: State-of-the-Art Approaches and Challenges.
b5,34815634,2021,10.21147/j.issn.1000-9604.2021.05.07,PMC8580799,not_found,Better prognostic determination of cT3 rectal cancer through measurement of distance to mesorectal fascia: A multicenter study.
b5,34811396,2021,10.1038/s41598-021-01668-7,PMC8608842,pending,Mutational status of plasma exosomal KRAS predicts outcome in patients with metastatic colorectal cancer.
b5,34805260,2021,10.3389/fsurg.2021.745220,PMC8595336,pending,Predicting Survival of Patients With Rectal Neuroendocrine Tumors Using Machine Learning: A SEER-Based Population Study.
b5,34792107,2021,10.1093/bjs/znab388,PMC10364694,not_found,Early response to upfront neoadjuvant chemotherapy (CAPOX) alone in low- and intermediate-risk rectal cancer: a single-arm phase II trial.
b5,34786390,2021,10.12998/wjcc.v9.i30.9077,PMC8567526,pending,Neoadjuvant radiotherapy dose escalation for locally advanced rectal cancers in the new era of radiotherapy: A review of literature.
b5,34785927,2021,10.2147/JIR.S342214,PMC8591410,not_found,Predicting Neoadjuvant Chemoradiotherapy Response in Locally Advanced Rectal Cancer Using Tumor-Infiltrating Lymphocytes Density.
b5,34733785,2021,10.3389/fonc.2021.743540,PMC8560008,pending,Tumor-Infiltrating Cytotoxic T Cells and Tumor-Associated Macrophages Correlate With the Outcomes of Neoadjuvant Chemoradiotherapy for Locally Advanced Rectal Cancer.
b5,34733283,2021,10.3389/fimmu.2021.750407,PMC8558563,pending,New Artificial Intelligence Score and Immune Infiltrates as Prognostic Factors in Colorectal Cancer With Brain Metastases.
b5,34723622,2021,10.1259/bjr.20210350,PMC8631009,pending,Interobserver variability in target volume delineation for CT/MRI simulation and MRI-guided adaptive radiotherapy in rectal cancer.
b5,34722724,2021,10.1159/000514800,PMC8543365,not_found,"Multimodal Treatment of cT3 Rectal Cancer in a Prospective Multi-Center Observational Study: Can Neoadjuvant Chemoradiation Be Omitted in Patients with an MRI-Assessed, Negative Circumferential Resection Margin?"
b5,34720528,2021,10.3748/wjg.v27.i38.6374,PMC8517789,not_found,Intraoperative use of indocyanine green fluorescence imaging in rectal cancer surgery: The state of the art.
b5,34708001,2021,10.3389/fonc.2021.781636,PMC8544257,pending,Corrigendum: Radiomics Analysis of Multi-Sequence MR Images For Predicting Microsatellite Instability Status Preoperatively in Rectal Cancer.
b5,34707015,2021,10.11817/j.issn.1672-7347.2021.200569,PMC10930173,pending,Risks of anastomotic leakage in patients with colorectal cancer after operation and how to effectively avoid it.
b5,34704187,2021,10.1186/s40792-021-01316-2,PMC8548484,pending,A case of laparoscopic partial hepatic S7 resection for postoperative liver metastasis of rectal malignant melanoma.
b5,34691237,2021,10.1155/2021/3854518,PMC8536457,pending,Genetic Algorithm in Data Mining of Colorectal Images.
b5,34687138,2021,10.1002/acm2.13423,PMC8598134,pending,The benefit of MR-only radiotherapy treatment planning for anal and rectal cancers: A planning study.
b5,34686879,2021,10.1093/bjsopen/zrab093,PMC8536864,pending,Organ preservation following short-course radiotherapy for rectal cancer.
b5,34686474,2021,10.1016/S2589-7500(21)00180-1,PMC8609154,pending,Development and validation of a weakly supervised deep learning framework to predict the status of molecular pathways and key mutations in colorectal cancer from routine histology images: a retrospective study.
b5,34684080,2021,10.3390/medicina57101044,PMC8537499,pending,Evaluation and Predictive Factors of Complete Response in Rectal Cancer after Neoadjuvant Chemoradiation Therapy.
b5,34680269,2021,10.3390/cancers13205120,PMC8534180,not_found,Intra- and Interobserver Variability in Magnetic Resonance Imaging Measurements in Rectal Cancer Patients.
b5,34676170,2021,10.3389/fonc.2021.742728,PMC8523984,pending,A Nomogram for Predicting Pathological Complete Response to Neoadjuvant Chemoradiotherapy Using Semiquantitative Parameters Derived From Sequential PET/CT in Locally Advanced Rectal Cancer.
b5,34674666,2021,10.1186/s12885-021-08873-7,PMC8529852,not_found,The efficiency of (18)F-FDG-PET/CT in the assessment of tumor response to preoperative chemoradiation therapy for locally recurrent rectal cancer.
b5,34672343,2021,10.1093/bjsopen/zrab096,PMC8529522,not_found,Impact of nutritional status and body composition on postoperative outcomes after pelvic exenteration for locally advanced and locally recurrent rectal cancer.
b5,34671421,2021,10.1177/17562848211042170,PMC8521411,pending,Treatment in locally advanced rectal cancer: a machine learning bibliometric analysis.
b5,34660266,2021,10.3389/fonc.2021.695726,PMC8515850,not_found,One to Two Cycles of Consolidation Chemotherapy With Capecitabine After Neoadjuvant Chemoradiotherapy Does Not Benefit Low-Risk Patients With Locally Advanced Middle-Low Rectal Cancer.
b5,34660054,2021,10.7759/cureus.17848,PMC8502002,not_found,Telehealth Adaptation for Multidisciplinary Colorectal Cancer Clinic During the COVID-19 Pandemic.
b5,34656100,2021,10.1186/s12894-021-00912-6,PMC8520268,pending,Metal stent for the ureteral stricture after surgery and/or radiation treatment for malignancy.
b5,34646968,2021,10.1016/j.adro.2021.100749,PMC8498733,pending,Optimization of Field Design in the Treatment of Rectal Cancer with Intensity Modulated Proton Beam Radiation Therapy: How Many Fields Are Needed to Account for Rectal Distension Uncertainty?
b5,34646765,2021,10.3389/fonc.2021.710248,PMC8502898,pending,Computed Tomography-Based Radiomics for Preoperative Prediction of Tumor Deposits in Rectal Cancer.
b5,34638278,2021,10.3390/cancers13194793,PMC8507715,pending,Anus-Preserving Surgery in Advanced Low-Lying Rectal Cancer: A Perspective on Oncological Safety of Intersphincteric Resection.
b5,34621477,2021,10.4240/wjgs.v13.i9.1012,PMC8462079,pending,Optimal postoperative surveillance strategies for stage III colorectal cancer.
b5,34616523,2021,10.4251/wjgo.v13.i9.1196,PMC8465444,not_found,Neoadjuvant chemotherapy without radiation as a potential alternative treatment for locally advanced rectal cancer: A meta-analysis.
b5,34589364,2021,10.7759/cureus.17471,PMC8464380,pending,Role of Diffusion-Weighted Imaging in the Evaluation of Post-Treatment Tumor Response in Rectal Carcinoma.
b5,34588755,2021,10.3748/wjg.v27.i33.5610,PMC8433618,pending,Radiomics for predicting perineural invasion status in rectal cancer.
b5,34584334,2021,10.5455/aim.2021.29.113-117,PMC8443141,not_found,MRI Evaluation of Extramural Venous Invasion (EMVI) with Rectal Carcinoma Using High Resolution T2 and Combination of High Resolution T2 and Contrast Enhanced T1 Weighted Imaging.
b5,34567237,2021,10.1155/2021/9976440,PMC8457990,pending,Texture Analysis in the Assessment of Rectal Cancer: Comparison of T2WI and Diffusion-Weighted Imaging.
b5,34565338,2021,10.1186/s12885-021-08773-w,PMC8474828,pending,Artificial intelligence for pre-operative lymph node staging in colorectal cancer: a systematic review and meta-analysis.
b5,34540954,2021,10.12998/wjcc.v9.i24.6987,PMC8409211,not_found,Textural differences based on apparent diffusion coefficient maps for discriminating pT3 subclasses of rectal adenocarcinoma.
b5,34539577,2021,10.3389/fendo.2021.727327,PMC8440966,pending,Comparison of 68Ga-DOTANOC and 18F-FDG PET-CT Scans in the Evaluation of Primary Tumors and Lymph Node Metastasis in Patients With Rectal Neuroendocrine Tumors.
b5,34539134,2021,10.3748/wjg.v27.i32.5306,PMC8409167,pending,Radiomics and machine learning applications in rectal cancer: Current update and future perspectives.
b5,34517303,2021,10.1016/j.clinimag.2021.08.010,PMC8585689,pending,"Meaningful words in rectal MRI synoptic reports: How ""polypoid"" may be prognostic."
b5,34508014,2021,10.1097/DCR.0000000000002122,PMC8820240,not_found,Organ Preservation in Patients with Rectal Cancer Treated with Total Neoadjuvant Therapy.
b5,34485136,2021,10.3389/fonc.2021.701336,PMC8415020,failed,Rectal Tumor Stiffness Quantified by In Vivo Tomoelastography and Collagen Content Estimated by Histopathology Predict Tumor Aggressiveness.
b5,34475997,2021,10.7150/jca.57926,PMC8408126,not_found,(18)F-FDG PET/CT metabolic parameters correlate with EIF2S2 expression status in colorectal cancer.
b5,34471502,2021,10.1016/j.csbj.2021.08.019,PMC8383063,pending,The molecular feature of macrophages in tumor immune microenvironment of glioma patients.
b5,34464382,2021,10.1371/journal.pmed.1003741,PMC8407540,not_found,Utility of ctDNA in predicting response to neoadjuvant chemoradiotherapy and prognosis assessment in locally advanced rectal cancer: A prospective cohort study.
b5,34462657,2021,10.3892/mco.2021.2363,PMC8375047,pending,Monitoring of circulating epithelial tumor cells using the Maintrac(®) method and its potential benefit for the treatment of patients with colorectal cancer.
b5,34450532,2021,10.1016/j.ijscr.2021.106322,PMC8387892,pending,Surgical management of recto-vaginal fistula (about 6 cases).
b5,34448379,2021,10.3348/kjr.2021.0560,PMC8390815,pending,High-Resolution T2-Weighted MRI to Evaluate Rectal Cancer: Why Variations Matter.
b5,34441441,2021,10.3390/diagnostics11081507,PMC8394713,not_found,Watch and Wait Approach for Rectal Cancer Following Neoadjuvant Treatment: The Experience of a High Volume Cancer Center.
b5,34427972,2021,10.1111/codi.15885,PMC9291959,pending,Quantifying displacement of urogenital organs after abdominoperineal resection for rectal cancer.
b5,34420097,2021,10.1186/s13244-021-01063-w,PMC8380206,pending,A preliminary study of synthetic magnetic resonance imaging in rectal cancer: imaging quality and preoperative assessment.
b5,34414105,2021,10.3389/fonc.2021.678441,PMC8369414,pending,Performances of Whole Tumor Texture Analysis Based on MRI: Predicting Preoperative T Stage of Rectal Carcinomas.
b5,34402948,2021,10.1007/s00261-021-03224-3,PMC8502129,not_found,Diagnostic performance of (18)F-fluorodeoxyglucose-PET/MRI versus MRI alone in the diagnosis of pelvic recurrence of rectal cancer.
b5,34399812,2021,10.1186/s13014-021-01876-5,PMC8365937,pending,Sarcopenia and dosimetric parameters in relation to treatment-related leukopenia and survival in anal cancer.
b5,34395262,2021,10.3389/fonc.2021.696706,PMC8358773,pending,Comparable Performance of Deep Learning-Based to Manual-Based Tumor Segmentation in KRAS/NRAS/BRAF Mutation Prediction With MR-Based Radiomics in Rectal Cancer.
b5,34395261,2021,10.3389/fonc.2021.695640,PMC8356670,pending,The Survival Effect of Radiotherapy on Stage II/III Rectal Cancer in Different Age Groups: Formulating Radiotherapy Decision-Making Based on Age.
b5,34386458,2021,10.4174/astr.2021.101.2.93,PMC8331553,not_found,Oncologic comparison between nonradical management and total mesorectal excision in good responders after chemoradiotherapy in patients with mid-to-low rectal cancer.
b5,34373961,2021,10.1186/s13244-021-01055-w,PMC8353037,pending,"Re-staging and follow-up of rectal cancer patients with MR imaging when ""Watch-and-Wait"" is an option: a practical guide."
b5,34370093,2021,10.1186/s13244-021-01023-4,PMC8353019,pending,MRI-detected extramural venous invasion of rectal cancer: Multimodality performance and implications at baseline imaging and after neoadjuvant therapy.
b5,34367318,2021,10.1155/2021/5095940,PMC8346302,not_found,Comparison of Diagnostic Performance between Perfusion-Related Intravoxel Incoherent Motion DWI and Dynamic Contrast-Enhanced MRI in Rectal Cancer.
b5,34337027,2021,10.1155/2021/5566885,PMC8289571,pending,Assessment of MRI-Based Radiomics in Preoperative T Staging of Rectal Cancer: Comparison between Minimum and Maximum Delineation Methods.
b5,34336808,2021,10.3389/fbioe.2021.696251,PMC8317500,not_found,MBFFNet: Multi-Branch Feature Fusion Network for Colonoscopy.
b5,34336663,2021,10.3389/fonc.2021.674253,PMC8322741,not_found,Management of Clinically Involved Lateral Lymph Node Metastasis in Locally Advanced Rectal Cancer: A Radiation Dose Escalation Study.
b5,34335762,2021,10.1155/2021/8585371,PMC8292063,pending,"The Clinical Value of the Combined Detection of Enhanced CT, MRI, CEA, and CA199 in the Diagnosis of Rectal Cancer."
b5,34327411,2021,10.1016/j.lanwpc.2020.100087,PMC8315365,pending,"Quality of life after sphincter preservation surgery or abdominoperineal resection for low rectal cancer (ASPIRE): A long-term prospective, multicentre, cohort study."
b5,34327144,2021,10.3389/fonc.2021.709070,PMC8315047,not_found,Magnetic Resonance Imaging Evaluation of the Accuracy of Various Lymph Node Staging Criteria in Rectal Cancer: A Systematic Review and Meta-Analysis.
b5,34323052,2021,10.12182/20210460201,PMC10409384,not_found,[Application of Automated Machine Learning Based on Radiomics Features of T2WI and RS-EPI DWI to Predict Preoperative T Staging of Rectal Cancer].
b5,34321845,2021,10.3748/wjg.v27.i25.3802,PMC8291019,not_found,Emerging applications of radiomics in rectal cancer: State of the art and future perspectives.
b5,34307164,2021,10.3389/fonc.2021.697497,PMC8293900,not_found,Radiomics Analysis of Multi-Sequence MR Images For Predicting Microsatellite Instability Status Preoperatively in Rectal Cancer.
b5,34301300,2021,10.1186/s13014-021-01866-7,PMC8305875,not_found,Feasibility of Conebeam CT-based online adaptive radiotherapy for neoadjuvant treatment of rectal cancer.
b5,34298803,2021,10.3390/cancers13143590,PMC8303203,not_found,Radiomics in the Setting of Neoadjuvant Radiotherapy: A New Approach for Tailored Treatment.
b5,34298695,2021,10.3390/cancers13143480,PMC8305437,pending,Improvement in the Assessment of Response to Preoperative Chemoradiotherapy for Rectal Cancer Using Magnetic Resonance Imaging and a Multigene Biomarker.
b5,34295545,2021,10.21037/jgo-20-436,PMC8261311,pending,Machine learning-based random forest predicts anastomotic leakage after anterior resection for rectal cancer.
b5,34285586,2021,10.2147/CMAR.S311501,PMC8286103,not_found,Predicting Response to Total Neoadjuvant Treatment (TNT) in Locally Advanced Rectal Cancer Based on Multiparametric Magnetic Resonance Imaging: A Retrospective Study.
b5,34285284,2021,10.1038/s41598-021-94244-y,PMC8292501,pending,Laparoscopic intraarterial catheterization with selective ICG fluorescence imaging in colorectal surgery.
b5,34277445,2021,10.3389/fonc.2021.698427,PMC8281887,not_found,Predicting Treatment Response of Neoadjuvant Chemoradiotherapy in Locally Advanced Rectal Cancer Using Amide Proton Transfer MRI Combined With Diffusion-Weighted Imaging.
b5,34269805,2021,10.1001/jamanetworkopen.2021.17536,PMC8285735,pending,High-Intensity vs Low-Intensity Knowledge Translation Interventions for Surgeons and Their Association With Process and Outcome Measures Among Patients Undergoing Rectal Cancer Surgery.
b5,34258404,2021,10.1016/j.phro.2021.03.003,PMC8254202,pending,Multi-parametric magnetic resonance imaging assessment of whole tumour heterogeneity for chemoradiotherapy response prediction in rectal cancer.
b5,34249757,2021,10.3389/fonc.2021.697995,PMC8264432,pending,Clinical Implementation of Automated Treatment Planning for Rectum Intensity-Modulated Radiotherapy Using Voxel-Based Dose Prediction and Post-Optimization Strategies.
b5,34239446,2021,10.3389/fphys.2021.641290,PMC8257958,pending,"The New Concept of Physiological ""Riolan's Arch"" and the Reconstruction Mechanism of Pathological Riolan's Arch After High Ligation of the Inferior Mesenteric Artery by CT Angiography-Based Small Vessel Imaging."
b5,34233606,2021,10.1186/s12876-021-01851-0,PMC8262029,pending,Comparing neoadjuvant long-course chemoradiotherapy with short-course radiotherapy in rectal cancer.
b5,34222567,2021,10.1016/j.reth.2021.05.003,PMC8220312,not_found,A study on the clinical application of greater omental pedicle flap transplantation to correct anterior resection syndrome in patients with low rectal cancer.
b5,34215310,2021,10.1186/s13017-021-00378-9,PMC8254305,pending,"Multidisciplinary management of elderly patients with rectal cancer: recommendations from the SICG (Italian Society of Geriatric Surgery), SIFIPAC (Italian Society of Surgical Pathophysiology), SICE (Italian Society of Endoscopic Surgery and new technologies), and the WSES (World Society of Emergency Surgery) International Consensus Project."
b5,34211077,2021,10.1038/s41598-021-93160-5,PMC8249635,not_found,Time-frequency time-space long short-term memory networks for image classification of histopathological tissue.
b5,34202891,2021,10.3390/cancers13133166,PMC8269103,pending,High-Risk Clinicopathological and Genetic Features and Outcomes in Patients Receiving Neoadjuvant Radiochemotherapy for Locally Advanced Rectal Cancer.
b5,34192475,2021,10.1259/bjr.20201139,PMC8764912,not_found,"A first radiotherapy application of functional bulboclitoris anatomy, a novel female sexual organ-at-risk, and organ-sparing feasibility study."
b5,34184127,2021,10.1007/s00384-021-03986-8,PMC8426255,pending,Apparent diffusion coefficient cannot discriminate metastatic and non-metastatic lymph nodes in rectal cancer: a meta-analysis.
b5,34174109,2021,10.1111/his.14438,PMC8845517,pending,Stromal composition predicts recurrence of early rectal cancer after local excision.
b5,34163249,2021,10.2147/CMAR.S313113,PMC8214524,pending,Nomogram to Predict Distant Metastasis Probability for Pathological Complete Response Rectal Cancer Patients After Neoadjuvant Chemoradiotherapy.
b5,34162410,2021,10.1186/s13014-021-01837-y,PMC8220801,not_found,The dosimetric impact of deep learning-based auto-segmentation of organs at risk on nasopharyngeal and rectal cancer.
b5,34157487,2021,10.1016/j.ebiom.2021.103442,PMC8237293,pending,Deep learning radiomics-based prediction of distant metastasis in patients with locally advanced rectal cancer after neoadjuvant chemoradiotherapy: A multicentre study.
b5,34155222,2021,10.1038/s41598-021-92118-x,PMC8217562,not_found,Prognostic value of metabolic parameters on (18)F-fluorodeoxyglucose positron tomography/computed tomography in classical rectal adenocarcinoma.
b5,34136391,2021,10.3389/fonc.2021.655325,PMC8201514,not_found,MV CBCT-Based Synthetic CT Generation Using a Deep Learning Method for Rectal Cancer Adaptive Radiotherapy.
b5,34132075,2021,10.3348/kjr.2020.1403,PMC8390818,not_found,How to Combine Diffusion-Weighted and T2-Weighted Imaging for MRI Assessment of Pathologic Complete Response to Neoadjuvant Chemoradiotherapy in Patients with Rectal Cancer?
b5,34109120,2021,10.3389/fonc.2021.670156,PMC8180870,not_found,Quantitative T2*-Weighted Imaging and Reduced Field-of-View Diffusion-Weighted Imaging of Rectal Cancer: Correlation of R2* and Apparent Diffusion Coefficient With Histopathological Prognostic Factors.
b5,34098631,2021,10.3393/ac.2021.03.15,PMC8566143,not_found,The Effect of Anastomotic Leakage on the Incidence and Severity of Low Anterior Resection Syndrome in Patients Undergoing Proctectomy: A Propensity Score Matching Analysis.
b5,34093918,2021,10.5114/pjr.2021.105607,PMC8147714,pending,Single-centre evaluation and staging of rectal carcinoma on a 3-Tesla magnetic resonance imaging and correlation with histological profile.
b5,34081158,2021,10.1007/s00261-021-03137-1,PMC8435521,not_found,A radiomics-based nomogram for preoperative T staging prediction of rectal cancer.
b5,34079725,2021,10.21037/qims-20-1049,PMC8107309,pending,A magnetic resonance imaging (MRI)-based nomogram for predicting lymph node metastasis in rectal cancer: a node-for-node comparative study of MRI and histopathology.
b5,34079717,2021,10.21037/qims-20-525,PMC8107313,not_found,Deep transfer learning based on magnetic resonance imaging can improve the diagnosis of lymph node metastasis in patients with rectal cancer.
b5,34075899,2021,10.1097/CM9.0000000000001483,PMC8183759,pending,Chinese guideline for the application of rectal cancer staging recognition systems based on artificial intelligence platforms (2021 edition).
b5,34057809,2021,10.1111/codi.15764,PMC8518052,pending,The importance of rectal contrast in CT assessment to detect anastomotic leakage after colorectal surgery.
b5,34041033,2021,10.3389/fonc.2021.671354,PMC8141802,not_found,Radiomics Based on T2-Weighted Imaging and Apparent Diffusion Coefficient Images for Preoperative Evaluation of Lymph Node Metastasis in Rectal Cancer Patients.
b5,34039436,2021,10.1186/s40644-021-00408-4,PMC8157664,pending,High resolution MRI-based radiomic nomogram in predicting perineural invasion in rectal cancer.
b5,34030644,2021,10.1186/s12876-021-01821-6,PMC8142474,pending,Endoscopic mucosal resection: still a reliable therapeutic option for gastrointestinal neuroendocrine tumors.
b5,34026605,2021,10.3389/fonc.2021.614052,PMC8138318,pending,MRI Radiomics Signature as a Potential Biomarker for Predicting KRAS Status in Locally Advanced Rectal Cancer Patients.
b5,34025732,2021,10.5114/jcb.2021.103582,PMC8117706,pending,Dosimetric comparison of computed tomography-guided iodine-125 seed implantation assisted with and without three-dimensional printing non-coplanar template in locally recurrent rectal cancer: a propensity score matching study.
b5,34003118,2021,10.5152/dir.2021.19677,PMC8136527,pending,Radiomics signature as a new biomarker for preoperative prediction of neoadjuvant chemoradiotherapy response in locally advanced rectal cancer.
b5,33976755,2021,10.1155/2021/6668885,PMC8087471,not_found,Nursing of Gastrointestinal Peristalsis Function Recovery after Abdominal Mirror Surgery for Rectal Cancer Patients Based on Intelligent Electronic Medicine.
b5,33963688,2021,10.1002/cam4.3957,PMC8209621,not_found,Development and validation of MRI-based deep learning models for prediction of microsatellite instability in rectal cancer.
b5,33948299,2021,10.5603/RPOR.a2021.0004,PMC8086711,pending,Pretreatment CT and PET radiomics predicting rectal cancer patients in response to neoadjuvant chemoradiotherapy.
b5,33941817,2021,10.1038/s41598-021-88831-2,PMC8093213,not_found,Preoperative prediction of perineural invasion with multi-modality radiomics in rectal cancer.
b5,33937558,2021,10.23922/jarc.2020-084,PMC8084536,pending,Identification of Patients with Locally Advanced Rectal Cancer in Whom Preoperative Radiotherapy Can Be Omitted: A Multicenter Retrospective Study at Yokohama Clinical Oncology Group (YCOG1307).
b5,33936322,2021,10.1155/2021/5565902,PMC8055408,pending,Application of Field-of-View Optimized and Constrained Undistorted Single Shot (FOCUS) with Intravoxel Incoherent Motion (IVIM) in 3T in Locally Advanced Rectal Cancer.
b5,33927293,2021,10.1038/s41598-021-88790-8,PMC8085046,pending,Comparison of natural orifice specimen extraction surgery and conventional laparoscopic-assisted resection in the treatment effects of low rectal cancer.
b5,33925250,2021,10.3390/cancers13092135,PMC8125446,pending,Structured Reporting of Rectal Cancer Staging and Restaging: A Consensus Proposal.
b5,33924854,2021,10.3390/diagnostics11050795,PMC8146691,pending,The Heterogeneity of Skewness in T2W-Based Radiomics Predicts the Response to Neoadjuvant Chemoradiotherapy in Locally Advanced Rectal Cancer.
b5,33898901,2021,10.1016/j.vgie.2020.12.001,PMC8058509,pending,Endoscopic submucosal dissection of early-stage rectal cancer using full-time red dichromatic imaging to minimize and avoid significant bleeding.
b5,33888074,2021,10.1186/s12885-021-08187-8,PMC8063376,pending,Patterns of pathologic lymph nodes in anal cancer: a PET-CT-based analysis with implications for radiotherapy treatment volumes.
b5,33882087,2021,10.1371/journal.pone.0249433,PMC8059798,not_found,T-staging of rectal cancer: Utility of single-shot turbo spin-echo diffusion-weighted imaging with T2-weighted images and fusion images.
b5,33849560,2021,10.1186/s12957-021-02222-5,PMC8045315,pending,Discrepancy between surgeon and radiological assessment of ligation level of the inferior mesenteric artery in patients operated for rectal cancer-impacting registry-based research and surgical practice.
b5,33842316,2021,10.3389/fonc.2021.610338,PMC8033032,not_found,Machine Learning-Based Radiomics Nomogram for Detecting Extramural Venous Invasion in Rectal Cancer.
b5,33838677,2021,10.1186/s12893-021-01191-6,PMC8035779,not_found,ICG fluorescence imaging in colorectal surgery: a snapshot from the ICRAL study group.
b5,33837843,2021,10.1007/s00259-021-05318-y,PMC8712298,pending,FDG-PET/CT in colorectal cancer: potential for vascular-metabolic imaging to provide markers of prognosis.
b5,33833581,2021,10.2147/CMAR.S298907,PMC8021267,pending,Histogram Analysis of Diffusion-Weighted Magnetic Resonance Imaging as a Biomarker to Predict Lymph Node Metastasis in T3 Stage Rectal Carcinoma.
b5,33825830,2021,10.1042/BSR20204136,PMC8062955,not_found,Association analysis of miRNA-related genetic polymorphisms in miR-143/145 and KRAS with colorectal cancer susceptibility and survival.
b5,33799475,2021,10.3390/diagnostics11030516,PMC8002064,pending,"CEA, EpCAM, αvβ6 and uPAR Expression in Rectal Cancer Patients with a Pathological Complete Response after Neoadjuvant Therapy."
b5,33797468,2021,10.1097/CM9.0000000000001401,PMC8104246,not_found,Establishment and clinical application value of an automatic diagnosis platform for rectal cancer T-staging based on a deep neural network.
b5,33786121,2021,10.5114/wiitm.2020.100880,PMC7991955,pending,Psoas density - an optimal sarcopaenic indicator associated with postoperative complications after colorectal resection for cancer?
b5,33779742,2021,10.1001/jamanetworkopen.2021.3304,PMC8008289,not_found,Assessment of Simulated SARS-CoV-2 Infection and Mortality Risk Associated With Radiation Therapy Among Patients in 8 Randomized Clinical Trials.
b5,33763362,2021,10.3389/fonc.2021.626626,PMC7982570,not_found,Establishment and Clinical Application of an Artificial Intelligence Diagnostic Platform for Identifying Rectal Cancer Tumor Budding.
b5,33759582,2021,10.1148/radiol.2021210261,PMC8103911,not_found,High-Precision Assessment of Chemoradiotherapy of Rectal Cancer with Near-Infrared Photoacoustic Microscopy and Deep Learning.
b5,33747528,2021,10.1093/gastro/goaa083,PMC7962745,not_found,Transanal vs laparoscopic total mesorectal excision for rectal cancer: a multicenter randomized phase III clinical trial (TaLaR trial) protocol.
b5,33742231,2021,10.1007/s00268-021-06062-y,PMC8516158,pending,Patient Acceptance of Routine Serial Postoperative Endoscopy Following Low Anterior Resection (LAR) and Its Ability to Detect Biomarkers in Anastomotic Lavage Fluid.
b5,33742219,2021,10.1007/s00261-021-03012-z,PMC9318350,pending,Correction to: Bone lesions on baseline staging rectal MRI: prevalence and significance in patients with rectal adenocarcinoma.
b5,33710416,2021,10.1007/s00432-021-03570-1,PMC8484095,pending,Vascular calcification and response to neoadjuvant therapy in locally advanced rectal cancer: an exploratory study.
b5,33708844,2021,10.21037/atm-20-4040,PMC7940951,not_found,Preliminary results of simultaneous integrated boost intensity-modulated radiation therapy based neoadjuvant chemoradiotherapy on locally advanced rectal cancer with clinically suspected positive lateral pelvic lymph nodes.
b5,33686457,2021,10.1007/s00259-021-05193-7,PMC8426298,pending,(18)F FDG PET/MRI with hepatocyte-specific contrast agent for M staging of rectal cancer: a primary economic evaluation.
b5,33686147,2021,10.1038/s41598-021-84816-3,PMC7940398,pending,MRI-based clinical-radiomics model predicts tumor response before treatment in locally advanced rectal cancer.
b5,33616737,2021,10.1007/s00384-021-03887-w,PMC8279988,pending,The middle rectal artery detected by contrast-enhanced magnetic resonance imaging predicts lateral lymph node metastasis in lower rectal cancer.
b5,33616168,2021,10.1093/jrr/rraa144,PMC8127672,pending,The dosimetry evaluation of 3D printing non-coplanar template-assisted CT-guided 125I seed stereotactic ablation brachytherapy for pelvic recurrent rectal cancer after external beam radiotherapy.
b5,33593304,2021,10.1186/s12880-021-00560-0,PMC7885409,pending,Evaluating treatment response to neoadjuvant chemoradiotherapy in rectal cancer using various MRI-based radiomics models.
b5,33591799,2021,10.1259/bjr.20201221,PMC8010537,pending,MRI-defined high-risk rectal cancer patients: outcome comparison between neoadjuvant chemoradiotherapy plus TME and TME plus adjuvant chemotherapy or TME alone.
b5,33569436,2021,10.21037/atm-20-7673,PMC7867944,not_found,Development and validation of magnetic resonance imaging-based radiomics models for preoperative prediction of microsatellite instability in rectal cancer.
b5,33542427,2021,10.1038/s41598-021-82749-5,PMC7862493,pending,Evaluation of dose-volume histogram prediction for organ-at risk and planning target volume based on machine learning.
b5,33533932,2021,10.1001/jamanetworkopen.2020.36330,PMC7859847,not_found,Association of Transanal Total Mesorectal Excision With Local Recurrence of Rectal Cancer.
b5,33517562,2021,10.1007/s12149-021-01580-0,PMC7902586,pending,[18F]FDG PET/MRI in rectal cancer.
b5,33481641,2021,10.1259/bjr.20200931,PMC8010550,pending,Sexual organ-sparing with hydrogel spacer injections for rectal cancer radiotherapy: a feasibility pilot study.
b5,33472660,2021,10.1186/s13014-020-01738-6,PMC7819172,pending,Apparent diffusion coefficient for the prediction of tumor response to neoadjuvant chemo-radiotherapy in locally advanced rectal cancer.
b5,33468176,2021,10.1186/s13014-021-01746-0,PMC7816381,pending,The watch-and-wait strategy versus surgical resection for rectal cancer patients with a clinical complete response after neoadjuvant chemoradiotherapy.
b5,33466369,2021,10.3390/diagnostics11010073,PMC7824834,not_found,The Feasibility of Patient-Specific Circulating Tumor DNA Monitoring throughout Multi-Modality Therapy for Locally Advanced Esophageal and Rectal Cancer: A Potential Biomarker for Early Detection of Subclinical Disease.
b5,33436026,2021,10.1186/s13014-020-01741-x,PMC7805032,not_found,Clinical predictors of pathological good response in locally advanced rectal cancer.
b5,33430884,2021,10.1186/s12957-020-02118-w,PMC7802280,pending,Prognostic significance of enlarged paraaortic lymph nodes detected during left-sided colorectal cancer surgery: a single-center retrospective cohort study.
b5,33423883,2021,10.1016/j.clon.2020.12.011,PMC7985673,not_found,Intensity-modulated Radiotherapy for Rectal Cancer in the UK in 2020.
b5,33420827,2021,10.1007/s00595-020-02211-3,PMC8215037,not_found,MRI pelvimetry-based evaluation of surgical difficulty in laparoscopic total mesorectal excision after neoadjuvant chemoradiation for male rectal cancer.
b5,33336086,2021,10.1016/j.ctro.2020.11.016,PMC7732969,pending,1.5 T MR-linac planning study to compare two different strategies of rectal boost irradiation.
b5,33264638,2021,10.1016/j.radonc.2020.11.027,PMC8050018,not_found,"Multicentre, deep learning, synthetic-CT generation for ano-rectal MR-only radiotherapy treatment planning."
b5,33263225,2021,10.1002/cam4.3628,PMC7877354,pending,Prediction of the World Health Organization Grade of rectal neuroendocrine tumors based on CT histogram analysis.
b5,33230658,2021,10.1007/s00384-020-03802-9,PMC8026460,pending,3D pelvimetry and biometric measurements: a surgical perspective for colorectal resections.
b5,33184703,2021,10.1007/s00384-020-03796-4,PMC7661177,pending,Bioaerosols during transanal minimally invasive surgery.
b5,33174810,2021,10.1148/radiol.2020203975,PMC7771988,not_found,Submucosal Enhancing Stripe: An Important Contrast-enhanced MRI Feature for Staging of Rectal Cancers.
b5,33156126,2021,10.1097/RLI.0000000000000741,PMC7722468,pending,The Role of Magnetic Resonance Imaging in (Future) Cancer Staging: Note the Nodes.
b5,32926212,2021,10.1007/s00261-020-02718-w,PMC7946648,not_found,Does microenema administration improve the quality of DWI sequences in rectal MRI?
b5,32462386,2021,10.1007/s00261-020-02594-4,PMC7864832,pending,3.0 T MRI IVIM-DWI for predicting the efficacy of neoadjuvant chemoradiation for locally advanced rectal cancer.
b5,33680919,2020,10.3389/fonc.2020.585767,PMC7930475,pending,Multiregional-Based Magnetic Resonance Imaging Radiomics Combined With Clinical Data Improves Efficacy in Predicting Lymph Node Metastasis of Rectal Cancer.
b5,33643920,2020,10.3389/fonc.2020.625459,PMC7907590,not_found,Which Definition of Upper Rectal Cancer Is Optimal in Selecting Stage II or III Rectal Cancer Patients to Avoid Postoperative Adjuvant Radiation?
b5,33628729,2020,10.3389/fonc.2020.594182,PMC7899045,not_found,Artificial Intelligence in Decision-Making for Colorectal Cancer Treatment Strategy: An Observational Study of Implementing Watson for Oncology in a 250-Case Cohort.
b5,33614500,2020,10.3389/fonc.2020.616721,PMC7886996,pending,An Artificial Intelligence-Based Full-Process Solution for Radiotherapy: A Proof of Concept Study on Rectal Cancer.
b5,33552943,2020,10.3389/fonc.2020.540096,PMC7859443,pending,Long-Term Outcomes and Prognostic Analysis of Computed Tomography-Guided Radioactive (125)I Seed Implantation for Locally Recurrent Rectal Cancer After External Beam Radiotherapy or Surgery.
b5,33537238,2020,10.3389/fonc.2020.609313,PMC7848147,pending,Role of Preoperative Chemoradiotherapy in Clinical Stage II/III Rectal Cancer Patients Undergoing Total Mesorectal Excision: A Retrospective Propensity Score Analysis.
b5,33379270,2020,10.3390/jcm10010072,PMC7795301,not_found,Initial Experience with the Safe Implementation of Transanal Total Mesorectal Excision (TaTME) as a Standardized Procedure for Low Rectal Cancer.
b5,33344243,2020,10.3389/fonc.2020.595012,PMC7744725,pending,Delta Radiomics Can Predict Distant Metastasis in Locally Advanced Rectal Cancer: The Challenge to Personalize the Cure.
b5,33305090,2020,10.1016/j.adro.2020.04.016,PMC7718560,pending,MRI Radiomics for Prediction of Tumor Response and Downstaging in Rectal Cancer Patients after Preoperative Chemoradiation.
b5,33300090,2020,10.1186/s40792-020-01090-7,PMC7726059,not_found,Breast metastasis from pelvic high-grade serous adenocarcinoma: a report of two cases.
b5,33287114,2020,10.3390/cancers12123611,PMC7761666,not_found,Neoadjuvant Chemotherapy in Locally Advanced Rectal Cancer.
b5,33281411,2020,10.1007/s13193-020-01218-z,PMC7714814,pending,Can Post-Treatment MRI Features Predict Pathological Circumferential Resection Margin (pCRM) Involvement in Low Rectal Tumors.
b5,33256671,2020,10.1186/s12885-020-07613-7,PMC7706015,pending,Three-dimensional (3D) magnetic resonance volume assessment and loco-regional failure in anal cancer: early evaluation case-control study.
b5,33253194,2020,10.1371/journal.pone.0242597,PMC7704000,pending,Association of visual and quantitative heterogeneity of 18F-FDG PET images with treatment response in locally advanced rectal cancer: A feasibility study.
b5,33238384,2020,10.3390/cancers12113478,PMC7700214,pending,"Total Pelvic Exenteration, Cytoreductive Surgery, and Hyperthermic Intraperitoneal Chemotherapy for Rectal Cancer with Associate Peritoneal Metastases: Surgical Strategies to Optimize Safety."
b5,33223969,2020,10.1055/s-0040-1714238,PMC7671851,pending,"Japanese Evidences on Nerve-Preserving Lateral Pelvic Lymh Node Dissection for Rectal Cancer: Major Historical Milestones and Clinical Impact: The Past, Present and Future."
b5,33194696,2020,10.3389/fonc.2020.577653,PMC7653406,not_found,Potential of miR-21 to Predict Incomplete Response to Chemoradiotherapy in Rectal Adenocarcinoma.
b5,33194680,2020,10.3389/fonc.2020.574337,PMC7658629,pending,A Deep Learning Model to Predict the Response to Neoadjuvant Chemoradiotherapy by the Pretreatment Apparent Diffusion Coefficient Images of Locally Advanced Rectal Cancer.
b5,33194651,2020,10.3389/fonc.2020.568012,PMC7658813,pending,Gut Fecal Microbiota Transplant in a Mouse Model of Orthotopic Rectal Cancer.
b5,33194091,2020,10.4240/wjgs.v12.i10.425,PMC7642346,pending,Narrow pelvic inlet plane area and obesity as risk factors for anastomotic leakage after intersphincteric resection.
b5,33178735,2020,10.1159/000510488,PMC7590750,pending,Biology-and Location-Oriented Precision Treatment of Rectal Cancer: Present and Future.
b5,33172475,2020,10.1186/s13014-020-01695-0,PMC7656724,pending,Recent advances in (chemo-)radiation therapy for rectal cancer: a comprehensive review.
b5,33158448,2020,10.1186/s12957-020-02068-3,PMC7648421,pending,Metastasis to lateral lymph nodes with no mesenteric lymph node involvement in low rectal cancer: a retrospective case series.
b5,33154671,2020,10.2147/CMAR.S270727,PMC7608140,not_found,Diameter of Superior Rectal Vein - CT Predictor of KRAS Mutation in Rectal Carcinoma.
b5,33129352,2020,10.1186/s40644-020-00347-6,PMC7603757,pending,Rectal cancer: a methodological approach to matching PET/MRI to histopathology.
b5,33117678,2020,10.3389/fonc.2020.537532,PMC7578261,pending,Modern MR Imaging Technology in Rectal Cancer; There Is More Than Meets the Eye.
b5,33102780,2020,10.1002/jgh3.12357,PMC7578318,pending,Rectal stenosis due to solitary pelvic recurrence of hilar cholangiocarcinoma.
b5,33100931,2020,10.1155/2020/2164509,PMC7576354,pending,Preoperatively Grading Rectal Cancer with the Combination of Intravoxel Incoherent Motions Imaging and Diffusion Kurtosis Imaging.
b5,33083648,2020,10.1016/j.adro.2020.05.004,PMC7557137,not_found,Clinical Implementation of Preoperative Short-Course Pencil Beam Scanning Proton Therapy for Patients With Rectal Cancer.
b5,33080736,2020,10.1097/MD.0000000000022746,PMC7571887,pending,MR prediction of pathologic complete response and early-stage rectal cancer after neoadjuvant chemoradiation in patients with clinical T1/T2 rectal cancer for organ saving strategy.
b5,33060876,2020,10.30476/ijms.2020.72735.0,PMC7519398,pending,Prognostic Factors Affecting Short- and Long-Term Recurrence-Free Survival of Patients with Rectal Cancer using Cure Models: A Cohort Study.
b5,33059647,2020,10.1186/s12893-020-00890-w,PMC7565357,pending,IMARI: multi-Interventional program for prevention and early Management of Anastomotic leakage after low anterior resection in Rectal cancer patIents: rationale and study protocol.
b5,33033081,2020,10.1136/bmjopen-2019-035556,PMC7545626,pending,Changes in the quality of care of colorectal cancer in Estonia: a population-based high-resolution study.
b5,33033006,2020,10.1136/bmjopen-2019-033395,PMC7542933,not_found,Can extranodal tumour deposits be diagnosed on MRI? Protocol for a multicentre clinical trial (the COMET trial).
b5,33031464,2020,10.1371/journal.pone.0240397,PMC7544024,pending,Insights from a global snapshot of the change in elective colorectal practice due to the COVID-19 pandemic.
b5,33024513,2020,10.4240/wjgs.v12.i9.390,PMC7520570,pending,Predictive significance of cancer related-inflammatory markers in locally advanced rectal cancer.
b5,33014786,2020,10.3389/fonc.2020.01476,PMC7461892,pending,Texture Analysis Based on Sagittal Fat-Suppression and Transverse T2-Weighted Magnetic Resonance Imaging for Determining Local Invasion of Rectal Cancer.
b5,33011045,2020,10.1016/j.acra.2020.09.005,PMC7505648,pending,COVID-19-Associated Thromboembolic Events Causing Acute Mesenteric Ischaemia.
b5,33006704,2020,10.1186/s40792-020-00988-6,PMC7532260,not_found,Four cases of laparoscopic colectomy for sigmoid colon and rectal cancer with persistent descending mesocolon.
b5,33004026,2020,10.1186/s12885-020-07405-z,PMC7528380,pending,Simple calculation using anatomical features on pre-treatment verification CT for bladder volume estimation during radiation therapy for rectal cancer.
b5,33003615,2020,10.3390/jcm9103163,PMC7599654,pending,(18)F-FDG PET/MR versus MR Alone in Whole-Body Primary Staging and Restaging of Patients with Rectal Cancer: What Is the Benefit of PET?
