PMID,Year,DOI,PMC,Title
31891748,2020,10.1016/j.mcp.2019.101502,,Multislice spiral CT images combined with CEA and lymphocyte-to-neutrophil ratio predict recurrence and post-operative metastasis of rectal cancer.
34148319,2021,10.3760/cma.j.cn.441530-20210330-00136,,[Value of high resolution magnetic resonance imaging for preoperative evaluation of Denonvilliers fascia in patients with rectal cancer].
26756616,2016,10.3233/CBM-150563,PMC13016455,Fecal miR-29a and miR-224 as the noninvasive biomarkers for colorectal cancer.
27738080,2017,10.1093/jrr/rrw098,PMC5571614,A retrospective comparison of outcome and toxicity of preoperative image-guided intensity-modulated radiotherapy versus conventional pelvic radiotherapy for locally advanced rectal carcinoma.
28560481,2017,10.1007/s10151-017-1615-y,PMC5495841,Fluorescence to highlight the urethra: a human cadaveric study.
31147789,2019,10.1186/s13244-019-0742-6,PMC6542937,Role of magnetic resonance imaging in organ-preserving strategies for the management of patients with rectal cancer.
32107687,2020,10.1007/s10151-020-02170-4,,A mathematical 3D-method applied to MRI to evaluate prostatic infiltration in advanced rectal cancer.
14736677,2004,10.2214/ajr.182.2.1820431,,High-resolution MRI of the anatomy important in total mesorectal excision of the rectum.
32520954,2020,10.1371/journal.pone.0234310,PMC7286508,Analysis of influencing factors of no/low response to preoperative concurrent chemoradiotherapy in locally advanced rectal cancer.
21271227,2011,10.1007/s00066-010-2191-5,,Novel Carcinoembryonic-Antigen-(CEA)-Specific Pretargeting System to Assess Tumor Cell Viability after Irradiation of Colorectal Cancer Cells.
33952435,2021,10.1016/j.bjps.2021.03.038,,The combined use of pedicled profunda artery perforator and bilateral gracilis flaps for pelvic reconstruction: A cohort study.
34024807,2021,10.3233/XST-210877,,Prognostic value of CT radiomics in evaluating lymphovascular invasion in rectal cancer: Diagnostic performance based on different volumes of interest.
32319859,2020,10.1148/radiol.2020200417,,Using Deep Learning for MRI to Identify Responders to Chemoradiotherapy in Rectal Cancer.
28756039,2018,10.1016/j.clnu.2017.06.028,,Muscle wasting and survival following pre-operative chemoradiotherapy for locally advanced rectal carcinoma.
28177987,2017,10.1097/DCR.0000000000000762,PMC5881116,Quality of Life and Functional Outcome After Transanal Abdominal Transanal Proctectomy for Low Rectal Cancer.
17096177,2006,10.1007/s10350-006-0734-8,,Vascular anatomy of the rectal stump after total mesorectal excision.
34112180,2021,10.1186/s12967-021-02919-x,PMC8194221,Radiomic signature of the FOWARC trial predicts pathological response to neoadjuvant treatment in rectal cancer.
11905421,2002,10.1046/j.0007-1323.2001.02036.x,,Tumour location and the effects of preoperative radiotherapy in the treatment of rectal cancer.
29473947,2018,10.1002/jso.25000,,Quality of preoperative pelvic computed tomography (CT) and magnetic resonance imaging (MRI) for rectal cancer in a region in Ontario: A retrospective population-based study.
14751499,2004,10.1016/j.ijrobp.2003.09.057,,High-tech in radiation oncology: should there be a ceiling?
21362582,2011,10.1016/j.ijrobp.2010.12.030,,Impact of preoperative radiotherapy on general and disease-specific health status of rectal cancer survivors: a population-based study.
28690775,2017,10.4240/wjgs.v9.i6.153,PMC5483415,Value of multi-disciplinary input into laparoscopic management of rectal cancer - An observational study.
19853396,2011,10.1016/j.ejrad.2009.09.016,,To be or not to be: significance of lymph nodes on pretreatment CT in predicting survival of rectal cancer patients.
26668530,2015,10.5152/UCD.2015.3015,PMC4674043,Adjuvant versus neoadjuvant chemoradiotherapy in distal rectal cancer: Comparison of two decades in a single center.
34802716,2021,10.1016/j.bulcan.2021.09.007,,[Rectal Cancer: Organ preservation and neoadjuvant treatment escalation].
30637861,2019,10.1002/jmri.26653,,Diffusion kurtosis imaging-derived histogram metrics for prediction of KRAS mutation in rectal adenocarcinoma: Preliminary findings.
21240647,2011,10.1007/s00330-010-2052-8,PMC3088810,Value of MRI and diffusion-weighted MRI for the diagnosis of locally recurrent rectal cancer.
24647108,2014,10.5582/bst.8.11,,Prediction of response to preoperative chemoradiotherapy in patients with locally advanced rectal cancer.
26674745,2016,10.2217/fon.15.295,,Standardized data collection to build prediction models in oncology: a prototype for rectal cancer.
30744694,2019,10.1186/s40644-019-0192-x,PMC6371623,Application of magnetic resonance diffusion kurtosis imaging for distinguishing histopathologic subtypes and grades of rectal carcinoma.
28931946,2017,10.1038/s41598-017-12194-w,PMC5607266,Comparison of perfusion models for quantitative T1 weighted DCE-MRI of rectal cancer.
24760269,2014,10.1007/s00259-014-2752-4,,Integrated ¹⁸F-FDG PET/perfusion CT for the monitoring of neoadjuvant chemoradiotherapy in rectal carcinoma: correlation with histopathology.
32113887,2020,10.1016/j.ejso.2020.02.034,,The impact of circumferential tumour location on the clinical outcome of rectal cancer patients managed with neoadjuvant chemoradiotherapy followed by total mesorectal excision.
32355671,2020,10.1159/000500730,PMC7184829,Comparison of Changes in Disease-Free and Overall Survival of Resectable Rectal Adenocarcinoma between 2010 and 2015.
23027623,2012,10.1093/carcin/bgs305,PMC3510742,MAP kinase genes and colon and rectal cancer.
32247689,2020,10.1016/j.canrad.2020.02.009,,Positron-emission tomography-guided radiation therapy: Ongoing projects and future hopes.
23934972,2014,10.1002/ijc.28429,PMC7706351,STAT3 inhibition sensitizes colorectal cancer to chemoradiotherapy in vitro and in vivo.
24470062,2014,10.1007/s11605-014-2463-y,,Feasibility of single-port laparoscopic surgery for sigmoid colon and rectal cancers and preoperative assessment of operative difficulty.
27073650,2016,10.3892/mco.2016.762,PMC4812157,Diagnostic value of dynamic contrast-enhanced magnetic resonance imaging in rectal cancer and its correlation with tumor differentiation.
33650664,2021,10.3892/ijo.2021.5175,,Emerging roles of non‑coding RNAs in the response of rectal cancer to radiotherapy (Review).
19403847,2009,10.1148/radiol.2521081200,,Locally advanced rectal cancer: MR imaging for restaging after neoadjuvant radiation therapy with concomitant chemotherapy. Part I. Are we able to predict tumor confined to the rectal wall?
15655623,2004,10.1007/s10151-004-0157-2,,Metachronous colorectal adenocarcinomas.
31552465,2020,10.1007/s00261-019-02225-7,,Dynamic contrast-enhanced MR imaging of rectal cancer using a golden-angle radial stack-of-stars VIBE sequence: comparison with conventional contrast-enhanced 3D VIBE sequence.
23116418,2013,10.3109/0284186X.2012.733075,,Gastrointestinal stromal tumors (GISTs) express somatostatin receptors and bind radiolabeled somatostatin analogs.
32691110,2021,10.1007/s00261-020-02654-9,,How to accurately measure the distance from the anal verge to rectal cancer on MRI: a prospective study using anal verge markers.
12771519,2003,10.1159/000069830,,Feasibility and morbidity of combined hyperthermia and radiochemotherapy in recurrent rectal cancer--preliminary results.
26170142,2015,10.1016/j.clcc.2015.05.014,,Biomarkers and Molecular Imaging as Predictors of Response to Neoadjuvant Chemoradiotherapy in Patients With Locally Advanced Rectal Cancer.
23821022,2013,10.1007/s00330-013-2952-5,,Diffusion-weighted MR imaging in primary rectal cancer staging demonstrates but does not characterise lymph nodes.
29691115,2018,10.1016/j.ejso.2018.03.029,,Beyond total mesorectal excision in locally advanced rectal cancer with organ or pelvic side-wall involvement.
32873308,2020,10.1186/s13014-020-01650-z,PMC7466827,Evaluation of small bowel motion and feasibility of using the peritoneal space to replace bowel loops for dose constraints during intensity-modulated radiotherapy for rectal cancer.
33573925,2021,10.1016/j.asjsur.2021.01.011,,Persistent extramural vascular invasion positivity on magnetic resonance imaging after neoadjuvant chemoradiotherapy predicts poor outcome in rectal cancer.
28409357,2017,10.1007/s00330-017-4830-z,,Diffusion-weighted MRI to assess response to chemoradiotherapy in rectal cancer: main interpretation pitfalls and their use for teaching.
26338180,2016,10.1007/s00259-015-3180-9,,Prediction of neoadjuvant radiation chemotherapy response and survival using pretreatment [(18)F]FDG PET/CT scans in locally advanced rectal cancer.
32669377,2020,10.1158/1078-0432.CCR-20-0337,,A Diagnostic Biopsy-Adapted Immunoscore Predicts Response to Neoadjuvant Treatment and Selects Patients with Rectal Cancer Eligible for a Watch-and-Wait Strategy.
28165313,2017,10.2460/javma.250.4.424,PMC7474547,Colonoscopic and histologic features of rectal masses in dogs: 82 cases (1995-2012).
32138828,2020,,,Stoma-site hernia after stoma reversal following rectal cancer resection.
23026928,2012,10.1097/PAS.0b013e318263207c,,Objective quantification of the Ki67 proliferative index in neuroendocrine tumors of the gastroenteropancreatic system: a comparison of digital image analysis with manual methods.
26671038,2016,10.1245/s10434-015-5021-2,,Selection of Lymph Node-Positive Cases Based on Perirectal and Lateral Pelvic Lymph Nodes Using Magnetic Resonance Imaging: Study of the Japanese Society for Cancer of the Colon and Rectum.
19651499,2009,10.1016/j.clon.2009.07.003,,Radiotherapy in England in 2007: modelled demand and audited activity.
23723012,2014,10.1002/jmri.24172,,Intravoxel incoherent motion (IVIM) MR imaging of colorectal liver metastases: are we only looking at tumor necrosis?
30538377,2018,10.1007/s13193-018-0803-1,PMC6265173,Clinical Utility of Staging Laparoscopy for Advanced Obstructing Rectal Adenocarcinoma: Emerging Tool.
23397821,2012,10.1080/00015458.2012.11680864,,Clinical applications of FDG-probe guided surgery.
24016824,2013,10.1016/j.ejrad.2013.08.007,,Apparent diffusion coefficient for discriminating metastatic from non-metastatic lymph nodes in primary rectal cancer.
29134378,2018,10.1245/s10434-017-6213-8,,Organ Preservation in Rectal Cancer After Chemoradiation: Should We Extend the Observation Period in Patients with a Clinical Near-Complete Response?
27011602,2015,10.1007/s12262-015-1223-x,PMC4775550,A New Laparoscopic Rectal Transection Method via Umbilical Incision Using Endo GIA™ Radial Reload.
32842428,2020,10.3760/cma.j.cn.441530-20190406-00149,,[Analysis on clinical factors affecting transrectal natural orifice specimen extraction in rectal cancer surgery].
30292538,2019,10.1016/j.artmed.2018.09.003,,Towards a modular decision support system for radiomics: A case study on rectal cancer.
15741027,2005,10.1016/j.ejrad.2004.06.002,,Dynamic contrast-enhanced magnetic resonance imaging: a non-invasive method to evaluate significant differences between malignant and normal tissue.
27743742,2017,10.1016/j.clcc.2016.07.020,,"Capecitabine and Oxaliplatin Before, During, and After Radiotherapy for High-Risk Rectal Cancer."
30506537,2018,,,[Prognostic factors of patients with unresectable liver metastasis from colorectal cancer after failed conversion chemotherapy].
19295245,2009,10.1159/000194950,,Can dynamic MR imaging predict response in patients with rectal cancer undergoing cetuximab-based neoadjuvant chemoradiation?
23057495,2013,10.1111/cas.12041,PMC7657105,Phase II study of preoperative chemoradiation with S-1 plus oxaliplatin in patients with locally advanced rectal cancer.
26945761,2016,10.1007/s00330-016-4283-9,PMC5203699,"Multiparametric MRI in the assessment of response of rectal cancer to neoadjuvant chemoradiotherapy: A comparison of morphological, volumetric and functional MRI parameters."
12355214,2002,10.1007/s00384-002-0400-0,,Establishment and characterization of a rectal cancer model in mice: application to cytokine gene therapy.
28722086,2017,,,[Current surgical strategy of locally recurrent rectal cancer].
25204633,2014,10.1111/codi.12773,,Total mesorectal excision optimized by pelvic MRI.
33207287,2020,10.1016/j.ejrad.2020.109368,,Application of liver acquisition with volume acceleration enhanced sequence in improving the accuracy of reassessing organ-invasive rectal mucinous adenocarcinoma after chemoradiation.
28323157,2017,10.1016/j.ijsu.2017.03.012,,Anatomic variations of inferior mesenteric artery and left colic artery evaluated by 3-dimensional CT angiography: Insights into rectal cancer surgery - A retrospective observational study.
33949877,2021,10.2214/AJR.21.25556,,"MRI Staging in an Evolving Management Paradigm for Rectal Cancer, From the AJR Special Series on Cancer Staging."
25483833,2014,10.1016/j.radonc.2014.11.026,,The role of diffusion-weighted MRI and (18)F-FDG PET/CT in the prediction of pathologic complete response after radiochemotherapy for rectal cancer: a systematic review.
26189739,2011,10.1007/s12328-011-0253-6,,A case of IgG4-related disease with rectal cancer.
26997222,2016,10.4103/1319-3767.178526,PMC4817299,Utility of rectoscopy in the assessment of response to neoadjuvant treatment for locally advanced rectal cancer.
32969877,2020,10.1097/DCR.0000000000001791,,Diagnosis and Treatment of Anal Squamous Cell Carcinoma.
29102233,2018,10.1016/j.crad.2017.09.011,,Rectal perfusion parameters normalised to tumour-free rectal wall can predict response to neoadjuvant chemoradiotherapy.
11190522,2000,,,[Primary ano-rectal melanoma].
25497874,2015,10.1016/j.radonc.2014.11.044,,Can perfusion MRI predict response to preoperative treatment in rectal cancer?
29046927,2018,10.1007/s00259-017-3855-5,,FDG PET/CT radiomics for predicting the outcome of locally advanced rectal cancer.
19858619,2007,10.4103/1319-3767.32183,,Clinico-pathological patterns of colorectal cancer in Saudi Arabia: younger with an advanced stage presentation.
22342301,2012,10.1016/j.ijrobp.2011.11.074,,Development of a standardized method for contouring the lumbosacral plexus: a preliminary dosimetric analysis of this organ at risk among 15 patients treated with intensity-modulated radiotherapy for lower gastrointestinal cancers and the incidence of radiation-induced lumbosacral plexopathy.
19409638,2009,10.1016/j.radonc.2009.04.007,,"Short-course radiotherapy, with elective delay prior to surgery, in patients with unresectable rectal cancer who have poor performance status or significant co-morbidity."
31049597,2019,10.1007/s00066-019-01471-4,,[Efficacy and safety of carbon-ion radiotherapy for locally recurrent rectal cancer: results of the J‑CROS Study 1404 Rectum].
27063857,2016,10.1016/j.ijsu.2016.03.066,,"Visceral obesity, muscle mass and outcome in rectal cancer surgery after neo-adjuvant chemo-radiation."
27652798,2016,10.1080/13645706.2016.1206572,,Transanal total mesorectal excision: technical aspects of approaching the mesorectal plane from below.
11899681,2002,10.1016/s1278-3218(01)00146-9,,"[Report on the 43rd Congress of the American Society for Therapeutic Radiology and Oncology (ASTRO), San Francisco, 4-8 November 2001]."
15487856,2004,10.1024/0369-8394.93.36.1441,,[Radiotherapy of rectal cancer].
27133686,2016,10.1016/j.clinimag.2016.01.007,,Correlation of MRI-detected extramural vascular invasion with regional lymph node metastasis in rectal cancer.
20958913,2011,10.1111/j.1463-1318.2010.02460.x,,Preoperative tumour staging with multidisciplinary team assessment improves the outcome in locally advanced primary rectal cancer.
22194028,2012,10.1007/s00066-011-0003-1,,Time management in radiation oncology: development and evaluation of a modular system based on the example of rectal cancer treatment. The DEGRO-QUIRO trial.
23808225,2013,,,[Immediate and five-year results of application of preoperative oily chemoembolization of rectal arteries in complex treatment of the loco-regional rectal cancer].
28739093,2017,10.1016/j.surg.2017.05.023,,Individual surgeon is an independent risk factor for leak after double-stapled colorectal anastomosis: An institutional analysis of 800 patients.
31189986,2019,10.1038/s41598-019-45038-w,PMC6561977,Size and lipid modification determine liposomal Indocyanine green performance for tumor imaging in a model of rectal cancer.
16943523,2006,10.1200/JCO.2005.04.2739,,Lymph node status and TS gene expression are prognostic markers in stage II/III rectal cancer after neoadjuvant fluorouracil-based chemoradiotherapy.
17641369,2007,10.1148/radiol.2442061189,,CT perfusion for the monitoring of neoadjuvant chemotherapy and radiation therapy in rectal carcinoma: initial experience.
32410082,2021,10.1007/s00464-020-07617-1,,Impact of pelvic dimensions on anastomotic leak after anterior resection for patients with rectal cancer.
33543320,2021,10.1007/s00261-020-02923-7,PMC9309895,Bone lesions on baseline staging rectal MRI: prevalence and significance in patients with rectal adenocarcinoma.
31939430,2019,10.4103/jcrt.JCRT_76_19,,Value of intravoxel incoherent motion magnetic resonance imaging for differentiating metastatic from nonmetastatic mesorectal lymph nodes with different short-axis diameters in rectal cancer.
30825182,2019,10.1007/s13402-019-00429-z,PMC12994350,Computer aided quantification of intratumoral stroma yields an independent prognosticator in rectal cancer.
30621928,2019,10.1016/j.jsxm.2018.11.008,,Sexual Health Problems and Discussion in Colorectal Cancer Patients Two Years After Diagnosis: A National Cross-Sectional Study.
21263095,2011,10.1200/JCO.2010.29.7697,,Preoperative chemoradiotherapy using concurrent capecitabine and irinotecan in magnetic resonance imaging-defined locally advanced rectal cancer: impact on long-term clinical outcomes.
33006704,2020,10.1186/s40792-020-00988-6,PMC7532260,Four cases of laparoscopic colectomy for sigmoid colon and rectal cancer with persistent descending mesocolon.
22818280,2012,10.1016/j.surge.2011.06.002,,The value of whole colonic imaging.
22958479,2013,10.1111/codi.12008,,Preoperative neutrophil to lymphocyte ratio >5 is a prognostic factor for recurrent colorectal cancer.
19031952,2008,,,"Hypofractionated accelerated radiotherapy, cytoprotection and capecitabine in the treatment of rectal cancer: a feasibility study."
15936557,2005,10.1016/j.ijrobp.2004.11.005,,Usefulness of magnetic resonance volumetric evaluation in predicting response to preoperative concurrent chemoradiotherapy in patients with resectable rectal cancer.
27487624,2016,,,[Multidisciplinary treatment of locally advanced rectal cancer].
12671697,2003,10.1038/sj.bjc.6600822,PMC2376366,Neoadjuvant systemic fluorouracil and mitomycin C prior to synchronous chemoradiation is an effective strategy in locally advanced rectal cancer.
34597228,2021,10.1148/rg.2021210035,,Applications of PET/MRI in Abdominopelvic Oncology.
31822707,2019,10.1038/s41598-019-55059-0,PMC6904447,Rectal Cancer Invasiveness: Whole-Lesion Diffusion-Weighted Imaging (DWI) Histogram Analysis by Comparison of Reduced Field-of-View and Conventional DWI Techniques.
15607154,2004,10.1016/j.brachy.2004.09.007,,CT-fluoroscopy guided interstitial brachytherapy with image-based treatment planning for unresectable locally recurrent rectal carcinoma.
27019309,2016,10.1002/jmri.25250,,Role of quantitative intravoxel incoherent motion parameters in the preoperative diagnosis of nodal metastasis in patients with rectal carcinoma.
24649029,2013,10.3892/br.2013.134,PMC3917732,Association of methylenetetrahydrofolate reductase C677T and A1298C polymorphisms with colorectal cancer risk: A meta-analysis.
31884712,2020,10.1002/nbm.4201,,A novel bayesian approach with conditional autoregressive specification for intravoxel incoherent motion diffusion-weighted MRI.
26157683,2015,10.3857/roj.2015.33.2.134,PMC4493425,Morphologic change of rectosigmoid colon using belly board and distended bladder protocol.
20622646,2011,10.1097/COC.0b013e3181dea970,,The role of neoadjuvant imatinib mesylate therapy in sphincter-preserving procedures for anorectal gastrointestinal stromal tumor.
30692356,2018,,,[Two Cases of CT-Guided Radiofrequency Ablation Therapy for Pelvic Recurrence from Rectal Cancer].
19646825,2010,10.1016/j.ijrobp.2009.04.030,,Accurate prediction of pathological rectal tumor response after two weeks of preoperative radiochemotherapy using (18)F-fluorodeoxyglucose-positron emission tomography-computed tomography imaging.
34901474,2021,10.1016/j.phro.2021.10.001,PMC8640865,Optimisation and validation of an integrated magnetic resonance imaging-only radiotherapy planning solution.
27122982,2016,10.3747/co.23.2894,PMC4835002,Collaborative case conferences in rectal cancer: case series in a tertiary care centre.
17337392,2007,,,[48th meeting of the American Society for Therapeutic Radiology and Oncology (Astro)].
30115436,2018,10.1016/j.gtc.2018.04.005,,Rectal MRI for Cancer Staging and Surveillance.
17005514,2007,10.1259/bjr/66311683,,Variation of mesorectal volume with abdominal fat volume in patients with rectal carcinoma: assessment with MRI.
32010707,2019,10.3389/fsurg.2019.00079,PMC6979275,Controversies in the Management of Lateral Pelvic Lymph Nodes in Patients With Advanced Rectal Cancer: East or West?
25982468,2015,10.1007/s00384-015-2244-4,,Role of intraoperative frozen section for assessing distal resection margin after anterior resection.
29471618,2018,10.23736/S0026-4733.18.07642-3,,Visual probing of rectal neoplasia: near-infrared interrogation of primary tumors and secondary lymph nodes.
23238383,2012,10.1097/SLE.0b013e31826d67e4,,A novel approach for the resection of low rectal cancer.
30582572,2019,10.5152/dir.2018.17499,PMC6339630,MRI evaluation of anal and perianal diseases.
15465196,2004,10.1016/j.ijrobp.2004.04.016,,Clinical implementation of intensity-modulated arc therapy (IMAT) for rectal cancer.
15868457,2005,10.1007/s10552-004-4027-z,,Colorectal cancer screening in average risk individuals.
35166221,2021,,,"MRI and correlation between TNM and CEA, CA19.9, AFP in rectal cancer Experience of a single academic surgical center."
25207560,2014,10.1120/jacmp.v15i5.4696,PMC5711099,FDG PET/CT for rectal carcinoma radiotherapy treatment planning: comparison of functional volume delineation algorithms and clinical challenges.
17931795,2008,10.1016/j.ijrobp.2007.08.043,,FDG-PET/CT imaging for staging and target volume delineation in preoperative conformal radiotherapy of rectal cancer.
34321845,2021,10.3748/wjg.v27.i25.3802,PMC8291019,Emerging applications of radiomics in rectal cancer: State of the art and future perspectives.
31874527,2019,10.3760/cma.j.issn.1671-0274.2019.12.006,,[Short-term clinical efficacy of robotic radical resection for high rectal cancer with transvaginal specimen extraction].
23790770,2013,10.1016/j.ijrobp.2013.05.004,,Feasibility of an adaptive strategy in preoperative radiochemotherapy for rectal cancer with image-guided tomotherapy: boosting the dose to the shrinking tumor.
25700810,2015,10.1007/s00384-015-2169-y,,Dynamic magnetic resonance imaging evaluation of pelvic reconstruction with porcine dermal collagen mesh following extra-levator abdominoperineal excision for primary rectal cancer.
27897414,2017,10.1002/jcsm.12158,PMC5697014,A comparative study of software programmes for cross-sectional skeletal muscle and adipose tissue measurements on abdominal computed tomography scans of rectal cancer patients.
33162318,2021,10.1016/j.acra.2020.09.024,,MRI-Based Radiomics of Rectal Cancer: Assessment of the Local Recurrence at the Site of Anastomosis.
27828820,2016,10.1097/SLA.0000000000001684,,Preventing Parastomal Hernia Using a Modified Sugarbaker Technique With Composite Mesh During Laparoscopic Abdominoperineal Resection: A Randomized Controlled Trial.
11177145,2001,10.1001/archsurg.136.2.216,,Total mesorectal excision and low rectal anastomosis for the treatment of rectal cancer and prevention of pelvic recurrences.
32548618,2020,10.1093/jrr/rraa038,PMC7336818,Linac-based fractionated stereotactic radiotherapy with a micro-multileaf collimator for large brain metastasis unsuitable for surgical resection.
18039560,2008,10.1016/j.ejso.2007.10.007,,Location of involved mesorectal and extramesorectal lymph nodes in patients with primary rectal cancer: preoperative assessment with MR imaging.
32884036,2020,10.1038/s41598-020-71577-8,PMC7471696,Impact of sentinel lymph-node biopsy and FDG-PET in staging and radiation treatment of anal cancer patients.
15802457,2005,10.1097/01.RVI.0000153439.89142.1D,,Radiofrequency ablation therapy of remnant colorectal liver metastases after a course of hepatic arterial infusion chemotherapy.
31510762,2020,10.1177/0284185119873118,,Reproducibility of measurements with a semi-automatic software package for the evaluation of rectal cancer.
31464897,2019,10.1097/MD.0000000000016614,PMC6736480,Endoscopy and magnetic resonance imaging-based prediction of ypT stage in patients with rectal cancer who received chemoradiotherapy: Results from a prospective study of 110 patients.
18513200,2009,10.1111/j.1463-1318.2008.01585.x,,The fate of anastomotic sinuses after total mesorectal excision for rectal cancer.
12831920,2003,10.1016/S1072-7515(03)00337-5,,A case-controlled study of 18-fluorodeoxyglucose positron emission tomography in the detection of pelvic recurrence in previously irradiated rectal cancer patients.
30463711,2018,10.1016/j.jss.2018.05.042,,Objective Preoperative Parameters Predict Difficult Pelvic Dissections and Clinical Outcomes.
27059037,2016,10.1007/s00384-016-2577-7,,Preoperative chemoradiation with capecitabine for rectal cancer in elderly patients: a phase I trial.
15978431,2005,10.1016/j.soc.2005.05.005,,Evolution of pelvic exenteration.
21232193,2010,,,Rectal cancer surgery. A ten years experience.
29088504,2018,10.1002/bjs.10642,,MRI-based score to predict surgical difficulty in patients with rectal cancer.
15466784,2005,10.1200/JCO.2005.01.032,,"Blockade of platelet-derived growth factor receptor-beta by CDP860, a humanized, PEGylated di-Fab', leads to fluid accumulation and is associated with increased tumor vascularized volume."
29414101,2018,10.1016/j.clinimag.2017.11.012,,Pitfalls in MRI of rectal cancer: What radiologists need to know and avoid.
25583650,2015,10.1007/s12664-014-0522-7,,Intersphincteric resection and hand-sewn coloanal anastomosis for low rectal cancer: Short-term outcomes in the Indian setting.
22199304,2011,,,Feasibility of image-guided radiotherapy based on tomotherapy for the treatment of locally advanced anal carcinoma.
23242038,2013,10.1097/RLU.0b013e3182639a58,,New application of dual point 18F-FDG PET/CT in the evaluation of neoadjuvant chemoradiation response of locally advanced rectal cancer.
20500516,2010,10.1111/j.1349-7006.2010.01604.x,PMC11159752,Cost-effectiveness of carbon ion radiation therapy for locally recurrent rectal cancer.
16480589,2006,,,[Types of liver metastases on MR imaging and characteristics of uncommon types].
19733445,2010,10.1016/j.ijrobp.2009.05.015,,Comparison between perfusion computed tomography and dynamic contrast-enhanced magnetic resonance imaging in rectal cancer.
31653909,2019,10.1038/s41598-019-51629-4,PMC6814843,Radiomics features on radiotherapy treatment planning CT can predict patient survival in locally advanced rectal cancer patients.
27614499,2016,10.1016/j.canrad.2016.07.096,,[Clinical to target volume margins determination in radiotherapy for anal cancers].
28493401,2017,10.1111/codi.13714,,The effect of adjuvant chemotherapy on survival and recurrence after curative rectal cancer surgery in patients who are histologically node negative after neoadjuvant chemoradiotherapy.
33002647,2021,10.1016/j.prro.2020.09.009,,Long-Term Results of a Prospective Phase 2 Study on Volume De-Escalation in Neoadjuvant Chemoradiotherapy of Rectal Cancer.
24686249,2014,10.1097/MNM.0000000000000120,,Are PREDIST criteria better than PERCIST criteria as a PET predictor of preoperative treatment response in rectal cancer?
34284904,2021,10.1016/j.ejso.2021.07.011,,Oncologic impact of lateral lymph node metastasis at the distal lateral compartment in locally advanced low rectal cancer after neoadjuvant (chemo)radiotherapy.
12624670,2003,10.1007/s00117-003-0863-1,,[Diagnosis of colorectal tumors].
28280607,2017,10.21037/jgo.2016.11.03,PMC5334047,Pathologic complete response and disease-free survival are not surrogate endpoints for 5-year survival in rectal cancer: an analysis of 22 randomized trials.
28691219,2018,10.1002/jmri.25814,,Comparison of reduced field-of-view diffusion-weighted imaging (DWI) and conventional DWI techniques in the assessment of rectal carcinoma at 3.0T: Image quality and histological T staging.
34785927,2021,10.2147/JIR.S342214,PMC8591410,Predicting Neoadjuvant Chemoradiotherapy Response in Locally Advanced Rectal Cancer Using Tumor-Infiltrating Lymphocytes Density.
32854730,2020,10.1186/s13014-020-01648-7,PMC7453535,Multicentre clinical radiotherapy audit in rectal cancer: results of the IROCA project.
33150976,2021,10.1111/jgh.15333,,Nomogram for predicting the feasibility of natural orifice specimen extraction after laparoscopic rectal resection.
28328820,2017,10.1097/MD.0000000000006362,PMC5371457,Long-term outcomes of surgery alone versus surgery following preoperative chemoradiotherapy for early T3 rectal cancer: A propensity score analysis.
32940753,2021,10.1007/s00261-020-02757-3,PMC7946652,Measurement of rectal tumor height from the anal verge on MRI: a comparison of internal versus external anal sphincter.
33962569,2021,10.1186/s12885-021-08278-6,PMC8105987,Efficacy of positron emission tomography in diagnosis of lateral lymph node metastases in patients with rectal Cancer: a retrospective study.
25003290,2014,10.1097/DCR.0000000000000163,,Risk factors for bowel dysfunction after sphincter-preserving rectal cancer surgery: a prospective study using the Memorial Sloan Kettering Cancer Center bowel function instrument.
32855399,2020,10.1038/s41467-020-18162-9,PMC7452897,Predicting distant metastasis and chemotherapy benefit in locally advanced rectal cancer.
16718825,2006,10.3748/wjg.v12.i18.2945,PMC4087817,Clinical value of CT three-dimensional imaging in diagnosing gastrointestinal tract diseases.
28002822,2017,10.1159/000452741,,The VEGFR Inhibitor Cediranib Improves the Efficacy of Fractionated Radiotherapy in a Colorectal Cancer Xenograft Model.
26666099,2015,,,MAGNETIC RESONANCE IMAGING TO EVALUATE NEOADJUVANT THERAPY EFFECTS ON RECTAL CARCINOMA.
18049504,2007,,,[Recurrence of rectal cancer--treatment in Norwegian hospitals].
28949102,2017,10.1111/ases.12427,,Robotic surgery for rectal cancer.
31351576,2019,10.1016/j.ciresp.2019.05.014,,Rectal cancer treatment by transanal total mesorectal excision: Results in 100 consecutive patients.
10910241,2000,10.1007/BF02237357,,Prospective evaluation of omentoplasty in preventing leakage of colorectal anastomosis.
18637934,2009,10.1111/j.1463-1318.2008.01636.x,,Preoperative neo-adjuvant therapy for curable rectal cancer--reaching a consensus 2008.
27783353,2016,10.1007/s12664-016-0710-8,,Rectal GIST-Outcomes and viewpoint from a tertiary cancer center.
18637927,2009,10.1111/j.1463-1318.2008.01643.x,,Comparison of preoperative whole-body positron emission tomography with MDCT in patients with primary colorectal cancer.
21892038,2011,10.1097/RLU.0b013e318219b507,,F-18 FDG PET/CT in rectal carcinoma: where are we now?
29732957,2018,10.1177/1553350618773011,,Prospective Trial on Probe-Based Confocal Laser Endomicroscopy for the Identification of the Distal Limit in Rectal Adenocarcinoma.
32306605,2020,10.3760/cma.j.cn.441530-20190725-00289,,[Short-term efficacy of robotic-assisted total mesorectal excision with and without lateral lymph node dissection for mid-low advanced rectal cancer: a propensity score matching analysis].
32239978,2020,10.1200/EDBK_279871,,Controversies in Rectal Cancer Treatment and Management.
20835770,2010,10.1007/s11605-010-1343-3,,Waist circumference predicts increased complications in rectal cancer surgery.
24068404,2013,,,Microanatomic aspects of arterial blood supply in rectal carcinomas--predictive models.
21224664,2010,,,[A case of local relapsed rectal cancer responding to low-dose S-1].
21762353,2012,10.1111/j.1463-1318.2011.02722.x,,The clinical significance of radiologically detected indeterminate pulmonary nodules in colorectal cancer.
19069694,2008,10.2298/aci0803061p,,Influence of long-term radiotherapy on symptoms and signs of locally advanced primary rectal cancer of distant localisation.
33289435,2021,10.1080/14737140.2021.1860762,,MRI radiomics in the prediction of therapeutic response to neoadjuvant therapy for locoregionally advanced rectal cancer: a systematic review.
32198787,2020,10.1111/codi.15045,,"Robotic transanal minimally invasive surgery - technical, oncological and patient outcomes from a single institution."
33102603,2020,10.1155/2020/9842732,PMC7576357,Magnetic Resonance of Rectal Cancer Response to Therapy: An Image Quality Comparison between 3.0 and 1.5 Tesla.
22086847,2012,10.1002/cncr.26644,,Accuracy of positron emission tomography/computed tomography and clinical assessment in the detection of complete rectal tumor regression after neoadjuvant chemoradiation: long-term results of a prospective trial (National Clinical Trial 00254683).
24664891,2014,10.1002/pon.3517,,Living with the physical and mental consequences of an ostomy: a study among 1-10-year rectal cancer survivors from the population-based PROFILES registry.
31945621,2020,10.1016/j.anndiagpath.2019.151452,PMC7195850,Clinicopathologic determinants of pathologic treatment response in neoadjuvant treated rectal adenocarcinoma.
27593246,2016,10.1016/j.cpet.2016.05.004,,PET/MR Imaging in Cancers of the Gastrointestinal Tract.
29713823,2018,10.1007/s00384-018-3065-z,,Higher visceral fat area/subcutaneous fat area ratio measured by computed tomography is associated with recurrence and poor survival in patients with mid and low rectal cancers.
29735158,2018,10.1016/j.bulcan.2018.03.005,,"[Psychological impact of ostomy on the quality of life of colorectal cancer patients: Role of body image, self-esteem and anxiety]."
15655608,2004,10.1007/s10151-004-0100-6,,Magnetic resonance imaging in rectal cancer: the MERCURY experience.
19886046,2009,,,[Study on the evaluation of complementary imaging methods in rectal neoplasia].
31133005,2019,10.1186/s12885-019-5732-z,PMC6537147,Association between high-resolution MRI-detected extramural vascular invasion and tumour microcirculation estimated by dynamic contrast-enhanced MRI in rectal cancer: preliminary results.
29968240,2018,,,[Radical surgery combined with adjuvant radiotherapy for elderly patients aged over 75 years with stage II( or III( rectal cancer: a retrospective study from a single center].
19289265,2009,10.1016/j.ijrobp.2008.11.031,,Biological image-guided radiotherapy in rectal cancer: challenges and pitfalls.
27528121,2016,10.1016/j.radonc.2016.07.017,,International consensus guidelines on Clinical Target Volume delineation in rectal cancer.
32758641,2020,10.1016/j.ijrobp.2020.07.2323,,External Validation of Early Regression Index (ERI(TCP)) as Predictor of Pathologic Complete Response in Rectal Cancer Using Magnetic Resonance-Guided Radiation Therapy.
20151936,2010,10.3109/02841860903483692,,Could a wait and see policy be justified in T3/4 rectal cancers after chemo-radiotherapy?
12801738,2003,10.1016/S0140-6736(03)13583-0,,Smooth muscle cholinergic denervation hypersensitivity in diverticular disease.
32216771,2020,10.1186/s12885-020-06761-0,PMC7099769,Risk factor analysis for inaccurate pre-operative MRI staging in rectal cancer.
33418008,2021,10.1016/j.radonc.2020.12.034,,Automatic segmentation of three clinical target volumes in radiotherapy using lifelong learning.
15363467,2004,10.1016/j.critrevonc.2004.07.001,,Neoadjuvant treatment for locally advanced rectal carcinoma.
34464382,2021,10.1371/journal.pmed.1003741,PMC8407540,Utility of ctDNA in predicting response to neoadjuvant chemoradiotherapy and prognosis assessment in locally advanced rectal cancer: A prospective cohort study.
32336000,2020,10.1111/codi.15080,,Clinical management of 52 consecutive retro-rectal tumours treated at a tertiary referral centre.
28055248,2017,10.1259/bjr.20151078,PMC5605058,Functional MRI for quantitative treatment response prediction in locally advanced rectal cancer.
30433814,2019,10.1259/bjr.20180655,PMC6540856,Diffusion-weighted imaging in rectal cancer: current applications and future perspectives.
21913017,2012,10.1245/s10434-011-2036-1,,Adverse features on rectal MRI identify a high-risk group that may benefit from more intensive preoperative staging and treatment.
18043346,2007,10.1097/RCT.0b013e318038fc84,,Comparison between 3-T magnetic resonance imaging and multi-detector row computed tomography for the preoperative evaluation of rectal cancer.
18251142,2007,,,The contributions of virtual colonoscopy to laparoscopic colorectal surgery.
28963779,2017,10.1002/mp.12602,,Automatic segmentation of the clinical target volume and organs at risk in the planning CT for rectal cancer using deep dilated convolutional neural networks.
22130088,2012,10.1016/j.acra.2011.10.019,,Usefulness of perfusion CT to assess response to neoadjuvant combined chemoradiotherapy in patients with locally advanced rectal cancer.
33153929,2021,10.1016/j.dld.2020.10.012,,Comparison of 18FDG-PET/CT and conventional follow-up methods in colorectal cancer: A randomised prospective study.
30470845,2019,10.1007/s00066-018-1401-4,,A fatal case of Fournier's gangrene during neoadjuvant radiotherapy for rectal cancer.
23104550,2013,10.1007/s10151-012-0910-x,,Intraoperative anastomotic dye test significantly decreases incidence of anastomotic leaks in patients undergoing resection for rectal cancer.
34956868,2021,10.3389/fonc.2021.741612,PMC8695495,Clinical Significance and Prognostic Value of the Maximum Standardized Uptake Value of (18)F-Flurodeoxyglucose Positron Emission Tomography-Computed Tomography in Colorectal Cancer.
22512246,2012,10.3109/03009734.2012.658974,PMC3339554,Multidisciplinary treatment of patients with rectal cancer: Development during the past decades and plans for the future.
27056748,2016,10.1007/s00261-016-0733-8,,"Performance of diffusion-weighted imaging, perfusion imaging, and texture analysis in predicting tumoral response to neoadjuvant chemoradiotherapy in rectal cancer patients studied with 3T MR: initial experience."
19581861,2009,10.1007/DCR.0b013e31819f7397,,Metastasis to the pancreas from colorectal cancer: is there a place for pancreatic resection?
26462793,2015,10.1016/j.ejrad.2015.08.008,,MRI tumor volume reduction rate vs tumor regression grade in the pre-operative re-staging of locally advanced rectal cancer after chemo-radiotherapy.
21233706,2011,10.1097/CAD.0b013e32834367c7,,Murine orthotopic model for the assessment of chemoradiotherapeutic interventions in rectal cancer.
12507203,2002,10.1016/s0039-6109(02)00049-x,,Local therapy for rectal cancer.
18006762,2007,10.1158/1078-0432.CCR-07-1197,,Circumferential margin involvement is the crucial prognostic factor after multimodality treatment in patients with locally advanced rectal carcinoma.
30768361,2019,10.1148/rg.2019180114,PMC6438362,"MRI of Rectal Cancer: Tumor Staging, Imaging Techniques, and Management."
29751360,2018,10.1111/codi.14257,PMC6099475,IntAct: intra-operative fluorescence angiography to prevent anastomotic leak in rectal cancer surgery: a randomized controlled trial.
26065396,2016,10.1007/s00330-015-3856-3,PMC4712249,Magnetization transfer imaging to assess tumour response after chemoradiotherapy in rectal cancer.
28819296,2017,10.1038/s41598-017-09227-9,PMC5561073,Intravoxel incoherent motion diffusion-weighted imaging for discriminating the pathological response to neoadjuvant chemoradiotherapy in locally advanced rectal cancer.
33154671,2020,10.2147/CMAR.S270727,PMC7608140,Diameter of Superior Rectal Vein - CT Predictor of KRAS Mutation in Rectal Carcinoma.
15186605,2004,10.1089/108497804323072020,,Detection of colon cancer with 99mTc-labeled bombesin derivative (99mTc-leu13-BN1).
33083648,2020,10.1016/j.adro.2020.05.004,PMC7557137,Clinical Implementation of Preoperative Short-Course Pencil Beam Scanning Proton Therapy for Patients With Rectal Cancer.
25520908,2014,10.1186/2193-1801-3-681,PMC4247831,Delayed abdominal wall abscess after abdomino-perineal resection simulating local recurrence of rectal cancer.
33180166,2021,10.1007/s00330-020-07403-6,,Multiparametric MRI-based radiomics signature for preoperative estimation of tumor-stroma ratio in rectal cancer.
33428144,2020,10.1007/s11596-020-2298-6,,Feasibility of MRI Radiomics for Predicting KRAS Mutation in Rectal Cancer.
18478469,2008,,,[Diagnosis on the preoperative staging of rectal cancer by magnetic resonance imaging with water-bag in rectum].
17224642,2007,10.4161/cbt.6.1.3552,,Diagnostic efficacy and safety of 99mtc-labeled monoclonal antibody ior c5 in patients with colorectal and anal carcinomas: final report clinical trial phase I/II.
15865027,2005,10.1007/3-540-27449-9_14,,Is local excision of T2/T3 rectal cancers adequate?
30704213,2019,10.3760/cma.j.issn.0529-5815.2019.02.007,,[High definition MRI rectal lymph node aided diagnostic system based on deep neural network].
33189492,2021,10.1016/j.ejso.2020.10.038,,Indications for neoadjuvant treatment based on risk factors for poor prognosis before and after neoadjuvant chemotherapy alone in patients with locally advanced rectal cancer.
17004187,2006,10.1055/s-2006-947279,,"[Clinical pathway (workflow) for diagnostic, therapy and follow-up in patients with rectal cancer]."
32662098,2021,10.1111/ases.12841,,"Preventing anastomotic leakage after laparoscopic intersphincteric resection without a diverting stoma: ""pull-through/reborn""."
29893283,2018,10.1016/j.ijrobp.2018.03.021,,In Regard to Sun Myint et al.
32892128,2021,10.1016/j.jss.2020.08.003,,Selecting Image-Guided Surgical Technologies in Oncology: A Surgeon's Perspective.
32926212,2021,10.1007/s00261-020-02718-w,PMC7946648,Does microenema administration improve the quality of DWI sequences in rectal MRI?
28092330,2017,10.1097/SLE.0000000000000366,PMC5287437,Prediction of Anastomotic Leakage After Laparoscopic Low Anterior Resection in Male Rectal Cancer by Pelvic Measurement in Magnetic Resonance Imaging.
22040541,2011,,,Simultaneous laparoscopic excision for rectal carcinoma and synchronous hepatic metastasis.
31687781,2019,,,T≤2N0 TRG1-2 in Post-Chemoradiation Therapy MRI: What can it Predict?
11008098,2000,10.1016/s1095-0397(00)00047-9,,Evaluation of Abdominal Tumors with.
27666622,2016,10.1016/j.ejrad.2016.08.008,,Readout-segmented echo-planar imaging improves the image quality of diffusion-weighted MR imaging in rectal cancer: Comparison with single-shot echo-planar diffusion-weighted sequences.
33763362,2021,10.3389/fonc.2021.626626,PMC7982570,Establishment and Clinical Application of an Artificial Intelligence Diagnostic Platform for Identifying Rectal Cancer Tumor Budding.
32623536,2020,10.1007/s10151-020-02274-x,,The role of MRI pelvimetry in predicting technical difficulty and outcomes of open and minimally invasive total mesorectal excision: a systematic review.
21377810,2012,10.1016/j.ijrobp.2010.11.038,,PET-based treatment response evaluation in rectal cancer: prediction and validation.
11383066,2001,10.1007/s001040051344,,[PET studies of recurrent rectal carcinoma. Fundamental aspects of lymphatic metastasis of visceral and somatic carcinomas].
16289647,2006,10.1016/j.ejso.2005.08.006,,Sentinel lymph node in carcinoma of the anal canal: a review.
25466368,2014,10.1016/j.radonc.2014.11.002,,Nomogram predicting response after chemoradiotherapy in rectal cancer using sequential PETCT imaging: a multicentric prospective study with external validation.
27217542,2016,10.1093/annonc/mdw215,,"PAN-EX: a pooled analysis of two trials of neoadjuvant chemotherapy followed by chemoradiotherapy in MRI-defined, locally advanced rectal cancer."
29324431,2017,,,"A Descriptive, Qualitative Study to Assess Patient Experiences Following Stoma Reversal After Rectal Cancer Surgery."
25503423,2015,10.1007/s40262-014-0216-4,,Kinetically guided neoadjuvant chemoradiotherapy based on 5-Fluorouracil in patients with locally advanced rectal cancer.
27959622,2017,10.2214/AJR.16.17117,,DWI for Assessment of Rectal Cancer Nodes After Chemoradiotherapy: Is the Absence of Nodes at DWI Proof of a Negative Nodal Status?
27054278,2016,10.1016/j.media.2016.03.002,PMC4917895,Pieces-of-parts for supervoxel segmentation with global context: Application to DCE-MRI tumour delineation.
22339762,2012,10.1111/j.1463-1318.2012.02994.x,,Retrorectal tumours: optimization of surgical approach and outcome.
31392530,2019,10.1007/s10151-019-02056-0,PMC6736926,Long-term outcomes of biological mesh repair following extra levator abdominoperineal excision of the rectum: an observational study of 100 patients.
25935450,2015,10.1007/s00384-015-2226-6,,Prognostic value of CD45RO(+) tumor-infiltrating lymphocytes for locally advanced rectal cancer following 30 Gy/10f neoadjuvant radiotherapy.
19486092,2010,10.1111/j.1463-1318.2009.01873.x,,Positron-emission tomography/computed tomography (PET/CT) in the initial staging of primary rectal cancer.
25466419,2015,10.1007/s00384-014-2080-y,,Risk factors for circumferential R1 resection after neoadjuvant radiochemotherapy and laparoscopic total mesorectal excision: a study in 233 consecutive patients with mid or low rectal cancer.
32830799,2020,10.1188/20.ONF.557-566,PMC7793555,Skeletal Muscle Mass Loss During Cancer Treatment: Differences by Race and Cancer Site.
34680269,2021,10.3390/cancers13205120,PMC8534180,Intra- and Interobserver Variability in Magnetic Resonance Imaging Measurements in Rectal Cancer Patients.
19419820,2009,10.1016/j.ijrobp.2008.10.064,,"The role of dual-time combined 18-fluorodeoxyglucose positron emission tomography and computed tomography in the staging and restaging workup of locally advanced rectal cancer, treated with preoperative chemoradiation therapy and radical surgery."
11754847,2001,10.1016/s0002-9610(01)00748-6,,Local recurrence of cancer of the rectum.
32157055,2019,,,[Study of Skip Metastasis to Lateral Lymph Nodes in Low Rectal Cancer].
32810348,2020,10.1111/codi.15319,,Novel use of the Bakri balloon to minimize empty pelvis syndrome following laparoscopic total pelvic exenteration.
15572087,2004,10.1016/j.suronc.2004.09.013,,Management and imaging of low rectal carcinoma.
28991083,2017,10.1097/DCR.0000000000000894,,Prediction of N0 Irradiated Rectal Cancer Comparing MRI Before and After Preoperative Chemoradiotherapy.
17039499,2006,10.1002/cncr.22278,,Quality measures for the use of adjuvant chemotherapy and radiation therapy in patients with colorectal cancer: a systematic review.
31344279,2020,10.1002/ijc.32592,,Quantitative evaluation of the intratumoral distribution of platinum in oxaliplatin-treated rectal cancer: In situ visualization of platinum via synchrotron radiation X-ray fluorescence spectrometry.
24276776,2014,10.1200/JCO.2012.45.3258,,Preoperative magnetic resonance imaging assessment of circumferential resection margin predicts disease-free survival and local recurrence: 5-year follow-up results of the MERCURY study.
32889250,2020,10.1016/j.suronc.2020.08.013,,Lateral lymph node and its association with distant recurrence in rectal cancer: A clue of systemic disease.
27748061,2016,10.1002/cam4.935,PMC5119967,Enhanced detection of lymphovascular invasion in small rectal neuroendocrine tumors using D2-40 and Elastica van Gieson immunohistochemical analysis.
23420438,2013,10.1007/s00280-013-2114-0,,Clinical implications of initial FDG-PET/CT in locally advanced rectal cancer treated with neoadjuvant chemoradiotherapy.
26486376,2016,10.1002/rcs.1710,,Utility of indocyanine-green fluorescent imaging during robot-assisted sphincter-saving surgery on rectal cancer patients.
30698998,2019,10.1259/bjr.20180821,PMC6540863,Added value of diffusion-weighted imaging for evaluation of extramural venous invasion in patients with primary rectal cancer.
20496544,2010,,,The role of multimodality treatment in M0 rectal cancer: evidence and research.
15107319,2004,10.1259/bjr/95415645,,"The development and application of functional nuclear magnetic resonance to in vivo therapeutic anticancer research: 2002 Sir Godfrey Hounsfield lecture delivered at the President's Day, Manchester."
25885576,2015,10.1186/s12885-015-1157-5,PMC4373096,Detection of morphologic alterations in rectal carcinoma following preoperative radiochemotherapy based on multiphoton microscopy imaging.
15936558,2005,10.1016/j.ijrobp.2004.11.015,,Comparison of the belly board device method and the distended bladder method for reducing irradiated small bowel volumes in preoperative radiotherapy of rectal cancer patients.
34722724,2021,10.1159/000514800,PMC8543365,"Multimodal Treatment of cT3 Rectal Cancer in a Prospective Multi-Center Observational Study: Can Neoadjuvant Chemoradiation Be Omitted in Patients with an MRI-Assessed, Negative Circumferential Resection Margin?"
12587476,2002,10.2298/aci0202079r,,[Carcinoma of the anal canal--results of radical radiotherapy].
25953290,2015,10.1016/j.rcl.2015.01.002,PMC4979318,Advances in diffusion-weighted imaging.
32072254,2020,10.1007/s00330-020-06711-1,,"The added value of pelvic surveillance by MRI during postoperative follow-up of rectal cancer, with a focus on abbreviated MRI."
31296960,2019,10.1038/s41598-019-46499-9,PMC6624197,Differences in prognostic relevance of rectal magnetic resonance imaging findings before and after neoadjuvant chemoradiotherapy.
31798332,2019,10.5114/wo.2019.89244,PMC6883969,The effects of rectal cancer surgery on the anatomical localisation of ureters - a prospective observational study.
31995474,2020,10.1109/TBME.2020.2969839,PMC8048106,Robust Collaborative Clustering of Subjects and Radiomic Features for Cancer Prognosis.
26861457,2016,10.1158/1078-0432.CCR-15-1489,PMC4835023,Clinical Trial of Oral Nelfinavir before and during Radiation Therapy for Advanced Rectal Cancer.
26578734,2016,10.1093/annonc/mdv541,,A randomized trial of intensive versus minimal surveillance of patients with resected Dukes B2-C colorectal carcinoma.
29108380,2017,10.18632/oncotarget.20567,PMC5668113,Peri-treatment change of anorectal function in patients with rectal cancer after preoperative chemoradiotherapy.
24511597,2014,,,[Rectal cancer--a combination of MRT and PET allows accurate diagnosis of recurrence].
29354903,2018,,,[The value of MRI with CUBE sequence in early evaluation of the efficacy of neoadjuvant therapy for locally advanced rectal cancer].
27090113,2017,10.1007/s00330-016-4337-z,PMC5209434,The assessment of local response using magnetic resonance imaging at 3- and 6-month post chemoradiotherapy in patients with anal cancer.
17063435,2006,10.1055/s-2006-927005,,[Neoadjuvant treatment of rectal cancer: towards an individualised therapy].
27489868,2016,10.1016/j.ejro.2016.06.003,PMC4959919,Locally advanced rectal cancer: Qualitative and quantitative evaluation of diffusion-weighted MR imaging in the response assessment after neoadjuvant chemo-radiotherapy.
33402599,2021,10.4103/ijc.IJC_435_19,,Factors affecting pathological response and survival following neoadjuvant chemoradiotherapy in rectal cancer patients.
32363115,2020,10.1080/2162402X.2020.1746149,PMC7185207,Regulatory T cells and cytotoxic T cells close to the epithelial-stromal interface are associated with a favorable prognosis.
26705680,2016,10.1016/j.radonc.2015.11.031,,High tumor glycine concentration is an adverse prognostic factor in locally advanced rectal cancer.
33628729,2020,10.3389/fonc.2020.594182,PMC7899045,Artificial Intelligence in Decision-Making for Colorectal Cancer Treatment Strategy: An Observational Study of Implementing Watson for Oncology in a 250-Case Cohort.
34876924,2021,10.1155/2021/4520450,PMC8645400,Evaluation of the Risk of Recurrence in Patients with Local Advanced Rectal Tumours by Different Radiomic Analysis Approaches.
24848820,2014,10.2214/AJR.13.11311,,Prognostic stratification by extramural depth of tumor invasion of primary rectal cancer based on the Radiological Society of North America proposal.
31404579,2019,10.1016/j.ijrobp.2019.07.057,,Mismatch Repair System Deficiency Is Associated With Response to Neoadjuvant Chemoradiation in Locally Advanced Rectal Cancer.
27160356,2016,10.1016/j.ejso.2016.04.003,,Timing of surgery following neoadjuvant chemoradiotherapy in locally advanced rectal cancer - A comparison of magnetic resonance imaging at two time points and histopathological responses.
20202602,2010,10.1016/S1470-2045(10)70014-0,,Neoadjuvant chemotherapy in MRI-staged rectal cancer.
12780593,2002,10.1046/j.1463-1318.2002.00350.x,,Palliative stenting of malignant large bowel obstruction.
21069438,2011,10.1007/s10585-010-9355-7,PMC2998639,High levels of microRNA-21 in the stroma of colorectal cancers predict short disease-free survival in stage II colon cancer patients.
11952317,2002,10.1053/crad.2001.0736,,MR imaging and computed tomography in patients with rectal tumours clinically judged as locally advanced.
34674666,2021,10.1186/s12885-021-08873-7,PMC8529852,The efficiency of (18)F-FDG-PET/CT in the assessment of tumor response to preoperative chemoradiation therapy for locally recurrent rectal cancer.
32761428,2020,10.1245/s10434-020-08978-6,,Radiomics for Diagnosing Lateral Pelvic Lymph Nodes in Rectal Cancer: Artificial Intelligence Enabling Precision Medicine?
30890283,2019,10.1016/j.ejso.2018.12.013,,"Invited editorial re: ""Response assessment after (chemo) radiotherapy for rectal cancer: Why are we missing complete responses with MRI and endoscopy?""."
14716805,2004,10.1002/bjs.4386,,Optimal total mesorectal excision for rectal cancer is by dissection in front of Denonvilliers' fascia.
33872284,2021,10.1097/DCR.0000000000002007,,"Perfusion Assessment in Left-Sided/Low Anterior Resection (PILLAR III): A Randomized, Controlled, Parallel, Multicenter Study Assessing Perfusion Outcomes With PINPOINT Near-Infrared Fluorescence Imaging in Low Anterior Resection."
23436067,2013,10.1007/s00259-013-2341-y,,¹⁸F-FDG PET/CT-based treatment response evaluation in locally advanced rectal cancer: a prospective validation of long-term outcomes.
12739710,2003,10.1080/00365520310000898,,Relevance of abdominal gas analysis and transit study after colorectal cancer surgery.
30927944,2019,10.1016/j.ejrad.2019.02.022,PMC6443100,Radiogenomics of rectal adenocarcinoma in the era of precision medicine: A pilot study of associations between qualitative and quantitative MRI imaging features and genetic mutations.
20880773,2010,10.1102/1470-7330.2010.9092,PMC2967144,Proforma-based reporting in rectal cancer.
31476419,2019,10.1016/j.ijrobp.2019.08.052,,Feasibility of Gold Fiducial Markers as a Surrogate for Gross Tumor Volume Position in Image-Guided Radiation Therapy of Rectal Cancer.
33710824,2021,10.17116/hirurgia202103136,,[Computed tomography for assessment of postoperative outcomes in patients with parastomal hernia].
25683666,2015,10.1111/codi.12920,,Evidence for radiological and histopathological prognostic importance of detecting extramural venous invasion in rectal cancer: recommendations for radiology and histopathology reporting.
26181596,2013,10.1007/s12328-013-0378-x,,Long-term release of a malignant ileal obstruction by placement of a colorectal self-expandable metal stent.
33759582,2021,10.1148/radiol.2021210261,PMC8103911,High-Precision Assessment of Chemoradiotherapy of Rectal Cancer with Near-Infrared Photoacoustic Microscopy and Deep Learning.
23963871,2014,10.1245/s10434-013-3216-y,,Selective lateral pelvic lymph node dissection in patients with advanced low rectal cancer treated with preoperative chemoradiotherapy based on pretreatment imaging.
29124480,2017,10.1186/s40792-017-0389-9,PMC5680408,A case of napsin A-positive metastatic lung cancer originating from the colon.
27538267,2017,10.1111/codi.13496,,Magnetic resonance based texture parameters as potential imaging biomarkers for predicting long-term survival in locally advanced rectal cancer treated by chemoradiotherapy.
32095872,2020,10.1007/s00384-020-03537-7,,High prevalence of asymptomatic internal hernias after laparoscopic anterior resection in a retrospective analysis of postoperative computed tomography.
24104998,2013,10.1097/DCR.0b013e3182a53568,,High-resolution anoscopy: clinical features of anal intraepithelial neoplasia in HIV-positive men.
12029553,2002,10.1007/s00259-002-0779-4,,PET imaging with [11C]methyl- L-methionine for therapy monitoring in patients with rectal cancer.
30771876,2019,10.1016/j.critrevonc.2018.12.008,,"Corrigendum to ""Imaging predictors of treatment outcomes in rectal cancer: An overview"" [Crit. Rev. Oncol./Hematol. 129, (September) (2018), 153-162]."
28044213,2017,10.1007/s10147-016-1080-z,,Polymorphisms of MTHFR C677T and A1298C associated with survival in patients with colorectal cancer treated with 5-fluorouracil-based chemotherapy.
30538386,2018,10.1007/s13193-018-0788-9,PMC6265181,Bladder Invasion in Patients with Advanced Colorectal Carcinoma.
30143462,2018,10.1016/j.canrad.2018.06.019,,[Image-guided radiotherapy contribution and patient setup for anorectal cancer treatment].
21713526,2011,10.1007/s00330-011-2182-7,,Quantitative analysis and prediction of regional lymph node status in rectal cancer based on computed tomography imaging.
34155222,2021,10.1038/s41598-021-92118-x,PMC8217562,Prognostic value of metabolic parameters on (18)F-fluorodeoxyglucose positron tomography/computed tomography in classical rectal adenocarcinoma.
30101009,2018,10.3892/mco.2018.1658,PMC6083403,Impact of multidisciplinary tumor boards on patients with rectal cancer.
24922690,2014,,,Short-term clinical outcomes of postoperative intrapelvic bleeding after extended pelvic surgery: a single institute experience.
21735351,2012,10.1007/s12029-011-9302-0,,Dilated SMV in colon cancer--is there any significance.
27612049,2016,10.3233/XST-160594,,Liver acquisition with acceleration volume acquisition gadolinium-enhanced magnetic resonance combined with T2 sequences in the diagnosis of local recurrence of rectal cancer.
30656453,2019,10.1007/s00464-018-06630-9,PMC6722156,2D versus 3D laparoscopic total mesorectal excision: a developmental multicentre randomised controlled trial.
31960434,2020,10.1111/jsap.13104,,Comparison of methods to determine primary tumour size in canine apocrine gland anal sac adenocarcinoma.
22903432,2012,10.1007/s00104-012-2361-3,,[Exact assessment of the circumferential resection margin in rectal cancer using MRI].
33797468,2021,10.1097/CM9.0000000000001401,PMC8104246,Establishment and clinical application value of an automatic diagnosis platform for rectal cancer T-staging based on a deep neural network.
18782650,2008,10.1016/j.canlet.2008.07.015,,Targeting solid tumors via T cell receptor complementarity-determining region 3delta in an engineered antibody.
28597348,2018,10.1007/s00595-017-1547-1,,Pelvic inlet shape measured by three-dimensional pelvimetry is a predictor of the operative time in the anterior resection of rectal cancer.
29450716,2018,10.1007/s00330-018-5329-y,,Could IVIM and ADC help in predicting the KRAS status in patients with rectal cancer?
19377268,2009,10.1540/jsmr.45.1,,The plasticity of the defecation reflex pathway in the enteric nervous system of guinea pigs.
24265562,2013,10.3348/kjr.2013.14.6.878,PMC3835634,Perfusion parameters of dynamic contrast-enhanced magnetic resonance imaging in patients with rectal cancer: correlation with microvascular density and vascular endothelial growth factor expression.
25790541,2015,10.3906/sag-1312-149,,Is there any impact of PET/CT on radiotherapy planning in rectal cancer patients undergoing preoperative IMRT?
28423540,2017,10.18632/oncotarget.15753,PMC5400638,Correlations between intravoxel incoherent motion (IVIM) parameters and histological findings in rectal cancer: preliminary results.
28579847,2017,10.1177/1179299X17710016,PMC5437985,Correlation Between Preoperative Serum Carcinoembryonic Antigen Levels and Expression on Pancreatic and Rectal Cancer Tissue.
34185174,2021,10.1007/s10147-021-01937-5,,Perspectives for circulating tumor DNA in clinical management of colorectal cancer.
29675627,2018,10.1007/s13244-018-0606-5,PMC6108973,"Rectal cancer MRI: protocols, signs and future perspectives radiologists should consider in everyday clinical practice."
22208962,2012,10.1016/j.crad.2011.10.030,,PET/CT in anal cancer - is it worth doing?
25083087,2014,10.3748/wjg.v20.i27.9138,PMC4112869,Abdominoperineal excision following preoperative radiotherapy for rectal cancer: unfavorable prognosis even with negative circumferential resection margin.
26663586,2016,10.1111/codi.13235,,Dynamic MRI to assess pelvic floor reconstruction with Strattice mesh after extralevator abdominoperineal excision for rectal cancer--a video vignette.
32877210,2020,10.1259/bjr.20200543,PMC7548370,Manual and semi-automated delineation of locally advanced rectal cancer subvolumes with diffusion-weighted MRI.
26654131,2016,10.1016/j.crad.2015.10.022,,Transanal endoscopic microsurgery for rectal cancer.
24172167,2014,10.1177/1553350613507145,,Development and clinical implementation of a hemostatic balloon device for rectal cancer surgery.
16951153,2006,10.1158/0008-5472.CAN-06-1437,,Smad3 deficiency promotes tumorigenesis in the distal colon of ApcMin/+ mice.
22173559,2012,10.1007/s11604-011-0023-x,,Diffusion-weighted imaging findings of mucinous carcinoma arising in the ano-rectal region: comparison of apparent diffusion coefficient with that of tubular adenocarcinoma.
24954622,2014,10.1586/17474124.2014.906898,,MR imaging for rectal cancer: the role in staging the primary and response to neoadjuvant therapy.
34083312,2021,10.21873/anticanres.15103,,Comparison of Risk Factors for Locally Advanced Lower Rectal Cancer Recurrence Evaluated by Magnetic Resonance Imaging and Pathological Factors Analysed by Longitudinal Slicing Method.
31801316,2020,10.4143/crt.2019.249,PMC7176960,Association of Body Composition with Long-Term Survival in Non-metastatic Rectal Cancer Patients.
27215513,2016,,,[Robotic surgery for colorectal cancer in elderly patients].
30116024,2018,10.1038/s41416-018-0209-4,PMC6173784,A prospective phase II study of pre-operative chemotherapy then short-course radiotherapy for high risk rectal cancer: COPERNICUS.
27055486,2016,10.3109/0284186X.2016.1156738,,Adaptive radiotherapy strategies for pelvic tumors - a systematic review of clinical implementations.
33813405,2021,10.21873/anticanres.14966,,"Treatment Volume, Dose Prescription and Delivery Techniques for Dose-intensification in Rectal Cancer: A National Survey."
31955995,2020,10.1016/j.ejso.2019.07.012,,The impact of total neo-adjuvant treatment on nonoperative management in patients with locally advanced rectal cancer: The evaluation of 66 cases.
20632294,2010,10.1002/bjs.7171,,Comparison of magnetic resonance imaging-fluorodeoxyglucose positron emission tomography fusion with pathological staging in rectal cancer (Br J Surg 2010; 97: 266-268).
25796796,2014,,,[18F-FPRGD2 PET/CT imaging of integrin αVβ3].
20574091,2010,10.1148/radiol.10090725,,Absence of tumor invasion into pelvic structures in locally recurrent rectal cancer: prediction with preoperative MR imaging.
16844933,2006,10.1148/rg.264055166,,Evaluation of benign and malignant rectal lesions with CT colonography and endoscopic correlation.
31794331,2020,10.1089/lap.2019.0691,,Laparoscopic Posterior Pelvic Exenteration (Complete and Supralevator) for Locally Advanced Adenocarcinoma of the Rectum in Females: Surgical Technique and Short-Term Outcomes.
22798154,2012,10.4261/1305-3825.DIR.5755-12.1,,Can diffusion-weighted MRI determine complete responders after neoadjuvant chemoradiation for locally advanced rectal cancer?
29741977,2018,10.1089/lap.2018.0147,,"Laparoscopic Pelvic Exenteration for Locally Advanced Rectal Cancer, Technique and Short-Term Outcomes."
27353096,2016,,,[Prevention of intraoperative incidental injuries during sphincter-preserving surgery for rectal cancer and management of postoperative complication].
33618522,2021,10.4149/neo_2021_201217N1366,,Tumor regression grading after preoperative hyperfractionated radiotherapy/chemoradiotherapy for locally advanced rectal cancers: interim analysis of phase III clinical study.
20584585,2011,10.1016/j.ijrobp.2010.02.037,,"Bevacizumab, capecitabine, amifostine, and preoperative hypofractionated accelerated radiotherapy (HypoArc) for rectal cancer: a Phase II study."
35017368,2021,10.4103/ijc.IJC_80_20,,The role of MRI and 18F-FDG PET/CT with respect to evaluation of pathological response in the rectal cancer patients after neoadjuvant chemoradiotherapy.
19617075,2006,,,[Chemotherapy in advanced rectal cancers].
15540285,2004,10.1007/s10350-004-0671-3,,Transverse coloplasty pouch after total mesorectal excision: functional assessment of evacuation.
29535985,2018,10.3393/ac.2018.34.1.29,PMC5847400,Transanal Endoscopic and Transabdominal Robotic Total Mesorectal Excision for Mid-to-Low Rectal Cancer: Comparison of Short-term Postoperative and Oncologic Outcomes by Using a Case-Matched Analysis.
23736888,2013,10.1007/s00261-013-0012-x,,Painful pelvic recurrence of rectal cancer: percutaneous radiofrequency ablation treatment.
20821218,2011,10.1007/s00384-010-1050-2,,The inter-observer reliability is very low at clinical examination of parastomal hernia.
32866283,2020,10.1002/bjs.12027,,Improving initial nodal staging of T3 rectal cancer using quantitative image features.
25012830,2014,10.1016/j.prro.2013.09.002,,Clinical utility of integrated positron emission tomography/computed tomography imaging in the clinical management and radiation treatment planning of locally advanced rectal cancer.
25513996,2017,10.1097/COC.0000000000000172,,Comparison of Toxicity and Treatment Outcomes in HIV-positive Versus HIV-negative Patients With Squamous Cell Carcinoma of the Anal Canal.
31567929,2019,10.1097/DCR.0000000000001481,,Clinical Anastomotic Leakage After Rectal Cancer Resection Can Be Predicted by Pelvic Anatomic Features on Preoperative MRI Scans: A Secondary Analysis of a Randomized Controlled Trial.
25918556,2015,10.1186/s13195-015-0108-3,PMC4410460,Long-term treatment with active Aβ immunotherapy with CAD106 in mild Alzheimer's disease.
17018303,2006,10.1016/j.crad.2006.06.005,,Clarifying margins in the multidisciplinary management of rectal cancer: the MERCURY experience.
25648465,2015,10.1016/j.ejso.2014.12.008,,Factors affecting the restaging accuracy of magnetic resonance imaging after preoperative chemoradiation in patients with rectal cancer.
21848731,2011,10.1111/j.1463-1318.2011.02717.x,,Commentary: MRI should not predict histopathological involved margins.
25140623,2014,,,Pelvic MRI for guiding treatment decisions in rectal cancer.
22099033,2012,10.1016/j.ijrobp.2011.07.017,,Diffusion-weighted magnetic resonance imaging in monitoring rectal cancer response to neoadjuvant chemoradiotherapy.
26089866,2015,10.1155/2015/410150,PMC4452312,Characteristics and Prognostic Significance of Preoperative Magnetic Resonance Imaging-Assessed Circumferential Margin in Rectal Cancer.
12595106,2003,10.1016/s0720-048x(02)00231-0,,"Diffusion-weighted magnetic resonance imaging for monitoring diffusion changes in rectal carcinoma during combined, preoperative chemoradiation: preliminary results of a prospective study."
31482361,2020,10.1007/s00464-019-07102-4,,Prediction of transabdominal total mesorectal excision difficulty according to the angle of pelvic floor muscle.
29703606,2018,10.1016/j.clcc.2018.03.008,,Final Analysis of Outcomes and RAS/BRAF Status in a Randomized Phase 3 Study of Panitumumab and Best Supportive Care in Chemorefractory Wild Type KRAS Metastatic Colorectal Cancer.
21322272,2010,,,[Transanal endocopic microsurgery (TEM) in advanced rectal cancer disease treatment].
23089477,2013,10.1016/j.biopha.2012.08.002,,Morphogenetic events in the perinodal connective tissue in a metastatic cancer model.
30217167,2018,10.1186/s40644-018-0165-5,PMC6137872,Accuracy of F-18 FDG PET/CT with optimal cut-offs of maximum standardized uptake value according to size for diagnosis of regional lymph node metastasis in patients with rectal cancer.
11037562,2000,,,Rectal cancer: presentation with metastatic and locally advanced disease. American College of Radiology. ACR Appropriateness Criteria.
25909169,2015,10.18632/oncotarget.3418,PMC4484489,Implications for selecting local excision in locally advanced rectal cancer after preoperative chemoradiation.
21940536,2011,10.2214/AJR.10.6225,,CT colonography in patients who have undergone sigmoid colostomy: a feasibility study.
12925075,2003,10.1046/j.1463-1318.2003.00522.x,,Treatment of T4 tumours: the role of radiotherapy.
35166227,2021,,,Transrectal vacuum treatment for low colorectal anastomotic leaks.
25830042,2015,10.3978/j.issn.2078-6891.2014.110,PMC4311100,Predicting complete response: is there a role for non-operative management of rectal cancer?
26413528,2015,10.1155/2015/514740,PMC4564611,MRI for Assessing Response to Neoadjuvant Therapy in Locally Advanced Rectal Cancer Using DCE-MR and DW-MR Data Sets: A Preliminary Report.
29120661,2018,10.1259/bjr.20170581,PMC5965793,Rectal cancer confined to the bowel wall: the role of 3 Tesla phased-array MR imaging in T categorization.
20872193,2010,10.1007/s00595-009-4156-9,,Impact of a laparoscopic resection on the quality of life in rectal cancer patients: results of 135 patients.
25270374,2015,10.1177/0284185114550193,,Locally advanced rectal cancer: post-chemoradiotherapy ADC histogram analysis for predicting a complete response.
19153180,2009,10.1259/bjr/60198873,,MR vs CT imaging: low rectal cancer tumour delineation for three-dimensional conformal radiotherapy.
22966308,2010,10.3892/ol_00000063,PMC3436337,Evaluation of patients with clinically detected recurrence of rectal carcinoma: Current practice patterns of colorectal surgeons.
28967560,2018,10.1016/j.brachy.2017.08.011,,Benefit of adaptive CT-based treatment planning in high-dose-rate endorectal brachytherapy for rectal cancer.
16847923,2006,10.1002/jso.20411,,Monoclonal antibody conjugated to gadolinium as a contrast agent for magnetic resonance imaging of human rectal carcinoma.
18624816,2009,10.1111/j.1463-1318.2008.01614.x,,Preoperative investigations for metastatic staging of colon and rectal cancer across multiple centres--what is current practice?
30341539,2019,10.1007/s00595-018-1727-7,,The impact of the mesorectal apparent diffusion coefficient value on surgical difficulty in laparoscopic anterior resection for rectal cancer.
32561971,2021,10.1007/s00259-020-04911-x,,Diagnostic accuracy of FDG-PET/MRI versus pelvic MRI and thoracic and abdominal CT for detecting synchronous distant metastases in rectal cancer patients.
26524006,2016,10.1097/CMR.0000000000000198,,Diagnostic value of MRI and computed tomography in anorectal malignant melanoma.
16647361,2006,10.1016/j.amjsurg.2006.01.043,,Evaluating learning and knowledge retention after a continuing medical education course on total mesorectal excision for surgeons.
24802250,2014,10.1097/MEG.0000000000000116,,Management of rectal cancer in France in a well-defined population.
32328461,2020,10.3389/fonc.2020.00459,PMC7160694,Preoperative Prediction of Extramural Venous Invasion in Rectal Cancer: Comparison of the Diagnostic Efficacy of Radiomics Models and Quantitative Dynamic Contrast-Enhanced Magnetic Resonance Imaging.
28099105,2017,10.1148/radiol.2017164040,,Quantitative Assessment of Rectal Cancer Response to Neoadjuvant Combined Chemotherapy and Radiation Therapy: Comparison of Three Methods of Positioning Region of Interest for ADC Measurements at Diffusion-weighted MR Imaging.
25624878,2015,10.3332/ecancer.2015.497,PMC4303611,Highlights from the seventh European Multidisciplinary Colorectal Cancer Congress (EMCCC) 2014.
29460882,2018,10.17116/hirurgia2018266-73,,[Results of video-assisted technologies in colorectal surgery].
30945379,2019,10.1002/jmri.26740,PMC6767772,Comparison of Intravoxel incoherent motion imaging and multiecho dynamic contrast-based MRI in rectal cancer.
34162410,2021,10.1186/s13014-021-01837-y,PMC8220801,The dosimetric impact of deep learning-based auto-segmentation of organs at risk on nasopharyngeal and rectal cancer.
33569436,2021,10.21037/atm-20-7673,PMC7867944,Development and validation of magnetic resonance imaging-based radiomics models for preoperative prediction of microsatellite instability in rectal cancer.
18514785,2008,10.1016/j.ijrobp.2008.02.032,,Assessment of intrafractional movement and internal motion in radiotherapy of rectal cancer using megavoltage computed tomography.
32829150,2020,10.1016/j.clinimag.2020.08.005,,Diffusion tensor imaging of rectal carcinoma: Clinical evaluation and its correlation with histopathological findings.
19579600,2009,,,Prognostic role of vascularisation and proliferation in rectal cancer with liver metastasis.
21641122,2011,10.1016/j.ijrobp.2011.03.031,,Delineation of gross tumor volume (GTV) for radiation treatment planning of locally advanced rectal cancer using information from MRI or FDG-PET/CT: a prospective study.
29644477,2018,10.1007/s11912-018-0689-7,,The Selective Use of Radiation Therapy in Rectal Cancer Patients.
22864760,2012,10.1007/s13304-012-0168-x,,Surgical excision of developmental retrorectal cysts: results with long-term follow-up from a single institution.
17604465,2007,,,Expression of epidermal growth factor receptor as a predictive factor for rectal cancer.
22173716,2012,10.1007/s00384-011-1388-0,,A prospective analysis of patient outcome following treatment of T3 rectal cancer with neo-adjuvant chemoradiotherapy and transanal excision.
27762432,2017,10.1002/bjs.10332,,Oncological impact of anastomotic leakage after laparoscopic mesorectal excision.
30940428,2019,10.1016/j.critrevonc.2019.03.008,,Positron emission tomography with computed tomography imaging (PET/CT) for the radiotherapy planning definition of the biological target volume: PART 2.
34817508,2021,10.1590/1806-9282.20210325,,Early results of novel robotic surgery-assisted low anterior resection for rectal cancer and transvaginal specimen extraction by using Da Vinci XI: initial clinical experience.
35117393,2020,10.21037/tcr.2019.11.33,PMC8799155,Effect of prone and supine treatment positions for postoperative treatment of rectal cancer on target dose coverage and small bowel sparing using intensity-modulated radiation therapy.
21161029,2010,10.4329/wjr.v2.i5.151,PMC2999018,Use of computed tomography in the management of colorectal cancer.
28755256,2017,10.1007/s10151-017-1665-1,,Rectal sparing approach after preoperative radio- and/or chemotherapy (RESARCH) in patients with rectal cancer: a multicentre observational study.
30171293,2019,10.1007/s00261-018-1759-x,,Can MR imaging be useful in differentiating low rectal cancer from anal cancer?
16465171,2006,10.1038/sj.bjc.6602947,PMC2361145,MRI directed multidisciplinary team preoperative treatment strategy: the way to eliminate positive circumferential margins?
19181259,2009,10.1016/j.meddos.2008.04.001,,Preoperative radiation treatment for rectal cancer: comparison of target coverage and small bowel NTCP in conventional vs. 3D-conformal planning.
33423883,2021,10.1016/j.clon.2020.12.011,PMC7985673,Intensity-modulated Radiotherapy for Rectal Cancer in the UK in 2020.
12221559,2002,10.1055/s-2002-33957,,[Total mesorectal excison and colonic-J-pouch-anal anastomosis in the therapy of low rectal carcinoma--results in 116 patients].
27548058,2016,10.1371/journal.pone.0160732,PMC4993446,Evaluation of Tumor Response after Short-Course Radiotherapy and Delayed Surgery for Rectal Cancer.
31650042,2019,10.1016/j.ctro.2019.09.002,PMC6804737,Fertility preservation in chemo-radiotherapy for rectal cancer: A combined approach.
19403879,2009,10.2967/jnumed.108.057224,,Monitoring and predicting response to therapy with 18F-FDG PET in colorectal cancer: a systematic review.
31327039,2019,10.1007/s00261-019-02129-6,,Developing a prediction model based on MRI for pathological complete response after neoadjuvant chemoradiotherapy in locally advanced rectal cancer.
19179029,2010,10.1016/j.ejrad.2008.12.008,,Continuously moving table MRI with sliding multislice for rectal cancer staging: image quality and lesion detection.
15859960,2005,10.1111/j.1463-1318.2005.00819.x,,MRI assessment of the bony pelvis may help predict resectability of rectal cancer.
12066242,2002,10.1007/s00261-001-0124-6,,Current and future perspectives on the role of internal coils for magnetic resonance imaging of the anal sphincter and rectum.
25436127,2014,10.3978/j.issn.2078-6891.2014.087,PMC4226835,"The localisation of cancer in the sigmoid, rectum or rectosigmoid junction using endoscopy or radiology-What is the most accurate method?"
20173488,2010,10.1007/DCR.0b013e3181c3aecf,,Tumor regression grade and rectal cancer.
17115340,2007,10.1007/s10350-006-0735-7,,The role of positron emission tomography in the management of recurrent colorectal cancer: a review.
21128000,2011,10.1245/s10434-010-1446-9,,Impact of a temporary stoma on the quality of life of rectal cancer patients undergoing treatment.
20037351,2009,,,[Evaluation of preoperative chemoradiation therapy for lower rectal carcinoma using DWIBS].
30662629,2018,,PMC6291705,Histogram parameters derived from T2 weighted images are associated with histopathological findings in rectal cancer - a preliminary study.
18534701,2008,10.1016/j.radonc.2008.05.022,,Evidence and research in rectal cancer.
19800704,2009,10.1016/j.radonc.2009.08.046,,MR-guided simultaneous integrated boost in preoperative radiotherapy of locally advanced rectal cancer following neoadjuvant chemotherapy.
27251677,2016,10.1007/s12149-016-1089-4,,(18)F-FDG uptake by rectal cancer is similar in mucinous and nonmucinous histological subtypes.
27630331,2016,10.21873/anticanres.11039,,Prediction of KRAS Mutation in Rectal Cancer Using MRI.
26688771,2015,10.1155/2015/563641,PMC4672142,Seromuscular Colonic Flap for Intrapelvic Soft-Tissue Coverage: A Reconstructive Option for Plastic Surgeons When Traditionally Used Flaps Are Not Available.
16322966,2006,10.1007/s10350-005-0248-9,,Total mesorectal excision: the unrecognized pelvic plane.
18065927,2007,10.1016/s0221-0363(07)74046-5,,[Tumors of the rectum: MRI and CT features].
27926556,2017,10.1097/DCR.0000000000000739,,"Natural Orifice Specimen Extraction With Single Stapling Colorectal Anastomosis for Laparoscopic Anterior Resection: Feasibility, Outcomes, and Technical Considerations."
26771873,2016,10.1016/j.ejca.2015.10.060,,The impact on health-related quality of life in the first 12 months: A randomised comparison of preoperative short-course radiation versus long-course chemoradiation for T3 rectal cancer (Trans-Tasman Radiation Oncology Group Trial 01.04).
20409773,2010,10.1016/j.canep.2010.03.019,,"COX-2 is overexpressed in primary prostate cancer with metastatic potential and may predict survival. A comparison study between COX-2, TGF-beta, IL-10 and Ki67."
32712044,2021,10.1016/j.asjsur.2020.07.001,,Accuracy of high-resolution rectal magnetic resonance imaging re-staging with histopathology in locally advanced rectal cancer after neoadjuvant chemoradiotherapy.
26446699,2016,10.1007/s00520-015-2976-2,PMC4862400,Investigation of body image as a mediator of the effects of bowel and GI symptoms on psychological distress in female survivors of rectal and anal cancer.
28125177,2016,,,CT Colonography in the Detection of Colorectal Cancer in Ireland; Economical Considerations and the Potential for Centralisation of Service Provision.
26897937,2015,,,Outlet Obstruction of Temporary Loop Diverting Ileostomy.
24778655,2014,10.1155/2014/235930,PMC3977490,Matching biological mesh and negative pressure wound therapy in reconstructing an open abdomen defect.
25373735,2014,10.18632/oncotarget.2563,PMC4294384,The role of systemic chemotherapy and multidisciplinary management in improving the overall survival of patients with metastatic squamous cell carcinoma of the anal canal.
15457670,2004,,,"Morphometric analysis of AgNORs in thin-layer, liquid-based liver specimens."
32654177,2020,10.1002/jso.26111,PMC7689834,Effect of understaging on local recurrence of rectal cancer.
30860889,2019,10.2214/AJR.18.20689,,Value of High-Resolution DWI in Combination With Texture Analysis for the Evaluation of Tumor Response After Preoperative Chemoradiotherapy for Locally Advanced Rectal Cancer.
28258741,2017,10.1016/j.crad.2017.01.011,,Risk factor assessment to predict the likelihood of a diagnosis of metastasis for indeterminate hepatic lesions found at computed tomography in patients with rectal cancer.
22892379,2012,10.1016/j.gene.2012.07.059,,Programmed death-1 gene polymorphism (PD-1.5 C/T) is associated with colon cancer.
30825391,2019,10.1002/cncr.32017,,Role of pelvic chemoradiation therapy in patients with initially metastatic anal canal cancer: A National Cancer Database review.
28959163,2017,10.1515/raon-2017-0025,PMC5611991,Quantitative Aspects of Diffusion-weighted Magnetic Resonance Imaging in Rectal Cancer Response to Neoadjuvant Therapy.
32996713,2020,10.1002/bjs5.50355,PMC8370463,Tumour growth rate of carcinoma of the colon and rectum: retrospective cohort study.
26189347,2011,10.1007/s12328-011-0217-x,,Fatal interstitial pneumonia associated with oxaliplatin-based therapy in a patient with metastatic rectal cancer.
21876084,2011,10.1200/JCO.2011.34.9068,,Magnetic resonance imaging-detected tumor response for locally advanced rectal cancer predicts survival outcomes: MERCURY experience.
24974862,2014,10.1111/codi.12698,,Comparison between magnetic resonance imaging and rigid rectoscopy in the preoperative identification of intra- and extraperitoneal rectal cancer.
15146154,2004,10.1016/s0399-8320(04)94939-1,,Regional variations in management of rectal cancer in France.
21918654,2009,10.1136/bcr.11.2008.1191,PMC3030094,Sclerosing angiomatoid nodular transformation of the spleen presenting as a rapidly growing tumour in a patient with rectal cancer.
21532870,2011,10.4329/wjr.v3.i4.92,PMC3084438,Clinical significance of magnetic resonance imaging findings in rectal cancer.
33036648,2020,10.1186/s13104-020-05327-4,PMC7547447,Radiological staging of rectal cancer in a resource limited setting.
29221920,2018,10.1016/j.jvir.2017.09.014,,Treatment of Infected Aneurysm with Combined Endovascular Aneurysm Repair and Abscess Drainage.
21342509,2011,10.1186/1748-717X-6-21,PMC3049120,Two years experience with quality assurance protocol for patient related Rapid Arc treatment plan verification using a two dimensional ionization chamber array.
22539154,2012,10.1002/bjs.8732,,Critical appraisal of the 'wait and see' approach in rectal cancer for clinical complete responders after chemoradiation.
34307922,2021,10.1016/j.phro.2021.07.005,PMC8295842,Patient position verification in magnetic-resonance imaging only radiotherapy of anal and rectal cancers.
23011550,2013,10.1007/s00261-012-9958-3,,"Anal carcinoma: FDG PET/CT in staging, response evaluation, and follow-up."
18472440,2008,,,Images in HIV/AIDS. The changing face of anal cancer.
34814260,2021,10.3934/mbe.2021371,,A deep learning based automatic segmentation approach for anatomical structures in intensity modulation radiotherapy.
24159637,2013,10.12968/hmed.2013.74.7.377,,LOREC: the English Low Rectal Cancer National Development Programme.
25969638,2015,10.4103/0971-3026.155865,PMC4419424,Imaging in rectal cancer with emphasis on local staging with MRI.
22526897,2012,10.1245/s10434-012-2309-3,,Comparison of magnetic resonance imaging and histopathological response to chemoradiotherapy in locally advanced rectal cancer.
21385884,2011,10.1093/annonc/mdq782,,"Phase II study of panitumumab, oxaliplatin, 5-fluorouracil, and concurrent radiotherapy as preoperative treatment in high-risk locally advanced rectal cancer patients (StarPan/STAR-02 Study)."
15540288,2004,10.1007/s10350-004-0673-1,,Does rectal wall tumor eradication with preoperative chemoradiation permit a change in the operative strategy?
14659646,2004,10.1016/j.jinorgbio.2003.09.001,,"Multinuclear NMR spectroscopy and antitumor activity of novel platinum(II) complexes with 5,7-disubstituted-1,2,4-triazolo[1,5-a]pyrimidines."
28690773,2017,10.4240/wjgs.v9.i6.139,PMC5483413,"Recent advances in the management of rectal cancer: No surgery, minimal surgery or minimally invasive surgery."
17940397,2007,,,[A case of liver metastasis from anorectal malignant melanoma on hemodialysis treated by chemotherapy].
28728779,2018,10.1016/j.remn.2017.06.002,,"""Miner's cap-like"" solitary frontal bone metastasis from rectal adenocarcinoma on (18)F-FDG PET/CT."
26853971,2016,10.1016/j.acra.2015.12.013,,Discrimination between Metastatic and Nonmetastatic Mesorectal Lymph Nodes in Rectal Cancer Using Intravoxel Incoherent Motion Diffusion-weighted Magnetic Resonance Imaging.
20591608,2011,10.1016/j.carj.2010.04.012,,Radiologic and pathological correlation of staging of rectal cancer with 3 Tesla magnetic resonance imaging.
34041033,2021,10.3389/fonc.2021.671354,PMC8141802,Radiomics Based on T2-Weighted Imaging and Apparent Diffusion Coefficient Images for Preoperative Evaluation of Lymph Node Metastasis in Rectal Cancer Patients.
22580120,2012,10.1016/j.ijrobp.2012.01.096,,Optimal timing for assessment of tumor response to neoadjuvant chemoradiation in patients with rectal cancer: do all patients benefit from waiting longer than 6 weeks?
24766302,2014,10.3109/07357907.2014.907420,,External beam radiotherapy ± chemotherapy in the treatment of anal canal cancer: a single-institute long-term experience on 100 patients.
22002269,2011,10.1097/SLE.0b013e31822b0dcb,,Pelvic anatomy as a factor in laparoscopic rectal surgery: a prospective study.
19058413,2008,,,"[Minutes of the 27th meeting of the European Society for Therapeutic Radiology and Oncology (ESTRO), Goteborg (Sweden), 14-18 September 2008]."
31476417,2019,10.1016/j.ijrobp.2019.08.042,,Image Guided Adaptive Endorectal Brachytherapy in the Nonoperative Management of Patients With Rectal Cancer.
34109120,2021,10.3389/fonc.2021.670156,PMC8180870,Quantitative T2*-Weighted Imaging and Reduced Field-of-View Diffusion-Weighted Imaging of Rectal Cancer: Correlation of R2* and Apparent Diffusion Coefficient With Histopathological Prognostic Factors.
22426259,2012,10.1097/DCR.0b013e31824678e3,PMC3546551,Pretreatment high-resolution rectal MRI and treatment response to neoadjuvant chemoradiation.
11483342,2001,10.1016/s0360-3016(01)01540-1,,A phase I/II trial of three-dimensionally planned concurrent boost radiotherapy and protracted venous infusion of 5-FU chemotherapy for locally advanced rectal carcinoma.
34098631,2021,10.3393/ac.2021.03.15,PMC8566143,The Effect of Anastomotic Leakage on the Incidence and Severity of Low Anterior Resection Syndrome in Patients Undergoing Proctectomy: A Propensity Score Matching Analysis.
32575082,2020,10.1088/1361-6560/ab9f61,,Standardization of CT radiomics features for multi-center analysis: impact of software settings and parameters.
20940606,2010,10.1007/DCR.0b013e3181e8f4b6,,Real-time magnetic resonance-guided microwave coagulation therapy for pelvic recurrence of rectal cancer: initial clinical experience using a 0.5 T open magnetic resonance system.
31275615,2019,10.1136/esmoopen-2019-000518,PMC6579577,Expanding the TNM for cancers of the colon and rectum using machine learning: a demonstration.
19319116,2009,10.1016/s0761-8425(09)71598-0,,[Bevacizumab and invasive procedures: practical recommendations].
30006679,2018,10.1007/s12029-018-0133-0,,Dose Escalation with Simultaneous Integrated Boost (SIB) Using Volumetric Modulated Arc Therapy (VMAT) in Rectal Cancer.
27238467,2016,10.1016/j.semradonc.2016.03.001,,Rectal Cancer: The Radiation Oncologist: The Great Watchmaker.
25104203,2014,10.4103/0019-509X.138292,,Pre-operative staging of rectal cancer using multi-detector row computed tomography with multiplanar reformations: single center experience.
29088894,2017,10.18632/oncotarget.17491,PMC5650449,The value of diffusion kurtosis imaging in assessing pathological complete response to neoadjuvant chemoradiation therapy in rectal cancer: a comparison with conventional diffusion-weighted imaging.
19596174,2010,10.1016/j.ijrobp.2009.02.066,,Clinical utility of the modified segmental boost technique for treatment of the pelvis and inguinal nodes.
25124320,2015,10.1002/jmri.24718,,Dynamic contrast enhanced MR imaging for rectal cancer response assessment after neo-adjuvant chemoradiation.
24702293,2014,,,[Evaluation of safe resection margins in rectal carcinoma].
26666769,2016,10.1007/s12094-015-1462-0,,Patterns and management of distant failure in locally advanced rectal cancer: a cohort study.
21284128,2010,,,"[Minutes of the 29th meeting of the European Society for Therapeutic Radiology and Oncology (Estro), Barcelona (Spain), 12-16 September 2010]."
27460228,2017,10.1007/s00104-016-0208-z,,"Robotic technology for colorectal surgery : Procedures, current applications, and future innovative challenges."
32624161,2020,10.1016/j.mric.2020.03.009,,MR Imaging Texture Analysis in the Abdomen and Pelvis.
18812273,2008,10.1177/145749690809700306,,Local staging of rectal cancer using the black lumen magnetic resonance imaging technique.
34323052,2021,10.12182/20210460201,PMC10409384,[Application of Automated Machine Learning Based on Radiomics Features of T2WI and RS-EPI DWI to Predict Preoperative T Staging of Rectal Cancer].
33349519,2021,10.1016/j.clcc.2020.11.001,,Radiomics for the Prediction of Treatment Outcome and Survival in Patients With Colorectal Cancer: A Systematic Review.
24239243,2014,10.1016/j.radonc.2013.10.026,,Preoperative intensity-modulated and image-guided radiotherapy with a simultaneous integrated boost in locally advanced rectal cancer: report on late toxicity and outcome.
28501249,2017,10.1016/j.suc.2017.01.008,,New Strategies in Rectal Cancer.
32890612,2020,10.1016/j.radonc.2020.08.028,,"Magnetic resonance imaging tumor response score (mrTRS) predicts therapeutic effect and prognosis of locally advanced rectal cancer after neoadjuvant chemoradiotherapy: A prospective, multi-center study."
33747528,2021,10.1093/gastro/goaa083,PMC7962745,Transanal vs laparoscopic total mesorectal excision for rectal cancer: a multicenter randomized phase III clinical trial (TaLaR trial) protocol.
33971571,2021,10.1016/j.ejrad.2021.109742,,Early conformational changes at tumour bed and long term response after neoadjuvant therapy in locally-advanced rectal cancer.
29455167,2018,10.1136/bmjopen-2017-019614,PMC5855328,Pulmonary metastasis in rectal cancer: a retrospective study of clinicopathological characteristics of 404 patients in Chinese cohort.
34298803,2021,10.3390/cancers13143590,PMC8303203,Radiomics in the Setting of Neoadjuvant Radiotherapy: A New Approach for Tailored Treatment.
30827451,2019,10.1016/j.semradonc.2018.11.004,,Anal Cancer in the Era of Dose Painted Intensity Modulated Radiation Therapy: Implications for Regional Nodal Therapy.
27974702,2017,10.18632/oncotarget.13855,PMC5352371,Tumor compactness improves the preoperative volumetry-based prediction of the pathological complete response of rectal cancer after preoperative concurrent chemoradiotherapy.
31496628,2019,10.3748/wjg.v25.i31.4502,PMC6710176,Application of indocyanine green-enhanced near-infrared fluorescence-guided imaging in laparoscopic lateral pelvic lymph node dissection for middle-low rectal cancer.
18617780,2008,10.1097/MEG.0b013e3282fc2649,,"Heparanase-2, syndecan-1, and extracellular matrix remodeling in colorectal carcinoma."
31823293,2020,10.1007/s11547-019-01115-8,,Effect of granulocyte colony-stimulating factor on bone marrow: evaluation by intravoxel incoherent motion and dynamic contrast-enhanced magnetic resonance imaging.
11567822,2001,10.1016/s0360-3016(01)01644-3,,"Dislocation of small bowel volume within box pelvic treatment fields, using new ""up down table"" device."
28802802,2017,10.1016/S1470-2045(17)30456-4,,"Nodal stage migration and prognosis in anal cancer: a systematic review, meta-regression, and simulation study."
27330824,2016,10.1186/s40779-016-0087-0,PMC4912766,A case of postoperative spontaneous intussusception after laparoscopic low anterior resection for rectal cancer.
23474523,2013,,,Pelvic magnetic resonance imaging for rectal cancer in a provincial centre: time to follow the standards?
30386986,2019,10.1007/s00464-018-6519-z,,Real-time in vivo optical biopsy using confocal laser endomicroscopy to evaluate distal margin in situ and determine surgical procedure in low rectal cancer.
30489325,2019,10.1097/DCR.0000000000001279,,Primary Colorectal Lymphoma: Institutional Experience and Review of a National Database.
25596047,2014,,,[Particle beam radiotherapy].
34136391,2021,10.3389/fonc.2021.655325,PMC8201514,MV CBCT-Based Synthetic CT Generation Using a Deep Learning Method for Rectal Cancer Adaptive Radiotherapy.
25577525,2015,10.1007/s00330-014-3581-3,,Standardized Index of Shape (SIS): a quantitative DCE-MRI parameter to discriminate responders by non-responders after neoadjuvant therapy in LARC.
23207940,2012,10.1159/000342037,,Multivisceral resection for T4 or recurrent colorectal cancer.
22271205,2012,10.1245/s10434-011-2210-5,,"Diagnostic accuracy of MRI for assessment of T category, lymph node metastases, and circumferential resection margin involvement in patients with rectal cancer: a systematic review and meta-analysis."
29503175,2018,10.1016/j.acra.2018.01.020,,CT-based Radiomics Signature to Discriminate High-grade From Low-grade Colorectal Adenocarcinoma.
32738130,2020,10.2478/raon-2020-0043,PMC7585344,"Influence of concurrent capecitabine based chemoradiotherapy with bevacizumab on the survival rate, late toxicity and health-related quality of life in locally advanced rectal cancer: a prospective phase II CRAB trial."
27784970,2016,10.3748/wjg.v22.i38.8576,PMC5064039,Combination of three-gene immunohistochemical panel and magnetic resonance imaging-detected extramural vascular invasion to assess prognosis in non-advanced rectal cancer patients.
32121328,2020,10.3390/cancers12030563,PMC7139832,The Determination of Immunomodulation and Its Impact on Survival of Rectal Cancer Patients Depends on the Area Comprising a Tissue Microarray.
25899892,2015,10.1259/bjr.20150097,PMC4628535,MRI volumetry for prediction of tumour response to neoadjuvant chemotherapy followed by chemoradiotherapy in locally advanced rectal cancer.
11341018,2001,,,[Treatment of rectal carcinoma].
33731051,2021,10.1186/s12880-021-00583-7,PMC7967971,MRI-based nomogram analysis: recognition of anterior peritoneal reflection and its relationship to rectal cancers.
24326828,2014,10.1007/s10151-013-1099-3,,Mucinous carcinoma of the rectum: a distinct clinicopathological entity.
15785880,2005,10.1007/s10350-004-0909-0,,Surgery for locally recurrent rectal cancer.
23371446,2013,10.1007/s11912-013-0296-6,,Anal cancer: are we making progress?
32885328,2021,10.1007/s10151-020-02335-1,,Assessment of intraoperative use of indocyanine green fluorescence imaging on the incidence of anastomotic leakage after rectal cancer surgery: a PRISMA-compliant systematic review and meta-analysis.
24606849,2014,10.1016/j.ijrobp.2013.12.028,PMC4028157,Five fractions of radiation therapy followed by 4 cycles of FOLFOX chemotherapy as preoperative treatment for rectal cancer.
34562744,2021,10.1016/j.ejrad.2021.109963,,Diffusion kurtosis imaging-derived histogram metrics for prediction of resistance to neoadjuvant chemoradiotherapy in rectal adenocarcinoma: Preliminary findings.
17870428,2007,10.1016/j.clon.2007.07.013,,Whither papillon? Future directions for contact radiotherapy in rectal cancer.
32030912,2021,10.1111/ajco.13305,,Addition of short course radiotherapy in newly diagnosed locally advanced rectal cancers with distant metastasis.
20656849,2010,10.1148/radiol.100471,,Diffusion-weighted MR imaging for early detection of tumor histopathologic downstaging in rectal carcinoma after chemotherapy and radiation therapy.
23801777,2013,10.1148/radiol.13122833,,Patients who undergo preoperative chemoradiotherapy for locally advanced rectal cancer restaged by using diagnostic MR imaging: a systematic review and meta-analysis.
19391334,2009,,,[Integrated multidisciplinary treatment of colorectal neoplasms].
30810343,2019,10.1259/bjr.20181006,PMC6580918,Anal cancer chemoradiotherapy outcome prediction using (18)F-fluorodeoxyglucose positron emission tomography and clinicopathological factors.
20603854,2010,10.1002/bjs.7116,,Magnetic resonance imaging-detected lymph nodes close to the mesorectal fascia are rarely a cause of margin involvement after total mesorectal excision.
30166862,2018,10.3748/wjg.v24.i32.3671,PMC6113723,Vascular anatomy of inferior mesenteric artery in laparoscopic radical resection with the preservation of left colic artery for rectal cancer.
16314698,2005,10.1097/01.rmr.0000179461.55234.7d,,Magnetic resonance imaging of the gastrointestinal tract.
26945377,2016,10.1097/MD.0000000000002889,PMC4782861,Recognition of Anterior Peritoneal Reflections and Their Relationship With Rectal Tumors Using Rectal Magnetic Resonance Imaging.
15541284,2004,10.1016/j.jim.2004.07.009,,A new immunofluorostaining method using red fluorescence of PerCP on formalin-fixed paraffin-embedded tissues.
18165939,2008,10.1002/bjs.6061,,The incidence of lateral pelvic side-wall nodal involvement in low rectal cancer may be similar in Japan and the West.
19160364,2009,10.1002/bjs.6464,,Composite abdominosacral resection for recurrent rectal cancer.
20601343,2010,,,Assessment of metabolic response to pre-operative treatment of rectal cancer.
26972655,2016,10.1016/j.ijrobp.2015.12.017,,Automated and Semiautomated Segmentation of Rectal Tumor Volumes on Diffusion-Weighted MRI: Can It Replace Manual Volumetry?
25270363,2015,10.1002/jso.23792,,ALDH1 is a prognostic factor for patients treated with neoadjuvant chemoradiotherapy and radical resection for stage III rectal cancer.
27673438,2017,10.1111/codi.13535,,Adjuvant chemotherapy may improve disease-free survival in patients with rectal cancer positive for MRI-detected extramural venous invasion following chemoradiation.
32522084,2020,10.1089/lap.2020.0093,,Short Term Postoperative and Oncological Outcomes of Two-Dimensional Versus Three-Dimensional Laparoscopic Transanal Total Mesorectal Excision of Rectal Cancer.
26663419,2016,10.1111/codi.13232,,Management approach and surgical strategies for retrorectal tumours: a systematic review.
19773672,2009,10.1097/MNM.0b013e328330294d,,Detection of colorectal cancer using ¹⁸F-FLT PET: comparison with ¹⁸F-FDG PET.
27762654,2016,10.1080/0284186X.2016.1235797,,Effect of increasing radiation dose on pathologic complete response in rectal cancer patients treated with neoadjuvant chemoradiation therapy.
10997424,2000,10.1007/s003300000372,,Local recurrence of rectal cancer: MR imaging before and after oral superparamagnetic particles vs contrast-enhanced computed tomography.
24762502,2014,10.4103/0973-1482.131465,,Influence of the intravenous contrast media on treatment planning dose calculations of lower esophageal and rectal cancers.
34051043,2021,10.1111/codi.15760,PMC8519080,Poor response at restaging MRI and high incomplete resection rates of locally advanced mucinous rectal cancer after chemoradiation therapy.
31051972,2014,10.1016/j.jmir.2014.03.093,,Evaluating QUANTEC Small Bowel Dose-Volume Guidelines for Rectal Cancer Patients Treated Using a Couch Top Inclined Belly Board.
30006428,2018,10.6004/jnccn.2018.0060,PMC10181270,"Anal Carcinoma, Version 2.2018, NCCN Clinical Practice Guidelines in Oncology."
17967848,2008,10.1259/bjr/19492531,,Accuracy of CT prediction of poor prognostic features in colonic cancer.
29075856,2017,10.1007/s00280-017-3442-2,,The potential usefulness of the Response Index in positron emission tomography assessing the therapeutic effect of pre-operative chemotherapy for advanced colorectal cancer.
24043578,2014,10.1007/s10151-013-1048-1,,Safety and factors contributing to the difficulty of laparoscopic surgery for rectal cancer treated with preoperative chemoradiotherapy.
27275372,2016,10.1007/s13139-015-0350-4,PMC4870456,Primary Rectal Adenocarcinoma Metastasizing to Bilateral Breasts - a Rare Case Demonstrated by (18) F-FDG PET/CT.
24646719,2014,10.1016/j.ejrad.2014.02.007,,Rectal tumour volume (GTV) delineation using T2-weighted and diffusion-weighted MRI: Implications for radiotherapy planning.
26638828,2016,10.1111/codi.13226,,High subcortical sacrectomy: a novel approach to facilitate complete resection of locally advanced and recurrent rectal cancer with high (S1-S2) sacral extension.
26715111,2016,10.1002/jmri.25137,,Correlation of standard diffusion-weighted imaging and diffusion kurtosis imaging with distant metastases of rectal carcinoma.
12483379,2003,10.1007/s00261-001-0127-3,,Gadolinium-enhanced MRI with dynamic evaluation in diagnosing the local recurrence of rectal cancer.
34660266,2021,10.3389/fonc.2021.695726,PMC8515850,One to Two Cycles of Consolidation Chemotherapy With Capecitabine After Neoadjuvant Chemoradiotherapy Does Not Benefit Low-Risk Patients With Locally Advanced Middle-Low Rectal Cancer.
16555255,2006,10.1002/bjs.5417,,Radiological findings do not support lateral residual tumour as a major cause of local recurrence of rectal cancer (Br J Surg 2006; 93: 113-119).
29720197,2018,10.1186/s13014-018-1035-9,PMC5930791,The prognostic role of hemoglobin levels in patients undergoing concurrent chemo-radiation for anal cancer.
27815805,2016,10.1007/s12032-016-0852-7,,Lumbar-sacral bone marrow dose modeling for acute hematological toxicity in anal cancer patients treated with concurrent chemo-radiation.
12527054,2003,10.1016/s0360-3016(02)04144-5,,Clinical use of the hyperthermia treatment planning system HyperPlan to predict effectiveness and toxicity.
27873100,2017,10.1245/s10434-016-5684-3,PMC5374176,The Pretreatment Systemic Inflammatory Response is an Important Determinant of Poor Pathologic Response for Patients Undergoing Neoadjuvant Therapy for Rectal Cancer.
18497508,2008,10.1159/000122589,,Preoperative staging of rectal tumors: what is the most optimal staging method?
17805938,2007,10.1007/s11605-007-0271-3,,Local excision for ypT2 rectal cancer--much ado about something.
19928065,2009,10.1118/1.3213099,,A region growing method for tumor volume segmentation on PET images for rectal and anal cancer patients.
34386458,2021,10.4174/astr.2021.101.2.93,PMC8331553,Oncologic comparison between nonradical management and total mesorectal excision in good responders after chemoradiotherapy in patients with mid-to-low rectal cancer.
32342670,2020,10.1002/bjs5.50292,PMC7397373,Prediction of surgical difficulty in minimally invasive surgery for rectal cancer by use of MRI pelvimetry.
26132363,2015,10.1001/jamasurg.2015.1525,,Association of Radial Margin Positivity With Colon Cancer.
28643316,2017,,,[Endoscopic metallic stent followed by elective laparoscopic surgery for malignant colorectal obstruction].
27260329,2016,10.1016/j.dld.2016.05.012,,"Non-surgical management of rectal cancer. Series of 68 cases, long follow up in two leading centres in Argentina."
25735444,2015,10.1111/codi.12933,,Rectal cancer threatening or affecting the prostatic plane: is partial prostatectomy oncologically adequate? Results of a multicentre retrospective study.
23436074,2013,10.1007/s00259-013-2367-1,,The emerging role of FDG PET/CT in rectal cancer management: is it time to use the technique for early prognostication?
12657384,2003,10.1016/s0002-9610(02)01405-8,,Comparison between endorectal coil and pelvic phased-array coil magnetic resonance imaging in patients with anorectal tumor.
15865032,2005,10.1007/3-540-27449-9_19,,Evacuation of neorectal reservoirs after TME.
24484935,2014,10.1186/1477-7819-12-26,PMC3912933,The role of 18F-fluorodeoxyglucose positron emission tomography/computed tomography in the primary staging of rectal cancer.
21160584,2010,10.4253/wjge.v2.i10.344,PMC2998819,Evaluating long-term attachment of two different endoclips in the human gastrointestinal tract.
24978328,2014,10.1097/RLU.0000000000000481,,Correlation between PET/CT parameters and KRAS expression in colorectal cancer.
24159403,2013,10.1155/2013/794642,PMC3789283,Multifocal extranodal involvement of diffuse large B-cell lymphoma.
19641928,2009,10.1007/s00384-009-0771-6,,Curved cutter stapler vs. linear stapler in rectal cancer surgery: a pilot prospective randomized study.
26919464,2016,10.1002/jmri.25195,,"MRI In rectal cancer: Correlations between MRI features and molecular markers Ki-67, HIF-1α, and VEGF."
25731357,2014,,,Mucinous adenocarcinoma associated with a chronic perianal fistula - a review of cases from a single institution.
28277103,2017,10.1080/14737140.2017.1288104,,Hematologic toxicity in anal cancer patients during combined chemo-radiation: a radiation oncologist perspective.
31668203,2019,10.1016/j.hoc.2019.08.011,,Modern Brachytherapy.
29682713,2018,,,[Risk factors of anastomotic leakage after anterior resection for rectal cancer and the diagnostic value of computed tomography signs in anastomotic leakage].
31701309,2019,10.1007/s10916-019-1464-5,,Prediction of Clinical Pathologic Prognostic Factors for Rectal Adenocarcinoma: Volumetric Texture Analysis Based on Apparent Diffusion Coefficient Maps.
15657650,2004,10.1007/s10350-004-0713-x,,Preoperative chemoradiotherapy and total mesorectal excision surgery for locally advanced rectal cancer: correlation with rectal cancer regression grade.
29927331,2018,10.2214/AJR.17.18980,,Low- Versus High-Risk Rectal Cancer Based on MRI Features: Outcomes in Patients Treated Without Neoadjuvant Chemoradiotherapy.
28874205,2017,10.1186/s13014-017-0883-z,PMC5585969,Target volume delineation of anal cancer based on magnetic resonance imaging or positron emission tomography.
18077538,2008,10.2967/jnumed.107.045864,,Comparison of integrin alphaVbeta3 expression and glucose metabolism in primary and metastatic lesions in cancer patients: a PET study using 18F-galacto-RGD and 18F-FDG.
26711129,2016,10.1007/s00595-015-1297-x,,(18)F-Fluorodeoxyglucose positron emission tomography ((18)F-FDG PET) for the early detection of response to neoadjuvant chemotherapy for locally advanced rectal cancer.
16208175,2005,10.1097/01.mnm.0000184997.35461.b8,,Radio-guided sentinel node detection during the surgical treatment of rectal cancer.
26541864,2016,10.1007/s00268-015-3299-7,,Prediction of Lateral Pelvic Lymph-Node Metastasis in Low Rectal Cancer by Magnetic Resonance Imaging.
32152823,2021,10.1007/s12029-020-00393-0,,Optimal Radiotherapy Dose in Anal Cancer: Trends in Prescription Dose and Association with Survival.
29658682,2019,10.23736/S0026-4733.18.07755-6,,"Sphincter-saving proctectomy for rectal cancer with NO COIL® transanal tube and without ostoma. Clinical outcomes, cost effectiveness and quality of life in the elderly."
26078794,2015,10.7150/jca.11738,PMC4466413,Tumor Volume Reduction Rate Predicts Pathologic Tumor Response of Locally Advanced Rectal Cancer Treated with Neoadjuvant Chemotherapy alone: Results from a Prospective Trial.
28426108,2017,10.1093/annonc/mdw616,,MRI assessment and outcomes in patients receiving neoadjuvant chemotherapy only for primary rectal cancer: long-term results from the GEMCAD 0801 trial.
23832319,2013,10.1007/s00330-013-2956-1,,Locally advanced rectal cancer: is diffusion weighted MRI helpful for the identification of complete responders (ypT0N0) after neoadjuvant chemoradiation therapy?
25889149,2015,10.1186/s13014-015-0360-5,PMC4353448,CAPIRI-IMRT: a phase II study of concurrent capecitabine and irinotecan with intensity-modulated radiation therapy for the treatment of recurrent rectal cancer.
34475997,2021,10.7150/jca.57926,PMC8408126,(18)F-FDG PET/CT metabolic parameters correlate with EIF2S2 expression status in colorectal cancer.
31490833,2019,10.1097/DCR.0000000000001449,,Precise Three-Dimensional Morphology of the Male Anterior Anorectum Reconstructed From Large Serial Histologic Sections: A Cadaveric Study.
26797525,2016,10.3322/caac.21336,,"Cancer screening in the United States, 2016: A review of current American Cancer Society guidelines and current issues in cancer screening."
33590632,2021,10.1111/ans.16466,,Staging rectal cancer in 2020.
33264638,2021,10.1016/j.radonc.2020.11.027,PMC8050018,"Multicentre, deep learning, synthetic-CT generation for ano-rectal MR-only radiotherapy treatment planning."
12661247,2002,,,[Ilio-pelvic lymphatic dissection in the rectal cancer].
26223668,2015,10.1007/s00104-015-0062-4,,[Lymph node dissection after primary surgery and neoadjuvant radiochemotherapy of rectal cancer. Interim analysis of a multicenter prospective observational study (OCUM)].
17785976,2007,10.1159/000107713,,Routine use of gastrograffin enema prior to the reversal of a loop ileostomy.
32106682,2020,10.1177/0284185120906663,PMC7653401,Rectal cancer staging using MRI: adherence in reporting to evidence-based practice.
34584334,2021,10.5455/aim.2021.29.113-117,PMC8443141,MRI Evaluation of Extramural Venous Invasion (EMVI) with Rectal Carcinoma Using High Resolution T2 and Combination of High Resolution T2 and Contrast Enhanced T1 Weighted Imaging.
10661338,2000,10.1016/s0360-3016(99)00411-3,,Preoperative radiochemotherapy in rectal cancer: long-term results of a phase II trial.
26497495,2015,10.1186/s12885-015-1632-z,PMC4619249,"Organ Preservation in Rectal Adenocarcinoma: a phase II randomized controlled trial evaluating 3-year disease-free survival in patients with locally advanced rectal cancer treated with chemoradiation plus induction or consolidation chemotherapy, and total mesorectal excision or nonoperative management."
18956704,2008,,,[CT guided 125I seeds implantation in treatment of local recurrent rectal cancer after surgery resection: analysis of 21 cases].
18424814,2008,10.1093/jjco/hyn032,,Preoperative diagnosis of lymph node metastases of colorectal cancer by FDG-PET/CT.
20381798,2010,10.1016/j.gie.2010.01.040,,Endoscopic submucosal dissection for treatment of rectal carcinoid tumors.
24629807,2013,,PMC3926475,Treatment of lateral pelvic nodes metastases from rectal cancer: the future prospective.
29949150,2018,10.26355/eurrev_201806_15257,,Evaluation of magnetic resonance imaging in staging of rectal cancer and its relationship with P16 expression.
33379270,2020,10.3390/jcm10010072,PMC7795301,Initial Experience with the Safe Implementation of Transanal Total Mesorectal Excision (TaTME) as a Standardized Procedure for Low Rectal Cancer.
27452756,2016,,,[Analysis of metastatic patterns after curative colorectal cancer surgery based on primary tumor location].
18453023,2008,10.1016/j.radonc.2008.04.003,,Assessing the impact of FDG-PET in the management of anal cancer.
31829424,2020,10.1093/jjco/hyz192,,Relationship between anastomotic leakage and CT value of the mesorectum in laparoscopic anterior resection for rectal cancer.
32976875,2021,10.1016/j.radonc.2020.09.024,,Online adaptive MR-guided radiotherapy for rectal cancer; feasibility of the workflow on a 1.5T MR-linac: clinical implementation and initial experience.
22143991,2012,10.1055/s-0030-1256875,,"Double-balloon endoscopy versus magnet-imaging enhanced colonoscopy for difficult colonoscopies, a randomized study."
17714925,2007,10.1016/j.clon.2007.07.006,,High dose rate endorectal brachytherapy as a neoadjuvant treatment for patients with resectable rectal cancer.
32793726,2020,10.21037/atm-20-5102,PMC7396747,Quantitative CT measurement of left colonic and pelvic mesenteric adipose volume in radiation proctitis.
33300090,2020,10.1186/s40792-020-01090-7,PMC7726059,Breast metastasis from pelvic high-grade serous adenocarcinoma: a report of two cases.
30844344,2019,10.1148/rg.2019190005,,"Invited Commentary on ""MRI Evaluation of the Response of Rectal Cancer to Neoadjuvant Chemoradiation Therapy""."
30887373,2019,10.1245/s10434-019-07300-3,PMC6510882,Radiomics-Based Pretherapeutic Prediction of Non-response to Neoadjuvant Therapy in Locally Advanced Rectal Cancer.
11760541,2001,,,[Staging of rectal cancer by means of MRI. Experiences with the first twenty-five patients].
32557898,2020,10.1002/jmri.27265,,"Editorial for ""Comparative Analysis of Amide Proton Transfer MRI and Diffusion-Weighted Imaging in Assessing p53 and Ki-67 Expression of Rectal Adenocarcinoma""."
27602923,2016,10.1097/DCR.0000000000000667,,Magnetic Resonance Tumor Regression Grade and Residual Mucosal Abnormality as Predictors for Pathological Complete Response in Rectal Cancer Postneoadjuvant Chemoradiotherapy.
31740195,2020,10.1016/j.mri.2019.11.009,,Constraints in estimating the proton density fat fraction.
12147376,2002,10.1016/S0140-6736(02)09520-X,,Diffusion MRI for prediction of response of rectal cancer to chemoradiation.
21509631,2011,10.1245/s10434-011-1704-5,,MRI-based indications for neoadjuvant radiochemotherapy in rectal carcinoma: interim results of a prospective multicenter observational study.
28470395,2017,10.1007/s00270-017-1657-6,PMC5581368,Irreversible Electroporation to Treat Malignant Tumor Recurrences Within the Pelvic Cavity: A Case Series.
16306635,2005,10.1259/bjr/25335482,,Surgical management of rectal cancer: a multidisciplinary approach to technical and technological advances.
19783415,2009,10.1016/j.clon.2009.08.009,,Optimising the timing of surgery using serial magnetic resonance imaging after long-course chemoradiotherapy for locally advanced rectal cancer.
20173478,2010,10.1007/DCR.0b013e3181c5321e,,Can CT replace MRI in preoperative assessment of the circumferential resection margin in rectal cancer?
26031368,2015,10.1016/j.ijrobp.2015.03.038,,"Short- and Long-Term Quality of Life and Bowel Function in Patients With MRI-Defined, High-Risk, Locally Advanced Rectal Cancer Treated With an Intensified Neoadjuvant Strategy in the Randomized Phase 2 EXPERT-C Trial."
20936364,2011,10.1007/s11307-010-0383-0,,Comparison of different SUV-based methods for response prediction to neoadjuvant radiochemotherapy in locally advanced rectal cancer by FDG-PET and MRI.
25780294,2015,10.3748/wjg.v21.i10.2967,PMC4356916,Indeterminate pulmonary nodules in colorectal cancer.
11062753,2000,,,An improved system for quantifying AgNOR and PCNA in canine tumors.
33108881,2020,10.14735/amko2020362,,New trends in neoadjuvant therapy of locally advanced rectal cancer from a surgeons perspective - a commentary.
32192301,2020,10.3760/cma.j.cn.441530-20200224-00077,,[Interpretation of consensus on the watch and wait strategy in rectal cancer patients after neoadjuvant treatment (2020)].
29184696,2017,10.21037/jgo.2017.07.06,PMC5674246,Adaptive radiation dose escalation in rectal adenocarcinoma: a review.
27070083,2016,10.18632/oncotarget.7979,PMC5053642,Pretreatment magnetic resonance imaging of regional lymph nodes with carcinoembryonic antigen in prediction of synchronous distant metastasis in patients with rectal cancer.
32639566,2020,10.1001/jamanetworkopen.2020.8522,PMC7344384,Association of Image-Guided Navigation With Complete Resection Rate in Patients With Locally Advanced Primary and Recurrent Rectal Cancer: A Nonrandomized Controlled Trial.
30707177,2019,10.1097/CM9.0000000000000095,PMC6595714,Artificial intelligence system of faster region-based convolutional neural network surpassing senior radiologists in evaluation of metastatic lymph nodes of rectal cancer.
27888592,2016,,,Problems in Diagnosis and Treatment of Retrorectal Tumors: Our Experience in 50 Patients.
30219659,2018,10.1016/j.ijscr.2018.08.027,PMC6139995,Coloseminal vesicle fistula after low anterior resection: Report of a case and review of the literature.
12772518,2003,,,Practical issues in adjuvant therapy for rectal cancer.
32763060,2020,10.1016/j.acra.2020.06.037,,Utilization of Pelvic MRI for Nodal Staging in Rectal Cancer Staging.
30718566,2019,10.1038/s41598-018-35912-4,PMC6361940,Diffuse splenic FDG uptake is predictive of clinical outcomes in patients with rectal cancer.
34926566,2021,10.3389/fsurg.2021.752009,PMC8674929,Comparison of Clinical Efficacy and Safety Between da Vinci Robotic and Laparoscopic Intersphincteric Resection for Low Rectal Cancer: A Meta-Analysis.
21847638,2012,10.1007/s00261-011-9789-7,,Colorectal cancer: prognostic role of 18F-FDG-PET/CT.
18941094,2008,10.2214/AJR.08.1298,,MRI for detection of extramural vascular invasion in rectal cancer.
26264590,2015,10.1186/s13014-015-0479-4,PMC4554367,Long-term effects of neoadjuvant chemoradiotherapy followed by sphincter-preserving resection on anal sphincter function in relation to quality of life among locally advanced rectal cancer patients: a cross-sectional analysis.
33941817,2021,10.1038/s41598-021-88831-2,PMC8093213,Preoperative prediction of perineural invasion with multi-modality radiomics in rectal cancer.
28240361,2017,10.1002/bjs.10490,PMC5391264,Local tumour progression after percutaneous ablation of colorectal liver metastases according to RAS mutation status.
26361614,2015,10.3393/ac.2015.31.4.131,PMC4564664,Assessment by Using a Water-Soluble Contrast Enema Study of Radiologic Leakage in Lower Rectal Cancer Patients With Sphincter-Saving Surgery.
26550194,2015,,PMC4612879,Survival implications of pretreatment pelvic CT in rectal cancer patients after neoadjuvant chemoradiotherapy and surgery.
19623508,2009,10.1055/s-0028-1109569,,Dual energy virtual CT colonoscopy with dual source computed tomography: initial experience.
32848330,2020,10.3748/wjg.v26.i29.4218,PMC7422545,Watch and wait approach in rectal cancer: Current controversies and future directions.
28150022,2017,10.1007/s00280-017-3243-7,,"Efficacy and safety of neoadjuvant chemotherapy with oxaliplatin, 5-fluorouracil, and levofolinate for T3 or T4 stage II/III rectal cancer: the FACT trial."
29523989,2018,10.1007/s00384-018-2986-x,,Purse-string closure technique reduces the incidence of incisional hernias following the reversal of temporary ileostomy.
31807525,2019,10.21037/atm.2019.09.127,PMC6861767,Preoperative assessment of lymph node metastasis in clinically node-negative rectal cancer patients based on a nomogram consisting of five clinical factors.
14759986,2004,10.1093/jnci/djh026,,Impact of preoperative staging and chemoradiation versus postoperative chemoradiation on outcome in patients with rectal cancer: a decision analysis.
28489784,2017,10.1097/MD.0000000000006866,PMC5428618,Rectal cancer: Short-term reproducibility of intravoxel incoherent motion parameters in 3.0T magnetic resonance imaging.
30894376,2019,10.1158/0008-5472.CAN-18-3682,,Susceptibility Perturbation MRI Maps Tumor Infiltration into Mesorectal Lymph Nodes.
27050598,2016,10.1097/DCR.0000000000000568,,Persistent Asymptomatic Anastomotic Leakage After Laparoscopic Sphincter-Saving Surgery for Rectal Cancer: Can Diverting Stoma Be Reversed Safely at 6 Months?
31059768,2019,10.1016/j.mri.2019.05.003,PMC7709818,Machine learning for prediction of chemoradiation therapy response in rectal cancer using pre-treatment and mid-radiation multi-parametric MRI.
33120239,2020,10.1016/j.ejrad.2020.109345,,Correlation of the tumour-stroma ratio with diffusion weighted MRI in rectal cancer.
30442202,2018,10.1186/s40644-018-0177-1,PMC6238345,Diffusion-weighted imaging of rectal cancer on repeatability and cancer characterization: an effect of b-value distribution study.
26350395,2016,10.1007/s10029-015-1419-9,,Retrospective observational study on the incidence of incisional hernias after reversal of a temporary diverting ileostomy following rectal carcinoma resection with follow-up CT scans.
20464746,2010,10.1002/14651858.CD006878.pub2,PMC12721704,Covering ileo- or colostomy in anterior resection for rectal carcinoma.
31570183,2020,10.1016/j.asjsur.2019.09.001,,Diagnostic value of computed tomography (CT) and positron emission tomography (PET) for paraaortic lymph node metastasis from left-sided colon and rectal cancer.
19020255,2008,10.2214/AJR.08.1004,,A systematic approach to the interpretation of preoperative staging MRI for rectal cancer.
25830035,2015,10.3978/j.issn.2078-6891.2014.111,PMC4311094,Factors influencing response to neoadjuvant chemoradiation and outcomes in rectal cancer patients: tertiary Indian cancer hospital experience.
22087309,2011,10.1371/journal.pone.0027402,PMC3210168,Lymphangiogenesis in regional lymph nodes is an independent prognostic marker in rectal cancer patients after neoadjuvant treatment.
26870163,2016,10.3892/ol.2015.3827,PMC4727119,CT pelvimetry and clinicopathological parameters in evaluation of the technical difficulties in performing open rectal surgery for mid-low rectal cancer.
17338096,2007,,,"[Recommendations for clinical practice: use of TEP-FDG in cancer of the esophagus, stomach, colon and rectum, anal canal, large intestine, pancreas and bile ducts, liver and endocrine tumors (digestive system)]."
15458146,2002,,,Integration of intraoperative radiotherapy (IORT) dose distribution into the postoperative CT-based external beam radiotherapy (EBRT) treatment planing.
17623232,2007,10.1007/s00268-007-9154-8,,Economics and the laparoscopic surgery learning curve: comparison with open surgery for rectosigmoid cancer.
20512493,2010,10.1007/s00268-010-0637-7,,Pelvic exenteration for advanced and recurrent malignancy.
32655115,2020,10.11405/nisshoshi.117.552,,[Imaging of rectal cancer].
20729116,2010,10.1016/j.canrad.2010.06.005,,"[""Dose-painting"": myth or reality?]."
27505108,2016,10.1097/DCR.0000000000000655,,Semiquantitative Volumetry by Sequential PET/CT May Improve Prediction of Complete Response to Neoadjuvant Chemoradiation in Patients With Distal Rectal Cancer.
34132075,2021,10.3348/kjr.2020.1403,PMC8390818,How to Combine Diffusion-Weighted and T2-Weighted Imaging for MRI Assessment of Pathologic Complete Response to Neoadjuvant Chemoradiotherapy in Patients with Rectal Cancer?
32386109,2020,10.1111/1754-9485.13044,,CT-based radiomic features to predict pathological response in rectal cancer: A retrospective cohort study.
34289546,2021,10.3760/cma.j.issn.441530-20210131-00046,,[Comparison on efficacy between fascia-oriented versus vascular-oriented lateral lymph node dissection in patients with rectal cancer].
26956581,2016,10.1007/s00384-016-2544-3,,Clinical and oncologic outcomes of totally robotic total mesorectal excision for rectal cancer: initial results in a center for minimally invasive surgery.
30194195,2018,10.21873/anticanres.12870,,Image-guided Interstitial Brachytherapy in the Management of Metastasized Anal Squamous Cell Carcinoma.
18795673,2008,,,A short course of preoperative radiotherapy improves prognosis of operable rectal carcinoma: a case control study.
16436831,2006,10.1148/radiol.2382050853,,A 45-second CT perfusion protocol for rectal cancers may not be adequate to infer vascular permeability--surface area products.
30008472,2018,10.1038/s41395-018-0180-y,PMC6768608,Rectal Cancer in 2018: A Primer for the Gastroenterologist.
32387305,2020,10.1016/j.clcc.2020.04.002,,The Effects of Neoadjuvant Treatment on the Tumor Microenvironment in Rectal Cancer: Implications for Immune Activation and Therapy Response.
18922649,2009,10.1016/j.ijrobp.2008.06.1944,,Radiation changes do not interfere with postchemoradiation restaging of patients with rectal cancer by FDG PET/CT before curative surgical therapy.
24307571,2014,10.1002/jmri.24387,,Dynamic contrast-enhanced MRI to evaluate the therapeutic response to neoadjuvant chemoradiation therapy in locally advanced rectal cancer.
24852859,2014,10.1177/030089161410000207,,Tumor volume reduction assessed by planning computed tomography in patients with rectal cancer during preoperative chemoradiation: impact of residual tumor volume on the prediction of pathologic tumor regression.
25333479,2014,10.1097/RCT.0000000000000170,,Local magnetic resonance imaging staging of rectal adenocarcinoma.
32053808,2020,10.1088/1361-6560/ab7633,,MR to CT synthesis with multicenter data in the pelvic area using a conditional generative adversarial network.
30594404,2019,10.1016/j.ejso.2018.12.011,,"FDG-avid presacral soft tissue mass in previously treated rectal cancer: Diagnostic outcome and additional value of MRI, including diffusion-weighted imaging."
25027742,2014,10.4149/neo_2014_055,,"Up front hepatectomy for metastatic rectal carcinoma - reversed, liver first approach. Early experience with 15 patients."
17551744,2007,10.1007/s00384-007-0316-9,,The blind colonic J-pouch: an original technique to reduce the surgical risk in the treatment of extra-peritoneal rectal cancer.
26359071,2015,,,[Retrospective analysis of 856 cases with stage 0 to III rectal cancer underwent curative surgery combined modality therapy].
22161766,2012,10.1002/mc.21849,,"Association of the miR-146aC>G, 149C>T, 196a2C>T, and 499A>G polymorphisms with colorectal cancer in the Korean population."
12827681,2003,10.1002/jso.10261,,Randomised clinical trial of adjuvant postoperative RT vs. sequential postoperative RT plus 5-FU and levamisole in patients with stage II-III resectable rectal cancer: a final report.
33858644,2021,10.1053/j.ro.2020.07.009,,MRI Evaluation of Rectal Cancer Following Preoperative Chemoradiotherapy.
19595040,2009,,,[Study on the tumor infiltration in mesorectum of rectal cancer by spiral computed tomography and histopathology].
32487684,2020,10.1136/ijgc-2020-001363,,Radiologic Assessment of Groin Lymph Nodes in Pelvic Malignancies.
25500963,2015,10.1007/s00330-014-3527-9,,MRI-detected extramural vascular invasion is an independent prognostic factor for synchronous metastasis in patients with rectal cancer.
27460227,2016,10.1007/s00104-016-0238-6,,"[Robotic technology for colorectal surgery : Procedures, current applications, and future innovative challenges - German version]."
25239441,2014,10.1016/j.ejso.2014.07.030,,"Anal cancer: ESMO-ESSO-ESTRO clinical practice guidelines for diagnosis, treatment and follow-up."
31789117,2020,10.1177/1553350619890720,,A Decalogue to Avoid Routine Ileostomy in Selected Patients With Border Line Risk to Develop Anastomotic Leakage After Minimally Invasive Low-Anterior Resection: A Pilot Study.
22004599,2011,10.1186/1748-717X-6-138,PMC3214185,Clinical application of CT-guided (125)I seed interstitial implantation for local recurrent rectal carcinoma.
16690432,2006,10.1016/j.ijrobp.2005.12.027,,"MRI identified prognostic features of tumors in distal sigmoid, rectosigmoid, and upper rectum: treatment with radiotherapy and chemotherapy."
35070064,2021,10.4240/wjgs.v13.i12.1567,PMC8727185,Mucinous adenocarcinoma: A unique clinicopathological subtype in colorectal cancer.
15149992,2004,10.2214/ajr.182.6.1821469,,Preoperative MRI of rectal cancer with and without rectal water filling: an intraindividual comparison.
19303243,2009,10.1016/j.ejso.2009.02.011,,Anastomotic leakage as a risk factor for the long-term outcome after curative resection of colon cancer.
21689289,2012,10.1111/j.1463-1318.2011.02588.x,,Clinical significance of incidental focal colorectal (18)F-fluorodeoxyglucose uptake: our experience and a review of the literature.
33287114,2020,10.3390/cancers12123611,PMC7761666,Neoadjuvant Chemotherapy in Locally Advanced Rectal Cancer.
29868993,2018,10.1007/s10151-018-1804-3,,Novel multi-image view for neuromapping meets the needs of the robotic surgeon.
16443345,2006,10.1016/j.ejso.2005.12.002,,Pre-operative combined modality therapy in the management of locally advanced rectal cancer.
23813333,2013,10.1007/s11307-013-0663-6,,"Response to the letter to the editor regarding the manuscript entitled ""positron emission tomography with [(18)F]-3'-deoxy-3'fluorothymidine (FLT) as a predictor of outcome in patients with locally advanced resectable rectal cancer: a pilot study""."
17419902,2007,,,T-level downstaging and complete pathologic response after preoperative long-term radiochemotherapy for locally advanced rectal cancer.
20189072,2010,10.1016/j.clinimag.2007.12.012,,Multimodality imaging of usual and unusual sites of metastasis which occur after definitive therapy for rectal cancer.
33375133,2020,10.3390/cancers13010016,PMC7792936,A Comprehensive Evaluation of Associations Between Routinely Collected Staging Information and The Response to (Chemo)Radiotherapy in Rectal Cancer.
12848107,2003,,,"[Report from The 3rd International Sentinel Node Congress, Yokohama, November 16-18, 2002]."
31388861,2019,10.1007/s10151-019-02049-z,,Individual participant data pooled-analysis of risk factors for recurrence after neoadjuvant radiotherapy and transanal local excision of rectal cancer: the PARTTLE study.
26362484,2016,10.3109/0284186X.2015.1073349,,Assessment of testicular dose during preoperative radiotherapy for rectal cancer.
18065894,2007,10.1016/s0021-7697(07)73994-7,,[What can be expected from digestive tract MRI?].
34041663,2021,10.1007/s11547-021-01369-1,,Validation of the standardized index of shape tool to analyze DCE-MRI data in the assessment of neo-adjuvant therapy in locally advanced rectal cancer.
30042967,2016,10.18383/j.tom.2016.00208,PMC6037932,Test-Retest Data for Radiomics Feature Stability Analysis: Generalizable or Study-Specific?
30688523,2019,10.1177/1740774518824539,PMC6440868,Challenges and solutions in the design and execution of the PROSPECT Phase II/III neoadjuvant rectal cancer trial (NCCTG N1048/Alliance).
25615762,2015,10.2214/AJR.14.12791,,Surgical management of retrorectal lesions: what the radiologist needs to know.
12790368,2003,10.1007/BF02988457,,Scintigraphic prediction of therapeutic outcomes of splenectomy in patients with thrombocytopenia.
34508014,2021,10.1097/DCR.0000000000002122,PMC8820240,Organ Preservation in Patients with Rectal Cancer Treated with Total Neoadjuvant Therapy.
12742204,2003,10.1016/S1072-7515(03)00136-4,,Elective bowel resection for incurable stage IV colorectal cancer: prognostic variables for asymptomatic patients.
21856181,2011,10.1016/j.jamcollsurg.2011.07.020,,"Pushing the envelope beyond a centimeter in rectal cancer: oncologic implications of close, but negative margins."
32339781,2020,10.1016/j.radonc.2020.03.046,,Predicting poor response to neoadjuvant chemoradiotherapy for locally advanced rectal cancer: Model constructed using pre-treatment MRI features of structured report template.
31842163,2020,10.1097/DCR.0000000000001568,,18F-FDG PET/MRI for Rectal Cancer TNM Restaging After Preoperative Chemoradiotherapy: Initial Experience.
19330178,2009,,,Evaluation by 18F-FDG-PET of patients with anal squamous cell carcinoma.
31770851,2019,10.3760/cma.j.issn.0253-3766.2019.11.007,,[The value of MR T2WI signal intensity related parameters for predicting pathological complete response to neoadjuvant chemoradiotherapy in locally advanced rectal cancer].
30779052,2019,10.26355/eurrev_201902_16970,,"The radiation oncologist point of view on ""Predictive value of 18F-FDG PET/CT on survival in locally advanced rectal cancer after neoadjuvant chemoradiation""."
17432979,2007,10.1111/j.1463-1318.2006.01116.x,,"Accurate staging, selective preoperative therapy and optimal surgery improves outcome in rectal cancer: a review of the recent evidence."
26254227,2015,10.1007/s12149-015-1011-5,,¹⁸F-FPRGD₂ PET/CT imaging of musculoskeletal disorders.
16971367,2006,10.1080/02656730600773175,,Intra-luminal thermometry: is tissue type assignment a necessity for thermal analysis?
26828149,2016,10.1097/RLU.0000000000001172,PMC4851242,Initial Staging of Locally Advanced Rectal Cancer and Regional Lymph Nodes: Comparison of Diffusion-Weighted MRI With 18F-FDG-PET/CT.
21550200,2011,10.1016/j.ejso.2011.04.003,,A phase I/II study of neoadjuvant chemotherapy with Pemetrexed (Alimta) in rectal cancer.
18194882,2000,10.1102/1470-7330/00/010005+13,PMC4554684,MRI and its importance in rectal cancer.
18662240,2009,10.1111/j.1463-1318.2008.01649.x,,Extended total mesorectal excision in locally advanced rectal cancer (T4a) and the clinical role of MRI-evaluated neo-adjuvant downstaging.
27260847,2016,10.1016/j.ejso.2016.05.014,,Revisiting the treatment strategy for rectal cancer through the pattern of local recurrence.
19508531,2010,10.1111/j.1463-1318.2009.01890.x,,Benchmarking circumferential resection margin (R1) resection rate for rectal cancer in the neoadjuvant era.
12781885,2003,10.1016/s0002-9610(03)00067-9,,A prospective comparison between multidetector-row computed tomography and magnetic resonance imaging in the preoperative evaluation of rectal carcinoma.
31006088,2019,10.1007/s12094-019-02106-x,,Comparison of overall survival and quality of life between patients undergoing anal reconstruction and patients undergoing traditional lower abdominal stoma after radical resection.
22874603,2012,10.1097/DCR.0b013e31825fb5ff,,Permanent end-sigmoid colostomy through the extraperitoneal route prevents parastomal hernia after laparoscopic abdominoperineal resection.
29726263,2018,,,[The importance of pre-operative MRI-detected extramural vascular invasion in the treatment of rectal carcinoma].
16990979,2006,10.1007/s10350-006-0663-6,,Clinical and subclinical leaks after low colorectal anastomosis: a clinical and radiologic study.
31250970,2019,10.1111/ajco.13196,,Effectiveness of image-guided radiotherapy for rectal cancer patients treated with neoadjuvant concurrent chemoradiotherapy: A population-based propensity score-matched analysis.
32870349,2021,10.1007/s00261-020-02710-4,,Pretreatment MR-based radiomics nomogram as potential imaging biomarker for individualized assessment of perineural invasion status in rectal cancer.
21614690,2011,,,[Application of ⁹⁹mTc-SPECT-CT and carbon nanoparticles suspension injection in sentinel lymph node mapping for rectal cancer].
24651959,2014,10.1007/s00384-014-1851-9,,Analysis of conversion factors in robotic-assisted rectal cancer surgery.
17005279,2006,10.1016/j.radonc.2006.08.021,,Dose optimisation in single plane interstitial brachytherapy.
27003990,2016,10.3748/wjg.v22.i11.3127,PMC4789988,Evidence-based medical oncology and interventional radiology paradigms for liver-dominant colorectal cancer metastases.
26546509,2016,10.1111/codi.13209,,A case series of anal melanoma including the results of treatment with imatinib in selected patients.
25974874,2016,10.1002/pon.3847,PMC4961045,Body image and sexual function in women after treatment for anal and rectal cancer.
17883838,2007,10.1186/1477-7800-4-23,PMC2063497,Preoperative bi-fractionated accelerated radiation therapy for combined treatment of locally advanced rectal cancer in a consectutive series of unselected patients.
30909269,2019,10.3233/XST-180466,,Clinical application of fluoroscopic guided percutaneous antegrade ureteral stents placement for the treatment of malignant ureteral obstruction.
20021242,2010,10.1586/erd.09.63,,Imaging as a surveillance tool in rectal cancer.
15531145,2004,10.1016/S0899-7071(03)00314-0,,Preoperative local staging of rectal cancer with endorectal MR imaging: comparison with histopathologic findings.
18072509,2007,10.1118/1.2795669,,Image-guided high dose rate endorectal brachytherapy.
24415852,2014,10.3748/wjg.v20.i1.1,PMC3885997,Advances in radiotherapy and targeted therapies for rectal cancer.
24914419,2014,10.3978/j.issn.2223-4292.2014.01.02,PMC4032916,Diagnostic accuracy of MR imaging to identify and characterize focal liver lesions: comparison between gadolinium and superparamagnetic iron oxide contrast media.
15067027,2004,10.1200/JCO.2004.08.173,,Impact of T and N stage and treatment on survival and relapse in adjuvant rectal cancer: a pooled analysis.
23147996,2013,10.1158/1078-0432.CCR-12-2392,,The severity of neural invasion is associated with shortened survival in colon cancer.
25295711,2014,10.1684/bdc.2014.2038,,"[Minutes of the 33rd Congress of ESTRO held in Vienna (Austria), 4-8 April 2014]."
29790177,2018,10.1002/jso.25064,,MRI-based EMVI positivity predicts systemic recurrence in rectal cancer patients with a good tumor response to chemoradiotherapy followed by surgery.
27934928,2016,10.1038/srep38782,PMC5146921,Comparison of non-Gaussian and Gaussian diffusion models of diffusion weighted imaging of rectal cancer at 3.0 T MRI.
10857180,2000,10.1007/978-3-642-57151-0_24,,Probe-guided surgery for colorectal cancer.
28149883,2016,10.21037/atm.2016.11.80,PMC5233502,Focusing the management of rectal cancer.
21767192,2011,10.3109/0284186X.2011.577806,,Deformable image registration for contour propagation from CT to cone-beam CT scans in radiotherapy of prostate cancer.
33643920,2020,10.3389/fonc.2020.625459,PMC7907590,Which Definition of Upper Rectal Cancer Is Optimal in Selecting Stage II or III Rectal Cancer Patients to Avoid Postoperative Adjuvant Radiation?
25421763,2014,,,[Timing of radiotherapy for locally advanced rectal cancer].
22970381,2012,10.5402/2012/648183,PMC3437282,Progress in rectal cancer treatment.
22773935,2012,10.1007/s12328-012-0304-7,PMC3382280,Chylous ascites occurring after low anterior resection of the rectum successfully treated with an oral fat-free elemental diet (Elental(®)).
30833648,2019,10.1038/s41598-019-39651-y,PMC6399278,MRI-based Radiomics nomogram to detect primary rectal cancer with synchronous liver metastases.
17551794,2007,10.1245/s10434-007-9471-z,,Is final TNM staging a predictor for survival in locally advanced rectal cancer after preoperative chemoradiation therapy?
33842316,2021,10.3389/fonc.2021.610338,PMC8033032,Machine Learning-Based Radiomics Nomogram for Detecting Extramural Venous Invasion in Rectal Cancer.
17262086,2007,10.1038/sj.bjc.6603570,PMC2360056,A phase I/II study of irinotecan when added to 5-fluorouracil and leucovorin and pelvic radiation in locally advanced rectal cancer: a Colorectal Clinical Oncology Group Study.
24925354,2014,10.1007/s10151-014-1172-6,,Surgical strategies in the management of recurrent retrorectal tumours.
32154585,2020,10.1002/bjs.11471,,"Colonic transit in patients after anterior resection: prospective, comparative study using single-photon emission CT/CT scintigraphy."
20392380,2010,,,Role of neo-adjuvant chemoradiation in locally advanced rectal cancers.
32173832,2019,,,Predictive factors for histological response to neo-adjuvant treatment in rectal cancers.
16086223,2005,10.1007/s10350-005-0134-5,,Technique and long-term results of intersphincteric resection for low rectal cancer.
19502858,2009,10.1007/DCR.0b013e318194f923,,Multislice CT as a primary screening tool for the prediction of an involved mesorectal fascia and distant metastases in primary rectal cancer: a multicenter study.
34441441,2021,10.3390/diagnostics11081507,PMC8394713,Watch and Wait Approach for Rectal Cancer Following Neoadjuvant Treatment: The Experience of a High Volume Cancer Center.
31015111,2019,10.1016/j.radonc.2019.03.036,,Determining the use of preoperative (chemo)radiotherapy in primary rectal cancer according to national and international guidelines.
21792197,2011,10.1038/bjc.2011.274,PMC3170972,FDG-PET metabolic response predicts outcomes in anal cancer managed with chemoradiotherapy.
30772588,2019,10.1016/j.cgh.2019.02.019,,Improved Real-Time Optical Diagnosis of Colorectal Polyps Following a Comprehensive Training Program.
32768009,2020,10.1053/j.semnuclmed.2020.04.003,,Molecular Imaging and Therapy of Colorectal and Anal Cancer.
18954720,2008,10.1016/j.ijrobp.2008.07.029,,Patient-specific Monte Carlo dose calculations for high-dose-rate endorectal brachytherapy with shielded intracavitary applicator.
24674478,2013,10.1016/j.prro.2013.01.040,,Molecular Imaging FDG-PET/CT Response to Neoadjuvant Oxaliplatin and Chemoradiation in Rectal Cancer as Prognostic Factor in Surveillance.
22247081,2012,10.1002/jmri.23513,,Evaluation of lymph node metastases: comparison of gadofluorine M-enhanced MRI and diffusion-weighted MRI in a rabbit VX2 rectal cancer model.
32661298,2021,10.1038/s41379-020-0619-8,,Intratumoral budding and automated CD8-positive T-cell density in pretreatment biopsies can predict response to neoadjuvant therapy in rectal adenocarcinoma.
25082122,2014,10.12809/hkmj144232,,Limitation of radiological T3 subclassification of rectal cancer due to paucity of mesorectal fat in Chinese patients.
15752893,2005,10.1016/j.ijrobp.2004.07.726,,Assessment of quality of life in patients with rectal cancer treated by preoperative radiotherapy: a longitudinal prospective study.
25448648,2014,10.1016/j.ijsu.2014.10.033,,Routine preoperative restaging CTs after neoadjuvant chemoradiation for locally advanced rectal cancer are low yield: a retrospective case study.
17946656,2006,10.1109/IEMBS.2006.259277,,Circumferential resection margin assessment on MRI of rectal cancer.
15269036,2004,10.2214/ajr.183.2.1830421,,Staging of rectal cancer: diagnostic potential of multiplanar reconstructions with MDCT.
33878823,2021,10.3760/cma.j.cn.441530-20201203-00636,,[A comparative study of the effects of different treatment strategies on postoperative anal function and quality of life in patients with complete obstructive left hemicolon cancer].
32898334,2020,10.1002/ctm2.159,PMC7507021,Artificial intelligence-based 5-year survival prediction and prognosis of DNp73 expression in rectal cancer patients.
28110348,2017,10.1007/s00259-017-3633-4,,Erratum to: A rare case of rectal carcinoma and prostate carcinoma with coexistent Paget's disease mimicking bone metastases in both 18F-FDG and 68Ga PSMA PET/CT.
26394739,2015,10.1111/codi.13031,,Impact of intraoperative microperfusion assessment with Pinpoint Perfusion Imaging on surgical management of laparoscopic low rectal and anorectal anastomoses.
32417346,2020,10.1016/j.radonc.2020.05.019,,Predicting pathological response after radio-chemotherapy for rectal cancer: Impact of late oxaliplatin administration.
20618363,2010,10.1111/j.1463-1318.2010.02320.x,,"Radiation, chemotherapy and biological therapy in the curative treatment of locally advanced rectal cancer."
20117883,2010,10.1016/j.ctrv.2010.01.001,,Localized adenocarcinoma of the esophagogastric junction--is there a standard of care?
25950124,2016,10.3109/13645706.2015.1042389,,Intraoperative fluorescence imaging to localize tumors and sentinel lymph nodes in rectal cancer.
33570769,2021,10.1111/codi.15582,PMC8248146,Widespread anorectal lymphovascular networks and tissue drainage: analyses from submucosal India ink injection and indocyanine green fluorescence imaging.
25201478,2014,10.1016/j.ijscr.2014.07.023,PMC4189063,Sacrococcygeal chordoma presenting as a retro rectal tumour.
33194696,2020,10.3389/fonc.2020.577653,PMC7653406,Potential of miR-21 to Predict Incomplete Response to Chemoradiotherapy in Rectal Adenocarcinoma.
26164435,2015,10.1097/SLA.0000000000000571,,"Reply to Letter: ""Multicenter Evaluation of Rectal Cancer ReImaging POst Neoadjuvant (MERRION) Therapy""."
23939848,2013,10.1002/bjs.9225,,Extent and completeness of mesorectal excision evaluated by postoperative magnetic resonance imaging.
23221790,2012,10.6004/jnccn.2012.0158,,Rectal cancer.
20845511,2010,10.3748/wjg.v16.i35.4436,PMC2941067,High-dose-rate intraluminal brachytherapy during preoperative chemoradiation for locally advanced rectal cancers.
30983773,2019,10.4103/jmp.JMP_74_18,PMC6438049,Determination of Optimal Clinical Target Volume to Planning Target Volume Margins for Conformal Radiotherapy Planning using Image Guidance System in Rectal Cancer in Prone Position.
27749475,2016,10.1097/DCR.0000000000000688,PMC5510895,Adoption of Robotic Technology for Treating Colorectal Cancer.
21720869,2011,10.1007/s00268-011-1181-9,PMC3152708,Multidisciplinary discussion and management of rectal cancer: a population-based study.
30079958,2018,10.1002/bjs.10949,,Prognostic implications of MRI-detected lateral nodal disease and extramural vascular invasion in rectal cancer.
30334541,2018,10.4103/0366-6999.243556,PMC6202590,A Novel Magnetic Resonance Rectography for Rectal Cancer Staging.
30196982,2018,10.1016/j.radonc.2018.06.019,,A TCP-based early regression index predicts the pathological response in neo-adjuvant radio-chemotherapy of rectal cancer.
32690604,2021,10.1136/gutjnl-2019-319866,PMC7873419,Image-based consensus molecular subtype (imCMS) classification of colorectal cancer using deep learning.
27845566,2017,10.1259/bjr.20150836,PMC5605010,The potential predictive value of MRI and PET-CT in mucinous and nonmucinous rectal cancer to identify patients at high risk of metastatic disease.
17458586,2007,10.1245/s10434-007-9368-x,,Oncologic results of laparoscopic D3 lymphadenectomy for male sigmoid and upper rectal cancer with clinically positive lymph nodes.
31041496,2019,10.1007/s00261-019-02020-4,,MR staging of anal cancer: what the radiologist needs to know.
28194687,2017,10.1007/s12094-017-1627-0,,"Fecal incontinence and radiation dose on anal sphincter in patients with locally advanced rectal cancer (LARC) treated with preoperative chemoradiotherapy: a retrospective, single-institutional study."
19340959,2009,10.1016/j.cgh.2009.01.014,,Magnetic resonance imaging of anorectal neoplasms.
27381221,2016,10.1016/j.crad.2016.05.005,,Interobserver agreement of radiologists assessing the response of rectal cancers to preoperative chemoradiation using the MRI tumour regression grading (mrTRG).
19401962,2009,10.1055/s-0029-1222553,,[CT-guided radiofrequency ablation of liver metastases from colorectal cancer].
27346172,2017,10.1002/jmri.25337,,Whole-body PET/MRI for colorectal cancer staging: Is it the way forward?
19148358,2008,10.1590/s0004-28032008000400008,,[Evaluation of computed tomographic colonography for detection of colorectal polyps].
26377262,2016,10.1177/0284185115604007,,Objective measurement of the distal resection margin by MRI of the fresh and fixed specimen after partial mesorectal excision for rectal cancer: 5 cm is not just 5 cm and depends on when measured.
14628131,2003,10.1007/s00066-003-1045-9,,Preliminary results on the influence of chemoradiation on apparent diffusion coefficients of primary rectal carcinoma measured by magnetic resonance imaging.
30694369,2019,10.1007/s00261-019-01907-6,,Comparative accuracy of qualitative and quantitative 18F-FDG PET/CT analysis in detection of lymph node metastasis from anal cancer.
32794029,2020,10.1245/s10434-020-09018-z,,Prognostic Significance of Neoadjuvant Rectal Scores in Preoperative Short-Course Radiotherapy and Long-Course Concurrent Chemoradiotherapy for Patients with Locally Advanced Rectal Cancer.
20217256,2010,10.1245/s10434-010-1010-7,,Sentinel node biopsy by indocyanine green retention fluorescence detection for inguinal lymph node staging of anal cancer: preliminary experience.
24396496,2014,10.7150/jca.7987,PMC3881219,Current approaches and challenges for monitoring treatment response in colon and rectal cancer.
25957330,2015,10.1093/annonc/mdv223,,"Chemoradiation, surgery and adjuvant chemotherapy versus induction chemotherapy followed by chemoradiation and surgery: long-term results of the Spanish GCR-3 phase II randomized trial†."
21197735,2010,,,[Non-invasive imaging tools in colorectal cancer].
27510524,2016,10.1007/s10151-016-1514-7,,"Surgical timing after chemoradiotherapy for rectal cancer, analysis of technique (STARRCAT): results of a feasibility multi-centre randomized controlled trial."
19507600,2009,,,[Diffusion weighted imaging combined with magnetic resonance conventional sequences for the diagnosis of rectal cancer].
25892290,2015,10.1016/j.ctrv.2015.03.010,,A literature review of the association between diffusion-weighted MRI derived apparent diffusion coefficient and tumour aggressiveness in pelvic cancer.
22820704,2013,10.1007/s00464-012-2466-2,,Outcome of laparoscopic colectomy for cancer in elderly patients.
21892288,2008,10.4137/cmo.s370,PMC3161666,The Relationship Between MR Demonstration of Extramural Venous Invasion and Nodal Disease in Rectal Cancer.
28028557,2017,10.1007/s00261-016-1030-2,,(18)F-FDG PET/CT delayed images with forced diuresis for revaluating abdominopelvic malignancies.
22968054,2012,10.1097/LGT.0b013e31825d2d7a,,Anal intraepithelial lesions in women with human papillomavirus-related disease.
10851945,2000,,,[Use of magnetic resonance tomography in the diagnosis of gastrointestinal diseases].
26084884,2015,10.1007/s10151-015-1319-0,,The use of artificial neural networks to predict delayed discharge and readmission in enhanced recovery following laparoscopic colorectal cancer surgery.
26106836,2016,10.1097/SLA.0000000000001311,,Diffusion-weighted MRI for Early Prediction of Treatment Response on Preoperative Chemoradiotherapy for Patients With Locally Advanced Rectal Cancer: A Feasibility Study.
34265357,2021,10.1016/j.radonc.2021.07.004,,A radiomic signature model to predict the chemoradiation-induced alteration in tumor-infiltrating CD8(+) cells in locally advanced rectal cancer.
26782212,2016,10.1007/978-1-4939-3023-4_24,,Hypoxia-Associated Marker CA IX Does Not Predict the Response of Locally Advanced Rectal Cancers to Neoadjuvant Chemoradiotherapy.
34720528,2021,10.3748/wjg.v27.i38.6374,PMC8517789,Intraoperative use of indocyanine green fluorescence imaging in rectal cancer surgery: The state of the art.
33466369,2021,10.3390/diagnostics11010073,PMC7824834,The Feasibility of Patient-Specific Circulating Tumor DNA Monitoring throughout Multi-Modality Therapy for Locally Advanced Esophageal and Rectal Cancer: A Potential Biomarker for Early Detection of Subclinical Disease.
17468987,2007,10.1007/s10350-007-0229-2,,"Perineal colostomy with appendicostomy as an alternative for an abdominal colostomy: symptoms, functional status, quality of life, and perceived health."
26435908,2015,10.1186/s40792-015-0088-3,PMC4582075,A case of advanced rectal cancer with rectovesical and ileal fistulae that developed hyperammonemic encephalopathy.
24146338,2013,10.1007/s11605-013-2350-y,,Lesions originating within the retrorectal space: a diverse group requiring individualized evaluation and surgery.
28746154,2017,10.1097/SLA.0000000000002429,,Anastomotic Leakage and Chronic Presacral Sinus Formation After Low Anterior Resection: Results From a Large Cross-sectional Study.
27501592,2016,,,Retrospective Audit: Does Prior Assessment by Oral and Maxillofacial Surgeons Reduce the Risk of Osteonecrosis of The Jaw in Patients Receiving Bone-Targeted Therapies for Metastatic Cancers to the Skeleton?--Part II.
31238634,2019,10.3760/cma.j.issn.1671-0274.2019.06.008,,"[""Watch and wait"" strategy after neoadjuvant therapy for rectal cancer: status survey of perceptions, attitudes and treatment selection in Chinese surgeons]."
32234911,2020,10.21873/anticanres.14177,,Nomogram for Predicting the Pathological Tumor Response from Pre-treatment Clinical Characteristics in Rectal Cancer.
33779742,2021,10.1001/jamanetworkopen.2021.3304,PMC8008289,Assessment of Simulated SARS-CoV-2 Infection and Mortality Risk Associated With Radiation Therapy Among Patients in 8 Randomized Clinical Trials.
25652254,2015,10.1002/jmri.24835,,Dynamic contrast-enhanced MRI: Use in predicting pathological complete response to neoadjuvant chemoradiation in locally advanced rectal cancer.
20374623,2010,10.1186/1471-2407-10-127,PMC2858110,Focal dose escalation using FDG-PET-guided intensity-modulated radiation therapy boost for postoperative local recurrent rectal cancer: a planning study with comparison of DVH and NTCP.
33926780,2021,10.1016/j.ejso.2021.04.021,,Magnetic resonance imaging as a predictor of surgical outcome in patients with local pelvic recurrence of colorectal cancer.
31386575,2019,10.2214/AJR.19.21383,,MRI for Restaging Locally Advanced Rectal Cancer: Detailed Analysis of Discrepancies With the Pathologic Reference Standard.
32424463,2020,10.1007/s00117-020-00661-x,,Hybrid imaging of the abdomen and pelvis.
26108736,2015,10.1016/j.ejso.2015.05.016,,Simple criteria to predict margin involvement after chemoradiotherapy and sphincter-sparing for low rectal cancer.
25124470,2015,10.1245/s10434-014-3972-3,,Diagnostic performance of multidetector row computed tomography for assessment of lymph node metastasis in patients with distal rectal cancer.
30181029,2018,10.1016/j.canrad.2018.07.131,,"[Anal canal cancer: In the era of intensity-modulated radiotherapy, outstanding issues]."
29435147,2018,10.18632/oncotarget.23419,PMC5797018,Morphologic predictors of pathological complete response to neoadjuvant chemoradiotherapy in locally advanced rectal cancer.
31357959,2019,10.1186/s12885-019-5970-0,PMC6664500,Have we achieved adequate recommendations for target volume definitions in anal cancer? A PET imaging based patterns of failure analysis in the context of established contouring guidelines.
23652745,2013,10.1097/DCR.0b013e3182812bec,,"Clinical, MRI, and PET-CT criteria used by surgeons to determine suitability for pelvic exenteration surgery for recurrent rectal cancers: a Delphi study."
15865036,2005,10.1007/3-540-27449-9_23,,Indications for neoadjuvant long-term radiotherapy.
17279430,2007,10.1007/s00423-007-0149-6,,Optimised surgery (so-called TME surgery) and high-resolution MRI in the planning of treatment of rectal carcinoma.
28717704,2016,10.1200/JGO.2015.001479,PMC5497621,Significance of Magnetic Resonance Imaging-Assessed Tumor Response for Locally Advanced Rectal Cancer Treated With Preoperative Long-Course Chemoradiation.
30470995,2019,10.1007/s13304-018-0606-5,,SICE national survey: current state on the adoption of laparoscopic approach to the treatment of colorectal disease in Italy.
27313860,2016,10.3892/mco.2016.855,PMC4888032,Clinical significance of enlarged lateral pelvic lymph nodes before and after preoperative chemoradiotherapy for rectal cancer.
18215195,2008,10.1111/j.1463-1318.2007.01468.x,,Colo-anal pouches: lessons from a prospective audit.
24672298,2014,10.1155/2014/196068,PMC3932262,Diagnostic performance of positron emission tomography/computed tomography using fluorine-18 fluorodeoxyglucose in detecting locoregional nodal involvement in patients with anal canal cancer: a systematic review and meta-analysis.
31802217,2020,10.1007/s00464-019-07279-8,,Intraluminal flexible sheath for the protection of low anastomosis after anterior resection: results from a First-In-Human trial on 15 patients.
19029193,2009,10.1093/carcin/bgn260,PMC2722151,"Red meat and poultry intake, polymorphisms in the nucleotide excision repair and mismatch repair pathways and colorectal cancer risk."
31113171,2019,10.3393/ac.2019.03.17,PMC6529754,Oncologic Outcomes of Organ Preserving Approaches in Patients With Rectal Cancer Treated With Preoperative Chemoradiotherapy.
22248062,2012,10.3109/0284186X.2011.652740,,High-dose radiotherapy (60 Gy) with oral UFT/folinic acid and escalating doses of oxaliplatin in patients with non-resectable locally advanced rectal cancer (LARC): a phase I trial.
12232483,2002,10.1159/000066049,,Significance of surgery in the multimodality treatment of rectal cancer.
23667205,2013,10.6004/jnccn.2013.0071,,Multidisciplinary management of locally advanced rectal cancer: neoadjuvant approaches.
32417349,2020,10.1016/j.radonc.2020.05.018,,Patterns of inguinal lymph node metastases in anal canal cancer and recommendations for elective clinical target volume (CTV) delineation.
22395978,2012,10.1245/s10434-012-2248-z,,Predicting pathological response to neoadjuvant chemoradiotherapy in locally advanced rectal cancer using 18FDG-PET/CT.
34485136,2021,10.3389/fonc.2021.701336,PMC8415020,Rectal Tumor Stiffness Quantified by In Vivo Tomoelastography and Collagen Content Estimated by Histopathology Predict Tumor Aggressiveness.
15634641,2004,,,[23th meeting of the European Society for Therapeutic Radiology and Oncology (ESTRO)].
31593515,2020,10.2214/AJR.19.21357,,A Review of Viral-Related Malignancies and the Associated Imaging Findings.
23516072,2013,10.1007/s00384-013-1676-y,,Is there a benefit in using magnetic resonance imaging in the prediction of preoperative neoadjuvant therapy response in locally advanced rectal cancer?
27149445,2016,10.1097/MD.0000000000003463,PMC4863762,Is Preoperative Chemoradiotherapy Beneficial for Sphincter Preservation in Low-Lying Rectal Cancer Patients?
22993703,2012,10.3393/jksc.2012.28.4.179,PMC3440486,An update on preoperative radiotherapy for locally advanced rectal cancer.
23336255,2013,10.3109/0284186X.2012.754989,,Clinical validation of atlas-based auto-segmentation of pelvic volumes and normal tissue in rectal tumors using auto-segmentation computed system.
31956546,2020,10.21037/qims.2019.11.17,PMC6960428,Histological grades of rectal cancer: whole-volume histogram analysis of apparent diffusion coefficient based on reduced field-of-view diffusion-weighted imaging.
28138623,2016,10.21037/tgh.2016.06.06,PMC5244736,Technical notes on pure laparoscopic isolated caudate lobectomy for patient with liver cancer.
18715510,2008,10.1186/1477-7819-6-89,PMC2533319,The importance of rectal cancer MRI protocols on interpretation accuracy.
34148312,2021,10.3760/cma.j.cn.441530-20210401-00140,,[Research progress on early diagnosis and prevention of anastomotic leak after rectal cancer surgery].
11898034,2002,10.1007/s00268-001-0181-6,,New predictor for the defecatory function after sphincter-preserving operation: lumen score.
25089274,2014,10.1155/2014/578243,PMC4095991,Dosimetric coverage of the external anal sphincter by 3-dimensional conformal fields in rectal cancer patients receiving neoadjuvant chemoradiation: implications for the concept of sphincter-preserving radiation therapy.
28647399,2017,10.1016/j.radonc.2017.06.013,PMC5641595,Quantitative imaging outperforms molecular markers when predicting response to chemoradiotherapy for rectal cancer.
33023215,2020,10.3390/diagnostics10100780,PMC7601888,The Elevated Pre-Treatment C-Reactive Protein Predicts Poor Prognosis in Patients with Locally Advanced Rectal Cancer Treated with Neo-Adjuvant Radiochemotherapy.
19188240,2009,10.1259/bjr/57848689,,"The effect of treatment position, prone or supine, on dose-volume histograms for pelvic radiotherapy in patients with rectal cancer."
25889915,2015,10.1186/s13014-015-0344-5,PMC4330982,Distinct increased outliers among 136 rectal cancer patients assessed by γH2AX.
21851185,2011,10.3109/0284186X.2011.582880,,Concomitant boost radiotherapy and multidrug chemotherapy in the neoadjuvant treatment of locally advanced rectal cancer: results of a phase II study.
31780392,2020,10.1016/j.acra.2019.10.021,,The Predictive Value of Pre-/Postneoadjuvant Chemoradiotherapy MRI Characteristics for Patient Outcomes in Locally Advanced Rectal Cancer.
31139999,2020,10.1007/s00464-019-06830-x,,S122: impact of fluorescence and 3D images to completeness of lateral pelvic node dissection.
33591043,2021,10.1097/DCR.0000000000001984,,The American Society of Colon and Rectal Surgeons Clinical Practice Guidelines for the Surveillance and Survivorship Care of Patients After Curative Treatment of Colon and Rectal Cancer.
33838677,2021,10.1186/s12893-021-01191-6,PMC8035779,ICG fluorescence imaging in colorectal surgery: a snapshot from the ICRAL study group.
25827193,2017,10.1111/ans.13071,,Excision of the seminal vesicles for locally advanced and recurrent rectal and sigmoid cancer.
17681244,2007,10.1016/j.brachy.2007.02.152,,Clinical outcome after treatment with a brachytherapy boost versus external beam boost for anal carcinoma.
31786842,2019,,,Comparison of efficacy between natural orifice specimen extraction without abdominal incision and conventional laparoscopic surgery in the treatment of sigmoid colon cancer and upper rectal cancer.
32234900,2020,10.21873/anticanres.14166,,Predicting Difficult Laparoscopic Total Mesorectal Excision for Locally-advanced Mid-low Rectal Cancer: The EuMaRCS Score Validation.
15572096,2004,10.1016/j.suronc.2004.08.004,,Treatment of locally advanced rectal cancer.
22582048,2012,10.2967/jnumed.112.105338,,"Oncologic PET/MRI, part 1: tumors of the brain, head and neck, chest, abdomen, and pelvis."
