PMID,SourceRoute,License,LicenseStatus
32785,,unverified,unverified
47284,,unverified,unverified
70747,,unverified,unverified
87042,,unverified,unverified
91180,,unverified,unverified
98252,,unverified,unverified
102163,,unverified,unverified
104358,,unverified,unverified
106645,,unverified,unverified
114011,,unverified,unverified
117640,,unverified,unverified
129411,,unverified,unverified
137184,,unverified,unverified
138278,,unverified,unverified
157946,,unverified,unverified
157947,,unverified,unverified
160376,,unverified,unverified
169584,,unverified,unverified
183287,,unverified,unverified
194991,,unverified,unverified
219672,,unverified,unverified
224349,,unverified,unverified
266918,,unverified,unverified
274129,,unverified,unverified
278472,,unverified,unverified
284842,,unverified,unverified
291405,,unverified,unverified
313043,,unverified,unverified
360279,,unverified,unverified
401049,,unverified,unverified
408898,,unverified,unverified
416684,,unverified,unverified
419313,,unverified,unverified
419445,,unverified,unverified
419595,,unverified,unverified
443903,,unverified,unverified
451435,,unverified,unverified
456214,,unverified,unverified
457958,,unverified,unverified
459116,,unverified,unverified
468875,,unverified,unverified
493505,,unverified,unverified
493506,,unverified,unverified
499977,,unverified,unverified
504662,,unverified,unverified
505264,,unverified,unverified
539063,,unverified,unverified
602218,,unverified,unverified
636270,,unverified,unverified
638697,,unverified,unverified
639456,,unverified,unverified
654018,,unverified,unverified
663240,,unverified,unverified
672487,,unverified,unverified
684224,,unverified,unverified
684394,,unverified,unverified
706893,,unverified,unverified
707098,,unverified,unverified
709512,,unverified,unverified
722659,,unverified,unverified
736578,,unverified,unverified
736660,,unverified,unverified
740902,,unverified,unverified
742330,,unverified,unverified
743492,,unverified,unverified
838496,,unverified,unverified
844394,,unverified,unverified
847182,,unverified,unverified
850859,,unverified,unverified
853487,,unverified,unverified
857410,,unverified,unverified
862475,,unverified,unverified
867715,,unverified,unverified
880573,,unverified,unverified
897520,,unverified,unverified
899195,,unverified,unverified
916273,,unverified,unverified
932117,,unverified,unverified
936807,,unverified,unverified
942556,,unverified,unverified
946107,,unverified,unverified
949681,,unverified,unverified
962482,,unverified,unverified
991687,,unverified,unverified
993665,,unverified,unverified
996711,,unverified,unverified
1000469,,unverified,unverified
1003805,,unverified,unverified
1011645,,unverified,unverified
1021014,,unverified,unverified
1023366,,unverified,unverified
1024825,,unverified,unverified
1052440,,unverified,unverified
1053789,,unverified,unverified
1082331,,unverified,unverified
1083011,,unverified,unverified
1090479,,unverified,unverified
1091321,,unverified,unverified
1093504,,unverified,unverified
1097360,,unverified,unverified
1115052,,unverified,unverified
1119474,,unverified,unverified
1119662,,unverified,unverified
1119678,,unverified,unverified
1125588,,unverified,unverified
1126258,,unverified,unverified
1126810,,unverified,unverified
1127725,,unverified,unverified
1133921,,unverified,unverified
1145274,,unverified,unverified
1145924,,unverified,unverified
1154032,,unverified,unverified
1156167,,unverified,unverified
1160537,,unverified,unverified
1162570,,unverified,unverified
1168755,,unverified,unverified
1172172,,unverified,unverified
1178892,,unverified,unverified
1183061,,unverified,unverified
1185073,,unverified,unverified
1191900,,unverified,unverified
1199660,,unverified,unverified
1209746,,unverified,unverified
1209903,,unverified,unverified
1215525,,unverified,unverified
1215527,,unverified,unverified
1217846,,unverified,unverified
1226857,,unverified,unverified
1228319,,unverified,unverified
1240882,,unverified,unverified
1241466,,unverified,unverified
1244693,,unverified,unverified
1247300,,unverified,unverified
1247974,,unverified,unverified
1253655,,unverified,unverified
1282054,,unverified,unverified
1290207,,unverified,unverified
1299163,,unverified,unverified
1305114,,unverified,unverified
1306144,,unverified,unverified
1313554,,unverified,unverified
1335098,,unverified,unverified
1377557,,unverified,unverified
1389653,,unverified,unverified
1411932,,unverified,unverified
1425758,,unverified,unverified
1426839,,unverified,unverified
1426852,,unverified,unverified
1431344,,unverified,unverified
1463689,,unverified,unverified
1481964,,unverified,unverified
1483951,,unverified,unverified
1489979,,unverified,unverified
1491757,,unverified,unverified
1504120,,unverified,unverified
1506272,,unverified,unverified
1511212,,unverified,unverified
1529194,,unverified,unverified
1529837,,unverified,unverified
1530296,,unverified,unverified
1540805,,unverified,unverified
1545593,,unverified,unverified
1558288,,unverified,unverified
1565782,,unverified,unverified
1566194,,unverified,unverified
1568394,,unverified,unverified
1574769,,unverified,unverified
1576912,,unverified,unverified
1576915,,unverified,unverified
1579094,,unverified,unverified
1587176,,unverified,unverified
1589179,,unverified,unverified
1591680,,unverified,unverified
1605550,,unverified,unverified
1611955,,unverified,unverified
1612314,,unverified,unverified
1613070,,unverified,unverified
1617236,,unverified,unverified
1618669,,unverified,unverified
1623474,,unverified,unverified
1643485,,unverified,unverified
1644105,,unverified,unverified
1657360,,unverified,unverified
1689079,,unverified,unverified
1695545,,unverified,unverified
1708073,,unverified,unverified
1711439,,unverified,unverified
1729783,,unverified,unverified
1730114,,unverified,unverified
1730980,,unverified,unverified
1732979,,unverified,unverified
1733440,,unverified,unverified
1733469,,unverified,unverified
1736344,,unverified,unverified
1745934,,unverified,unverified
1764342,,unverified,unverified
1768746,,unverified,unverified
1769467,,unverified,unverified
1770281,,unverified,unverified
1772696,,unverified,unverified
1781195,,unverified,unverified
1784761,,unverified,unverified
1787564,,unverified,unverified
1787583,,unverified,unverified
1792183,,unverified,unverified
1799040,,unverified,unverified
1843668,,unverified,unverified
1846697,,unverified,unverified
1847798,,unverified,unverified
1854610,,unverified,unverified
1859783,,unverified,unverified
1870955,,unverified,unverified
1873154,,unverified,unverified
1875118,,unverified,unverified
1880564,,unverified,unverified
1894710,,unverified,unverified
1914737,,unverified,unverified
1924789,,unverified,unverified
1964231,,unverified,unverified
2001338,,unverified,unverified
2004491,,unverified,unverified
2004962,,unverified,unverified
2007350,,unverified,unverified
2010308,,unverified,unverified
2034093,,unverified,unverified
2039134,,unverified,unverified
2040527,,unverified,unverified
2041400,,unverified,unverified
2056836,,unverified,unverified
2060750,,unverified,unverified
2064292,,unverified,unverified
2066784,,unverified,unverified
2068294,,unverified,unverified
2077134,,unverified,unverified
2090187,,unverified,unverified
2115813,,unverified,unverified
2183978,,unverified,unverified
2188307,,unverified,unverified
2208914,,unverified,unverified
2213699,,unverified,unverified
2214218,,unverified,unverified
2217794,,unverified,unverified
2219505,,unverified,unverified
2238957,,unverified,unverified
2242119,,unverified,unverified
2242746,,unverified,unverified
2244018,,unverified,unverified
2245571,,unverified,unverified
2254116,,unverified,unverified
2255823,,unverified,unverified
2259762,,unverified,unverified
2267383,,unverified,unverified
2278782,,unverified,unverified
2281647,,unverified,unverified
2286396,,unverified,unverified
2294807,,unverified,unverified
2296605,,unverified,unverified
2300889,,unverified,unverified
2300891,,unverified,unverified
2302062,,unverified,unverified
2306185,,unverified,unverified
2313926,,unverified,unverified
2315476,,unverified,unverified
2320873,,unverified,unverified
2323277,,unverified,unverified
2326737,,unverified,unverified
2329866,,unverified,unverified
2334018,,unverified,unverified
2336014,,unverified,unverified
2343132,,unverified,unverified
2359854,,unverified,unverified
2382027,,unverified,unverified
2389014,,unverified,unverified
2389016,,unverified,unverified
2391887,,unverified,unverified
2399313,,unverified,unverified
2400968,,unverified,unverified
2412188,,unverified,unverified
2412359,,unverified,unverified
2413510,,unverified,unverified
2421590,,unverified,unverified
2421591,,unverified,unverified
2424074,,unverified,unverified
2432718,,unverified,unverified
2437869,,unverified,unverified
2446100,,unverified,unverified
2451301,,unverified,unverified
2457274,,unverified,unverified
2537580,,unverified,unverified
2552386,,unverified,unverified
2580423,,unverified,unverified
2581518,,unverified,unverified
2587722,,unverified,unverified
2601870,,unverified,unverified
2602902,,unverified,unverified
2603076,,unverified,unverified
2632468,,unverified,unverified
2642153,,unverified,unverified
2642789,,unverified,unverified
2654153,,unverified,unverified
2654747,,unverified,unverified
2657851,,unverified,unverified
2657857,,unverified,unverified
2680290,,unverified,unverified
2687590,,unverified,unverified
2695626,,unverified,unverified
2715977,,unverified,unverified
2721301,,unverified,unverified
2724360,,unverified,unverified
2740581,,unverified,unverified
2742713,,unverified,unverified
2743189,,unverified,unverified
2746136,,unverified,unverified
2746952,,unverified,unverified
2746954,,unverified,unverified
2752850,,unverified,unverified
2767081,,unverified,unverified
2779824,,unverified,unverified
2781064,,unverified,unverified
2782894,,unverified,unverified
2783844,,unverified,unverified
2789951,,unverified,unverified
2792396,,unverified,unverified
2798810,,unverified,unverified
2806020,,unverified,unverified
2806823,,unverified,unverified
2806824,,unverified,unverified
2806995,,unverified,unverified
2809888,,unverified,unverified
2811592,,unverified,unverified
2815694,,unverified,unverified
2829292,,unverified,unverified
2829302,,unverified,unverified
2830075,,unverified,unverified
2871945,,unverified,unverified
2911656,,unverified,unverified
2913991,,unverified,unverified
2925912,,unverified,unverified
2931055,,unverified,unverified
2935243,,unverified,unverified
2943036,,unverified,unverified
2943876,,unverified,unverified
2945707,,unverified,unverified
2952068,,unverified,unverified
2952140,,unverified,unverified
2953572,,unverified,unverified
2958472,,unverified,unverified
2961314,,unverified,unverified
2962733,,unverified,unverified
2967049,,unverified,unverified
2988609,,unverified,unverified
2990090,,unverified,unverified
2995756,,unverified,unverified
2996069,,unverified,unverified
2996749,,unverified,unverified
3003941,,unverified,unverified
3012707,,unverified,unverified
3018474,,unverified,unverified
3020324,,unverified,unverified
3020626,,unverified,unverified
3021399,,unverified,unverified
3022348,,unverified,unverified
3042924,,unverified,unverified
3045263,,unverified,unverified
3045695,,unverified,unverified
3048195,,unverified,unverified
3088597,,unverified,unverified
3095919,,unverified,unverified
3104242,,unverified,unverified
3106836,,unverified,unverified
3109860,,unverified,unverified
3117363,,unverified,unverified
3128400,,unverified,unverified
3153962,,unverified,unverified
3155793,,unverified,unverified
3156027,,unverified,unverified
3159555,,unverified,unverified
3160063,,unverified,unverified
3162003,,unverified,unverified
3162436,,unverified,unverified
3162449,,unverified,unverified
3168087,,unverified,unverified
3172504,,unverified,unverified
3178471,,unverified,unverified
3180652,,unverified,unverified
3180672,,unverified,unverified
3185942,,unverified,unverified
3186985,,unverified,unverified
3187013,,unverified,unverified
3192653,,unverified,unverified
3215084,,unverified,unverified
3225913,,unverified,unverified
3229165,,unverified,unverified
3230335,,unverified,unverified
3246778,,unverified,unverified
3277244,,unverified,unverified
3293183,,unverified,unverified
3303117,,unverified,unverified
3314662,,unverified,unverified
3320368,,unverified,unverified
3324196,,unverified,unverified
3325290,,unverified,unverified
3331379,,unverified,unverified
3336668,,unverified,unverified
3338339,,unverified,unverified
3341792,,unverified,unverified
3343846,,unverified,unverified
3347741,,unverified,unverified
3351032,,unverified,unverified
3359401,,unverified,unverified
3360247,,unverified,unverified
3360572,,unverified,unverified
3369339,,unverified,unverified
3372187,,unverified,unverified
3374303,,unverified,unverified
3380977,,unverified,unverified
3390828,,unverified,unverified
3393651,,unverified,unverified
3400048,,unverified,unverified
3411338,,unverified,unverified
3415258,,unverified,unverified
3415436,,unverified,unverified
3416116,,unverified,unverified
3420823,,unverified,unverified
3428690,,unverified,unverified
3435011,,unverified,unverified
3448654,,unverified,unverified
3452258,,unverified,unverified
3456455,,unverified,unverified
3459174,,unverified,unverified
3464424,,unverified,unverified
3467514,,unverified,unverified
3473248,,unverified,unverified
3475059,,unverified,unverified
3480055,,unverified,unverified
3484753,,unverified,unverified
3485342,,unverified,unverified
3485343,,unverified,unverified
3486559,,unverified,unverified
3488951,,unverified,unverified
3492956,,unverified,unverified
3493442,,unverified,unverified
3493455,,unverified,unverified
3495029,,unverified,unverified
3509732,,unverified,unverified
3519125,,unverified,unverified
3520148,,unverified,unverified
3524803,,unverified,unverified
3538709,,unverified,unverified
3540857,,unverified,unverified
3545708,,unverified,unverified
3549618,,unverified,unverified
3552847,,unverified,unverified
3556597,,unverified,unverified
3562810,,unverified,unverified
3566123,,unverified,unverified
3568032,,unverified,unverified
3568920,,unverified,unverified
3568929,,unverified,unverified
3570842,,unverified,unverified
3586911,,unverified,unverified
3589978,,unverified,unverified
3595617,,unverified,unverified
3596146,,unverified,unverified
3597163,,unverified,unverified
3598316,,unverified,unverified
3602868,,unverified,unverified
3603339,,unverified,unverified
3605996,,unverified,unverified
3607761,,unverified,unverified
3611941,,unverified,unverified
3615859,,unverified,unverified
3615864,,unverified,unverified
3617781,,unverified,unverified
3622555,,unverified,unverified
3628859,,unverified,unverified
3629468,,unverified,unverified
3631974,,unverified,unverified
3652888,,unverified,unverified
3652889,,unverified,unverified
3661258,,unverified,unverified
3664175,,unverified,unverified
3666675,,unverified,unverified
3667307,,unverified,unverified
3681370,,unverified,unverified
3685361,,unverified,unverified
3686199,,unverified,unverified
3689115,,unverified,unverified
3689120,,unverified,unverified
3695823,,unverified,unverified
3707330,,unverified,unverified
3708276,,unverified,unverified
3713061,,unverified,unverified
3713682,,unverified,unverified
3719280,,unverified,unverified
3720057,,unverified,unverified
3720456,,unverified,unverified
3726728,,unverified,unverified
3728821,,unverified,unverified
3729474,,unverified,unverified
3729486,,unverified,unverified
3731130,,unverified,unverified
3731696,,unverified,unverified
3736057,,unverified,unverified
3736696,,unverified,unverified
3738623,,unverified,unverified
3744387,,unverified,unverified
3744388,,unverified,unverified
3749805,,unverified,unverified
3753800,,unverified,unverified
3762270,,unverified,unverified
3762778,,unverified,unverified
3763846,,unverified,unverified
3763847,,unverified,unverified
3769944,,unverified,unverified
3770348,,unverified,unverified
3771185,,unverified,unverified
3775199,,unverified,unverified
3776670,,unverified,unverified
3778205,,unverified,unverified
3779657,,unverified,unverified
3779658,,unverified,unverified
3780990,,unverified,unverified
3783957,,unverified,unverified
3790958,,unverified,unverified
3790959,,unverified,unverified
3792758,,unverified,unverified
3792761,,unverified,unverified
3792765,,unverified,unverified
3795182,,unverified,unverified
3797886,,unverified,unverified
3797961,,unverified,unverified
3798642,,unverified,unverified
3809452,,unverified,unverified
3809635,,unverified,unverified
3810009,,unverified,unverified
3811425,,unverified,unverified
3811651,,unverified,unverified
3813473,,unverified,unverified
3825418,,unverified,unverified
3828954,,unverified,unverified
3829875,,unverified,unverified
3844977,,unverified,unverified
3861794,,unverified,unverified
3863745,,unverified,unverified
3867028,,unverified,unverified
3870908,,unverified,unverified
3871275,,unverified,unverified
3871566,,unverified,unverified
3871649,,unverified,unverified
3872247,,unverified,unverified
3872288,,unverified,unverified
3875261,,unverified,unverified
3883540,,unverified,unverified
3886122,,unverified,unverified
3894856,,unverified,unverified
3896190,,unverified,unverified
3921323,,unverified,unverified
3926477,,unverified,unverified
3926959,,unverified,unverified
3941025,,unverified,unverified
3941598,,unverified,unverified
3941861,,unverified,unverified
3943420,,unverified,unverified
3947880,,unverified,unverified
3947915,,unverified,unverified
3954942,,unverified,unverified
3960457,,unverified,unverified
3961160,,unverified,unverified
3968216,,unverified,unverified
3970602,,unverified,unverified
3972617,,unverified,unverified
3976421,,unverified,unverified
3979224,,unverified,unverified
3979228,,unverified,unverified
3982037,,unverified,unverified
3983380,,unverified,unverified
3983682,,unverified,unverified
3984557,,unverified,unverified
3984558,,unverified,unverified
3992141,,unverified,unverified
3992446,,unverified,unverified
3999572,,unverified,unverified
4002045,,unverified,unverified
4008294,,unverified,unverified
4011413,,unverified,unverified
4012381,,unverified,unverified
4013345,,unverified,unverified
4019553,,unverified,unverified
4022622,,unverified,unverified
4026162,,unverified,unverified
4027786,,unverified,unverified
4034595,,unverified,unverified
4035295,,unverified,unverified
4037904,,unverified,unverified
4042506,,unverified,unverified
4050305,,unverified,unverified
4056710,,unverified,unverified
4063667,,unverified,unverified
4073358,,unverified,unverified
4075311,,unverified,unverified
4086456,,unverified,unverified
4089248,,unverified,unverified
4091129,,unverified,unverified
4093323,,unverified,unverified
4096493,,unverified,unverified
4107274,,unverified,unverified
4124483,,unverified,unverified
4170625,,unverified,unverified
4172957,,unverified,unverified
4180212,,unverified,unverified
4183651,,unverified,unverified
4185525,,unverified,unverified
4186217,,unverified,unverified
4252997,,unverified,unverified
4254209,,unverified,unverified
4257162,,unverified,unverified
4260402,,unverified,unverified
4269036,,unverified,unverified
4294077,,unverified,unverified
4302978,,unverified,unverified
4307499,,unverified,unverified
4307555,,unverified,unverified
4309003,,unverified,unverified
4319203,,unverified,unverified
4320485,,unverified,unverified
4322010,,unverified,unverified
4323336,,unverified,unverified
4325190,,unverified,unverified
4327425,,unverified,unverified
4334084,,unverified,unverified
4339232,,unverified,unverified
4341381,,unverified,unverified
4348526,,unverified,unverified
4349163,,unverified,unverified
4354869,,unverified,unverified
4355072,,unverified,unverified
4360133,,unverified,unverified
4372701,,unverified,unverified
4372702,,unverified,unverified
4396803,,unverified,unverified
4410534,,unverified,unverified
4413532,,unverified,unverified
4415135,,unverified,unverified
4418917,,unverified,unverified
4422862,,unverified,unverified
4422876,,unverified,unverified
4424744,,unverified,unverified
4424827,,unverified,unverified
4429334,,unverified,unverified
4432403,,unverified,unverified
4434817,,unverified,unverified
4439644,,unverified,unverified
4439646,,unverified,unverified
4445555,,unverified,unverified
4453378,,unverified,unverified
4457418,,unverified,unverified
4461962,,unverified,unverified
4463704,,unverified,unverified
4466629,,unverified,unverified
4511885,,unverified,unverified
4517808,,unverified,unverified
4526559,,unverified,unverified
4531770,,unverified,unverified
4539558,,unverified,unverified
4540295,,unverified,unverified
4541502,,unverified,unverified
4548543,,unverified,unverified
4562101,,unverified,unverified
4575060,,unverified,unverified
4576278,,unverified,unverified
4578338,,unverified,unverified
4591084,,unverified,unverified
4607134,,unverified,unverified
4611196,,unverified,unverified
4614035,,unverified,unverified
4622149,,unverified,unverified
4623966,,unverified,unverified
4627657,,unverified,unverified
4642030,,unverified,unverified
4643683,,unverified,unverified
4646329,,unverified,unverified
4647397,,unverified,unverified
4649518,,unverified,unverified
4652348,,unverified,unverified
4656294,,unverified,unverified
4657469,,unverified,unverified
4657829,,unverified,unverified
4658212,,unverified,unverified
4662168,,unverified,unverified
4662539,,unverified,unverified
4663987,,unverified,unverified
4664540,,unverified,unverified
4664728,,unverified,unverified
4672705,,unverified,unverified
4672779,,unverified,unverified
4704595,,unverified,unverified
4719329,,unverified,unverified
4721356,,unverified,unverified
4721514,,unverified,unverified
4728151,,unverified,unverified
4732758,,unverified,unverified
4735646,,unverified,unverified
4737377,,unverified,unverified
4738556,,unverified,unverified
4740182,,unverified,unverified
4742013,,unverified,unverified
4744284,,unverified,unverified
4748383,,unverified,unverified
4751838,,unverified,unverified
4757405,,unverified,unverified
4757825,,unverified,unverified
4766024,,unverified,unverified
4769223,,unverified,unverified
4769225,,unverified,unverified
4772601,,unverified,unverified
4782684,,unverified,unverified
4782685,,unverified,unverified
4783928,,unverified,unverified
4783930,,unverified,unverified
4786873,,unverified,unverified
4788523,,unverified,unverified
4789177,,unverified,unverified
4792425,,unverified,unverified
4798755,,unverified,unverified
4803800,,unverified,unverified
4803806,,unverified,unverified
4808334,,unverified,unverified
4810712,,unverified,unverified
4811048,,unverified,unverified
4812660,,unverified,unverified
4812759,,unverified,unverified
4814177,,unverified,unverified
4817005,,unverified,unverified
4819267,,unverified,unverified
4830670,,unverified,unverified
4830801,,unverified,unverified
4831860,,unverified,unverified
4842493,,unverified,unverified
4843177,,unverified,unverified
4846622,,unverified,unverified
4859370,,unverified,unverified
4866425,,unverified,unverified
4872916,,unverified,unverified
4891646,,unverified,unverified
4893769,,unverified,unverified
4898359,,unverified,unverified
4909328,,unverified,unverified
4911113,,unverified,unverified
4912315,,unverified,unverified
4929790,,unverified,unverified
4947699,,unverified,unverified
4952295,,unverified,unverified
4966091,,unverified,unverified
4986880,,unverified,unverified
4991973,,unverified,unverified
5002744,,unverified,unverified
5004040,,unverified,unverified
5007663,,unverified,unverified
5012920,,unverified,unverified
5029587,,unverified,unverified
5037801,,unverified,unverified
5047525,,unverified,unverified
5057310,,unverified,unverified
5058865,,unverified,unverified
5060196,,unverified,unverified
5060232,,unverified,unverified
5064834,,unverified,unverified
5064866,,unverified,unverified
5064870,,unverified,unverified
5066554,,unverified,unverified
5069621,,unverified,unverified
5072259,,unverified,unverified
5072261,,unverified,unverified
5072877,,unverified,unverified
5080882,,unverified,unverified
5085003,,unverified,unverified
5085991,,unverified,unverified
5093831,,unverified,unverified
5111989,,unverified,unverified
5115954,,unverified,unverified
5116091,,unverified,unverified
5119603,,unverified,unverified
5127570,,unverified,unverified
5130197,,unverified,unverified
5137206,,unverified,unverified
5141481,,unverified,unverified
5151907,,unverified,unverified
5153890,,unverified,unverified
5165866,,unverified,unverified
5166001,,unverified,unverified
5166834,,unverified,unverified
5171190,,unverified,unverified
5188200,,unverified,unverified
5188584,,unverified,unverified
5196102,,unverified,unverified
5198725,,unverified,unverified
5209363,,unverified,unverified
5210605,,unverified,unverified
5276083,,unverified,unverified
5288408,,unverified,unverified
5302140,,unverified,unverified
5302922,,unverified,unverified
5306006,,unverified,unverified
5306806,,unverified,unverified
5309680,,unverified,unverified
5309785,,unverified,unverified
5312868,,unverified,unverified
5314477,,unverified,unverified
5315039,,unverified,unverified
5316811,,unverified,unverified
5336877,,unverified,unverified
5346560,,unverified,unverified
5353951,,unverified,unverified
5354485,,unverified,unverified
5358814,,unverified,unverified
5358815,,unverified,unverified
5360145,,unverified,unverified
5362796,,unverified,unverified
5372197,,unverified,unverified
5376312,,unverified,unverified
5383180,,unverified,unverified
5391411,,unverified,unverified
5393422,,unverified,unverified
5396289,,unverified,unverified
5397800,,unverified,unverified
5405270,,unverified,unverified
5405772,,unverified,unverified
5414548,,unverified,unverified
5415187,,unverified,unverified
5425118,,unverified,unverified
5431437,,unverified,unverified
5432139,,unverified,unverified
5449544,,unverified,unverified
5459368,,unverified,unverified
5467147,,unverified,unverified
5469842,,unverified,unverified
5472671,,unverified,unverified
5478049,,unverified,unverified
5489297,,unverified,unverified
5489413,,unverified,unverified
5489419,,unverified,unverified
5494412,,unverified,unverified
5510665,,unverified,unverified
5510960,,unverified,unverified
5515651,,unverified,unverified
5521755,,unverified,unverified
5526432,,unverified,unverified
5528101,,unverified,unverified
5537236,,unverified,unverified
5547335,,unverified,unverified
5549379,,unverified,unverified
5556627,,unverified,unverified
5564178,,unverified,unverified
5564179,,unverified,unverified
5566351,,unverified,unverified
5566362,,unverified,unverified
5577556,,unverified,unverified
5580400,,unverified,unverified
5580843,,unverified,unverified
5598241,,unverified,unverified
5617200,,unverified,unverified
5618169,,unverified,unverified
5620232,,unverified,unverified
5626264,,unverified,unverified
5626381,,unverified,unverified
5626492,,unverified,unverified
5634679,,unverified,unverified
5639574,,unverified,unverified
5646668,,unverified,unverified
5652464,,unverified,unverified
5653580,,unverified,unverified
5666895,,unverified,unverified
5675263,,unverified,unverified
5677690,,unverified,unverified
5681028,,unverified,unverified
5685669,,unverified,unverified
5687906,,unverified,unverified
5709410,,unverified,unverified
5709756,,unverified,unverified
5713443,,unverified,unverified
5718115,,unverified,unverified
5722192,,unverified,unverified
5727543,,unverified,unverified
5740722,,unverified,unverified
5741116,,unverified,unverified
5741120,,unverified,unverified
5754503,,unverified,unverified
5754779,,unverified,unverified
5759580,,unverified,unverified
5768337,,unverified,unverified
5770631,,unverified,unverified
5779391,,unverified,unverified
5780308,,unverified,unverified
5784491,,unverified,unverified
5801146,,unverified,unverified
5811555,,unverified,unverified
5822717,,unverified,unverified
5834320,,unverified,unverified
5845096,,unverified,unverified
5845484,,unverified,unverified
5856230,,unverified,unverified
5856367,,unverified,unverified
5869180,,unverified,unverified
5882642,,unverified,unverified
5889427,,unverified,unverified
5889478,,unverified,unverified
5907122,,unverified,unverified
5924077,,unverified,unverified
5939739,,unverified,unverified
5944679,,unverified,unverified
5948454,,unverified,unverified
5960598,,unverified,unverified
5989735,,unverified,unverified
5994147,,unverified,unverified
5995793,,unverified,unverified
6001696,,unverified,unverified
6026801,,unverified,unverified
6027314,,unverified,unverified
6030711,,unverified,unverified
6034907,,unverified,unverified
6037406,,unverified,unverified
6045263,,unverified,unverified
6049181,,unverified,unverified
6053123,,unverified,unverified
6071841,,unverified,unverified
6085851,,unverified,unverified
6096933,,unverified,unverified
6124802,,unverified,unverified
6134993,,unverified,unverified
6146068,,unverified,unverified
6154027,,unverified,unverified
6154355,,unverified,unverified
6156364,,unverified,unverified
6167921,,unverified,unverified
6208965,,unverified,unverified
6212425,,unverified,unverified
6213490,,unverified,unverified
6232037,,unverified,unverified
6249106,,unverified,unverified
6273079,,unverified,unverified
6277969,,unverified,unverified
6282100,,unverified,unverified
6283589,,unverified,unverified
6284616,,unverified,unverified
6291167,,unverified,unverified
6295871,,unverified,unverified
6298290,,unverified,unverified
6305113,,unverified,unverified
6308708,,unverified,unverified
6312227,,unverified,unverified
6327930,,unverified,unverified
6328761,,unverified,unverified
6334871,,unverified,unverified
6337613,,unverified,unverified
6339824,,unverified,unverified
6343172,,unverified,unverified
6345407,,unverified,unverified
6349949,,unverified,unverified
6355473,,unverified,unverified
6364060,,unverified,unverified
6364526,,unverified,unverified
6366160,,unverified,unverified
6372936,,unverified,unverified
6388125,,unverified,unverified
6388724,,unverified,unverified
6402289,,unverified,unverified
6403420,,unverified,unverified
6404406,,unverified,unverified
6412044,,unverified,unverified
6420277,,unverified,unverified
6425161,,unverified,unverified
6426711,,unverified,unverified
6429097,,unverified,unverified
6430542,,unverified,unverified
6452349,,unverified,unverified
6454627,,unverified,unverified
6460578,,unverified,unverified
6463764,,unverified,unverified
6463765,,unverified,unverified
6471404,,unverified,unverified
6472663,,unverified,unverified
6473989,,unverified,unverified
6479550,,unverified,unverified
6484244,,unverified,unverified
6489071,,unverified,unverified
6494515,,unverified,unverified
6499604,,unverified,unverified
6502581,,unverified,unverified
6505197,,unverified,unverified
6505863,,unverified,unverified
6507371,,unverified,unverified
6507742,,unverified,unverified
6513031,,unverified,unverified
6514554,,unverified,unverified
6525261,,unverified,unverified
6526228,,unverified,unverified
6526254,,unverified,unverified
6529177,,unverified,unverified
6544894,,unverified,unverified
6546188,,unverified,unverified
6574355,,unverified,unverified
6575842,,unverified,unverified
6578372,,unverified,unverified
6591917,,unverified,unverified
6601375,,unverified,unverified
6602482,,unverified,unverified
6602483,,unverified,unverified
6602560,,unverified,unverified
6605069,,unverified,unverified
6607637,,unverified,unverified
6611932,,unverified,unverified
6613142,,unverified,unverified
6613482,,unverified,unverified
6616486,,unverified,unverified
6624520,,unverified,unverified
6632903,,unverified,unverified
6641181,,unverified,unverified
6642154,,unverified,unverified
6649544,,unverified,unverified
6653290,,unverified,unverified
6657090,,unverified,unverified
6681644,,unverified,unverified
6689962,,unverified,unverified
6697082,,unverified,unverified
6711023,,unverified,unverified
6711755,,unverified,unverified
6715184,,unverified,unverified
6724234,,unverified,unverified
6729863,,unverified,unverified
6729866,,unverified,unverified
6733681,,unverified,unverified
6734361,,unverified,unverified
6737764,,unverified,unverified
6740293,,unverified,unverified
6748506,,unverified,unverified
6749100,,unverified,unverified
6749437,,unverified,unverified
6758032,,unverified,unverified
6758033,,unverified,unverified
6772043,,unverified,unverified
6773369,,unverified,unverified
6774802,,unverified,unverified
6789638,,unverified,unverified
6791875,,unverified,unverified
6813686,,unverified,unverified
6821632,,unverified,unverified
6821738,,unverified,unverified
6823656,,unverified,unverified
6831146,,unverified,unverified
6833557,,unverified,unverified
6841479,,unverified,unverified
6844602,,unverified,unverified
6845644,,unverified,unverified
6849497,,unverified,unverified
6855273,,unverified,unverified
6870372,,unverified,unverified
6871485,,unverified,unverified
6871490,,unverified,unverified
6871625,,unverified,unverified
6871637,,unverified,unverified
6872582,,unverified,unverified
6876003,,unverified,unverified
6876416,,unverified,unverified
6876584,,unverified,unverified
6879069,,unverified,unverified
6881398,,unverified,unverified
6881988,,unverified,unverified
6939930,,unverified,unverified
6956314,,unverified,unverified
6956758,,unverified,unverified
6957779,,unverified,unverified
6967396,,unverified,unverified
6969890,,unverified,unverified
6974083,,unverified,unverified
6978008,,unverified,unverified
6982099,,unverified,unverified
7001640,,unverified,unverified
7010404,,unverified,unverified
7033646,,unverified,unverified
7044253,,unverified,unverified
7053548,,unverified,unverified
7054856,,unverified,unverified
7059921,,unverified,unverified
7067557,,unverified,unverified
7070239,,unverified,unverified
7072521,,unverified,unverified
7077855,,unverified,unverified
7079708,,unverified,unverified
7084239,,unverified,unverified
7089222,,unverified,unverified
7098346,,unverified,unverified
7104612,,unverified,unverified
7104968,,unverified,unverified
7105898,,unverified,unverified
7106495,,unverified,unverified
7108841,,unverified,unverified
7111786,,unverified,unverified
7112000,,unverified,unverified
7117750,,unverified,unverified
7122875,,unverified,unverified
7123580,,unverified,unverified
7127037,,unverified,unverified
7132895,,unverified,unverified
7134620,,unverified,unverified
7136415,,unverified,unverified
7157085,,unverified,unverified
7166148,,unverified,unverified
7169004,,unverified,unverified
7169874,,unverified,unverified
7184397,,unverified,unverified
7186832,,unverified,unverified
7210485,,unverified,unverified
7212491,,unverified,unverified
7212797,,unverified,unverified
7219302,,unverified,unverified
7222838,,unverified,unverified
7233799,,unverified,unverified
7237381,,unverified,unverified
7257691,,unverified,unverified
7260522,,unverified,unverified
7262502,,unverified,unverified
7272669,,unverified,unverified
7277147,,unverified,unverified
7279698,,unverified,unverified
7280227,,unverified,unverified
7285616,,unverified,unverified
7289071,,unverified,unverified
7289072,,unverified,unverified
7289075,,unverified,unverified
7289674,,unverified,unverified
7291518,,unverified,unverified
7291586,,unverified,unverified
7292456,,unverified,unverified
7302230,,unverified,unverified
7302484,,unverified,unverified
7311194,,unverified,unverified
7312790,,unverified,unverified
7313730,,unverified,unverified
7317742,,unverified,unverified
7320294,,unverified,unverified
7322073,,unverified,unverified
7337921,,unverified,unverified
7338617,,unverified,unverified
7340347,,unverified,unverified
7340715,,unverified,unverified
7347117,,unverified,unverified
7349802,,unverified,unverified
7355217,,unverified,unverified
7357242,,unverified,unverified
7357516,,unverified,unverified
7358255,,unverified,unverified
7366019,,unverified,unverified
7393036,,unverified,unverified
7393460,,unverified,unverified
7397693,,unverified,unverified
7408621,,unverified,unverified
7416960,,unverified,unverified
7433888,,unverified,unverified
7446716,,unverified,unverified
7450459,,unverified,unverified
7455023,,unverified,unverified
7455050,,unverified,unverified
7466578,,unverified,unverified
7480672,,unverified,unverified
7480739,,unverified,unverified
7480740,,unverified,unverified
7490320,,unverified,unverified
7492817,,unverified,unverified
7514303,,unverified,unverified
7549750,,unverified,unverified
7553684,,unverified,unverified
7554742,,unverified,unverified
7560320,,unverified,unverified
7569062,,unverified,unverified
7569064,,unverified,unverified
7569065,,unverified,unverified
7569068,,unverified,unverified
7569069,,unverified,unverified
7591890,,unverified,unverified
7597226,,unverified,unverified
7601048,,unverified,unverified
7622689,,unverified,unverified
7644451,,unverified,unverified
7645472,,unverified,unverified
7645930,,unverified,unverified
7652666,,unverified,unverified
7659856,,unverified,unverified
7666087,,unverified,unverified
7742575,,unverified,unverified
7743838,,unverified,unverified
7745937,,unverified,unverified
7751874,,unverified,unverified
7754117,,unverified,unverified
7763024,,unverified,unverified
7773931,,unverified,unverified
7779721,,unverified,unverified
7794081,,unverified,unverified
7794602,,unverified,unverified
7801595,,unverified,unverified
7805492,,unverified,unverified
7834434,,unverified,unverified
7841406,,unverified,unverified
7863431,,unverified,unverified
7878239,,unverified,unverified
7878508,,unverified,unverified
7882773,,unverified,unverified
7919246,,unverified,unverified
7931827,,unverified,unverified
7948175,,unverified,unverified
7956955,,unverified,unverified
7962800,,unverified,unverified
7972904,,unverified,unverified
7989979,,unverified,unverified
8009660,,unverified,unverified
8012001,,unverified,unverified
8033006,,unverified,unverified
8044620,,unverified,unverified
8055723,,unverified,unverified
8061898,,unverified,unverified
8064191,,unverified,unverified
8066189,,unverified,unverified
8087711,,unverified,unverified
8113102,,unverified,unverified
8115616,,unverified,unverified
8126277,,unverified,unverified
8128038,,unverified,unverified
8152691,,unverified,unverified
8168408,,unverified,unverified
8177949,,unverified,unverified
8204403,,unverified,unverified
8208466,,unverified,unverified
8210369,,unverified,unverified
8217238,,unverified,unverified
8217240,,unverified,unverified
8220042,,unverified,unverified
8223065,,unverified,unverified
8223123,,unverified,unverified
8233243,,unverified,unverified
8233244,,unverified,unverified
8234720,,unverified,unverified
8240891,,unverified,unverified
8242578,,unverified,unverified
8261872,,unverified,unverified
8271898,,unverified,unverified
8306836,,unverified,unverified
8310150,,unverified,unverified
8330692,,unverified,unverified
8333373,,unverified,unverified
8343279,,unverified,unverified
8348494,,unverified,unverified
8369941,,unverified,unverified
8370828,,unverified,unverified
8374111,,unverified,unverified
8379605,,unverified,unverified
8384868,,unverified,unverified
8389662,,unverified,unverified
8398268,,unverified,unverified
8409691,,unverified,unverified
8419443,,unverified,unverified
8448394,,unverified,unverified
8462013,,unverified,unverified
8465017,,unverified,unverified
8489812,,unverified,unverified
8493073,,unverified,unverified
8500374,,unverified,unverified
8508383,,unverified,unverified
8508385,,unverified,unverified
8508386,,unverified,unverified
8508387,,unverified,unverified
8508392,,unverified,unverified
8528485,,unverified,unverified
8547624,,unverified,unverified
8583876,,unverified,unverified
8617053,,unverified,unverified
8621293,,unverified,unverified
8657938,,unverified,unverified
8657944,,unverified,unverified
8661545,,unverified,unverified
8661581,,unverified,unverified
8661824,,unverified,unverified
8661826,,unverified,unverified
8667749,,unverified,unverified
8673995,,unverified,unverified
8679975,,unverified,unverified
8685340,,unverified,unverified
8685749,,unverified,unverified
8687145,,unverified,unverified
8689836,,unverified,unverified
8693127,,unverified,unverified
8695262,,unverified,unverified
8696700,,unverified,unverified
8708720,,unverified,unverified
8710467,,unverified,unverified
8720005,,unverified,unverified
8724412,,unverified,unverified
8726186,,unverified,unverified
8726827,,unverified,unverified
8732093,,unverified,unverified
8737501,,unverified,unverified
8751414,,unverified,unverified
8756850,,unverified,unverified
8772070,,unverified,unverified
8781143,,unverified,unverified
8793428,,unverified,unverified
8809951,,unverified,unverified
8816548,,unverified,unverified
8822748,,unverified,unverified
8829284,,unverified,unverified
8831519,,unverified,unverified
8831735,,unverified,unverified
8837299,,unverified,unverified
8848729,,unverified,unverified
8869044,,unverified,unverified
8876904,,unverified,unverified
8877472,,unverified,unverified
8893338,,unverified,unverified
8909304,,unverified,unverified
8915293,,unverified,unverified
8915295,,unverified,unverified
8918430,,unverified,unverified
8929041,,unverified,unverified
8949653,,unverified,unverified
8949758,,unverified,unverified
8953601,,unverified,unverified
8961679,,unverified,unverified
8969665,,unverified,unverified
8975392,,unverified,unverified
8982844,,unverified,unverified
9007621,,unverified,unverified
9010096,,unverified,unverified
9051048,,unverified,unverified
9064391,,unverified,unverified
9072842,,unverified,unverified
9073057,,unverified,unverified
9075747,,unverified,unverified
9107663,,unverified,unverified
9107664,,unverified,unverified
9107665,,unverified,unverified
9112909,,unverified,unverified
9122417,,unverified,unverified
9127810,,unverified,unverified
9129408,,unverified,unverified
9135647,,unverified,unverified
9136107,,unverified,unverified
9148206,,unverified,unverified
9168072,,unverified,unverified
9168702,,unverified,unverified
9171763,,unverified,unverified
9176753,,unverified,unverified
9187227,,unverified,unverified
9191433,,unverified,unverified
9191437,,unverified,unverified
9221848,,unverified,unverified
9221850,,unverified,unverified
9235639,,unverified,unverified
9239599,,unverified,unverified
9239608,,unverified,unverified
9248087,,unverified,unverified
9263539,,unverified,unverified
9265373,,unverified,unverified
9298295,,unverified,unverified
9300741,,unverified,unverified
9332240,,unverified,unverified
9333352,,unverified,unverified
9333494,,unverified,unverified
9382505,,unverified,unverified
9386051,,unverified,unverified
9388521,,unverified,unverified
9393524,,unverified,unverified
9400845,,unverified,unverified
9428914,,unverified,unverified
9431339,,unverified,unverified
9442120,,unverified,unverified
9442955,,unverified,unverified
9448765,,unverified,unverified
9449446,,unverified,unverified
9460109,,unverified,unverified
9479977,,unverified,unverified
9479992,,unverified,unverified
9486612,,unverified,unverified
9492970,,unverified,unverified
9498205,,unverified,unverified
9516585,,unverified,unverified
9535599,,unverified,unverified
9544678,,unverified,unverified
9551109,,unverified,unverified
9568652,,unverified,unverified
9574621,,unverified,unverified
9584461,,unverified,unverified
9601965,,unverified,unverified
9607618,,unverified,unverified
9631903,,unverified,unverified
9662242,,unverified,unverified
9667276,,unverified,unverified
9670247,,unverified,unverified
9670251,,unverified,unverified
9678379,,unverified,unverified
9679614,,unverified,unverified
9679899,,unverified,unverified
9704963,,unverified,unverified
9707828,,unverified,unverified
9718009,,unverified,unverified
9719124,,unverified,unverified
9719132,,unverified,unverified
9730411,,unverified,unverified
9735391,,unverified,unverified
9739380,,unverified,unverified
9744602,,unverified,unverified
9755749,,unverified,unverified
9762288,,unverified,unverified
9788411,,unverified,unverified
9788412,,unverified,unverified
9795704,,unverified,unverified
9810332,,unverified,unverified
9824365,,unverified,unverified
9827400,,unverified,unverified
9829374,,unverified,unverified
9829379,,unverified,unverified
9829383,,unverified,unverified
9841771,,unverified,unverified
9860327,,unverified,unverified
9881074,,unverified,unverified
9888473,,unverified,unverified
9921970,,unverified,unverified
9922186,,unverified,unverified
9926806,,unverified,unverified
9931984,,unverified,unverified
9933385,,unverified,unverified
10063380,,unverified,unverified
10074212,,unverified,unverified
10082181,,unverified,unverified
10087112,,unverified,unverified
10091757,,unverified,unverified
10098437,,unverified,unverified
10100797,,unverified,unverified
10188860,,unverified,unverified
10189474,,unverified,unverified
10210933,,unverified,unverified
10219795,,unverified,unverified
10336195,,unverified,unverified
10341684,,unverified,unverified
10362879,,unverified,unverified
10384334,,unverified,unverified
10388005,,unverified,unverified
10389329,,unverified,unverified
10408404,,unverified,unverified
10417568,,unverified,unverified
10421395,,unverified,unverified
10470878,,unverified,unverified
10470879,,unverified,unverified
10470880,,unverified,unverified
10486538,,unverified,unverified
10487058,,unverified,unverified
10494679,,unverified,unverified
10495119,,unverified,unverified
10496559,,unverified,unverified
10504363,,unverified,unverified
10518976,,unverified,unverified
10525811,,unverified,unverified
10540644,,unverified,unverified
10544470,,unverified,unverified
10556005,,unverified,unverified
10566532,,unverified,unverified
10575446,,unverified,unverified
10580973,,unverified,unverified
10584128,,unverified,unverified
10584439,,unverified,unverified
10589801,,unverified,unverified
10590359,,unverified,unverified
10594856,,unverified,unverified
10597072,,unverified,unverified
10604137,,unverified,unverified
10613312,,unverified,unverified
10613474,,unverified,unverified
10614109,,unverified,unverified
10631370,scihub:doi,unverified,unverified
10639703,,unverified,unverified
10658725,,unverified,unverified
10661337,,unverified,unverified
10661338,scihub:doi,unverified,unverified
10663007,,unverified,unverified
10671600,,unverified,unverified
10685155,,unverified,unverified
10690519,,unverified,unverified
10697611,,unverified,unverified
10703471,,unverified,unverified
10714227,,unverified,unverified
10723492,scihub:title,unverified,unverified
10735495,,unverified,unverified
10751475,,unverified,unverified
10761784,,unverified,unverified
10761790,,unverified,unverified
10778462,,unverified,unverified
10779811,,unverified,unverified
10785591,,unverified,unverified
10790613,,unverified,unverified
10802370,,unverified,unverified
10811356,,unverified,unverified
10823635,,unverified,unverified
10823637,scihub:doi,unverified,unverified
10851945,scihub:title,unverified,unverified
10857180,scihub:title,unverified,unverified
10859074,scihub:doi,unverified,unverified
10863088,scihub:title,unverified,unverified
10869747,,unverified,unverified
10879695,,unverified,unverified
10900843,,unverified,unverified
10902273,,unverified,unverified
10910241,scihub:doi,unverified,unverified
10913989,,unverified,unverified
10919008,scihub:title,unverified,unverified
10920965,,unverified,unverified
10921037,,unverified,unverified
10924550,,unverified,unverified
10924576,,unverified,unverified
10931993,,unverified,unverified
10974384,,unverified,unverified
10974451,,unverified,unverified
10993611,,unverified,unverified
10997424,scihub:doi,unverified,unverified
11003405,,unverified,unverified
11008098,scihub:doi,unverified,unverified
11008241,scihub:title,unverified,unverified
11008722,scihub:doi,unverified,unverified
11037560,,unverified,unverified
11037562,scihub:title,unverified,unverified
11037563,,unverified,unverified
11050634,,unverified,unverified
11058632,,unverified,unverified
11062753,scihub:title,unverified,unverified
11064385,,unverified,unverified
11071332,scihub:title,unverified,unverified
11092488,,unverified,unverified
11109453,scihub:title,unverified,unverified
11140149,,unverified,unverified
11140151,,unverified,unverified
11142122,,unverified,unverified
11143526,,unverified,unverified
11176118,,unverified,unverified
11177145,scihub:doi,unverified,unverified
11190522,crossref:scihub,unverified,unverified
11195411,scihub:title,unverified,unverified
11221895,,unverified,unverified
11227944,,unverified,unverified
11229665,,unverified,unverified
11229667,,unverified,unverified
11275229,,unverified,unverified
11289123,scihub:title,unverified,unverified
11321656,,unverified,unverified
11332154,,unverified,unverified
11341018,scihub:title,unverified,unverified
11352304,,unverified,unverified
11367903,,unverified,unverified
11370222,,unverified,unverified
11373109,,unverified,unverified
11373876,,unverified,unverified
11383066,scihub:doi,unverified,unverified
11388151,,unverified,unverified
11395235,,unverified,unverified
11398611,,unverified,unverified
11419055,,unverified,unverified
11432235,scihub:title,unverified,unverified
11458782,,unverified,unverified
11483342,scihub:doi,unverified,unverified
11490760,,unverified,unverified
11499265,,unverified,unverified
11567822,scihub:doi,unverified,unverified
11585972,,unverified,unverified
11702139,scihub:doi,unverified,unverified
11711899,scihub:title,unverified,unverified
11713581,,unverified,unverified
11715306,,unverified,unverified
11728687,,unverified,unverified
11736977,,unverified,unverified
11754847,scihub:doi,unverified,unverified
11757186,,unverified,unverified
11760541,scihub:title,unverified,unverified
11768821,,unverified,unverified
11771444,,unverified,unverified
11776494,scihub:title,unverified,unverified
11777636,,unverified,unverified
11824238,,unverified,unverified
11829854,,unverified,unverified
11829932,,unverified,unverified
11841052,,unverified,unverified
11845956,,unverified,unverified
11873635,,unverified,unverified
11893036,,unverified,unverified
11894111,scihub:title,unverified,unverified
11898034,scihub:doi,unverified,unverified
11899681,scihub:doi,unverified,unverified
11905421,scihub:doi,unverified,unverified
11923137,,unverified,unverified
11923604,,unverified,unverified
11952317,scihub:doi,unverified,unverified
11959719,,unverified,unverified
11972197,,unverified,unverified
11975406,,unverified,unverified
11978522,,unverified,unverified
11995041,,unverified,unverified
11995042,,unverified,unverified
11998937,,unverified,unverified
12018106,,unverified,unverified
12023155,,unverified,unverified
12029553,scihub:doi,unverified,unverified
12036840,,unverified,unverified
12049306,,unverified,unverified
12052754,,unverified,unverified
12055726,,unverified,unverified
12066234,,unverified,unverified
12066240,,unverified,unverified
12066241,,unverified,unverified
12066242,scihub:doi,unverified,unverified
12066243,,unverified,unverified
12069470,,unverified,unverified
12087451,,unverified,unverified
12101481,,unverified,unverified
12115376,,unverified,unverified
12124478,,unverified,unverified
12147376,scihub:doi,unverified,unverified
12153629,,unverified,unverified
12169356,scihub:doi,unverified,unverified
12204666,,unverified,unverified
12216133,,unverified,unverified
12221559,scihub:doi,unverified,unverified
12232483,scihub:doi,unverified,unverified
12243956,,unverified,unverified
12352230,,unverified,unverified
12355214,scihub:doi,unverified,unverified
12400984,,unverified,unverified
12416580,,unverified,unverified
12418051,,unverified,unverified
12418053,,unverified,unverified
12418060,,unverified,unverified
12421728,,unverified,unverified
12456292,scihub:title,unverified,unverified
12458380,scihub:doi,unverified,unverified
12483379,scihub:doi,unverified,unverified
12507203,scihub:doi,unverified,unverified
12507211,,unverified,unverified
12514341,,unverified,unverified
12525908,,unverified,unverified
12527054,scihub:doi,unverified,unverified
12544243,,unverified,unverified
12555997,,unverified,unverified
12564306,,unverified,unverified
12571215,,unverified,unverified
12587476,scihub:title,unverified,unverified
12594673,,unverified,unverified
12595106,scihub:doi,unverified,unverified
12599029,,unverified,unverified
12607055,,unverified,unverified
12607120,,unverified,unverified
12624670,scihub:doi,unverified,unverified
12630079,,unverified,unverified
12635015,,unverified,unverified
12657384,scihub:doi,unverified,unverified
12661247,scihub:title,unverified,unverified
12671697,scihub:doi,unverified,unverified
12694846,,unverified,unverified
12705549,,unverified,unverified
12705551,,unverified,unverified
12711298,,unverified,unverified
12732695,,unverified,unverified
12739710,scihub:doi,unverified,unverified
12740710,,unverified,unverified
12742204,scihub:doi,unverified,unverified
12760929,scihub:title,unverified,unverified
12771519,scihub:doi,unverified,unverified
12772518,scihub:title,unverified,unverified
12777189,scihub:doi,unverified,unverified
12780593,scihub:doi,unverified,unverified
12780610,,unverified,unverified
12780658,,unverified,unverified
12780879,scihub:title,unverified,unverified
12781885,scihub:doi,unverified,unverified
12783252,,unverified,unverified
12784345,,unverified,unverified
12790368,scihub:doi,unverified,unverified
12790949,,unverified,unverified
12792444,,unverified,unverified
12796734,,unverified,unverified
12801738,scihub:doi,unverified,unverified
12827509,,unverified,unverified
12827681,scihub:doi,unverified,unverified
12828064,scihub:title,unverified,unverified
12829130,,unverified,unverified
12831920,scihub:doi,unverified,unverified
12833730,,unverified,unverified
12835882,,unverified,unverified
12841663,scihub:doi,unverified,unverified
12848107,scihub:title,unverified,unverified
12868857,scihub:title,unverified,unverified
12884334,,unverified,unverified
12903544,,unverified,unverified
12905539,,unverified,unverified
12907894,,unverified,unverified
12907896,scihub:title,unverified,unverified
12907897,,unverified,unverified
12910212,,unverified,unverified
12925068,,unverified,unverified
12925069,,unverified,unverified
12925075,scihub:doi,unverified,unverified
12925090,scihub:title,unverified,unverified
12957127,,unverified,unverified
13007001,,unverified,unverified
13041012,,unverified,unverified
13127146,,unverified,unverified
13167393,,unverified,unverified
13187196,,unverified,unverified
13332641,,unverified,unverified
13425813,,unverified,unverified
13545921,,unverified,unverified
13674738,,unverified,unverified
13780762,,unverified,unverified
13824013,,unverified,unverified
13873847,,unverified,unverified
13882460,,unverified,unverified
13974673,,unverified,unverified
14008229,,unverified,unverified
14056920,,unverified,unverified
14068399,,unverified,unverified
14079207,,unverified,unverified
14094180,,unverified,unverified
14094228,,unverified,unverified
14098133,,unverified,unverified
14107007,,unverified,unverified
14108278,,unverified,unverified
14113244,,unverified,unverified
14115305,,unverified,unverified
14119115,,unverified,unverified
14122487,,unverified,unverified
14124418,,unverified,unverified
14128288,,unverified,unverified
14131943,,unverified,unverified
14133008,,unverified,unverified
14133451,,unverified,unverified
14135681,,unverified,unverified
14136920,,unverified,unverified
14138246,,unverified,unverified
14139910,,unverified,unverified
14140801,,unverified,unverified
14140850,,unverified,unverified
14144479,,unverified,unverified
14145096,,unverified,unverified
14148896,,unverified,unverified
14152171,,unverified,unverified
14152553,,unverified,unverified
14154574,,unverified,unverified
14160001,,unverified,unverified
14161600,,unverified,unverified
14164421,,unverified,unverified
14164845,,unverified,unverified
14167603,,unverified,unverified
14169286,,unverified,unverified
14169290,,unverified,unverified
14171960,,unverified,unverified
14173814,,unverified,unverified
14175051,,unverified,unverified
14176149,,unverified,unverified
14179403,,unverified,unverified
14180247,,unverified,unverified
14181405,,unverified,unverified
14184430,,unverified,unverified
14185463,,unverified,unverified
14190410,,unverified,unverified
14190411,,unverified,unverified
14191220,,unverified,unverified
14191692,,unverified,unverified
14202620,,unverified,unverified
14207514,,unverified,unverified
14209145,,unverified,unverified
14209589,,unverified,unverified
14209698,,unverified,unverified
14210153,,unverified,unverified
14233847,,unverified,unverified
14236579,,unverified,unverified
14244626,,unverified,unverified
14249385,,unverified,unverified
14255948,,unverified,unverified
14258690,,unverified,unverified
14259236,,unverified,unverified
14272529,,unverified,unverified
14273215,,unverified,unverified
14296759,,unverified,unverified
14303645,,unverified,unverified
14308788,,unverified,unverified
14313332,,unverified,unverified
14316760,,unverified,unverified
14320590,,unverified,unverified
14327616,,unverified,unverified
14338299,,unverified,unverified
14346167,,unverified,unverified
14406872,,unverified,unverified
14464995,,unverified,unverified
14476724,,unverified,unverified
14477215,,unverified,unverified
14504823,,unverified,unverified
14529769,,unverified,unverified
14529793,scihub:doi,unverified,unverified
14530995,,unverified,unverified
14533351,,unverified,unverified
14586832,,unverified,unverified
14598425,,unverified,unverified
14602250,,unverified,unverified
14628131,scihub:doi,unverified,unverified
14628164,,unverified,unverified
14633275,,unverified,unverified
14644856,,unverified,unverified
14659646,scihub:doi,unverified,unverified
14663422,,unverified,unverified
14692945,,unverified,unverified
14704840,,unverified,unverified
14716805,scihub:doi,unverified,unverified
14728936,,unverified,unverified
14736677,scihub:doi,unverified,unverified
14740126,,unverified,unverified
14745398,,unverified,unverified
14751499,scihub:doi,unverified,unverified
14752675,,unverified,unverified
14753591,,unverified,unverified
14756431,,unverified,unverified
14759986,scihub:doi,unverified,unverified
14932741,,unverified,unverified
14970300,,unverified,unverified
14976266,,unverified,unverified
14978612,,unverified,unverified
14986222,,unverified,unverified
15019920,,unverified,unverified
15026950,scihub:title,unverified,unverified
15037132,,unverified,unverified
15043733,scihub:doi,unverified,unverified
15067027,scihub:doi,unverified,unverified
15107319,scihub:doi,unverified,unverified
15109379,,unverified,unverified
15118586,scihub:doi,unverified,unverified
15137958,,unverified,unverified
15139712,,unverified,unverified
15146154,scihub:doi,unverified,unverified
15149992,scihub:doi,unverified,unverified
15168118,scihub:doi,unverified,unverified
15174956,,unverified,unverified
15186605,scihub:doi,unverified,unverified
15197548,scihub:doi,unverified,unverified
15208126,,unverified,unverified
15220501,,unverified,unverified
15222518,,unverified,unverified
15227702,,unverified,unverified
15232378,,unverified,unverified
15232661,,unverified,unverified
15232693,,unverified,unverified
15269036,scihub:doi,unverified,unverified
15273334,,unverified,unverified
15283385,,unverified,unverified
15362751,,unverified,unverified
15363467,scihub:doi,unverified,unverified
15375524,,unverified,unverified
15380850,scihub:title,unverified,unverified
15450515,,unverified,unverified
15457670,scihub:title,unverified,unverified
15458146,scihub:title,unverified,unverified
15458181,,unverified,unverified
15458185,,unverified,unverified
15458188,,unverified,unverified
15460430,,unverified,unverified
15465196,scihub:doi,unverified,unverified
15466784,scihub:doi,unverified,unverified
15484345,,unverified,unverified
15487856,scihub:title,unverified,unverified
15494694,,unverified,unverified
15510604,,unverified,unverified
15531145,scihub:doi,unverified,unverified
15533596,,unverified,unverified
15540285,scihub:doi,unverified,unverified
15540288,scihub:doi,unverified,unverified
15541284,scihub:doi,unverified,unverified
15550372,,unverified,unverified
15553723,,unverified,unverified
15561595,,unverified,unverified
15572087,scihub:doi,unverified,unverified
15572096,scihub:doi,unverified,unverified
15582894,,unverified,unverified
15591461,,unverified,unverified
15606582,,unverified,unverified
15606583,,unverified,unverified
15607154,scihub:doi,unverified,unverified
15607459,,unverified,unverified
15627217,,unverified,unverified
15634641,crossref:scihub,unverified,unverified
15637472,,unverified,unverified
15655608,scihub:doi,unverified,unverified
15655623,scihub:doi,unverified,unverified
15655636,scihub:title,unverified,unverified
15655652,,unverified,unverified
15657650,scihub:doi,unverified,unverified
15664289,,unverified,unverified
15665684,,unverified,unverified
15668488,,unverified,unverified
15671374,,unverified,unverified
15671375,,unverified,unverified
15687974,,unverified,unverified
15688739,,unverified,unverified
15690653,,unverified,unverified
15700033,,unverified,unverified
15714242,,unverified,unverified
15730990,,unverified,unverified
15734934,,unverified,unverified
15736458,,unverified,unverified
15741027,scihub:doi,unverified,unverified
15743319,,unverified,unverified
15747073,,unverified,unverified
15751648,,unverified,unverified
15752893,scihub:doi,unverified,unverified
15754678,,unverified,unverified
15761225,scihub:doi,unverified,unverified
15761716,,unverified,unverified
15764219,scihub:title,unverified,unverified
15782014,,unverified,unverified
15785439,,unverified,unverified
15785880,scihub:doi,unverified,unverified
15802457,scihub:doi,unverified,unverified
15817235,,unverified,unverified
15817236,,unverified,unverified
15817340,,unverified,unverified
15820439,,unverified,unverified
15827791,scihub:doi,unverified,unverified
15845048,,unverified,unverified
15851043,,unverified,unverified
15851046,,unverified,unverified
15856426,scihub:title,unverified,unverified
15859142,,unverified,unverified
15859954,scihub:title,unverified,unverified
15859960,scihub:doi,unverified,unverified
15865027,scihub:doi,unverified,unverified
15865032,scihub:doi,unverified,unverified
15865036,scihub:doi,unverified,unverified
15868124,,unverified,unverified
15868125,,unverified,unverified
15868236,,unverified,unverified
15868457,scihub:doi,unverified,unverified
15868491,,unverified,unverified
15883519,,unverified,unverified
15889211,,unverified,unverified
15902641,,unverified,unverified
15913911,,unverified,unverified
15916150,,unverified,unverified
15917447,,unverified,unverified
15932564,,unverified,unverified
15935789,,unverified,unverified
15936557,scihub:doi,unverified,unverified
15936558,scihub:doi,unverified,unverified
15936575,,unverified,unverified
15937629,,unverified,unverified
15966201,,unverified,unverified
15968523,,unverified,unverified
15969988,,unverified,unverified
15970924,,unverified,unverified
15971183,,unverified,unverified
15971308,,unverified,unverified
15973104,,unverified,unverified
15973617,,unverified,unverified
15978431,scihub:doi,unverified,unverified
15985992,,unverified,unverified
15986909,,unverified,unverified
15990058,,unverified,unverified
15994965,,unverified,unverified
15995615,,unverified,unverified
16009958,,unverified,unverified
16023947,,unverified,unverified
16028002,,unverified,unverified
16039920,,unverified,unverified
16041212,scihub:doi,unverified,unverified
16041214,,unverified,unverified
16076695,,unverified,unverified
16077933,,unverified,unverified
16086223,scihub:doi,unverified,unverified
16108832,,unverified,unverified
16111597,,unverified,unverified
16125874,,unverified,unverified
16127985,,unverified,unverified
16147436,scihub:title,unverified,unverified
16149007,,unverified,unverified
16168830,,unverified,unverified
16170488,,unverified,unverified
16179172,scihub:doi,unverified,unverified
16180267,,unverified,unverified
16208175,scihub:doi,unverified,unverified
16222485,,unverified,unverified
16222693,scihub:doi,unverified,unverified
16226396,,unverified,unverified
16228842,scihub:title,unverified,unverified
16232238,,unverified,unverified
16250553,,unverified,unverified
16252127,,unverified,unverified
16258478,,unverified,unverified
16260687,,unverified,unverified
16273351,,unverified,unverified
16273875,,unverified,unverified
16277024,,unverified,unverified
16278133,,unverified,unverified
16284286,,unverified,unverified
16289647,scihub:doi,unverified,unverified
16306634,,unverified,unverified
16306635,scihub:doi,unverified,unverified
16306636,scihub:doi,unverified,unverified
16310245,,unverified,unverified
16310700,,unverified,unverified
16311124,scihub:title,unverified,unverified
16314344,,unverified,unverified
16314698,scihub:doi,unverified,unverified
16315881,,unverified,unverified
16315919,,unverified,unverified
16317264,,unverified,unverified
16322966,scihub:doi,unverified,unverified
16324387,scihub:title,unverified,unverified
16325449,,unverified,unverified
16328130,scihub:doi,unverified,unverified
16332433,,unverified,unverified
16336324,,unverified,unverified
16353455,,unverified,unverified
16356818,scihub:doi,unverified,unverified
16368487,,unverified,unverified
16372254,,unverified,unverified
16385648,,unverified,unverified
16391182,,unverified,unverified
16396757,scihub:title,unverified,unverified
16413725,,unverified,unverified
16414206,,unverified,unverified
16416276,,unverified,unverified
16421403,,unverified,unverified
16433160,,unverified,unverified
16436831,scihub:doi,unverified,unverified
16436832,scihub:doi,unverified,unverified
16437880,,unverified,unverified
16437882,,unverified,unverified
16443345,scihub:doi,unverified,unverified
16444941,,unverified,unverified
16446339,scihub:doi,unverified,unverified
16459636,,unverified,unverified
16465171,scihub:doi,unverified,unverified
16466553,scihub:title,unverified,unverified
16467549,,unverified,unverified
16479664,scihub:doi,unverified,unverified
16480589,scihub:title,unverified,unverified
16488206,scihub:doi,unverified,unverified
16489667,,unverified,unverified
16496100,,unverified,unverified
16523466,,unverified,unverified
16524667,,unverified,unverified
16532432,scihub:doi,unverified,unverified
16555255,scihub:doi,unverified,unverified
16564155,,unverified,unverified
16580510,,unverified,unverified
16619115,,unverified,unverified
16626016,,unverified,unverified
16626889,scihub:doi,unverified,unverified
16627212,scihub:doi,unverified,unverified
16630228,,unverified,unverified
16632974,,unverified,unverified
16632979,crossref:scihub,unverified,unverified
16647361,scihub:doi,unverified,unverified
16651748,,unverified,unverified
16652199,,unverified,unverified
16670204,,unverified,unverified
16671066,,unverified,unverified
16673354,,unverified,unverified
16688823,,unverified,unverified
16690432,scihub:doi,unverified,unverified
16700625,scihub:doi,unverified,unverified
16702449,,unverified,unverified
16702740,,unverified,unverified
16718825,scihub:title,unverified,unverified
16730086,,unverified,unverified
16736001,,unverified,unverified
16736686,scihub:title,unverified,unverified
16738989,,unverified,unverified
16740757,,unverified,unverified
16749966,,unverified,unverified
16750329,,unverified,unverified
16759535,,unverified,unverified
16780232,,unverified,unverified
16784651,crossref:scihub,unverified,unverified
16795919,,unverified,unverified
16797118,,unverified,unverified
16802067,,unverified,unverified
16813583,,unverified,unverified
16813584,,unverified,unverified
16813585,,unverified,unverified
16813587,,unverified,unverified
16813588,,unverified,unverified
16813592,,unverified,unverified
16822872,,unverified,unverified
16828909,scihub:doi,unverified,unverified
16844933,scihub:doi,unverified,unverified
16847648,,unverified,unverified
16847923,scihub:doi,unverified,unverified
16849361,,unverified,unverified
16861558,scihub:doi,unverified,unverified
16879928,,unverified,unverified
16905310,scihub:doi,unverified,unverified
16909966,,unverified,unverified
16916475,scihub:doi,unverified,unverified
16919108,,unverified,unverified
16928905,,unverified,unverified
16928975,,unverified,unverified
16929148,,unverified,unverified
16931962,,unverified,unverified
16941252,,unverified,unverified
16943523,scihub:doi,unverified,unverified
16951153,scihub:doi,unverified,unverified
16965883,,unverified,unverified
16967240,,unverified,unverified
16969602,,unverified,unverified
16969621,,unverified,unverified
16971367,scihub:doi,unverified,unverified
16973771,,unverified,unverified
16984615,,unverified,unverified
16984925,,unverified,unverified
16988851,,unverified,unverified
16990979,scihub:doi,unverified,unverified
17001440,,unverified,unverified
17004186,,unverified,unverified
17004187,scihub:doi,unverified,unverified
17005279,scihub:doi,unverified,unverified
17005514,scihub:doi,unverified,unverified
17009148,,unverified,unverified
17010903,,unverified,unverified
17016487,,unverified,unverified
17018303,scihub:doi,unverified,unverified
17018304,,unverified,unverified
17019903,,unverified,unverified
17028915,,unverified,unverified
17032318,,unverified,unverified
17032323,,unverified,unverified
17038713,,unverified,unverified
17038744,,unverified,unverified
17038745,,unverified,unverified
17038746,,unverified,unverified
17039499,scihub:doi,unverified,unverified
17045800,scihub:doi,unverified,unverified
17051949,,unverified,unverified
17058725,,unverified,unverified
17063435,scihub:doi,unverified,unverified
17096177,scihub:doi,unverified,unverified
17097835,,unverified,unverified
17106816,,unverified,unverified
17114066,,unverified,unverified
17115340,scihub:doi,unverified,unverified
17139455,scihub:doi,unverified,unverified
17139882,,unverified,unverified
17139887,,unverified,unverified
17139900,,unverified,unverified
17153440,,unverified,unverified
17160574,,unverified,unverified
17163106,,unverified,unverified
17165600,,unverified,unverified
17182379,,unverified,unverified
17186247,,unverified,unverified
17195074,,unverified,unverified
17195075,,unverified,unverified
17197969,,unverified,unverified
17204722,,unverified,unverified
17213766,,unverified,unverified
17224642,scihub:doi,unverified,unverified
17228107,,unverified,unverified
17241098,,unverified,unverified
17242254,,unverified,unverified
17249511,,unverified,unverified
17262086,scihub:doi,unverified,unverified
17265052,,unverified,unverified
17273131,,unverified,unverified
17273776,,unverified,unverified
17279430,scihub:doi,unverified,unverified
17285393,,unverified,unverified
17287039,,unverified,unverified
17298619,,unverified,unverified
17317533,,unverified,unverified
17324324,,unverified,unverified
17325727,scihub:doi,unverified,unverified
17326094,,unverified,unverified
17329685,,unverified,unverified
17332707,,unverified,unverified
17337392,scihub:title,unverified,unverified
17338096,scihub:title,unverified,unverified
17342564,,unverified,unverified
17362510,,unverified,unverified
17369674,,unverified,unverified
17375775,,unverified,unverified
17380345,,unverified,unverified
17384512,,unverified,unverified
17384514,,unverified,unverified
17387540,,unverified,unverified
17390180,,unverified,unverified
17399936,,unverified,unverified
17403630,,unverified,unverified
17404742,,unverified,unverified
17414763,,unverified,unverified
17415843,,unverified,unverified
17419902,scihub:title,unverified,unverified
17432979,scihub:doi,unverified,unverified
17436337,,unverified,unverified
17443515,,unverified,unverified
17453512,,unverified,unverified
17453514,,unverified,unverified
17453515,,unverified,unverified
17458586,scihub:doi,unverified,unverified
17462214,,unverified,unverified
17462328,,unverified,unverified
17463134,scihub:doi,unverified,unverified
17464488,,unverified,unverified
17468974,scihub:doi,unverified,unverified
17468975,,unverified,unverified
17468987,scihub:doi,unverified,unverified
17498902,,unverified,unverified
17503039,,unverified,unverified
17504336,,unverified,unverified
17504337,,unverified,unverified
17509960,,unverified,unverified
17520367,,unverified,unverified
17520387,,unverified,unverified
17530248,,unverified,unverified
17535279,,unverified,unverified
17541799,,unverified,unverified
17551744,scihub:doi,unverified,unverified
17551794,scihub:doi,unverified,unverified
17566846,,unverified,unverified
17571550,,unverified,unverified
17574368,,unverified,unverified
17579856,scihub:doi,unverified,unverified
17581734,,unverified,unverified
17590102,,unverified,unverified
17596744,scihub:title,unverified,unverified
17604465,scihub:title,unverified,unverified
17613424,,unverified,unverified
17619888,,unverified,unverified
17620771,,unverified,unverified
17623232,scihub:doi,unverified,unverified
17629049,scihub:title,unverified,unverified
17630005,scihub:title,unverified,unverified
17631565,,unverified,unverified
17641369,scihub:doi,unverified,unverified
17645836,scihub:title,unverified,unverified
17654583,scihub:title,unverified,unverified
17657420,,unverified,unverified
17666099,,unverified,unverified
17671960,,unverified,unverified
17681244,scihub:doi,unverified,unverified
17692193,,unverified,unverified
17696238,,unverified,unverified
17701138,,unverified,unverified
17706310,,unverified,unverified
17707268,,unverified,unverified
17707278,,unverified,unverified
17714925,scihub:doi,unverified,unverified
17718429,,unverified,unverified
17720346,,unverified,unverified
17726666,,unverified,unverified
17729365,,unverified,unverified
17764215,scihub:title,unverified,unverified
17764532,,unverified,unverified
17785976,scihub:doi,unverified,unverified
17805938,scihub:doi,unverified,unverified
17824977,,unverified,unverified
17851843,,unverified,unverified
17851844,,unverified,unverified
17852882,,unverified,unverified
17870428,scihub:doi,unverified,unverified
17875605,scihub:title,unverified,unverified
17882033,,unverified,unverified
17882490,,unverified,unverified
17883838,scihub:doi,unverified,unverified
17897858,,unverified,unverified
17904302,,unverified,unverified
17906203,,unverified,unverified
17919842,,unverified,unverified
17925552,,unverified,unverified
17929253,,unverified,unverified
17931170,,unverified,unverified
17931795,scihub:doi,unverified,unverified
17932879,scihub:doi,unverified,unverified
17933000,,unverified,unverified
17940397,scihub:title,unverified,unverified
17944565,,unverified,unverified
17946656,scihub:doi,unverified,unverified
17957502,,unverified,unverified
17963247,,unverified,unverified
17967848,scihub:doi,unverified,unverified
17968942,,unverified,unverified
17972513,scihub:title,unverified,unverified
17974136,scihub:title,unverified,unverified
17975715,,unverified,unverified
17977436,,unverified,unverified
17987042,,unverified,unverified
17988027,,unverified,unverified
17996387,,unverified,unverified
18006762,scihub:doi,unverified,unverified
18024876,scihub:title,unverified,unverified
18028468,,unverified,unverified
18032027,,unverified,unverified
18035281,,unverified,unverified
18039560,scihub:doi,unverified,unverified
18043092,,unverified,unverified
18043344,,unverified,unverified
18043346,scihub:doi,unverified,unverified
18049501,,unverified,unverified
18049504,scihub:title,unverified,unverified
18055851,,unverified,unverified
18057989,,unverified,unverified
18058183,,unverified,unverified
18061692,,unverified,unverified
18062575,,unverified,unverified
18065894,scihub:doi,unverified,unverified
18065927,scihub:doi,unverified,unverified
18070703,scihub:doi,unverified,unverified
18072509,scihub:doi,unverified,unverified
18077538,scihub:doi,unverified,unverified
18083137,,unverified,unverified
18147726,,unverified,unverified
18154769,,unverified,unverified
18163173,,unverified,unverified
18164156,scihub:title,unverified,unverified
18164860,,unverified,unverified
18165939,scihub:doi,unverified,unverified
18166881,,unverified,unverified
18167002,,unverified,unverified
18175167,,unverified,unverified
18178364,,unverified,unverified
18191265,,unverified,unverified
18194507,,unverified,unverified
18194882,scihub:doi,unverified,unverified
18195379,scihub:doi,unverified,unverified
18202407,,unverified,unverified
18207667,,unverified,unverified
18215195,scihub:doi,unverified,unverified
18227541,,unverified,unverified
18227560,scihub:doi,unverified,unverified
18238920,,unverified,unverified
18251142,scihub:title,unverified,unverified
18269488,scihub:doi,unverified,unverified
18279621,,unverified,unverified
18294894,scihub:doi,unverified,unverified
18300204,,unverified,unverified
18306798,,unverified,unverified
18318754,,unverified,unverified
18337684,,unverified,unverified
18338164,,unverified,unverified
18344075,,unverified,unverified
18344079,,unverified,unverified
18347028,,unverified,unverified
18348002,,unverified,unverified
18349840,,unverified,unverified
18359603,,unverified,unverified
18362627,,unverified,unverified
18376220,scihub:title,unverified,unverified
18386239,,unverified,unverified
18393156,,unverified,unverified
18407433,,unverified,unverified
18418016,,unverified,unverified
18418564,,unverified,unverified
18424814,scihub:doi,unverified,unverified
18426969,,unverified,unverified
18429040,,unverified,unverified
18430843,,unverified,unverified
18439252,,unverified,unverified
18443874,,unverified,unverified
18447066,,unverified,unverified
18449608,,unverified,unverified
18453023,scihub:doi,unverified,unverified
18453024,,unverified,unverified
18459006,,unverified,unverified
18461399,,unverified,unverified
18461419,,unverified,unverified
18468332,,unverified,unverified
18472440,scihub:title,unverified,unverified
18477800,,unverified,unverified
18478469,scihub:title,unverified,unverified
18479600,,unverified,unverified
18485646,,unverified,unverified
18486882,,unverified,unverified
18495376,,unverified,unverified
18497508,scihub:doi,unverified,unverified
18504168,scihub:title,unverified,unverified
18504761,scihub:title,unverified,unverified
18509660,,unverified,unverified
18510028,,unverified,unverified
18513192,,unverified,unverified
18513197,,unverified,unverified
18513200,scihub:doi,unverified,unverified
18514785,scihub:doi,unverified,unverified
18515979,,unverified,unverified
18524026,,unverified,unverified
18528924,,unverified,unverified
18534701,scihub:doi,unverified,unverified
18550578,,unverified,unverified
18551725,,unverified,unverified
18556143,,unverified,unverified
18559449,scihub:title,unverified,unverified
18577865,,unverified,unverified
18581174,,unverified,unverified
18607875,,unverified,unverified
18617780,scihub:doi,unverified,unverified
18619221,,unverified,unverified
18619834,,unverified,unverified
18624816,scihub:doi,unverified,unverified
18633624,,unverified,unverified
18637927,scihub:doi,unverified,unverified
18637930,,unverified,unverified
18637934,scihub:doi,unverified,unverified
18648259,,unverified,unverified
18654902,,unverified,unverified
18661433,,unverified,unverified
18662240,scihub:doi,unverified,unverified
18667357,,unverified,unverified
18679757,,unverified,unverified
18685854,,unverified,unverified
18686467,,unverified,unverified
18690619,,unverified,unverified
18715510,scihub:doi,unverified,unverified
18716841,,unverified,unverified
18722050,scihub:doi,unverified,unverified
18723850,scihub:title,unverified,unverified
18748185,,unverified,unverified
18773692,,unverified,unverified
18777715,,unverified,unverified
18782078,,unverified,unverified
18782650,scihub:doi,unverified,unverified
18795673,scihub:title,unverified,unverified
18810451,,unverified,unverified
18812273,scihub:doi,unverified,unverified
18813813,,unverified,unverified
18922649,scihub:doi,unverified,unverified
18941094,scihub:doi,unverified,unverified
18951131,,unverified,unverified
18953549,,unverified,unverified
18954720,scihub:doi,unverified,unverified
18956704,scihub:title,unverified,unverified
18975692,,unverified,unverified
18996269,,unverified,unverified
19015468,,unverified,unverified
19015921,,unverified,unverified
19016024,,unverified,unverified
19020255,scihub:doi,unverified,unverified
19026951,,unverified,unverified
19027272,,unverified,unverified
19029193,scihub:doi,unverified,unverified
19031179,scihub:title,unverified,unverified
19031952,scihub:title,unverified,unverified
19036679,scihub:title,unverified,unverified
19036681,,unverified,unverified
19036690,,unverified,unverified
19048280,,unverified,unverified
19051813,,unverified,unverified
19058413,scihub:title,unverified,unverified
19063642,,unverified,unverified
19068189,,unverified,unverified
19069694,scihub:title,unverified,unverified
19076836,,unverified,unverified
19080267,,unverified,unverified
19082673,,unverified,unverified
19090435,,unverified,unverified
19093594,,unverified,unverified
19098192,,unverified,unverified
19101955,scihub:title,unverified,unverified
19108010,,unverified,unverified
19117696,,unverified,unverified
19131180,,unverified,unverified
19140284,,unverified,unverified
19147305,scihub:doi,unverified,unverified
19148358,scihub:doi,unverified,unverified
19151566,,unverified,unverified
19153180,scihub:doi,unverified,unverified
19160364,scihub:doi,unverified,unverified
19166041,,unverified,unverified
19179029,scihub:doi,unverified,unverified
19181259,scihub:doi,unverified,unverified
19181409,,unverified,unverified
19188240,scihub:doi,unverified,unverified
19192666,,unverified,unverified
19212175,,unverified,unverified
19223408,,unverified,unverified
19231097,,unverified,unverified
19231109,scihub:title,unverified,unverified
19231466,,unverified,unverified
19241000,,unverified,unverified
19244043,,unverified,unverified
19249188,,unverified,unverified
19269520,,unverified,unverified
19274469,,unverified,unverified
19279414,,unverified,unverified
19282157,,unverified,unverified
19289265,scihub:doi,unverified,unverified
19292776,,unverified,unverified
19293770,,unverified,unverified
19295245,scihub:doi,unverified,unverified
19300232,,unverified,unverified
19303243,scihub:doi,unverified,unverified
19317997,,unverified,unverified
19319116,scihub:doi,unverified,unverified
19325047,scihub:doi,unverified,unverified
19330178,scihub:title,unverified,unverified
19330746,,unverified,unverified
19336010,,unverified,unverified
19340959,scihub:doi,unverified,unverified
19350306,scihub:title,unverified,unverified
19350796,scihub:title,unverified,unverified
19350861,scihub:title,unverified,unverified
19370429,,unverified,unverified
19370430,,unverified,unverified
19375956,,unverified,unverified
19377268,scihub:doi,unverified,unverified
19381032,scihub:title,unverified,unverified
19387660,,unverified,unverified
19388124,,unverified,unverified
19391334,scihub:title,unverified,unverified
19394179,,unverified,unverified
19401962,scihub:doi,unverified,unverified
19403847,scihub:doi,unverified,unverified
19403848,,unverified,unverified
19403879,scihub:doi,unverified,unverified
19404067,,unverified,unverified
19407655,,unverified,unverified
19408213,,unverified,unverified
19409638,scihub:doi,unverified,unverified
19414926,,unverified,unverified
19415534,,unverified,unverified
19418587,,unverified,unverified
19419820,scihub:doi,unverified,unverified
19421112,,unverified,unverified
19423254,,unverified,unverified
19434532,,unverified,unverified
19438879,,unverified,unverified
19440794,scihub:title,unverified,unverified
19448512,,unverified,unverified
19453039,,unverified,unverified
19454365,,unverified,unverified
19486092,scihub:doi,unverified,unverified
19492703,,unverified,unverified
19502858,scihub:doi,unverified,unverified
19507600,scihub:title,unverified,unverified
19508531,scihub:doi,unverified,unverified
19538876,,unverified,unverified
19546598,,unverified,unverified
19548900,,unverified,unverified
19555388,,unverified,unverified
19566874,,unverified,unverified
19569177,scihub:doi,unverified,unverified
19571705,,unverified,unverified
19579194,,unverified,unverified
19579600,scihub:title,unverified,unverified
19580180,,unverified,unverified
19581856,,unverified,unverified
19581861,scihub:doi,unverified,unverified
19594606,,unverified,unverified
19595040,scihub:title,unverified,unverified
19596174,scihub:doi,unverified,unverified
19603224,,unverified,unverified
19617075,scihub:title,unverified,unverified
19618183,,unverified,unverified
19618244,,unverified,unverified
19621677,,unverified,unverified
19623508,scihub:doi,unverified,unverified
19632066,,unverified,unverified
19641928,scihub:doi,unverified,unverified
19646825,scihub:doi,unverified,unverified
19647949,,unverified,unverified
19651499,scihub:doi,unverified,unverified
19652930,scihub:title,unverified,unverified
19665323,scihub:doi,unverified,unverified
19670097,,unverified,unverified
19673227,,unverified,unverified
19674027,scihub:doi,unverified,unverified
19690484,,unverified,unverified
19690492,,unverified,unverified
19690550,,unverified,unverified
19691985,,unverified,unverified
19694323,,unverified,unverified
19696986,,unverified,unverified
19704368,,unverified,unverified
19708092,,unverified,unverified
19715805,,unverified,unverified
19722810,,unverified,unverified
19733445,scihub:doi,unverified,unverified
19746316,,unverified,unverified
19748693,,unverified,unverified
19754214,,unverified,unverified
19762192,,unverified,unverified
19763693,,unverified,unverified
19773672,scihub:doi,unverified,unverified
19774415,scihub:doi,unverified,unverified
19783415,scihub:doi,unverified,unverified
19789256,,unverified,unverified
19795398,,unverified,unverified
19800178,,unverified,unverified
19800704,scihub:doi,unverified,unverified
19810501,,unverified,unverified
19823904,,unverified,unverified
19847877,,unverified,unverified
19851766,,unverified,unverified
19851807,,unverified,unverified
19853396,scihub:doi,unverified,unverified
19858619,scihub:title,unverified,unverified
19863611,,unverified,unverified
19878515,,unverified,unverified
19886046,scihub:title,unverified,unverified
19888629,scihub:doi,unverified,unverified
19896229,,unverified,unverified
19925491,,unverified,unverified
19928065,scihub:doi,unverified,unverified
19931011,scihub:title,unverified,unverified
19934920,,unverified,unverified
19934921,,unverified,unverified
19949791,,unverified,unverified
19954526,,unverified,unverified
19957805,,unverified,unverified
19959077,scihub:doi,unverified,unverified
20002695,,unverified,unverified
20004532,,unverified,unverified
20011207,,unverified,unverified
20011572,,unverified,unverified
20012295,,unverified,unverified
20019139,,unverified,unverified
20021242,scihub:doi,unverified,unverified
20022073,,unverified,unverified
20033405,,unverified,unverified
20037199,scihub:title,unverified,unverified
20037306,,unverified,unverified
20037350,,unverified,unverified
20037351,scihub:title,unverified,unverified
20037377,,unverified,unverified
20064294,,unverified,unverified
20065174,,unverified,unverified
20070338,,unverified,unverified
20071306,,unverified,unverified
20080311,,unverified,unverified
20091320,,unverified,unverified
20093520,,unverified,unverified
20093522,scihub:title,unverified,unverified
20096534,,unverified,unverified
20100143,,unverified,unverified
20106720,scihub:title,unverified,unverified
20109633,,unverified,unverified
20109640,,unverified,unverified
20116114,,unverified,unverified
20117883,scihub:doi,unverified,unverified
20131015,,unverified,unverified
20137093,,unverified,unverified
20137718,,unverified,unverified
20151936,scihub:doi,unverified,unverified
20159662,scihub:title,unverified,unverified
20171812,,unverified,unverified
20172908,,unverified,unverified
20173478,scihub:doi,unverified,unverified
20173488,scihub:doi,unverified,unverified
20176406,scihub:title,unverified,unverified
20184635,,unverified,unverified
20189072,scihub:doi,unverified,unverified
20189426,scihub:doi,unverified,unverified
20202602,scihub:doi,unverified,unverified
20217256,scihub:doi,unverified,unverified
20223450,,unverified,unverified
20228331,,unverified,unverified
20231040,,unverified,unverified
20302028,,unverified,unverified
20362411,,unverified,unverified
20367556,scihub:title,unverified,unverified
20374623,scihub:doi,unverified,unverified
20378468,,unverified,unverified
20381276,scihub:title,unverified,unverified
20381798,scihub:doi,unverified,unverified
20385519,,unverified,unverified
20392380,scihub:title,unverified,unverified
20395841,,unverified,unverified
20400244,,unverified,unverified
20409773,scihub:doi,unverified,unverified
20439515,,unverified,unverified
20456470,,unverified,unverified
20457722,,unverified,unverified
20462989,,unverified,unverified
20464426,,unverified,unverified
20464746,scihub:doi,unverified,unverified
20464850,scihub:title,unverified,unverified
20472346,,unverified,unverified
20478003,scihub:doi,unverified,unverified
20480547,,unverified,unverified
20480741,,unverified,unverified
20489069,,unverified,unverified
20492729,,unverified,unverified
20496544,scihub:title,unverified,unverified
20500516,scihub:doi,unverified,unverified
20508375,,unverified,unverified
20512493,scihub:doi,unverified,unverified
20512547,,unverified,unverified
20526104,,unverified,unverified
20529363,,unverified,unverified
20541057,,unverified,unverified
20544208,,unverified,unverified
20545966,,unverified,unverified
20548275,,unverified,unverified
20551748,,unverified,unverified
20559636,,unverified,unverified
20574091,scihub:doi,unverified,unverified
20574705,scihub:title,unverified,unverified
20584585,scihub:doi,unverified,unverified
20586658,,unverified,unverified
20591608,scihub:doi,unverified,unverified
20594199,,unverified,unverified
20601343,scihub:title,unverified,unverified
20603854,scihub:doi,unverified,unverified
20605358,,unverified,unverified
20607023,,unverified,unverified
20607759,scihub:doi,unverified,unverified
20608947,,unverified,unverified
20614227,scihub:title,unverified,unverified
20618362,,unverified,unverified
20618363,scihub:doi,unverified,unverified
20618365,,unverified,unverified
20622646,scihub:doi,unverified,unverified
20626204,scihub:doi,unverified,unverified
20632294,scihub:doi,unverified,unverified
20644561,,unverified,unverified
20644606,,unverified,unverified
20646649,,unverified,unverified
20646849,,unverified,unverified
20656849,scihub:doi,unverified,unverified
20674203,scihub:doi,unverified,unverified
20676879,,unverified,unverified
20686401,,unverified,unverified
20686807,,unverified,unverified
20698387,,unverified,unverified
20698804,,unverified,unverified
20703471,,unverified,unverified
20706067,,unverified,unverified
20710108,scihub:title,unverified,unverified
20718013,,unverified,unverified
20724189,,unverified,unverified
20729116,scihub:doi,unverified,unverified
20730540,scihub:doi,unverified,unverified
20797891,,unverified,unverified
20801592,,unverified,unverified
20806130,,unverified,unverified
20821121,scihub:doi,unverified,unverified
20821218,scihub:doi,unverified,unverified
20832181,,unverified,unverified
20835770,scihub:doi,unverified,unverified
20843179,,unverified,unverified
20844966,,unverified,unverified
20845511,scihub:doi,unverified,unverified
20847032,,unverified,unverified
20847169,,unverified,unverified
20848224,,unverified,unverified
20850713,,unverified,unverified
20857528,,unverified,unverified
20872077,,unverified,unverified
20872193,scihub:doi,unverified,unverified
20880773,scihub:doi,unverified,unverified
20883955,,unverified,unverified
20883975,,unverified,unverified
20886551,,unverified,unverified
20920350,,unverified,unverified
20920369,,unverified,unverified
20922392,,unverified,unverified
20927778,,unverified,unverified
20936364,scihub:doi,unverified,unverified
20940606,scihub:doi,unverified,unverified
20942958,,unverified,unverified
20958913,scihub:doi,unverified,unverified
20970865,,unverified,unverified
20975554,scihub:title,unverified,unverified
20978768,,unverified,unverified
21040991,scihub:doi,unverified,unverified
21061012,,unverified,unverified
21069438,scihub:doi,unverified,unverified
21079140,,unverified,unverified
21091068,,unverified,unverified
21095071,,unverified,unverified
21104992,,unverified,unverified
21120781,,unverified,unverified
21122504,,unverified,unverified
21128000,scihub:doi,unverified,unverified
21128554,,unverified,unverified
21129639,,unverified,unverified
21129653,,unverified,unverified
21135417,,unverified,unverified
21135694,,unverified,unverified
21136101,,unverified,unverified
21155003,,unverified,unverified
21156411,,unverified,unverified
21159200,,unverified,unverified
21160584,scihub:doi,unverified,unverified
21160619,scihub:title,unverified,unverified
21160652,,unverified,unverified
21160775,,unverified,unverified
21160857,scihub:title,unverified,unverified
21161029,scihub:doi,unverified,unverified
21176986,,unverified,unverified
21185664,,unverified,unverified
21197735,scihub:title,unverified,unverified
21199435,,unverified,unverified
21207120,,unverified,unverified
21207164,,unverified,unverified
21221237,,unverified,unverified
21224553,,unverified,unverified
21224664,scihub:title,unverified,unverified
21225143,scihub:doi,unverified,unverified
21225363,,unverified,unverified
21232193,scihub:title,unverified,unverified
21233706,scihub:doi,unverified,unverified
21236593,,unverified,unverified
21237637,,unverified,unverified
21240647,scihub:doi,unverified,unverified
21251172,,unverified,unverified
21254020,,unverified,unverified
21254738,,unverified,unverified
21257837,,unverified,unverified
21263095,scihub:doi,unverified,unverified
21267531,scihub:title,unverified,unverified
21271227,scihub:doi,unverified,unverified
21274975,,unverified,unverified
21284128,scihub:title,unverified,unverified
21293242,,unverified,unverified
21295872,,unverified,unverified
21295874,,unverified,unverified
21298356,,unverified,unverified
21300505,,unverified,unverified
21304305,,unverified,unverified
21316666,scihub:doi,unverified,unverified
21322269,,unverified,unverified
21322272,scihub:title,unverified,unverified
21324800,scihub:doi,unverified,unverified
21327602,,unverified,unverified
21337749,scihub:title,unverified,unverified
21342509,scihub:doi,unverified,unverified
21342671,scihub:doi,unverified,unverified
21343320,,unverified,unverified
21347639,,unverified,unverified
21347783,,unverified,unverified
21362582,scihub:doi,unverified,unverified
21365477,,unverified,unverified
21377810,scihub:doi,unverified,unverified
21383559,,unverified,unverified
21385884,scihub:doi,unverified,unverified
21392896,,unverified,unverified
21398048,,unverified,unverified
21409805,,unverified,unverified
21422901,scihub:title,unverified,unverified
21424192,,unverified,unverified
21427305,,unverified,unverified
21431039,,unverified,unverified
21431040,,unverified,unverified
21455890,scihub:title,unverified,unverified
21463556,,unverified,unverified
21465308,,unverified,unverified
21467148,scihub:doi,unverified,unverified
21471751,,unverified,unverified
21474918,,unverified,unverified
21475011,,unverified,unverified
21476107,,unverified,unverified
21479914,,unverified,unverified
21480194,,unverified,unverified
21481722,,unverified,unverified
21497501,,unverified,unverified
21504379,,unverified,unverified
21509631,scihub:doi,unverified,unverified
21509856,,unverified,unverified
21510286,,unverified,unverified
21532870,scihub:title,unverified,unverified
21533959,,unverified,unverified
21533976,,unverified,unverified
21550200,scihub:doi,unverified,unverified
21571386,scihub:doi,unverified,unverified
21590453,,unverified,unverified
21614664,,unverified,unverified
21614690,scihub:title,unverified,unverified
21632132,,unverified,unverified
21633949,,unverified,unverified
21641122,scihub:doi,unverified,unverified
21645869,,unverified,unverified
21651775,,unverified,unverified
21657940,,unverified,unverified
21664810,,unverified,unverified
21669504,,unverified,unverified
21671218,scihub:title,unverified,unverified
21673229,,unverified,unverified
21674192,,unverified,unverified
21682101,,unverified,unverified
21689289,scihub:doi,unverified,unverified
21689294,,unverified,unverified
21689321,,unverified,unverified
21699690,,unverified,unverified
21700991,,unverified,unverified
21709956,,unverified,unverified
21710207,,unverified,unverified
21711061,,unverified,unverified
21713526,scihub:doi,unverified,unverified
21719244,,unverified,unverified
21720869,scihub:doi,unverified,unverified
21723637,,unverified,unverified
21724526,scihub:title,unverified,unverified
21735351,scihub:doi,unverified,unverified
21741509,scihub:doi,unverified,unverified
21751219,,unverified,unverified
21751285,,unverified,unverified
21757849,,unverified,unverified
21762353,scihub:doi,unverified,unverified
21762907,,unverified,unverified
21767192,scihub:doi,unverified,unverified
21767193,scihub:doi,unverified,unverified
21774795,,unverified,unverified
21775643,,unverified,unverified
21775880,,unverified,unverified
21787986,,unverified,unverified
21791907,,unverified,unverified
21792197,scihub:doi,unverified,unverified
21808871,,unverified,unverified
21810513,,unverified,unverified
21812896,,unverified,unverified
21821485,,unverified,unverified
21822946,,unverified,unverified
21825888,,unverified,unverified
21825902,,unverified,unverified
21826084,,unverified,unverified
21831177,,unverified,unverified
21845972,,unverified,unverified
21846762,,unverified,unverified
21847638,scihub:doi,unverified,unverified
21848731,scihub:doi,unverified,unverified
21851185,scihub:doi,unverified,unverified
21856136,,unverified,unverified
21856181,scihub:doi,unverified,unverified
21861224,,unverified,unverified
21864368,,unverified,unverified
21876084,scihub:doi,unverified,unverified
21880132,,unverified,unverified
21880512,,unverified,unverified
21890393,,unverified,unverified
21892038,scihub:doi,unverified,unverified
21892288,scihub:doi,unverified,unverified
21899709,,unverified,unverified
21903287,,unverified,unverified
21904140,,unverified,unverified
21904400,,unverified,unverified
21913017,scihub:doi,unverified,unverified
21918654,scihub:title,unverified,unverified
21926843,,unverified,unverified
21928408,scihub:title,unverified,unverified
21940536,scihub:doi,unverified,unverified
21943461,,unverified,unverified
21944529,,unverified,unverified
21951893,scihub:title,unverified,unverified
21962822,scihub:doi,unverified,unverified
21968247,,unverified,unverified
21971257,,unverified,unverified
21972697,,unverified,unverified
21973222,,unverified,unverified
21974841,,unverified,unverified
21980258,,unverified,unverified
21989997,,unverified,unverified
21991871,,unverified,unverified
21992351,,unverified,unverified
22001553,,unverified,unverified
22002269,scihub:doi,unverified,unverified
22004599,scihub:doi,unverified,unverified
22010028,,unverified,unverified
22014952,,unverified,unverified
22035634,,unverified,unverified
22040541,scihub:title,unverified,unverified
22065107,,unverified,unverified
22066511,,unverified,unverified
22067180,,unverified,unverified
22067400,,unverified,unverified
22075666,,unverified,unverified
22080392,,unverified,unverified
22082544,,unverified,unverified
22083350,,unverified,unverified
22086847,scihub:doi,unverified,unverified
22087309,scihub:doi,unverified,unverified
22098516,,unverified,unverified
22099033,scihub:doi,unverified,unverified
22101743,,unverified,unverified
22105772,,unverified,unverified
22109290,scihub:doi,unverified,unverified
22116715,,unverified,unverified
22116716,,unverified,unverified
22116717,,unverified,unverified
22116719,,unverified,unverified
22116720,,unverified,unverified
22126483,,unverified,unverified
22130088,scihub:doi,unverified,unverified
22137981,scihub:title,unverified,unverified
22143991,scihub:doi,unverified,unverified
22150079,,unverified,unverified
22161766,scihub:doi,unverified,unverified
22166739,,unverified,unverified
22167304,,unverified,unverified
22167723,scihub:title,unverified,unverified
22172376,,unverified,unverified
22172904,scihub:title,unverified,unverified
22173559,scihub:doi,unverified,unverified
22173716,scihub:doi,unverified,unverified
22190750,,unverified,unverified
22194028,scihub:doi,unverified,unverified
22195331,,unverified,unverified
22197192,scihub:doi,unverified,unverified
22199304,scihub:title,unverified,unverified
22200938,scihub:title,unverified,unverified
22202339,,unverified,unverified
22208962,scihub:doi,unverified,unverified
22212742,scihub:doi,unverified,unverified
22218157,,unverified,unverified
22218409,,unverified,unverified
22232997,,unverified,unverified
22234959,scihub:title,unverified,unverified
22239865,,unverified,unverified
22241246,,unverified,unverified
22247081,scihub:doi,unverified,unverified
22248062,scihub:doi,unverified,unverified
22249368,,unverified,unverified
22251438,,unverified,unverified
22259747,,unverified,unverified
22263924,,unverified,unverified
22270580,scihub:title,unverified,unverified
22271205,scihub:doi,unverified,unverified
22271382,,unverified,unverified
22273219,scihub:title,unverified,unverified
22280807,,unverified,unverified
22294527,,unverified,unverified
22297500,,unverified,unverified
22300562,,unverified,unverified
22339762,scihub:doi,unverified,unverified
22342301,scihub:doi,unverified,unverified
22347920,,unverified,unverified
22350190,,unverified,unverified
22355967,,unverified,unverified
22358383,,unverified,unverified
22362053,,unverified,unverified
22367706,,unverified,unverified
22371167,,unverified,unverified
22385923,,unverified,unverified
22390136,,unverified,unverified
22393973,,unverified,unverified
22395978,scihub:doi,unverified,unverified
22401917,,unverified,unverified
22401923,,unverified,unverified
22411939,,unverified,unverified
22422387,,unverified,unverified
22426259,scihub:doi,unverified,unverified
22426260,,unverified,unverified
22426263,,unverified,unverified
22427184,,unverified,unverified
22434494,,unverified,unverified
22438361,,unverified,unverified
22438364,,unverified,unverified
22438457,,unverified,unverified
22440247,,unverified,unverified
22442906,scihub:title,unverified,unverified
22444244,,unverified,unverified
22447461,scihub:doi,unverified,unverified
22448404,,unverified,unverified
22450150,scihub:title,unverified,unverified
22457192,,unverified,unverified
22457325,,unverified,unverified
22460631,,unverified,unverified
22469796,scihub:title,unverified,unverified
22471312,,unverified,unverified
22471450,,unverified,unverified
22473163,,unverified,unverified
22483697,,unverified,unverified
22490141,,unverified,unverified
22491045,scihub:title,unverified,unverified
22497434,,unverified,unverified
22497951,scihub:title,unverified,unverified
22498730,scihub:doi,unverified,unverified
22499061,,unverified,unverified
22503087,,unverified,unverified
22504978,,unverified,unverified
22512246,scihub:doi,unverified,unverified
22515346,,unverified,unverified
22521502,,unverified,unverified
22524916,,unverified,unverified
22526897,scihub:doi,unverified,unverified
22526933,,unverified,unverified
22538113,,unverified,unverified
22538975,,unverified,unverified
22539154,scihub:doi,unverified,unverified
22545010,,unverified,unverified
22574231,,unverified,unverified
22575264,,unverified,unverified
22580117,,unverified,unverified
22580120,scihub:doi,unverified,unverified
22580810,,unverified,unverified
22582048,scihub:doi,unverified,unverified
22584695,,unverified,unverified
22586533,,unverified,unverified
22592047,,unverified,unverified
22592048,,unverified,unverified
22592948,,unverified,unverified
22593452,,unverified,unverified
22595848,scihub:title,unverified,unverified
22618624,,unverified,unverified
22642876,,unverified,unverified
22646752,scihub:doi,unverified,unverified
22657404,,unverified,unverified
22684813,,unverified,unverified
22687195,,unverified,unverified
22695207,,unverified,unverified
22696029,,unverified,unverified
22700247,,unverified,unverified
22707111,,unverified,unverified
22709137,,unverified,unverified
22740208,,unverified,unverified
22744637,,unverified,unverified
22773935,scihub:doi,unverified,unverified
22774525,,unverified,unverified
22776889,,unverified,unverified
22777621,,unverified,unverified
22782364,,unverified,unverified
22782367,,unverified,unverified
22783440,,unverified,unverified
22798154,scihub:title,unverified,unverified
22800740,,unverified,unverified
22808607,,unverified,unverified
22818280,scihub:doi,unverified,unverified
22820704,scihub:title,unverified,unverified
22830003,,unverified,unverified
22841019,scihub:title,unverified,unverified
22842363,,unverified,unverified
22850124,,unverified,unverified
22853868,,unverified,unverified
22864760,scihub:doi,unverified,unverified
22867889,,unverified,unverified
22873767,,unverified,unverified
22874603,scihub:doi,unverified,unverified
22874604,,unverified,unverified
22875223,,unverified,unverified
22875644,,unverified,unverified
22889325,,unverified,unverified
22892379,scihub:doi,unverified,unverified
22894449,,unverified,unverified
22902408,,unverified,unverified
22903298,,unverified,unverified
22903432,scihub:doi,unverified,unverified
22915424,,unverified,unverified
22919008,,unverified,unverified
22925598,,unverified,unverified
22933902,,unverified,unverified
22947271,scihub:doi,unverified,unverified
22948439,,unverified,unverified
22958479,scihub:doi,unverified,unverified
22958614,,unverified,unverified
22966308,scihub:doi,unverified,unverified
22968054,scihub:doi,unverified,unverified
22970381,scihub:doi,unverified,unverified
22986353,,unverified,unverified
22993703,scihub:title,unverified,unverified
22997398,,unverified,unverified
22998847,,unverified,unverified
23001160,,unverified,unverified
23006527,,unverified,unverified
23011550,scihub:doi,unverified,unverified
23017669,,unverified,unverified
23026928,scihub:doi,unverified,unverified
23027623,scihub:doi,unverified,unverified
23053320,scihub:title,unverified,unverified
23054849,,unverified,unverified
23055358,,unverified,unverified
23057495,scihub:doi,unverified,unverified
23060533,,unverified,unverified
23081822,scihub:doi,unverified,unverified
23089477,scihub:doi,unverified,unverified
23104550,scihub:doi,unverified,unverified
23109696,scihub:doi,unverified,unverified
23111399,,unverified,unverified
23113591,scihub:doi,unverified,unverified
23116418,scihub:doi,unverified,unverified
23116582,,unverified,unverified
23122042,,unverified,unverified
23122748,,unverified,unverified
23129363,scihub:title,unverified,unverified
23129364,,unverified,unverified
23134220,scihub:title,unverified,unverified
23134833,,unverified,unverified
23139045,,unverified,unverified
23143592,scihub:title,unverified,unverified
23147996,scihub:doi,unverified,unverified
23152077,,unverified,unverified
23152299,,unverified,unverified
23154075,,unverified,unverified
23158058,,unverified,unverified
23170951,,unverified,unverified
23176523,,unverified,unverified
23179526,,unverified,unverified
23181004,,unverified,unverified
23182080,,unverified,unverified
23182394,,unverified,unverified
23182512,,unverified,unverified
23187748,,unverified,unverified
23188618,,unverified,unverified
23193427,,unverified,unverified
23196674,,unverified,unverified
23207940,scihub:doi,unverified,unverified
23207943,,unverified,unverified
23216939,,unverified,unverified
23219191,,unverified,unverified
23221790,scihub:doi,unverified,unverified
23221791,,unverified,unverified
23225371,,unverified,unverified
23225808,,unverified,unverified
23225809,,unverified,unverified
23228055,,unverified,unverified
23236018,,unverified,unverified
23238383,scihub:doi,unverified,unverified
23238504,,unverified,unverified
23238744,,unverified,unverified
23238836,,unverified,unverified
23239291,,unverified,unverified
23242038,scihub:doi,unverified,unverified
23243384,,unverified,unverified
23255747,,unverified,unverified
23268014,scihub:title,unverified,unverified
23272969,,unverified,unverified
23283590,,unverified,unverified
23299826,,unverified,unverified
23303141,scihub:doi,unverified,unverified
23303145,,unverified,unverified
23321834,,unverified,unverified
23322520,scihub:title,unverified,unverified
23323002,,unverified,unverified
23328390,,unverified,unverified
23331394,,unverified,unverified
23335049,,unverified,unverified
23336146,,unverified,unverified
23336255,scihub:doi,unverified,unverified
23336479,,unverified,unverified
23340231,,unverified,unverified
23346506,scihub:title,unverified,unverified
23351018,,unverified,unverified
23358929,,unverified,unverified
23364974,,unverified,unverified
23369130,,unverified,unverified
23371446,scihub:doi,unverified,unverified
23374979,,unverified,unverified
23384167,,unverified,unverified
23397821,scihub:doi,unverified,unverified
23404343,,unverified,unverified
23404344,,unverified,unverified
23411588,scihub:doi,unverified,unverified
23417501,,unverified,unverified
23420438,scihub:doi,unverified,unverified
23426596,,unverified,unverified
23430965,,unverified,unverified
23436067,scihub:doi,unverified,unverified
23436074,scihub:doi,unverified,unverified
23445625,,unverified,unverified
23474523,scihub:title,unverified,unverified
23498983,,unverified,unverified
23516072,scihub:doi,unverified,unverified
23523147,,unverified,unverified
23526771,,unverified,unverified
23532498,,unverified,unverified
23551928,,unverified,unverified
23552305,,unverified,unverified
23559319,,unverified,unverified
23571146,,unverified,unverified
23577933,,unverified,unverified
23579594,,unverified,unverified
23581820,,unverified,unverified
23587311,,unverified,unverified
23598382,,unverified,unverified
23601092,,unverified,unverified
23601191,,unverified,unverified
23601902,,unverified,unverified
23602370,,unverified,unverified
23606239,scihub:doi,unverified,unverified
23622078,,unverified,unverified
23623561,,unverified,unverified
23640440,,unverified,unverified
23642559,,unverified,unverified
23645758,,unverified,unverified
23652745,scihub:doi,unverified,unverified
23667205,scihub:doi,unverified,unverified
23689217,,unverified,unverified
23697834,,unverified,unverified
23701484,,unverified,unverified
23702868,,unverified,unverified
23707855,,unverified,unverified
23708724,,unverified,unverified
23712252,,unverified,unverified
23723012,scihub:doi,unverified,unverified
23728916,,unverified,unverified
23730707,,unverified,unverified
23736101,,unverified,unverified
23736888,scihub:doi,unverified,unverified
23742033,,unverified,unverified
23743687,,unverified,unverified
23744576,,unverified,unverified
23748813,scihub:doi,unverified,unverified
23751115,,unverified,unverified
23754582,,unverified,unverified
23754654,,unverified,unverified
23769991,,unverified,unverified
23780981,,unverified,unverified
23790770,scihub:doi,unverified,unverified
23801169,,unverified,unverified
23801198,,unverified,unverified
23801217,,unverified,unverified
23801218,scihub:title,unverified,unverified
23801387,,unverified,unverified
23801777,scihub:doi,unverified,unverified
23804154,,unverified,unverified
23808225,scihub:title,unverified,unverified
23812242,,unverified,unverified
23813333,scihub:doi,unverified,unverified
23821022,scihub:doi,unverified,unverified
23821325,,unverified,unverified
23828092,,unverified,unverified
23830466,scihub:doi,unverified,unverified
23830776,,unverified,unverified
23830983,,unverified,unverified
23832319,scihub:doi,unverified,unverified
23844462,,unverified,unverified
23846534,,unverified,unverified
23860197,,unverified,unverified
23863536,scihub:title,unverified,unverified
23865006,scihub:title,unverified,unverified
23876415,,unverified,unverified
23880661,,unverified,unverified
23882096,,unverified,unverified
23882418,,unverified,unverified
23886211,,unverified,unverified
23892849,,unverified,unverified
23901427,,unverified,unverified
23907473,,unverified,unverified
23910050,scihub:doi,unverified,unverified
23934452,,unverified,unverified
23934463,scihub:title,unverified,unverified
23934972,scihub:doi,unverified,unverified
23934989,,unverified,unverified
23935207,,unverified,unverified
23936841,,unverified,unverified
23939848,scihub:doi,unverified,unverified
23942962,,unverified,unverified
23943283,,unverified,unverified
23951828,,unverified,unverified
23953231,,unverified,unverified
23963871,scihub:doi,unverified,unverified
23965127,,unverified,unverified
23965313,,unverified,unverified
23967173,,unverified,unverified
23971451,,unverified,unverified
23971656,,unverified,unverified
23973512,,unverified,unverified
23979104,,unverified,unverified
23982778,,unverified,unverified
23983475,,unverified,unverified
23993061,,unverified,unverified
23997939,scihub:title,unverified,unverified
24002079,scihub:title,unverified,unverified
24002537,,unverified,unverified
24002915,,unverified,unverified
24002918,,unverified,unverified
24003396,,unverified,unverified
24005562,scihub:doi,unverified,unverified
24011205,,unverified,unverified
24011671,scihub:doi,unverified,unverified
24016824,scihub:doi,unverified,unverified
24022531,,unverified,unverified
24025941,scihub:title,unverified,unverified
24026540,scihub:doi,unverified,unverified
24043578,scihub:doi,unverified,unverified
24051676,scihub:title,unverified,unverified
24052311,,unverified,unverified
24057070,,unverified,unverified
24068404,scihub:title,unverified,unverified
24072381,,unverified,unverified
24074924,scihub:doi,unverified,unverified
24096756,,unverified,unverified
24100063,,unverified,unverified
24104998,scihub:doi,unverified,unverified
24105001,,unverified,unverified
24107808,,unverified,unverified
24112666,,unverified,unverified
24119076,,unverified,unverified
24119259,,unverified,unverified
24127172,,unverified,unverified
24127204,scihub:title,unverified,unverified
24127411,,unverified,unverified
24128896,,unverified,unverified
24138801,scihub:doi,unverified,unverified
24146338,scihub:doi,unverified,unverified
24147468,scihub:doi,unverified,unverified
24147499,,unverified,unverified
24148256,,unverified,unverified
24159403,scihub:doi,unverified,unverified
24159637,scihub:doi,unverified,unverified
24159638,,unverified,unverified
24161422,,unverified,unverified
24164749,,unverified,unverified
24165955,,unverified,unverified
24172167,scihub:doi,unverified,unverified
24175790,,unverified,unverified
24178945,,unverified,unverified
24183379,scihub:doi,unverified,unverified
24183502,,unverified,unverified
24188746,,unverified,unverified
24192263,,unverified,unverified
24211122,,unverified,unverified
24215844,,unverified,unverified
24238134,,unverified,unverified
24239243,scihub:doi,unverified,unverified
24260048,,unverified,unverified
24265562,scihub:doi,unverified,unverified
24265772,,unverified,unverified
24267315,,unverified,unverified
24267977,scihub:doi,unverified,unverified
24268789,scihub:doi,unverified,unverified
24271159,,unverified,unverified
24276776,scihub:doi,unverified,unverified
24286634,,unverified,unverified
24293967,,unverified,unverified
24294512,,unverified,unverified
24296752,,unverified,unverified
24297037,,unverified,unverified
24300352,scihub:title,unverified,unverified
24300971,,unverified,unverified
24307571,scihub:doi,unverified,unverified
24307597,,unverified,unverified
24307598,,unverified,unverified
24311014,,unverified,unverified
24322736,,unverified,unverified
24323182,,unverified,unverified
24326828,scihub:doi,unverified,unverified
24334520,,unverified,unverified
24334539,,unverified,unverified
24335567,,unverified,unverified
24336115,,unverified,unverified
24367853,,unverified,unverified
24369398,,unverified,unverified
24373460,,unverified,unverified
24373561,,unverified,unverified
24375387,,unverified,unverified
24375840,,unverified,unverified
24376924,,unverified,unverified
24377520,scihub:title,unverified,unverified
24379566,,unverified,unverified
24396496,scihub:doi,unverified,unverified
24396497,,unverified,unverified
24403010,,unverified,unverified
24415852,scihub:title,unverified,unverified
24416579,,unverified,unverified
24420736,scihub:doi,unverified,unverified
24432920,,unverified,unverified
24439446,scihub:title,unverified,unverified
24440086,scihub:title,unverified,unverified
24446182,,unverified,unverified
24447708,,unverified,unverified
24451474,,unverified,unverified
24460263,scihub:title,unverified,unverified
24470062,scihub:doi,unverified,unverified
24484935,scihub:doi,unverified,unverified
24488357,,unverified,unverified
24488545,,unverified,unverified
24496993,,unverified,unverified
24497790,,unverified,unverified
24501715,,unverified,unverified
24507994,scihub:title,unverified,unverified
24509716,,unverified,unverified
24511597,scihub:title,unverified,unverified
24531702,,unverified,unverified
24532377,,unverified,unverified
24534363,,unverified,unverified
24563189,scihub:doi,unverified,unverified
24570133,scihub:title,unverified,unverified
24581964,,unverified,unverified
24587676,,unverified,unverified
24597352,,unverified,unverified
24597365,scihub:title,unverified,unverified
24602235,,unverified,unverified
24604580,scihub:doi,unverified,unverified
24606849,scihub:doi,unverified,unverified
24616572,,unverified,unverified
24623152,,unverified,unverified
24625455,,unverified,unverified
24629807,scihub:title,unverified,unverified
24633832,,unverified,unverified
24644380,,unverified,unverified
24646719,scihub:doi,unverified,unverified
24647108,scihub:doi,unverified,unverified
24649029,scihub:doi,unverified,unverified
24651956,,unverified,unverified
24651959,scihub:doi,unverified,unverified
24659649,,unverified,unverified
24661656,scihub:doi,unverified,unverified
24662278,,unverified,unverified
24663346,,unverified,unverified
24664891,scihub:doi,unverified,unverified
24670844,,unverified,unverified
24671803,,unverified,unverified
24671810,scihub:title,unverified,unverified
24671815,,unverified,unverified
24672298,scihub:doi,unverified,unverified
24673921,,unverified,unverified
24674189,,unverified,unverified
24674478,scihub:doi,unverified,unverified
24674526,,unverified,unverified
24674533,,unverified,unverified
24679359,scihub:doi,unverified,unverified
24686249,scihub:doi,unverified,unverified
24687244,,unverified,unverified
24691640,,unverified,unverified
24694067,,unverified,unverified
24695111,,unverified,unverified
24702293,scihub:title,unverified,unverified
24709234,scihub:title,unverified,unverified
24742408,,unverified,unverified
24746569,,unverified,unverified
24746578,,unverified,unverified
24751125,scihub:doi,unverified,unverified
24752672,,unverified,unverified
24760269,scihub:doi,unverified,unverified
24761412,,unverified,unverified
24762502,scihub:doi,unverified,unverified
24765240,,unverified,unverified
24766302,scihub:doi,unverified,unverified
24767672,,unverified,unverified
24778655,scihub:doi,unverified,unverified
24783283,,unverified,unverified
24786681,,unverified,unverified
24790655,,unverified,unverified
24791649,,unverified,unverified
24791668,,unverified,unverified
24792676,,unverified,unverified
24802250,scihub:doi,unverified,unverified
24802909,,unverified,unverified
24806602,,unverified,unverified
24806605,,unverified,unverified
24807594,,unverified,unverified
24807596,,unverified,unverified
24807600,,unverified,unverified
24807605,,unverified,unverified
24809516,scihub:title,unverified,unverified
24817654,,unverified,unverified
24835072,,unverified,unverified
24840244,,unverified,unverified
24842690,,unverified,unverified
24848820,scihub:doi,unverified,unverified
24848821,,unverified,unverified
24852859,scihub:doi,unverified,unverified
24852865,,unverified,unverified
24876730,,unverified,unverified
24877151,,unverified,unverified
24886668,,unverified,unverified
24888694,,unverified,unverified
24898096,,unverified,unverified
24899967,,unverified,unverified
24914419,scihub:title,unverified,unverified
24915568,,unverified,unverified
24922690,scihub:title,unverified,unverified
24924947,,unverified,unverified
24925354,scihub:doi,unverified,unverified
24934670,,unverified,unverified
24942675,,unverified,unverified
24947004,,unverified,unverified
24950725,,unverified,unverified
24953355,,unverified,unverified
24953360,,unverified,unverified
24954622,scihub:doi,unverified,unverified
24957073,,unverified,unverified
24960789,,unverified,unverified
24968663,,unverified,unverified
24974862,scihub:doi,unverified,unverified
24978328,scihub:doi,unverified,unverified
24979100,,unverified,unverified
24988052,,unverified,unverified
25003290,scihub:doi,unverified,unverified
25008360,,unverified,unverified
25012830,scihub:doi,unverified,unverified
25015207,,unverified,unverified
25025184,,unverified,unverified
25027742,scihub:doi,unverified,unverified
25037073,,unverified,unverified
25038846,,unverified,unverified
25038851,,unverified,unverified
25052511,,unverified,unverified
25052753,,unverified,unverified
25060221,,unverified,unverified
25060294,,unverified,unverified
25068003,,unverified,unverified
25075111,scihub:title,unverified,unverified
25082122,scihub:title,unverified,unverified
25082173,,unverified,unverified
25083087,scihub:doi,unverified,unverified
25083301,,unverified,unverified
25089274,scihub:doi,unverified,unverified
25091216,,unverified,unverified
25099560,,unverified,unverified
25102994,,unverified,unverified
25103002,,unverified,unverified
25104195,,unverified,unverified
25104203,scihub:doi,unverified,unverified
25108814,,unverified,unverified
25119163,,unverified,unverified
25122693,,unverified,unverified
25124320,scihub:doi,unverified,unverified
25124470,scihub:doi,unverified,unverified
25130647,scihub:title,unverified,unverified
25132166,,unverified,unverified
25140621,,unverified,unverified
25140623,scihub:title,unverified,unverified
25140624,,unverified,unverified
25143865,,unverified,unverified
25151540,,unverified,unverified
25154752,,unverified,unverified
25155395,scihub:title,unverified,unverified
25159636,,unverified,unverified
25159651,,unverified,unverified
25164903,scihub:title,unverified,unverified
25170393,,unverified,unverified
25178833,,unverified,unverified
25181318,,unverified,unverified
25181962,,unverified,unverified
25200622,,unverified,unverified
25201478,scihub:doi,unverified,unverified
25204633,scihub:doi,unverified,unverified
25207560,scihub:doi,unverified,unverified
25209093,,unverified,unverified
25209376,,unverified,unverified
25211270,scihub:doi,unverified,unverified
25211659,,unverified,unverified
25225617,,unverified,unverified
25227821,,unverified,unverified
25239441,scihub:doi,unverified,unverified
25243543,,unverified,unverified
25245559,,unverified,unverified
25245736,,unverified,unverified
25252602,,unverified,unverified
25260490,,unverified,unverified
25261908,,unverified,unverified
25269837,,unverified,unverified
25270363,scihub:doi,unverified,unverified
25270374,scihub:doi,unverified,unverified
25276890,,unverified,unverified
25285692,,unverified,unverified
25295711,scihub:doi,unverified,unverified
25303288,,unverified,unverified
25307071,,unverified,unverified
25316510,,unverified,unverified
25319073,,unverified,unverified
25323613,,unverified,unverified
25333479,scihub:doi,unverified,unverified
25341152,,unverified,unverified
25348731,scihub:doi,unverified,unverified
25350435,,unverified,unverified
25351373,,unverified,unverified
25354914,,unverified,unverified
25360178,,unverified,unverified
25360431,,unverified,unverified
25360432,,unverified,unverified
25368289,scihub:title,unverified,unverified
25373371,,unverified,unverified
25373735,scihub:title,unverified,unverified
25377268,,unverified,unverified
25384359,,unverified,unverified
25384360,,unverified,unverified
25384703,,unverified,unverified
25388654,,unverified,unverified
25394232,,unverified,unverified
25409311,scihub:doi,unverified,unverified
25413403,,unverified,unverified
25415747,,unverified,unverified
25415748,,unverified,unverified
25417724,,unverified,unverified
25421252,,unverified,unverified
25421763,scihub:title,unverified,unverified
25421764,,unverified,unverified
25421773,,unverified,unverified
25421779,scihub:title,unverified,unverified
25425724,,unverified,unverified
25431898,,unverified,unverified
25433820,,unverified,unverified
25436127,scihub:doi,unverified,unverified
25436286,,unverified,unverified
25436345,,unverified,unverified
25442343,,unverified,unverified
25443860,,unverified,unverified
25448648,scihub:doi,unverified,unverified
25451666,,unverified,unverified
25460330,,unverified,unverified
25466368,scihub:doi,unverified,unverified
25466419,scihub:doi,unverified,unverified
25468634,,unverified,unverified
25471037,,unverified,unverified
25472562,,unverified,unverified
25478898,,unverified,unverified
25481626,,unverified,unverified
25483833,scihub:doi,unverified,unverified
25485396,,unverified,unverified
25489707,scihub:doi,unverified,unverified
25493009,,unverified,unverified
25496125,,unverified,unverified
25497234,,unverified,unverified
25497847,,unverified,unverified
25497874,scihub:doi,unverified,unverified
25500963,scihub:doi,unverified,unverified
25501017,,unverified,unverified
25503346,,unverified,unverified
25503423,scihub:doi,unverified,unverified
25503812,,unverified,unverified
25513996,scihub:doi,unverified,unverified
25515346,,unverified,unverified
25520908,scihub:doi,unverified,unverified
25524284,,unverified,unverified
25559888,scihub:title,unverified,unverified
25560796,,unverified,unverified
25564178,,unverified,unverified
25566406,,unverified,unverified
25566869,,unverified,unverified
25568506,scihub:title,unverified,unverified
25568849,,unverified,unverified
25572974,,unverified,unverified
25572977,,unverified,unverified
25576759,,unverified,unverified
25577521,,unverified,unverified
25577525,scihub:doi,unverified,unverified
25579532,,unverified,unverified
25583650,scihub:doi,unverified,unverified
25585075,,unverified,unverified
25590648,,unverified,unverified
25593457,,unverified,unverified
25593475,,unverified,unverified
25596047,scihub:title,unverified,unverified
25599778,,unverified,unverified
25604582,,unverified,unverified
25615762,scihub:doi,unverified,unverified
25615776,scihub:doi,unverified,unverified
25619499,,unverified,unverified
25624878,scihub:doi,unverified,unverified
25626931,,unverified,unverified
25629513,,unverified,unverified
25629521,,unverified,unverified
25638578,,unverified,unverified
25638603,,unverified,unverified
25638685,scihub:title,unverified,unverified
25638800,,unverified,unverified
25644307,,unverified,unverified
25648465,scihub:doi,unverified,unverified
25649335,,unverified,unverified
25652048,,unverified,unverified
25652254,scihub:doi,unverified,unverified
25664705,,unverified,unverified
25673116,,unverified,unverified
25680400,scihub:doi,unverified,unverified
25682992,scihub:doi,unverified,unverified
25683666,scihub:doi,unverified,unverified
25684512,,unverified,unverified
25687534,,unverified,unverified
25697292,,unverified,unverified
25698670,,unverified,unverified
25699357,,unverified,unverified
25700810,scihub:doi,unverified,unverified
25702172,,unverified,unverified
25709652,,unverified,unverified
25723741,,unverified,unverified
25723755,,unverified,unverified
25731228,scihub:title,unverified,unverified
25731251,,unverified,unverified
25731264,scihub:title,unverified,unverified
25731357,scihub:title,unverified,unverified
25733969,,unverified,unverified
25734796,,unverified,unverified
25735444,scihub:doi,unverified,unverified
25743332,scihub:doi,unverified,unverified
25752968,,unverified,unverified
25759246,,unverified,unverified
25763908,scihub:title,unverified,unverified
25765183,,unverified,unverified
25778298,,unverified,unverified
25780294,scihub:title,unverified,unverified
25790541,scihub:doi,unverified,unverified
25796796,scihub:title,unverified,unverified
25804429,,unverified,unverified
25806096,,unverified,unverified
25809322,scihub:title,unverified,unverified
25809330,,unverified,unverified
25822672,,unverified,unverified
25825997,,unverified,unverified
25827193,scihub:doi,unverified,unverified
25827604,,unverified,unverified
25830035,scihub:doi,unverified,unverified
25830037,scihub:doi,unverified,unverified
25830042,scihub:doi,unverified,unverified
25847025,,unverified,unverified
25854263,,unverified,unverified
25860672,,unverified,unverified
25864218,,unverified,unverified
25865477,,unverified,unverified
25868517,,unverified,unverified
25868634,,unverified,unverified
25871328,,unverified,unverified
25874523,scihub:doi,unverified,unverified
25885556,scihub:doi,unverified,unverified
25885576,scihub:doi,unverified,unverified
25888548,,unverified,unverified
25889149,scihub:doi,unverified,unverified
25889915,scihub:doi,unverified,unverified
25892290,scihub:doi,unverified,unverified
25896145,scihub:doi,unverified,unverified
25896880,,unverified,unverified
25899481,,unverified,unverified
25899892,scihub:doi,unverified,unverified
25904461,,unverified,unverified
25905584,,unverified,unverified
25908035,,unverified,unverified
25908916,,unverified,unverified
25909169,scihub:title,unverified,unverified
25910667,,unverified,unverified
25911246,,unverified,unverified
25914930,,unverified,unverified
25918296,,unverified,unverified
25918556,scihub:doi,unverified,unverified
25930939,,unverified,unverified
25932148,,unverified,unverified
25935450,scihub:doi,unverified,unverified
25944427,,unverified,unverified
25944436,,unverified,unverified
25944437,,unverified,unverified
25950124,scihub:doi,unverified,unverified
25953290,scihub:doi,unverified,unverified
25955229,,unverified,unverified
25957330,scihub:doi,unverified,unverified
25960976,,unverified,unverified
25963525,scihub:doi,unverified,unverified
25969176,,unverified,unverified
25969638,scihub:title,unverified,unverified
25974874,scihub:doi,unverified,unverified
25982468,scihub:doi,unverified,unverified
25989697,,unverified,unverified
25990502,,unverified,unverified
25996578,,unverified,unverified
25997602,,unverified,unverified
25998973,,unverified,unverified
26001237,,unverified,unverified
26017737,scihub:doi,unverified,unverified
26026116,,unverified,unverified
26031368,scihub:doi,unverified,unverified
26034500,,unverified,unverified
26035164,scihub:title,unverified,unverified
26045097,,unverified,unverified
26060455,,unverified,unverified
26064091,,unverified,unverified
26065396,scihub:doi,unverified,unverified
26068490,,unverified,unverified
26069127,,unverified,unverified
26076511,,unverified,unverified
26078794,scihub:doi,unverified,unverified
26079918,,unverified,unverified
26079928,scihub:title,unverified,unverified
26084884,scihub:doi,unverified,unverified
26089866,scihub:doi,unverified,unverified
26099319,,unverified,unverified
26099616,,unverified,unverified
26102418,,unverified,unverified
26106836,scihub:doi,unverified,unverified
26108736,scihub:doi,unverified,unverified
26109139,,unverified,unverified
26109809,,unverified,unverified
26112492,,unverified,unverified
26123334,scihub:doi,unverified,unverified
26126968,,unverified,unverified
26130453,scihub:doi,unverified,unverified
26132363,scihub:doi,unverified,unverified
26137128,,unverified,unverified
26139308,,unverified,unverified
26147304,,unverified,unverified
26153411,,unverified,unverified
26156652,,unverified,unverified
26157683,scihub:title,unverified,unverified
26164435,scihub:doi,unverified,unverified
26167980,,unverified,unverified
26170142,scihub:doi,unverified,unverified
26179984,,unverified,unverified
26181596,scihub:doi,unverified,unverified
26187017,,unverified,unverified
26189347,scihub:doi,unverified,unverified
26189739,scihub:doi,unverified,unverified
26198074,,unverified,unverified
26200636,,unverified,unverified
26200679,scihub:title,unverified,unverified
26204222,,unverified,unverified
26217112,,unverified,unverified
26219852,,unverified,unverified
26223668,scihub:doi,unverified,unverified
26239398,,unverified,unverified
26253949,,unverified,unverified
26254227,scihub:doi,unverified,unverified
26260213,,unverified,unverified
26260286,,unverified,unverified
26260478,,unverified,unverified
26263901,,unverified,unverified
26264590,scihub:doi,unverified,unverified
26268888,,unverified,unverified
26269765,scihub:title,unverified,unverified
26278013,,unverified,unverified
26295645,,unverified,unverified
26298900,,unverified,unverified
26299716,,unverified,unverified
26302621,,unverified,unverified
26303015,,unverified,unverified
26305200,,unverified,unverified
26309163,,unverified,unverified
26318370,,unverified,unverified
26320185,scihub:title,unverified,unverified
26334237,scihub:doi,unverified,unverified
26337477,,unverified,unverified
26338180,scihub:doi,unverified,unverified
26347011,scihub:doi,unverified,unverified
26347502,,unverified,unverified
26347963,,unverified,unverified
26347966,,unverified,unverified
26348217,,unverified,unverified
26350395,scihub:doi,unverified,unverified
26357505,,unverified,unverified
26357715,,unverified,unverified
26359071,scihub:title,unverified,unverified
26361614,scihub:doi,unverified,unverified
26362484,scihub:doi,unverified,unverified
26367385,,unverified,unverified
26371522,,unverified,unverified
26377262,scihub:doi,unverified,unverified
26391858,,unverified,unverified
26394739,scihub:doi,unverified,unverified
26394741,,unverified,unverified
26396634,,unverified,unverified
26408949,,unverified,unverified
26413528,scihub:doi,unverified,unverified
26414816,,unverified,unverified
26426305,,unverified,unverified
26430314,,unverified,unverified
26435802,,unverified,unverified
26435908,scihub:doi,unverified,unverified
26440564,,unverified,unverified
26440834,scihub:title,unverified,unverified
26446626,,unverified,unverified
26446699,scihub:doi,unverified,unverified
26448919,,unverified,unverified
26450451,,unverified,unverified
26451271,scihub:title,unverified,unverified
26462793,scihub:doi,unverified,unverified
26463151,,unverified,unverified
26486376,scihub:doi,unverified,unverified
26490751,,unverified,unverified
26493588,,unverified,unverified
26494584,,unverified,unverified
26496569,,unverified,unverified
26497495,scihub:doi,unverified,unverified
26508131,,unverified,unverified
26518582,,unverified,unverified
26522058,,unverified,unverified
26522648,,unverified,unverified
26524006,scihub:doi,unverified,unverified
26526883,,unverified,unverified
26531125,,unverified,unverified
26531759,,unverified,unverified
26537907,,unverified,unverified
26538136,,unverified,unverified
26541864,scihub:doi,unverified,unverified
26546509,scihub:doi,unverified,unverified
26550194,scihub:title,unverified,unverified
26556476,scihub:title,unverified,unverified
26559268,,unverified,unverified
26559314,,unverified,unverified
26562239,,unverified,unverified
26571840,scihub:title,unverified,unverified
26572072,,unverified,unverified
26577338,,unverified,unverified
26578734,scihub:doi,unverified,unverified
26579325,,unverified,unverified
26581139,,unverified,unverified
26586163,,unverified,unverified
26590428,,unverified,unverified
26595490,,unverified,unverified
26600936,scihub:title,unverified,unverified
26604786,,unverified,unverified
26605518,,unverified,unverified
26611358,,unverified,unverified
26612321,,unverified,unverified
26616800,scihub:title,unverified,unverified
26623064,,unverified,unverified
26628071,,unverified,unverified
26631340,,unverified,unverified
26632072,,unverified,unverified
26632714,,unverified,unverified
26637411,,unverified,unverified
26638828,scihub:doi,unverified,unverified
26643583,scihub:doi,unverified,unverified
26645661,,unverified,unverified
26649153,,unverified,unverified
26654131,scihub:doi,unverified,unverified
26658112,,unverified,unverified
26663419,scihub:doi,unverified,unverified
26663485,,unverified,unverified
26663586,scihub:doi,unverified,unverified
26666099,scihub:title,unverified,unverified
26666560,,unverified,unverified
26666769,scihub:doi,unverified,unverified
26668530,scihub:title,unverified,unverified
26671038,scihub:doi,unverified,unverified
26674745,scihub:doi,unverified,unverified
26678613,scihub:doi,unverified,unverified
26679469,,unverified,unverified
26679658,scihub:title,unverified,unverified
26687041,,unverified,unverified
26688771,scihub:doi,unverified,unverified
26691173,,unverified,unverified
26693073,scihub:title,unverified,unverified
26699371,,unverified,unverified
26700601,,unverified,unverified
26705680,scihub:doi,unverified,unverified
26711129,scihub:doi,unverified,unverified
26714594,,unverified,unverified
26715111,scihub:doi,unverified,unverified
26715813,,unverified,unverified
26717384,,unverified,unverified
26726908,,unverified,unverified
26730081,,unverified,unverified
26730717,scihub:doi,unverified,unverified
26736166,,unverified,unverified
26747329,scihub:doi,unverified,unverified
26753066,,unverified,unverified
26756616,scihub:doi,unverified,unverified
26759728,,unverified,unverified
26762365,,unverified,unverified
26769241,,unverified,unverified
26771873,scihub:doi,unverified,unverified
26782212,scihub:doi,unverified,unverified
26797525,scihub:doi,unverified,unverified
26800999,,unverified,unverified
26802164,,unverified,unverified
26811619,scihub:title,unverified,unverified
26813935,,unverified,unverified
26814499,,unverified,unverified
26816825,,unverified,unverified
26819536,,unverified,unverified
26828149,scihub:doi,unverified,unverified
26828967,,unverified,unverified
26830420,,unverified,unverified
26838953,,unverified,unverified
26853971,scihub:doi,unverified,unverified
26855391,,unverified,unverified
26857924,,unverified,unverified
26861457,scihub:doi,unverified,unverified
26870163,scihub:doi,unverified,unverified
26876570,,unverified,unverified
26880222,,unverified,unverified
26883667,,unverified,unverified
26889491,,unverified,unverified
26897937,scihub:title,unverified,unverified
26897938,,unverified,unverified
26899334,,unverified,unverified
26910373,scihub:title,unverified,unverified
26911200,,unverified,unverified
26914561,,unverified,unverified
26919464,scihub:doi,unverified,unverified
26919562,,unverified,unverified
26920893,,unverified,unverified
26933769,,unverified,unverified
26943391,,unverified,unverified
26943435,,unverified,unverified
26943694,,unverified,unverified
26945377,scihub:doi,unverified,unverified
26945761,scihub:doi,unverified,unverified
26947944,,unverified,unverified
26948134,,unverified,unverified
26953983,,unverified,unverified
26956581,scihub:doi,unverified,unverified
26966954,,unverified,unverified
26967121,,unverified,unverified
26968226,,unverified,unverified
26968406,,unverified,unverified
26968754,,unverified,unverified
26972375,scihub:doi,unverified,unverified
26972644,,unverified,unverified
26972647,,unverified,unverified
26972655,scihub:doi,unverified,unverified
26972658,,unverified,unverified
26976830,,unverified,unverified
26991526,scihub:doi,unverified,unverified
26994469,,unverified,unverified
26995995,,unverified,unverified
26997222,scihub:title,unverified,unverified
26998060,,unverified,unverified
27000128,,unverified,unverified
27002948,,unverified,unverified
27003652,,unverified,unverified
27003990,scihub:title,unverified,unverified
27011602,scihub:doi,unverified,unverified
27016247,,unverified,unverified
27019309,scihub:doi,unverified,unverified
27022927,,unverified,unverified
27028038,scihub:doi,unverified,unverified
27028138,,unverified,unverified
27034083,,unverified,unverified
27037814,,unverified,unverified
27044252,,unverified,unverified
27048435,,unverified,unverified
27048534,,unverified,unverified
27050597,scihub:doi,unverified,unverified
27050598,scihub:doi,unverified,unverified
27054278,scihub:doi,unverified,unverified
27055486,scihub:doi,unverified,unverified
27055660,,unverified,unverified
27056748,scihub:doi,unverified,unverified
27059037,scihub:doi,unverified,unverified
27059972,,unverified,unverified
27063857,scihub:doi,unverified,unverified
27064746,,unverified,unverified
27070083,scihub:title,unverified,unverified
27073650,scihub:doi,unverified,unverified
27073681,,unverified,unverified
27076410,,unverified,unverified
27084346,,unverified,unverified
27090113,scihub:doi,unverified,unverified
27090225,,unverified,unverified
27100991,,unverified,unverified
27110285,,unverified,unverified
27116012,,unverified,unverified
27122982,scihub:doi,unverified,unverified
27125200,,unverified,unverified
27129578,,unverified,unverified
27130729,,unverified,unverified
27131593,,unverified,unverified
27133686,scihub:doi,unverified,unverified
27133705,,unverified,unverified
27142064,,unverified,unverified
27144835,,unverified,unverified
27146067,,unverified,unverified
27149445,scihub:doi,unverified,unverified
27151702,,unverified,unverified
27156670,,unverified,unverified
27160356,scihub:doi,unverified,unverified
27167201,,unverified,unverified
27168036,,unverified,unverified
27170216,,unverified,unverified
27185368,,unverified,unverified
27188847,,unverified,unverified
27189442,,unverified,unverified
27215513,scihub:title,unverified,unverified
27215516,,unverified,unverified
27215791,,unverified,unverified
27217542,scihub:doi,unverified,unverified
27219471,,unverified,unverified
27232254,scihub:doi,unverified,unverified
27232257,,unverified,unverified
27235873,,unverified,unverified
27238467,scihub:doi,unverified,unverified
27238470,scihub:doi,unverified,unverified
27238471,,unverified,unverified
27238472,,unverified,unverified
27238473,,unverified,unverified
27239115,,unverified,unverified
27240846,,unverified,unverified
27250893,,unverified,unverified
27251677,scihub:doi,unverified,unverified
27253423,,unverified,unverified
27255100,,unverified,unverified
27260329,scihub:doi,unverified,unverified
27260847,scihub:doi,unverified,unverified
27270516,,unverified,unverified
27271749,,unverified,unverified
27272819,,unverified,unverified
27275364,,unverified,unverified
27275372,scihub:doi,unverified,unverified
27275591,,unverified,unverified
27276746,,unverified,unverified
27277756,,unverified,unverified
27284465,,unverified,unverified
27284466,scihub:title,unverified,unverified
27284467,,unverified,unverified
27288007,,unverified,unverified
27302924,,unverified,unverified
27306709,,unverified,unverified
27307026,,unverified,unverified
27313145,,unverified,unverified
27313860,scihub:doi,unverified,unverified
27316573,,unverified,unverified
27316919,scihub:doi,unverified,unverified
27317556,,unverified,unverified
27322187,,unverified,unverified
27323759,,unverified,unverified
27330824,scihub:doi,unverified,unverified
27331883,,unverified,unverified
27339645,,unverified,unverified
27340377,,unverified,unverified
27340785,,unverified,unverified
27341410,,unverified,unverified
27341601,,unverified,unverified
27342896,,unverified,unverified
27346172,scihub:doi,unverified,unverified
27348417,,unverified,unverified
27349313,,unverified,unverified
27353094,,unverified,unverified
27353095,,unverified,unverified
27353096,scihub:title,unverified,unverified
27353102,scihub:title,unverified,unverified
27370115,,unverified,unverified
27370152,,unverified,unverified
27370205,,unverified,unverified
27373910,scihub:doi,unverified,unverified
27381221,scihub:doi,unverified,unverified
27381492,,unverified,unverified
27383398,,unverified,unverified
27384088,,unverified,unverified
27384098,,unverified,unverified
27397855,,unverified,unverified
27401339,,unverified,unverified
27412395,,unverified,unverified
27422527,,unverified,unverified
27423677,,unverified,unverified
27436029,,unverified,unverified
27439975,,unverified,unverified
27444778,,unverified,unverified
27452756,scihub:title,unverified,unverified
27460227,scihub:doi,unverified,unverified
27460228,scihub:doi,unverified,unverified
27461232,scihub:doi,unverified,unverified
27465339,,unverified,unverified
27474876,,unverified,unverified
27483634,,unverified,unverified
27483636,,unverified,unverified
27487624,crossref:scihub,unverified,unverified
27489514,,unverified,unverified
27489868,scihub:doi,unverified,unverified
27490941,,unverified,unverified
27493942,,unverified,unverified
27494455,,unverified,unverified
27499148,,unverified,unverified
27501592,scihub:title,unverified,unverified
27503193,scihub:doi,unverified,unverified
27505108,scihub:doi,unverified,unverified
27506432,,unverified,unverified
27509881,,unverified,unverified
27510524,scihub:doi,unverified,unverified
27520279,,unverified,unverified
27528121,scihub:doi,unverified,unverified
27537776,,unverified,unverified
27538267,scihub:doi,unverified,unverified
27543254,scihub:doi,unverified,unverified
27545458,scihub:title,unverified,unverified
27548058,scihub:doi,unverified,unverified
27553790,,unverified,unverified
27576475,,unverified,unverified
27589804,,unverified,unverified
27592514,,unverified,unverified
27593246,scihub:doi,unverified,unverified
27595575,,unverified,unverified
27595835,,unverified,unverified
27602923,scihub:doi,unverified,unverified
27612049,scihub:doi,unverified,unverified
27612870,,unverified,unverified
27614499,scihub:doi,unverified,unverified
27616635,,unverified,unverified
27618320,,unverified,unverified
27618699,,unverified,unverified
27618750,,unverified,unverified
27620502,,unverified,unverified
27630331,scihub:title,unverified,unverified
27631106,,unverified,unverified
27633817,,unverified,unverified
27636146,scihub:title,unverified,unverified
27644663,,unverified,unverified
27644911,,unverified,unverified
27652798,scihub:doi,unverified,unverified
27653304,scihub:title,unverified,unverified
27654307,,unverified,unverified
27660256,,unverified,unverified
27666622,scihub:doi,unverified,unverified
27669756,,unverified,unverified
27670762,,unverified,unverified
27672677,scihub:title,unverified,unverified
27672742,scihub:title,unverified,unverified
27673438,scihub:doi,unverified,unverified
27681527,,unverified,unverified
27697137,scihub:title,unverified,unverified
27698520,,unverified,unverified
27717529,,unverified,unverified
27729748,scihub:title,unverified,unverified
27735827,,unverified,unverified
27738080,scihub:doi,unverified,unverified
27741381,,unverified,unverified
27743742,scihub:doi,unverified,unverified
27744195,,unverified,unverified
27748061,scihub:doi,unverified,unverified
27749475,scihub:doi,unverified,unverified
27757786,,unverified,unverified
27762432,scihub:doi,unverified,unverified
27762654,scihub:doi,unverified,unverified
27779994,,unverified,unverified
27780791,scihub:title,unverified,unverified
27781246,scihub:title,unverified,unverified
27783353,scihub:doi,unverified,unverified
27784970,scihub:title,unverified,unverified
27792058,,unverified,unverified
27803984,,unverified,unverified
27806411,,unverified,unverified
27810119,scihub:doi,unverified,unverified
27815805,scihub:doi,unverified,unverified
27818565,,unverified,unverified
27819636,,unverified,unverified
27822086,scihub:doi,unverified,unverified
27828820,scihub:doi,unverified,unverified
27845566,scihub:doi,unverified,unverified
27861230,scihub:doi,unverified,unverified
27869487,,unverified,unverified
27872117,scihub:title,unverified,unverified
27873100,scihub:doi,unverified,unverified
27875904,,unverified,unverified
27883254,,unverified,unverified
27885480,,unverified,unverified
27888592,scihub:title,unverified,unverified
27889030,scihub:title,unverified,unverified
27889033,,unverified,unverified
27897414,scihub:doi,unverified,unverified
27926556,scihub:doi,unverified,unverified
27928687,,unverified,unverified
27929929,,unverified,unverified
27934928,scihub:doi,unverified,unverified
27959622,scihub:doi,unverified,unverified
27974702,scihub:doi,unverified,unverified
27981667,scihub:title,unverified,unverified
27997010,,unverified,unverified
27997526,scihub:title,unverified,unverified
28001320,,unverified,unverified
28002822,scihub:doi,unverified,unverified
28004138,,unverified,unverified
28008455,,unverified,unverified
28009094,,unverified,unverified
28011494,,unverified,unverified
28025227,,unverified,unverified
28028557,scihub:doi,unverified,unverified
28032499,,unverified,unverified
28042958,,unverified,unverified
28044213,scihub:doi,unverified,unverified
28044947,scihub:title,unverified,unverified
28050622,,unverified,unverified
28055248,scihub:doi,unverified,unverified
28057090,,unverified,unverified
28059910,,unverified,unverified
28060889,scihub:doi,unverified,unverified
28068178,,unverified,unverified
28068245,,unverified,unverified
28070026,,unverified,unverified
28070031,,unverified,unverified
28078119,,unverified,unverified
28079398,,unverified,unverified
28092330,scihub:doi,unverified,unverified
28096724,,unverified,unverified
28099105,scihub:doi,unverified,unverified
28110348,scihub:doi,unverified,unverified
28122969,,unverified,unverified
28123730,scihub:doi,unverified,unverified
28125177,scihub:title,unverified,unverified
28126304,,unverified,unverified
28130592,,unverified,unverified
28133017,,unverified,unverified
28133030,,unverified,unverified
28138623,scihub:doi,unverified,unverified
28145532,,unverified,unverified
28149883,scihub:doi,unverified,unverified
28150022,scihub:doi,unverified,unverified
28152672,,unverified,unverified
28157723,scihub:title,unverified,unverified
28159930,,unverified,unverified
28160039,,unverified,unverified
28165313,scihub:doi,unverified,unverified
28168369,,unverified,unverified
28177987,scihub:title,unverified,unverified
28177989,,unverified,unverified
28185349,,unverified,unverified
28194687,scihub:doi,unverified,unverified
28209482,scihub:doi,unverified,unverified
28210074,,unverified,unverified
28220185,,unverified,unverified
28228195,,unverified,unverified
28237642,scihub:title,unverified,unverified
28240361,scihub:doi,unverified,unverified
28255388,,unverified,unverified
28258741,scihub:doi,unverified,unverified
28261339,,unverified,unverified
28267004,,unverified,unverified
28267005,,unverified,unverified
28270011,,unverified,unverified
28272347,,unverified,unverified
28277103,scihub:doi,unverified,unverified
28279170,scihub:title,unverified,unverified
28280225,,unverified,unverified
28280607,scihub:doi,unverified,unverified
28280625,scihub:title,unverified,unverified
28288461,,unverified,unverified
28291401,,unverified,unverified
28301974,,unverified,unverified
28304150,,unverified,unverified
28314302,,unverified,unverified
28315018,,unverified,unverified
28316152,,unverified,unverified
28323157,scihub:doi,unverified,unverified
28328820,scihub:doi,unverified,unverified
28338156,,unverified,unverified
28342041,,unverified,unverified
28351504,,unverified,unverified
28353363,,unverified,unverified
28363512,,unverified,unverified
28376235,,unverified,unverified
28394749,scihub:doi,unverified,unverified
28395761,scihub:doi,unverified,unverified
28409357,scihub:doi,unverified,unverified
28413679,,unverified,unverified
28423540,scihub:doi,unverified,unverified
28426108,scihub:doi,unverified,unverified
28427517,scihub:title,unverified,unverified
28429055,,unverified,unverified
28436197,,unverified,unverified
28439842,,unverified,unverified
28440784,,unverified,unverified
28448856,,unverified,unverified
28449006,,unverified,unverified
28454218,,unverified,unverified
28456481,,unverified,unverified
28462642,,unverified,unverified
28462648,,unverified,unverified
28464745,,unverified,unverified
28466686,,unverified,unverified
28469922,,unverified,unverified
28470395,scihub:doi,unverified,unverified
28476845,,unverified,unverified
28481194,,unverified,unverified
28481851,,unverified,unverified
28481852,,unverified,unverified
28481853,,unverified,unverified
28488380,,unverified,unverified
28489784,scihub:doi,unverified,unverified
28493401,scihub:doi,unverified,unverified
28496016,,unverified,unverified
28497403,,unverified,unverified
28497665,,unverified,unverified
28501249,scihub:doi,unverified,unverified
28503519,scihub:title,unverified,unverified
28507455,,unverified,unverified
28520513,,unverified,unverified
28534322,,unverified,unverified
28534328,,unverified,unverified
28550385,,unverified,unverified
28557585,,unverified,unverified
28560481,scihub:doi,unverified,unverified
28564739,,unverified,unverified
28579847,scihub:doi,unverified,unverified
28583651,scihub:title,unverified,unverified
28585490,,unverified,unverified
28594719,scihub:doi,unverified,unverified
28597348,scihub:doi,unverified,unverified
28612020,,unverified,unverified
28620444,,unverified,unverified
28622248,,unverified,unverified
28638791,,unverified,unverified
28643301,,unverified,unverified
28643307,,unverified,unverified
28643316,scihub:title,unverified,unverified
28643977,scihub:title,unverified,unverified
28647399,scihub:doi,unverified,unverified
28655079,,unverified,unverified
28657052,,unverified,unverified
28659677,,unverified,unverified
28660522,scihub:title,unverified,unverified
28667480,,unverified,unverified
28676107,,unverified,unverified
28682966,,unverified,unverified
28690773,scihub:doi,unverified,unverified
28690775,scihub:title,unverified,unverified
28691219,scihub:doi,unverified,unverified
28696522,,unverified,unverified
28703886,,unverified,unverified
28705066,,unverified,unverified
28706185,,unverified,unverified
28717704,scihub:doi,unverified,unverified
28722086,scihub:title,unverified,unverified
28723750,,unverified,unverified
28728779,scihub:doi,unverified,unverified
28739093,scihub:doi,unverified,unverified
28739758,,unverified,unverified
28746154,scihub:doi,unverified,unverified
28748420,,unverified,unverified
28755256,scihub:doi,unverified,unverified
28756039,scihub:doi,unverified,unverified
28762189,,unverified,unverified
28772347,,unverified,unverified
28776088,,unverified,unverified
28786006,,unverified,unverified
28797063,,unverified,unverified
28802802,scihub:doi,unverified,unverified
28816139,,unverified,unverified
28819296,scihub:doi,unverified,unverified
28822603,,unverified,unverified
28830475,,unverified,unverified
28849630,,unverified,unverified
28851403,scihub:doi,unverified,unverified
28852161,,unverified,unverified
28856848,,unverified,unverified
28859058,,unverified,unverified
28862220,,unverified,unverified
28863161,,unverified,unverified
28866818,,unverified,unverified
28874205,scihub:doi,unverified,unverified
28884049,,unverified,unverified
28890811,,unverified,unverified
28891039,,unverified,unverified
28900855,,unverified,unverified
28900999,,unverified,unverified
28903619,,unverified,unverified
28924962,,unverified,unverified
28929282,scihub:title,unverified,unverified
28931946,scihub:doi,unverified,unverified
28933018,,unverified,unverified
28934761,,unverified,unverified
28934968,,unverified,unverified
28939744,,unverified,unverified
28941739,,unverified,unverified
28943178,,unverified,unverified
28947340,scihub:title,unverified,unverified
28949102,scihub:doi,unverified,unverified
28951756,,unverified,unverified
28959161,,unverified,unverified
28959163,scihub:doi,unverified,unverified
28963779,scihub:doi,unverified,unverified
28967560,scihub:doi,unverified,unverified
28972796,,unverified,unverified
28981353,,unverified,unverified
28987662,scihub:doi,unverified,unverified
28991083,scihub:doi,unverified,unverified
28993920,,unverified,unverified
29025530,,unverified,unverified
29035999,,unverified,unverified
29043428,,unverified,unverified
29046927,scihub:doi,unverified,unverified
29063250,,unverified,unverified
29067278,scihub:doi,unverified,unverified
29072488,,unverified,unverified
29075856,scihub:doi,unverified,unverified
29083469,,unverified,unverified
29088504,scihub:doi,unverified,unverified
29088879,,unverified,unverified
29088894,scihub:title,unverified,unverified
29089827,,unverified,unverified
29095185,,unverified,unverified
29096619,,unverified,unverified
29100742,,unverified,unverified
29102233,scihub:doi,unverified,unverified
29103468,,unverified,unverified
29108360,,unverified,unverified
29108380,scihub:title,unverified,unverified
29112561,scihub:doi,unverified,unverified
29116435,,unverified,unverified
29118559,,unverified,unverified
29120661,scihub:doi,unverified,unverified
29124480,scihub:doi,unverified,unverified
29127435,,unverified,unverified
29130229,,unverified,unverified
29134349,,unverified,unverified
29134378,scihub:doi,unverified,unverified
29137613,,unverified,unverified
29151142,,unverified,unverified
29151325,scihub:title,unverified,unverified
29157069,scihub:doi,unverified,unverified
29159523,,unverified,unverified
29166925,,unverified,unverified
29168565,,unverified,unverified
29169607,,unverified,unverified
29177928,,unverified,unverified
29178098,,unverified,unverified
29181529,,unverified,unverified
29184465,,unverified,unverified
29184476,,unverified,unverified
29184696,scihub:doi,unverified,unverified
29199720,,unverified,unverified
29202879,,unverified,unverified
29206996,,unverified,unverified
29208445,scihub:title,unverified,unverified
29214516,,unverified,unverified
29218690,scihub:doi,unverified,unverified
29221180,scihub:title,unverified,unverified
29221920,scihub:doi,unverified,unverified
29228455,scihub:doi,unverified,unverified
29229310,,unverified,unverified
29230591,,unverified,unverified
29230678,,unverified,unverified
29234940,,unverified,unverified
29246016,,unverified,unverified
29246018,,unverified,unverified
29254769,,unverified,unverified
29255770,,unverified,unverified
29259791,,unverified,unverified
29261809,scihub:doi,unverified,unverified
29262132,,unverified,unverified
29262507,,unverified,unverified
29275912,,unverified,unverified
29277239,,unverified,unverified
29281151,,unverified,unverified
29288190,,unverified,unverified
29291032,,unverified,unverified
29297651,,unverified,unverified
29304105,,unverified,unverified
29316129,,unverified,unverified
29322331,,unverified,unverified
29324431,scihub:title,unverified,unverified
29332248,,unverified,unverified
29337774,,unverified,unverified
29343409,,unverified,unverified
29354604,,unverified,unverified
29354899,,unverified,unverified
29354903,scihub:title,unverified,unverified
29360680,,unverified,unverified
29362144,,unverified,unverified
29362371,,unverified,unverified
29365417,,unverified,unverified
29369900,,unverified,unverified
29371120,,unverified,unverified
29374729,,unverified,unverified
29378659,,unverified,unverified
29383117,,unverified,unverified
29383974,,unverified,unverified
29388060,,unverified,unverified
29389929,,unverified,unverified
29393674,,unverified,unverified
29394672,,unverified,unverified
29395287,,unverified,unverified
29396399,scihub:doi,unverified,unverified
29398323,,unverified,unverified
29404766,scihub:doi,unverified,unverified
29407455,,unverified,unverified
29414101,scihub:doi,unverified,unverified
29425923,,unverified,unverified
29427046,,unverified,unverified
29435147,scihub:title,unverified,unverified
29435323,,unverified,unverified
29435745,,unverified,unverified
29437271,,unverified,unverified
29437279,,unverified,unverified
29440057,scihub:doi,unverified,unverified
29441419,,unverified,unverified
29442155,,unverified,unverified
29446674,,unverified,unverified
29447025,,unverified,unverified
29450716,scihub:doi,unverified,unverified
29455167,scihub:doi,unverified,unverified
29459138,,unverified,unverified
29460882,scihub:title,unverified,unverified
29471616,,unverified,unverified
29471618,scihub:title,unverified,unverified
29473947,scihub:doi,unverified,unverified
29483422,,unverified,unverified
29494827,,unverified,unverified
29502372,,unverified,unverified
29503175,scihub:doi,unverified,unverified
29514017,,unverified,unverified
29519410,scihub:doi,unverified,unverified
29521839,,unverified,unverified
29523989,scihub:doi,unverified,unverified
29528199,,unverified,unverified
29529336,,unverified,unverified
29532205,scihub:doi,unverified,unverified
29532610,,unverified,unverified
29535985,scihub:title,unverified,unverified
29541831,,unverified,unverified
29549474,,unverified,unverified
29552288,,unverified,unverified
29556755,,unverified,unverified
29558294,,unverified,unverified
29566371,,unverified,unverified
29567315,,unverified,unverified
29570375,,unverified,unverified
29582794,scihub:title,unverified,unverified
29594111,,unverified,unverified
29594584,scihub:doi,unverified,unverified
29602976,,unverified,unverified
29607457,,unverified,unverified
29610067,,unverified,unverified
29613992,scihub:title,unverified,unverified
29615067,,unverified,unverified
29615840,,unverified,unverified
29623475,,unverified,unverified
29630652,,unverified,unverified
29641665,,unverified,unverified
29644477,scihub:doi,unverified,unverified
29649321,,unverified,unverified
29658682,scihub:doi,unverified,unverified
29663417,,unverified,unverified
29664935,,unverified,unverified
29665980,,unverified,unverified
29668301,,unverified,unverified
29673038,,unverified,unverified
29674013,,unverified,unverified
29674444,,unverified,unverified
29675627,scihub:doi,unverified,unverified
29679138,,unverified,unverified
29679528,,unverified,unverified
29682708,,unverified,unverified
29682711,,unverified,unverified
29682713,scihub:title,unverified,unverified
29682717,,unverified,unverified
29691115,scihub:doi,unverified,unverified
29692213,,unverified,unverified
29696349,,unverified,unverified
29698951,,unverified,unverified
29703606,scihub:doi,unverified,unverified
29704788,,unverified,unverified
29713823,scihub:doi,unverified,unverified
29715121,,unverified,unverified
29718095,,unverified,unverified
29719621,,unverified,unverified
29720197,scihub:doi,unverified,unverified
29720622,scihub:title,unverified,unverified
29722720,,unverified,unverified
29724301,,unverified,unverified
29726263,scihub:title,unverified,unverified
29729438,,unverified,unverified
29732957,scihub:doi,unverified,unverified
29735158,scihub:doi,unverified,unverified
29741977,scihub:doi,unverified,unverified
29744860,,unverified,unverified
29751360,scihub:doi,unverified,unverified
29754871,,unverified,unverified
29759568,,unverified,unverified
29767284,,unverified,unverified
29770764,,unverified,unverified
29774398,,unverified,unverified
29776418,,unverified,unverified
29784058,,unverified,unverified
29784739,,unverified,unverified
29785540,,unverified,unverified
29790177,scihub:doi,unverified,unverified
29795062,,unverified,unverified
29797056,,unverified,unverified
29846947,,unverified,unverified
29848818,,unverified,unverified
29850949,scihub:doi,unverified,unverified
29853860,,unverified,unverified
29858637,,unverified,unverified
29861874,,unverified,unverified
29868993,scihub:doi,unverified,unverified
29869484,,unverified,unverified
29878671,,unverified,unverified
29878672,,unverified,unverified
29878678,,unverified,unverified
29878682,,unverified,unverified
29878685,scihub:doi,unverified,unverified
29878687,,unverified,unverified
29878949,scihub:doi,unverified,unverified
29887692,scihub:doi,unverified,unverified
29888969,scihub:doi,unverified,unverified
29889046,,unverified,unverified
29891200,,unverified,unverified
29891206,,unverified,unverified
29893283,scihub:doi,unverified,unverified
29893988,,unverified,unverified
29898443,,unverified,unverified
29900583,scihub:doi,unverified,unverified
29920909,,unverified,unverified
29923484,,unverified,unverified
29927331,scihub:doi,unverified,unverified
29927334,,unverified,unverified
29928702,,unverified,unverified
29928706,scihub:doi,unverified,unverified
29936769,,unverified,unverified
29939311,,unverified,unverified
29949150,scihub:title,unverified,unverified
29953269,,unverified,unverified
29961173,,unverified,unverified
29967642,,unverified,unverified
29967984,scihub:doi,unverified,unverified
29967990,,unverified,unverified
29968238,,unverified,unverified
29968240,scihub:title,unverified,unverified
29968242,,unverified,unverified
29968247,,unverified,unverified
29974675,,unverified,unverified
29976470,,unverified,unverified
29980927,,unverified,unverified
29981939,,unverified,unverified
29987338,scihub:title,unverified,unverified
29992389,,unverified,unverified
29992773,scihub:title,unverified,unverified
29999429,,unverified,unverified
30001205,,unverified,unverified
30002569,,unverified,unverified
30003363,,unverified,unverified
30006428,scihub:doi,unverified,unverified
30006679,scihub:doi,unverified,unverified
30006838,,unverified,unverified
30008472,scihub:doi,unverified,unverified
30018500,,unverified,unverified
30026330,scihub:title,unverified,unverified
30029837,,unverified,unverified
30039258,,unverified,unverified
30042967,scihub:doi,unverified,unverified
30043865,,unverified,unverified
30051446,scihub:title,unverified,unverified
30051447,,unverified,unverified
30054642,,unverified,unverified
30073747,,unverified,unverified
30079601,,unverified,unverified
30079958,scihub:doi,unverified,unverified
30080730,,unverified,unverified
30083813,,unverified,unverified
30086052,,unverified,unverified
30097234,,unverified,unverified
30097803,,unverified,unverified
30101009,scihub:doi,unverified,unverified
30102197,scihub:title,unverified,unverified
30106609,,unverified,unverified
30109482,,unverified,unverified
30109986,,unverified,unverified
30114928,scihub:doi,unverified,unverified
30115436,scihub:doi,unverified,unverified
30116024,scihub:doi,unverified,unverified
30119772,,unverified,unverified
30119777,,unverified,unverified
30123315,scihub:doi,unverified,unverified
30128616,,unverified,unverified
30129673,,unverified,unverified
30135478,,unverified,unverified
30135549,,unverified,unverified
30136272,,unverified,unverified
30136336,,unverified,unverified
30139002,,unverified,unverified
30140624,scihub:doi,unverified,unverified
30143462,scihub:doi,unverified,unverified
30144092,scihub:doi,unverified,unverified
30151204,,unverified,unverified
30151256,,unverified,unverified
30151259,,unverified,unverified
30151260,,unverified,unverified
30152742,,unverified,unverified
30152747,scihub:doi,unverified,unverified
30152952,scihub:title,unverified,unverified
30166862,scihub:doi,unverified,unverified
30170787,,unverified,unverified
30171293,scihub:doi,unverified,unverified
30172447,,unverified,unverified
30176134,,unverified,unverified
30181029,scihub:doi,unverified,unverified
30181315,,unverified,unverified
30186857,,unverified,unverified
30194195,scihub:doi,unverified,unverified
30196982,scihub:doi,unverified,unverified
30201417,,unverified,unverified
30204839,,unverified,unverified
30204928,,unverified,unverified
30212816,,unverified,unverified
30213419,,unverified,unverified
30214231,scihub:doi,unverified,unverified
30215109,,unverified,unverified
30216455,,unverified,unverified
30217167,scihub:doi,unverified,unverified
30217314,,unverified,unverified
30219659,scihub:doi,unverified,unverified
30229270,,unverified,unverified
30240291,scihub:doi,unverified,unverified
30242466,,unverified,unverified
30242504,,unverified,unverified
30247008,scihub:title,unverified,unverified
30248696,,unverified,unverified
30255641,,unverified,unverified
30255699,,unverified,unverified
30258994,,unverified,unverified
30259217,,unverified,unverified
30259251,,unverified,unverified
30267401,,unverified,unverified
30268719,,unverified,unverified
30269327,,unverified,unverified
30270764,,unverified,unverified
30275218,,unverified,unverified
30280248,,unverified,unverified
30283284,,unverified,unverified
30286607,,unverified,unverified
30290819,scihub:doi,unverified,unverified
30292538,scihub:doi,unverified,unverified
30297205,,unverified,unverified
30306276,,unverified,unverified
30309707,,unverified,unverified
30314724,,unverified,unverified
30318451,,unverified,unverified
30321773,,unverified,unverified
30322292,,unverified,unverified
30327166,,unverified,unverified
30334541,scihub:doi,unverified,unverified
30339607,,unverified,unverified
30341539,scihub:doi,unverified,unverified
30343254,,unverified,unverified
30343432,,unverified,unverified
30345012,,unverified,unverified
30348506,,unverified,unverified
30348508,,unverified,unverified
30350103,,unverified,unverified
30353404,,unverified,unverified
30354269,,unverified,unverified
30359275,,unverified,unverified
30359718,,unverified,unverified
30361743,,unverified,unverified
30361867,,unverified,unverified
30374650,,unverified,unverified
30374817,,unverified,unverified
30386054,,unverified,unverified
30386986,scihub:doi,unverified,unverified
30403572,,unverified,unverified
30412091,scihub:title,unverified,unverified
30413211,,unverified,unverified
30413955,,unverified,unverified
30413959,,unverified,unverified
30418701,,unverified,unverified
30419864,,unverified,unverified
30420154,,unverified,unverified
30420742,,unverified,unverified
30421081,,unverified,unverified
30428156,,unverified,unverified
30433814,scihub:doi,unverified,unverified
30441678,,unverified,unverified
30442057,,unverified,unverified
30442202,scihub:doi,unverified,unverified
30444161,,unverified,unverified
30451758,,unverified,unverified
30451764,scihub:title,unverified,unverified
30456561,,unverified,unverified
30457185,,unverified,unverified
30457223,,unverified,unverified
30463711,scihub:doi,unverified,unverified
30463722,,unverified,unverified
30466454,scihub:doi,unverified,unverified
30467711,,unverified,unverified
30470845,scihub:doi,unverified,unverified
30470995,scihub:doi,unverified,unverified
30471067,,unverified,unverified
30477950,scihub:doi,unverified,unverified
30479672,scihub:doi,unverified,unverified
30483843,scihub:doi,unverified,unverified
30487698,,unverified,unverified
30489325,scihub:doi,unverified,unverified
30506537,scihub:title,unverified,unverified
30506553,,unverified,unverified
30508883,,unverified,unverified
30508974,scihub:doi,unverified,unverified
30528097,,unverified,unverified
30528891,,unverified,unverified
30528892,,unverified,unverified
30531023,,unverified,unverified
30538377,scihub:doi,unverified,unverified
30538386,scihub:doi,unverified,unverified
30538848,,unverified,unverified
30547330,,unverified,unverified
30548166,,unverified,unverified
30556862,,unverified,unverified
30560501,,unverified,unverified
30563955,,unverified,unverified
30564920,,unverified,unverified
30572512,,unverified,unverified
30582572,scihub:doi,unverified,unverified
30582622,,unverified,unverified
30583927,,unverified,unverified
30588591,,unverified,unverified
30590006,,unverified,unverified
30591502,,unverified,unverified
30594404,scihub:doi,unverified,unverified
30595839,,unverified,unverified
30599868,,unverified,unverified
30603633,,unverified,unverified
30603881,scihub:doi,unverified,unverified
30617483,,unverified,unverified
30621928,scihub:doi,unverified,unverified
30627062,,unverified,unverified
30637502,,unverified,unverified
30637861,scihub:doi,unverified,unverified
30639298,,unverified,unverified
30640683,,unverified,unverified
30656453,scihub:doi,unverified,unverified
30662629,scihub:title,unverified,unverified
30663025,,unverified,unverified
30666406,,unverified,unverified
30683447,scihub:doi,unverified,unverified
30685478,,unverified,unverified
30686505,scihub:doi,unverified,unverified
30688523,scihub:doi,unverified,unverified
30688680,scihub:doi,unverified,unverified
30692356,scihub:title,unverified,unverified
30694369,scihub:doi,unverified,unverified
30694786,,unverified,unverified
30698998,scihub:doi,unverified,unverified
30703787,,unverified,unverified
30703796,,unverified,unverified
30704213,scihub:title,unverified,unverified
30705875,,unverified,unverified
30706375,,unverified,unverified
30707177,scihub:doi,unverified,unverified
30710314,,unverified,unverified
30711405,,unverified,unverified
30716105,,unverified,unverified
30718566,scihub:doi,unverified,unverified
30719554,scihub:doi,unverified,unverified
30719599,,unverified,unverified
30721417,,unverified,unverified
30724668,,unverified,unverified
30733325,,unverified,unverified
30741768,,unverified,unverified
30742649,,unverified,unverified
30742736,,unverified,unverified
30744694,scihub:doi,unverified,unverified
30758634,,unverified,unverified
30758688,,unverified,unverified
30759785,scihub:title,unverified,unverified
30764882,,unverified,unverified
30768361,scihub:doi,unverified,unverified
30769371,,unverified,unverified
30771876,scihub:doi,unverified,unverified
30772135,scihub:doi,unverified,unverified
30772588,scihub:doi,unverified,unverified
30773194,,unverified,unverified
30773234,,unverified,unverified
30779052,scihub:title,unverified,unverified
30793609,,unverified,unverified
30796574,,unverified,unverified
30800199,scihub:doi,unverified,unverified
30800204,,unverified,unverified
30802158,scihub:doi,unverified,unverified
30806918,scihub:title,unverified,unverified
30809916,,unverified,unverified
30810343,scihub:doi,unverified,unverified
30825182,scihub:doi,unverified,unverified
30825391,scihub:doi,unverified,unverified
30825957,scihub:doi,unverified,unverified
30825976,,unverified,unverified
30827451,scihub:doi,unverified,unverified
30830296,,unverified,unverified
30833648,scihub:doi,unverified,unverified
30837179,,unverified,unverified
30838172,,unverified,unverified
30840256,,unverified,unverified
30844344,scihub:doi,unverified,unverified
30844347,,unverified,unverified
30845263,,unverified,unverified
30847005,,unverified,unverified
30847749,,unverified,unverified
30851884,,unverified,unverified
30852633,,unverified,unverified
30860889,scihub:doi,unverified,unverified
30862768,,unverified,unverified
30863168,,unverified,unverified
30866965,scihub:doi,unverified,unverified
30870223,,unverified,unverified
30876923,,unverified,unverified
30877175,,unverified,unverified
30877565,,unverified,unverified
30879281,scihub:title,unverified,unverified
30880720,,unverified,unverified
30880746,,unverified,unverified
30880747,,unverified,unverified
30887182,,unverified,unverified
30887373,scihub:doi,unverified,unverified
30890283,scihub:doi,unverified,unverified
30894376,scihub:doi,unverified,unverified
30899056,,unverified,unverified
30907777,scihub:doi,unverified,unverified
30909269,scihub:doi,unverified,unverified
30914225,,unverified,unverified
30917445,,unverified,unverified
30918594,,unverified,unverified
30927944,scihub:doi,unverified,unverified
30928250,,unverified,unverified
30932326,,unverified,unverified
30933550,,unverified,unverified
30933653,scihub:title,unverified,unverified
30940428,scihub:doi,unverified,unverified
30945379,scihub:doi,unverified,unverified
30948890,,unverified,unverified
30952757,,unverified,unverified
30953096,scihub:doi,unverified,unverified
30955068,,unverified,unverified
30956039,,unverified,unverified
30963400,,unverified,unverified
30969940,,unverified,unverified
30971519,scihub:title,unverified,unverified
30972294,scihub:title,unverified,unverified
30972763,,unverified,unverified
30973385,,unverified,unverified
30973578,,unverified,unverified
30973610,scihub:title,unverified,unverified
30976548,scihub:doi,unverified,unverified
30983773,scihub:title,unverified,unverified
30989424,,unverified,unverified
30993392,,unverified,unverified
30995084,,unverified,unverified
30995087,,unverified,unverified
30995095,,unverified,unverified
31004202,,unverified,unverified
31005205,,unverified,unverified
31006088,scihub:doi,unverified,unverified
31012043,,unverified,unverified
31014994,,unverified,unverified
31015111,scihub:doi,unverified,unverified
31015125,,unverified,unverified
31015162,,unverified,unverified
31030244,,unverified,unverified
31031979,,unverified,unverified
31032670,,unverified,unverified
31035949,,unverified,unverified
31036310,,unverified,unverified
31041496,scihub:doi,unverified,unverified
31046085,scihub:doi,unverified,unverified
31049597,scihub:doi,unverified,unverified
31051972,scihub:doi,unverified,unverified
31054106,,unverified,unverified
31054547,,unverified,unverified
31055588,,unverified,unverified
31055615,,unverified,unverified
31059768,scihub:doi,unverified,unverified
31063142,,unverified,unverified
31069482,,unverified,unverified
31073721,,unverified,unverified
31074022,,unverified,unverified
31077550,,unverified,unverified
31080094,scihub:doi,unverified,unverified
31084973,scihub:title,unverified,unverified
31096736,,unverified,unverified
31108012,,unverified,unverified
31109840,,unverified,unverified
31113170,,unverified,unverified
31113171,scihub:title,unverified,unverified
31113172,,unverified,unverified
31113173,scihub:title,unverified,unverified
31113192,scihub:doi,unverified,unverified
31115601,,unverified,unverified
31133005,scihub:doi,unverified,unverified
31139467,,unverified,unverified
31139561,,unverified,unverified
31139999,scihub:doi,unverified,unverified
31144557,,unverified,unverified
31147789,scihub:doi,unverified,unverified
31151578,,unverified,unverified
31153390,,unverified,unverified
31154482,,unverified,unverified
31165155,,unverified,unverified
31168263,,unverified,unverified
31173050,,unverified,unverified
31173487,,unverified,unverified
31185328,,unverified,unverified
31188180,,unverified,unverified
31189986,scihub:doi,unverified,unverified
31192938,,unverified,unverified
31199501,,unverified,unverified
31201431,scihub:title,unverified,unverified
31201485,,unverified,unverified
31201525,scihub:doi,unverified,unverified
31209429,,unverified,unverified
31215751,,unverified,unverified
31219996,,unverified,unverified
31229791,scihub:title,unverified,unverified
31229949,,unverified,unverified
31238201,,unverified,unverified
31238633,,unverified,unverified
31238634,scihub:title,unverified,unverified
31249325,,unverified,unverified
31250970,scihub:doi,unverified,unverified
31254432,,unverified,unverified
31256777,,unverified,unverified
31268504,,unverified,unverified
31268516,,unverified,unverified
31270972,scihub:title,unverified,unverified
31271192,,unverified,unverified
31275615,scihub:doi,unverified,unverified
31276286,,unverified,unverified
31278459,scihub:doi,unverified,unverified
31278581,,unverified,unverified
31280231,,unverified,unverified
31280450,,unverified,unverified
31281494,,unverified,unverified
31283453,,unverified,unverified
31285676,,unverified,unverified
31289005,scihub:doi,unverified,unverified
31293979,,unverified,unverified
31296960,scihub:doi,unverified,unverified
31302962,,unverified,unverified
31302963,,unverified,unverified
31302964,,unverified,unverified
31305437,,unverified,unverified
31311761,,unverified,unverified
31317939,,unverified,unverified
31318495,,unverified,unverified
31327039,scihub:doi,unverified,unverified
31327041,,unverified,unverified
31330175,scihub:doi,unverified,unverified
31331841,,unverified,unverified
31332499,,unverified,unverified
31334366,scihub:doi,unverified,unverified
31337428,,unverified,unverified
31344279,scihub:doi,unverified,unverified
31350587,,unverified,unverified
31351576,scihub:title,unverified,unverified
31357959,scihub:doi,unverified,unverified
31361381,scihub:doi,unverified,unverified
31362843,,unverified,unverified
31377214,,unverified,unverified
31378480,scihub:title,unverified,unverified
31378655,,unverified,unverified
31386575,scihub:doi,unverified,unverified
31387597,scihub:doi,unverified,unverified
31388697,,unverified,unverified
31388861,scihub:doi,unverified,unverified
31392530,scihub:doi,unverified,unverified
31404579,scihub:doi,unverified,unverified
31407167,,unverified,unverified
31414151,scihub:doi,unverified,unverified
31414295,,unverified,unverified
31417874,scihub:title,unverified,unverified
31422001,scihub:doi,unverified,unverified
31427042,,unverified,unverified
31428810,,unverified,unverified
31428827,,unverified,unverified
31431368,scihub:title,unverified,unverified
31432332,,unverified,unverified
31434453,,unverified,unverified
31436325,,unverified,unverified
31439226,,unverified,unverified
31444557,scihub:doi,unverified,unverified
31445109,,unverified,unverified
31445495,,unverified,unverified
31454448,,unverified,unverified
31456114,scihub:title,unverified,unverified
31463048,,unverified,unverified
31464897,scihub:doi,unverified,unverified
31465088,,unverified,unverified
31467313,,unverified,unverified
31468119,,unverified,unverified
31468331,,unverified,unverified
31475550,,unverified,unverified
31476417,scihub:doi,unverified,unverified
31476419,scihub:doi,unverified,unverified
31481247,,unverified,unverified
31482361,scihub:doi,unverified,unverified
31482428,,unverified,unverified
31485770,,unverified,unverified
31487768,,unverified,unverified
31489510,,unverified,unverified
31490825,,unverified,unverified
31490833,scihub:doi,unverified,unverified
31496602,,unverified,unverified
31496628,scihub:title,unverified,unverified
31502588,,unverified,unverified
31506182,,unverified,unverified
31506793,,unverified,unverified
31510762,scihub:doi,unverified,unverified
31510960,,unverified,unverified
31515052,,unverified,unverified
31519622,,unverified,unverified
31533965,,unverified,unverified
31543678,scihub:title,unverified,unverified
31544653,,unverified,unverified
31547581,,unverified,unverified
31552465,scihub:doi,unverified,unverified
31556190,,unverified,unverified
31567929,scihub:doi,unverified,unverified
31569168,,unverified,unverified
31570183,scihub:doi,unverified,unverified
31578153,,unverified,unverified
31579761,scihub:title,unverified,unverified
31582328,,unverified,unverified
31583447,,unverified,unverified
31587098,,unverified,unverified
31588705,,unverified,unverified
31593515,scihub:title,unverified,unverified
31595366,,unverified,unverified
31596129,scihub:title,unverified,unverified
31602515,,unverified,unverified
31605186,scihub:doi,unverified,unverified
31614848,scihub:doi,unverified,unverified
31617737,,unverified,unverified
31620910,,unverified,unverified
31622294,scihub:title,unverified,unverified
31627933,scihub:title,unverified,unverified
31628218,,unverified,unverified
31628513,scihub:title,unverified,unverified
31634178,,unverified,unverified
31634183,,unverified,unverified
31638428,,unverified,unverified
31642204,,unverified,unverified
31642964,,unverified,unverified
31646202,,unverified,unverified
31650042,scihub:doi,unverified,unverified
31651118,,unverified,unverified
31652124,,unverified,unverified
31653909,scihub:doi,unverified,unverified
31659643,,unverified,unverified
31667144,,unverified,unverified
31668203,scihub:doi,unverified,unverified
31671766,,unverified,unverified
31675149,,unverified,unverified
31683174,scihub:title,unverified,unverified
31685035,,unverified,unverified
31686200,,unverified,unverified
31687781,scihub:title,unverified,unverified
31690966,,unverified,unverified
31692980,,unverified,unverified
31701309,scihub:doi,unverified,unverified
31703987,,unverified,unverified
31707122,,unverified,unverified
31721221,scihub:doi,unverified,unverified
31723425,,unverified,unverified
31727020,,unverified,unverified
31728763,scihub:title,unverified,unverified
31734709,,unverified,unverified
31737679,,unverified,unverified
31740195,scihub:doi,unverified,unverified
31741026,,unverified,unverified
31747902,,unverified,unverified
31753230,,unverified,unverified
31753232,,unverified,unverified
31753316,,unverified,unverified
31756591,,unverified,unverified
31760186,scihub:title,unverified,unverified
31770851,scihub:title,unverified,unverified
31773520,,unverified,unverified
31776063,,unverified,unverified
31777588,,unverified,unverified
31778396,,unverified,unverified
31779699,,unverified,unverified
31779779,,unverified,unverified
31780392,scihub:doi,unverified,unverified
31784835,,unverified,unverified
31784928,,unverified,unverified
31786652,,unverified,unverified
31786842,scihub:title,unverified,unverified
31788724,,unverified,unverified
31789117,scihub:doi,unverified,unverified
31793850,,unverified,unverified
31794331,scihub:doi,unverified,unverified
31795439,,unverified,unverified
31798332,scihub:doi,unverified,unverified
31801316,scihub:title,unverified,unverified
31802217,scihub:doi,unverified,unverified
31803347,,unverified,unverified
31804271,,unverified,unverified
31807525,scihub:title,unverified,unverified
31819706,,unverified,unverified
31822707,scihub:doi,unverified,unverified
31823293,scihub:doi,unverified,unverified
31828726,,unverified,unverified
31828956,,unverified,unverified
31829424,scihub:doi,unverified,unverified
31832589,,unverified,unverified
31832762,,unverified,unverified
31838580,scihub:doi,unverified,unverified
31842158,,unverified,unverified
31842163,scihub:doi,unverified,unverified
31842797,,unverified,unverified
31847830,,unverified,unverified
31849052,,unverified,unverified
31850231,,unverified,unverified
31850546,,unverified,unverified
31851000,,unverified,unverified
31852830,,unverified,unverified
31857748,scihub:doi,unverified,unverified
31863608,,unverified,unverified
31866109,,unverified,unverified
31867610,,unverified,unverified
31872084,,unverified,unverified
31874527,scihub:title,unverified,unverified
31874528,,unverified,unverified
31882458,,unverified,unverified
31884712,scihub:doi,unverified,unverified
31891748,scihub:doi,unverified,unverified
31892983,,unverified,unverified
31909851,,unverified,unverified
31914112,,unverified,unverified
31915871,scihub:title,unverified,unverified
31920031,,unverified,unverified
31924105,,unverified,unverified
31924339,,unverified,unverified
31929131,,unverified,unverified
31929858,,unverified,unverified
31930169,,unverified,unverified
31931829,,unverified,unverified
31932755,,unverified,unverified
31934352,,unverified,unverified
31939430,scihub:title,unverified,unverified
31939890,,unverified,unverified
31942672,,unverified,unverified
31945621,scihub:doi,unverified,unverified
31949380,,unverified,unverified
31949400,,unverified,unverified
31949924,,unverified,unverified
31949940,,unverified,unverified
31953656,,unverified,unverified
31955552,,unverified,unverified
31955995,scihub:doi,unverified,unverified
31956546,scihub:doi,unverified,unverified
31958923,,unverified,unverified
31960434,scihub:doi,unverified,unverified
31961077,,unverified,unverified
31969833,,unverified,unverified
31976812,,unverified,unverified
31980873,,unverified,unverified
31982206,scihub:doi,unverified,unverified
31982788,,unverified,unverified
31989780,,unverified,unverified
31991031,,unverified,unverified
31995474,scihub:doi,unverified,unverified
32001055,,unverified,unverified
32002474,,unverified,unverified
32005123,,unverified,unverified
32010707,scihub:doi,unverified,unverified
32012108,,unverified,unverified
32016420,scihub:doi,unverified,unverified
32016496,,unverified,unverified
32020526,,unverified,unverified
32027219,,unverified,unverified
32030561,,unverified,unverified
32030912,scihub:doi,unverified,unverified
32032196,,unverified,unverified
32034488,,unverified,unverified
32035757,,unverified,unverified
32039985,scihub:title,unverified,unverified
32043753,,unverified,unverified
32044531,scihub:doi,unverified,unverified
32051917,,unverified,unverified
32053808,scihub:doi,unverified,unverified
32054250,,unverified,unverified
32055993,,unverified,unverified
32061459,,unverified,unverified
32063001,,unverified,unverified
32065902,scihub:doi,unverified,unverified
32067961,,unverified,unverified
32071023,,unverified,unverified
32072254,scihub:doi,unverified,unverified
32072292,,unverified,unverified
32074786,,unverified,unverified
32092684,,unverified,unverified
32092710,,unverified,unverified
32095572,,unverified,unverified
32095790,,unverified,unverified
32095872,scihub:doi,unverified,unverified
32100185,,unverified,unverified
32106682,scihub:title,unverified,unverified
32107687,scihub:doi,unverified,unverified
32109846,,unverified,unverified
32113887,scihub:title,unverified,unverified
32116150,,unverified,unverified
32116286,,unverified,unverified
32121328,scihub:title,unverified,unverified
32122381,,unverified,unverified
32123949,,unverified,unverified
32124049,,unverified,unverified
32124050,,unverified,unverified
32133665,,unverified,unverified
32135486,,unverified,unverified
32138828,scihub:title,unverified,unverified
32140502,,unverified,unverified
32141972,,unverified,unverified
32150094,,unverified,unverified
32152823,scihub:doi,unverified,unverified
32154585,scihub:doi,unverified,unverified
32156907,scihub:title,unverified,unverified
32157025,,unverified,unverified
32157055,scihub:title,unverified,unverified
32164102,,unverified,unverified
32166534,,unverified,unverified
32173832,scihub:title,unverified,unverified
32175110,,unverified,unverified
32178647,scihub:doi,unverified,unverified
32179989,,unverified,unverified
32192301,scihub:title,unverified,unverified
32192302,,unverified,unverified
32192305,,unverified,unverified
32192310,,unverified,unverified
32192490,,unverified,unverified
32192792,,unverified,unverified
32198787,scihub:title,unverified,unverified
32203400,scihub:title,unverified,unverified
32207568,,unverified,unverified
32216127,,unverified,unverified
32216771,scihub:title,unverified,unverified
32222334,,unverified,unverified
32222335,,unverified,unverified
32224071,,unverified,unverified
32224072,,unverified,unverified
32232543,,unverified,unverified
32234900,scihub:title,unverified,unverified
32234911,scihub:title,unverified,unverified
32239978,scihub:title,unverified,unverified
32240411,,unverified,unverified
32247689,scihub:doi,unverified,unverified
32256740,,unverified,unverified
32257050,,unverified,unverified
32264919,,unverified,unverified
32265157,scihub:doi,unverified,unverified
32266979,,unverified,unverified
32268263,,unverified,unverified
32269618,,unverified,unverified
32270317,,unverified,unverified
32270337,scihub:doi,unverified,unverified
32271219,,unverified,unverified
32274435,,unverified,unverified
32277248,,unverified,unverified
32277332,,unverified,unverified
32281254,,unverified,unverified
32285009,,unverified,unverified
32296896,scihub:doi,unverified,unverified
32296933,,unverified,unverified
32297096,scihub:doi,unverified,unverified
32297136,,unverified,unverified
32306605,scihub:title,unverified,unverified
32306613,scihub:title,unverified,unverified
32309354,,unverified,unverified
32313964,,unverified,unverified
32315264,,unverified,unverified
32319859,scihub:doi,unverified,unverified
32328460,scihub:title,unverified,unverified
32328461,scihub:doi,unverified,unverified
32336000,scihub:doi,unverified,unverified
32339781,scihub:doi,unverified,unverified
32342670,scihub:doi,unverified,unverified
32345649,scihub:title,unverified,unverified
32354961,,unverified,unverified
32355671,scihub:doi,unverified,unverified
32361587,,unverified,unverified
32361808,,unverified,unverified
32363115,scihub:doi,unverified,unverified
32366421,,unverified,unverified
32367283,scihub:title,unverified,unverified
32368200,,unverified,unverified
32368877,,unverified,unverified
32375894,,unverified,unverified
32385767,,unverified,unverified
32385797,scihub:title,unverified,unverified
32386109,scihub:doi,unverified,unverified
32387305,scihub:title,unverified,unverified
32399265,scihub:title,unverified,unverified
32410063,,unverified,unverified
32410082,scihub:title,unverified,unverified
32411193,,unverified,unverified
32415197,,unverified,unverified
32416279,scihub:doi,unverified,unverified
32417346,scihub:doi,unverified,unverified
32417349,scihub:title,unverified,unverified
32424463,scihub:title,unverified,unverified
32425093,,unverified,unverified
32426097,,unverified,unverified
32430619,,unverified,unverified
32436450,,unverified,unverified
32443182,,unverified,unverified
32446431,,unverified,unverified
32448741,,unverified,unverified
32451647,,unverified,unverified
32460785,,unverified,unverified
32462386,europepmc:pdf,unverified,unverified
32471382,,unverified,unverified
32476295,,unverified,unverified
32476744,,unverified,unverified
32476800,,unverified,unverified
32477930,,unverified,unverified
32484427,,unverified,unverified
32487643,,unverified,unverified
32487684,scihub:title,unverified,unverified
32488420,scihub:title,unverified,unverified
32495710,,unverified,unverified
32500192,,unverified,unverified
32506534,,unverified,unverified
32512507,,unverified,unverified
32514447,,unverified,unverified
32517871,scihub:title,unverified,unverified
32519956,scihub:title,unverified,unverified
32520954,scihub:doi,unverified,unverified
32521974,,unverified,unverified
32521977,,unverified,unverified
32522084,scihub:title,unverified,unverified
32523318,scihub:title,unverified,unverified
32524461,,unverified,unverified
32524685,,unverified,unverified
32524782,,unverified,unverified
32536776,,unverified,unverified
32540336,,unverified,unverified
32544967,,unverified,unverified
32548618,scihub:doi,unverified,unverified
32551030,scihub:title,unverified,unverified
32551426,scihub:title,unverified,unverified
32556696,,unverified,unverified
32557898,scihub:title,unverified,unverified
32558716,,unverified,unverified
32560632,,unverified,unverified
32561971,scihub:title,unverified,unverified
32564236,,unverified,unverified
32565539,,unverified,unverified
32567593,,unverified,unverified
32568477,,unverified,unverified
32569727,,unverified,unverified
32571310,,unverified,unverified
32575082,scihub:title,unverified,unverified
32575937,,unverified,unverified
32576929,,unverified,unverified
32577580,scihub:title,unverified,unverified
32583145,,unverified,unverified
32592369,,unverified,unverified
32594270,,unverified,unverified
32594660,,unverified,unverified
32599443,,unverified,unverified
32604082,,unverified,unverified
32606172,,unverified,unverified
32614238,,unverified,unverified
32620303,,unverified,unverified
32620457,scihub:title,unverified,unverified
32621010,,unverified,unverified
32622667,scihub:doi,unverified,unverified
32623536,scihub:doi,unverified,unverified
32624161,scihub:title,unverified,unverified
32627312,,unverified,unverified
32632501,,unverified,unverified
32639283,scihub:doi,unverified,unverified
32639563,,unverified,unverified
32639566,scihub:title,unverified,unverified
32641080,,unverified,unverified
32650119,,unverified,unverified
32652320,,unverified,unverified
32653003,,unverified,unverified
32654177,scihub:title,unverified,unverified
32654417,,unverified,unverified
32655115,scihub:title,unverified,unverified
32661298,scihub:title,unverified,unverified
32662098,scihub:doi,unverified,unverified
32665546,,unverified,unverified
32666360,,unverified,unverified
32669377,scihub:title,unverified,unverified
32671989,,unverified,unverified
32674345,,unverified,unverified
32683831,,unverified,unverified
32684743,,unverified,unverified
32685211,scihub:title,unverified,unverified
32686268,,unverified,unverified
32690604,scihub:doi,unverified,unverified
32691110,scihub:doi,unverified,unverified
32691169,,unverified,unverified
32691542,,unverified,unverified
32694005,,unverified,unverified
32695381,scihub:doi,unverified,unverified
32697965,,unverified,unverified
32700214,,unverified,unverified
32702181,,unverified,unverified
32705734,,unverified,unverified
32711542,,unverified,unverified
32712007,,unverified,unverified
32712044,scihub:doi,unverified,unverified
32712447,,unverified,unverified
32712705,europepmc:pdf,unverified,unverified
32718795,,unverified,unverified
32722082,scihub:doi,unverified,unverified
32724164,scihub:doi,unverified,unverified
32727187,,unverified,unverified
32727189,,unverified,unverified
32727190,,unverified,unverified
32729045,,unverified,unverified
32732599,,unverified,unverified
32734476,,unverified,unverified
32738130,scihub:title,unverified,unverified
32740734,,unverified,unverified
32740816,scihub:doi,unverified,unverified
32747144,,unverified,unverified
32754842,,unverified,unverified
32758641,scihub:doi,unverified,unverified
32761428,scihub:doi,unverified,unverified
32762144,,unverified,unverified
32763060,scihub:doi,unverified,unverified
32767224,scihub:doi,unverified,unverified
32768009,scihub:doi,unverified,unverified
32775087,,unverified,unverified
32782478,,unverified,unverified
32786027,scihub:doi,unverified,unverified
32789755,scihub:doi,unverified,unverified
32791449,,unverified,unverified
32793726,scihub:doi,unverified,unverified
32794029,scihub:doi,unverified,unverified
32800528,,unverified,unverified
32802814,,unverified,unverified
32806731,,unverified,unverified
32810050,,unverified,unverified
32810348,scihub:doi,unverified,unverified
32810945,,unverified,unverified
32813028,,unverified,unverified
32825969,scihub:doi,unverified,unverified
32829150,scihub:doi,unverified,unverified
32829364,,unverified,unverified
32830799,scihub:doi,unverified,unverified
32832093,scihub:title,unverified,unverified
32833198,europepmc:pdf,unverified,unverified
32837519,,unverified,unverified
32839078,scihub:doi,unverified,unverified
32842421,,unverified,unverified
32842423,,unverified,unverified
32842424,,unverified,unverified
32842425,,unverified,unverified
32842427,,unverified,unverified
32842428,scihub:title,unverified,unverified
32848330,scihub:title,unverified,unverified
32850437,,unverified,unverified
32854730,scihub:title,unverified,unverified
32855399,scihub:doi,unverified,unverified
32855716,,unverified,unverified
32857614,scihub:title,unverified,unverified
32860448,,unverified,unverified
32862340,,unverified,unverified
32862586,,unverified,unverified
32864790,,unverified,unverified
32866283,scihub:title,unverified,unverified
32870132,,unverified,unverified
32870349,scihub:title,unverified,unverified
32871838,,unverified,unverified
32873308,scihub:doi,unverified,unverified
32877210,scihub:title,unverified,unverified
32880782,,unverified,unverified
32884036,scihub:doi,unverified,unverified
32884350,,unverified,unverified
32885328,scihub:doi,unverified,unverified
32889250,scihub:title,unverified,unverified
32890612,scihub:doi,unverified,unverified
32892128,scihub:doi,unverified,unverified
32898334,scihub:doi,unverified,unverified
32902708,,unverified,unverified
32905955,,unverified,unverified
32915336,scihub:doi,unverified,unverified
32926212,scihub:doi,unverified,unverified
32927959,,unverified,unverified
32928609,scihub:title,unverified,unverified
32936419,,unverified,unverified
32940753,scihub:doi,unverified,unverified
32940755,,unverified,unverified
32941279,,unverified,unverified
32947092,,unverified,unverified
32949276,,unverified,unverified
32951129,,unverified,unverified
32952346,,unverified,unverified
32955607,scihub:title,unverified,unverified
32958137,,unverified,unverified
32968361,,unverified,unverified
32968367,,unverified,unverified
32969877,scihub:title,unverified,unverified
32970178,scihub:doi,unverified,unverified
32972094,europepmc:pdf,unverified,unverified
32974055,scihub:doi,unverified,unverified
32974154,,unverified,unverified
32975646,scihub:title,unverified,unverified
32976874,,unverified,unverified
32976875,scihub:doi,unverified,unverified
32978664,,unverified,unverified
32978993,,unverified,unverified
32986174,scihub:title,unverified,unverified
32987202,,unverified,unverified
32988915,,unverified,unverified
32991218,,unverified,unverified
32993251,,unverified,unverified
32995044,,unverified,unverified
32996713,scihub:doi,unverified,unverified
32997900,,unverified,unverified
33002647,scihub:title,unverified,unverified
33003615,europepmc:pdf,unverified,unverified
33004026,europepmc:pdf,unverified,unverified
33006668,europepmc:pdf,unverified,unverified
33006704,europepmc:pdf,unverified,unverified
33011045,scihub:doi,unverified,unverified
33014786,scihub:doi,unverified,unverified
33023215,scihub:doi,unverified,unverified
33023818,,unverified,unverified
33024513,scihub:title,unverified,unverified
33031464,scihub:doi,unverified,unverified
33033006,scihub:title,unverified,unverified
33033081,europepmc:pdf,unverified,unverified
33034673,,unverified,unverified
33036648,scihub:doi,unverified,unverified
33038847,scihub:doi,unverified,unverified
33047211,scihub:doi,unverified,unverified
33051425,,unverified,unverified
33054291,scihub:title,unverified,unverified
33059647,scihub:title,unverified,unverified
33060876,europepmc:pdf,unverified,unverified
33064623,,unverified,unverified
33065186,,unverified,unverified
33080736,europepmc:pdf,unverified,unverified
33081663,,unverified,unverified
33083648,europepmc:pdf,unverified,unverified
33097436,,unverified,unverified
33100931,europepmc:pdf,unverified,unverified
33102603,scihub:doi,unverified,unverified
33102780,scihub:doi,unverified,unverified
33107816,scihub:doi,unverified,unverified
33108881,scihub:title,unverified,unverified
33111189,,unverified,unverified
33117678,scihub:title,unverified,unverified
33118384,scihub:doi,unverified,unverified
33119406,scihub:title,unverified,unverified
33120239,scihub:title,unverified,unverified
33121263,scihub:title,unverified,unverified
33121903,,unverified,unverified
33125558,scihub:title,unverified,unverified
33129352,scihub:title,unverified,unverified
33135127,,unverified,unverified
33150976,scihub:doi,unverified,unverified
33151359,,unverified,unverified
33153929,scihub:title,unverified,unverified
33154671,scihub:title,unverified,unverified
33156126,europepmc:pdf,unverified,unverified
33156543,scihub:doi,unverified,unverified
33158448,europepmc:pdf,unverified,unverified
33162315,scihub:doi,unverified,unverified
33162318,scihub:title,unverified,unverified
33169626,scihub:title,unverified,unverified
33170102,scihub:title,unverified,unverified
33172475,europepmc:pdf,unverified,unverified
33174810,europepmc:pdf,unverified,unverified
33178735,europepmc:pdf,unverified,unverified
33180166,scihub:title,unverified,unverified
33184703,scihub:title,unverified,unverified
33185752,,unverified,unverified
33189492,scihub:doi,unverified,unverified
33189550,scihub:doi,unverified,unverified
33190987,scihub:doi,unverified,unverified
33194091,scihub:title,unverified,unverified
33194651,scihub:title,unverified,unverified
33194680,europepmc:pdf,unverified,unverified
33194696,scihub:title,unverified,unverified
33207287,scihub:doi,unverified,unverified
33211264,,unverified,unverified
33212555,,unverified,unverified
33220397,,unverified,unverified
33222732,,unverified,unverified
33223969,scihub:title,unverified,unverified
33230658,scihub:doi,unverified,unverified
33238384,europepmc:pdf,unverified,unverified
33241428,scihub:title,unverified,unverified
33243105,,unverified,unverified
33253194,europepmc:pdf,unverified,unverified
33256671,europepmc:pdf,unverified,unverified
33263225,europepmc:pdf,unverified,unverified
33264638,scihub:doi,unverified,unverified
33281411,scihub:title,unverified,unverified
33287114,scihub:doi,unverified,unverified
33289435,scihub:doi,unverified,unverified
33295140,europepmc:pdf,unverified,unverified
33295813,,unverified,unverified
33299281,scihub:doi,unverified,unverified
33300090,scihub:doi,unverified,unverified
33301740,,unverified,unverified
33305090,europepmc:pdf,unverified,unverified
33306533,,unverified,unverified
33316358,,unverified,unverified
33319450,,unverified,unverified
33327030,,unverified,unverified
33336086,europepmc:pdf,unverified,unverified
33336723,,unverified,unverified
33340423,,unverified,unverified
33344243,europepmc:pdf,unverified,unverified
33346333,scihub:title,unverified,unverified
33347089,,unverified,unverified
33349519,scihub:title,unverified,unverified
33353272,,unverified,unverified
33356679,,unverified,unverified
33369829,,unverified,unverified
33375133,scihub:doi,unverified,unverified
33377582,,unverified,unverified
33379270,europepmc:pdf,unverified,unverified
33386222,,unverified,unverified
33395141,scihub:title,unverified,unverified
33402312,,unverified,unverified
33402599,scihub:title,unverified,unverified
33404195,scihub:title,unverified,unverified
33416990,,unverified,unverified
33418008,scihub:doi,unverified,unverified
33420827,europepmc:pdf,unverified,unverified
33421885,scihub:doi,unverified,unverified
33423883,scihub:title,unverified,unverified
33428144,scihub:doi,unverified,unverified
33430884,scihub:title,unverified,unverified
33434612,,unverified,unverified
33436026,scihub:title,unverified,unverified
33438677,,unverified,unverified
33446352,scihub:doi,unverified,unverified
33449186,scihub:doi,unverified,unverified
33452859,scihub:doi,unverified,unverified
33454799,,unverified,unverified
33458263,,unverified,unverified
33458406,,unverified,unverified
33466369,europepmc:pdf,unverified,unverified
33468176,scihub:title,unverified,unverified
33468818,,unverified,unverified
33468922,,unverified,unverified
33472330,scihub:title,unverified,unverified
33472660,scihub:title,unverified,unverified
33481641,scihub:title,unverified,unverified
33483190,,unverified,unverified
33491979,,unverified,unverified
33495878,,unverified,unverified
33501511,,unverified,unverified
33513450,,unverified,unverified
33517562,europepmc:pdf,unverified,unverified
33519233,europepmc:pdf,unverified,unverified
33533932,scihub:title,unverified,unverified
33537238,europepmc:pdf,unverified,unverified
33539412,europepmc:pdf,unverified,unverified
33542427,europepmc:pdf,unverified,unverified
33543320,scihub:doi,unverified,unverified
33545708,scihub:title,unverified,unverified
33551318,,unverified,unverified
33552943,europepmc:pdf,unverified,unverified
33554440,,unverified,unverified
33561899,,unverified,unverified
33567120,,unverified,unverified
33569436,scihub:title,unverified,unverified
33569624,,unverified,unverified
33570769,scihub:doi,unverified,unverified
33573925,scihub:title,unverified,unverified
33585985,,unverified,unverified
33588018,,unverified,unverified
33590632,scihub:doi,unverified,unverified
33591043,scihub:title,unverified,unverified
33591799,europepmc:pdf,unverified,unverified
33593304,europepmc:pdf,unverified,unverified
33601486,,unverified,unverified
33606129,scihub:doi,unverified,unverified
33614500,europepmc:pdf,unverified,unverified
33616168,europepmc:pdf,unverified,unverified
33616737,scihub:doi,unverified,unverified
33618522,scihub:title,unverified,unverified
33626193,,unverified,unverified
33628729,scihub:title,unverified,unverified
33638682,,unverified,unverified
33639954,scihub:doi,unverified,unverified
33643920,scihub:title,unverified,unverified
33646452,scihub:doi,unverified,unverified
33650664,scihub:title,unverified,unverified
33651124,,unverified,unverified
33651265,,unverified,unverified
33655700,,unverified,unverified
33661231,,unverified,unverified
33662962,,unverified,unverified
33665727,scihub:title,unverified,unverified
33675509,scihub:doi,unverified,unverified
33676825,scihub:title,unverified,unverified
33680919,europepmc:pdf,unverified,unverified
33686147,scihub:title,unverified,unverified
33686457,scihub:title,unverified,unverified
33686499,,unverified,unverified
33708844,europepmc:pdf,unverified,unverified
33710416,europepmc:pdf,unverified,unverified
33710824,scihub:title,unverified,unverified
33711144,scihub:title,unverified,unverified
33721764,scihub:title,unverified,unverified
33721766,,unverified,unverified
33723133,scihub:title,unverified,unverified
33725387,,unverified,unverified
33731051,scihub:doi,unverified,unverified
33741467,scihub:title,unverified,unverified
33741470,,unverified,unverified
33742219,scihub:doi,unverified,unverified
33742231,scihub:doi,unverified,unverified
33743017,,unverified,unverified
33744506,,unverified,unverified
33747528,europepmc:pdf,unverified,unverified
33750342,scihub:doi,unverified,unverified
33753156,,unverified,unverified
33759582,europepmc:pdf,unverified,unverified
33763362,europepmc:pdf,unverified,unverified
33764331,,unverified,unverified
33767170,europepmc:pdf,unverified,unverified
33779742,scihub:title,unverified,unverified
33783361,europepmc:pdf,unverified,unverified
33784413,,unverified,unverified
33786121,europepmc:pdf,unverified,unverified
33792823,europepmc:pdf,unverified,unverified
33797468,scihub:title,unverified,unverified
33799076,,unverified,unverified
33799475,europepmc:pdf,unverified,unverified
33812778,,unverified,unverified
33813405,scihub:title,unverified,unverified
33818750,scihub:doi,unverified,unverified
33821350,,unverified,unverified
33825016,,unverified,unverified
33825830,scihub:title,unverified,unverified
33827704,europepmc:pdf,unverified,unverified
33829708,europepmc:pdf,unverified,unverified
33833581,scihub:title,unverified,unverified
33837383,scihub:title,unverified,unverified
33837843,scihub:title,unverified,unverified
33838677,scihub:doi,unverified,unverified
33842316,scihub:title,unverified,unverified
33849560,scihub:doi,unverified,unverified
33858643,scihub:doi,unverified,unverified
33858644,scihub:doi,unverified,unverified
33858645,,unverified,unverified
33859937,europepmc:pdf,unverified,unverified
33862000,,unverified,unverified
33866728,scihub:title,unverified,unverified
33872284,scihub:title,unverified,unverified
33878823,scihub:title,unverified,unverified
33878826,scihub:title,unverified,unverified
33880066,europepmc:pdf,unverified,unverified
33881224,,unverified,unverified
33881553,scihub:title,unverified,unverified
33882087,scihub:title,unverified,unverified
33888074,scihub:doi,unverified,unverified
33893541,,unverified,unverified
33894058,,unverified,unverified
33898901,europepmc:pdf,unverified,unverified
33900009,scihub:doi,unverified,unverified
33900676,,unverified,unverified
33901863,,unverified,unverified
33902088,scihub:title,unverified,unverified
33905979,,unverified,unverified
33906249,scihub:title,unverified,unverified
33909106,scihub:title,unverified,unverified
33915618,,unverified,unverified
33922483,scihub:doi,unverified,unverified
33924854,europepmc:pdf,unverified,unverified
33925250,europepmc:pdf,unverified,unverified
33926780,scihub:doi,unverified,unverified
33927293,europepmc:pdf,unverified,unverified
33932256,europepmc:pdf,unverified,unverified
33936322,europepmc:pdf,unverified,unverified
33936966,europepmc:pdf,unverified,unverified
33937558,europepmc:pdf,unverified,unverified
33941817,europepmc:pdf,unverified,unverified
33945023,scihub:title,unverified,unverified
33948299,europepmc:pdf,unverified,unverified
33948903,,unverified,unverified
33949327,,unverified,unverified
33949877,scihub:title,unverified,unverified
33950515,,unverified,unverified
33952435,scihub:title,unverified,unverified
33952471,scihub:title,unverified,unverified
33960865,scihub:doi,unverified,unverified
33962569,scihub:doi,unverified,unverified
33963369,europepmc:pdf,unverified,unverified
33963688,europepmc:pdf,unverified,unverified
33971571,scihub:doi,unverified,unverified
33976755,scihub:title,unverified,unverified
33990500,,unverified,unverified
33992498,scihub:title,unverified,unverified
33993333,,unverified,unverified
34001462,scihub:title,unverified,unverified
34003118,scihub:title,unverified,unverified
34003351,scihub:title,unverified,unverified
34019434,europepmc:pdf,unverified,unverified
34020051,,unverified,unverified
34024807,scihub:doi,unverified,unverified
34025068,europepmc:pdf,unverified,unverified
34025732,scihub:title,unverified,unverified
34026605,scihub:title,unverified,unverified
34030644,scihub:title,unverified,unverified
34030921,,unverified,unverified
34039436,scihub:doi,unverified,unverified
34041033,scihub:title,unverified,unverified
34041663,scihub:doi,unverified,unverified
34047530,,unverified,unverified
34051043,scihub:doi,unverified,unverified
34057809,scihub:doi,unverified,unverified
34075899,scihub:title,unverified,unverified
34079717,europepmc:pdf,unverified,unverified
34079725,europepmc:pdf,unverified,unverified
34080389,,unverified,unverified
34081158,europepmc:pdf,unverified,unverified
34081292,,unverified,unverified
34081769,,unverified,unverified
34083312,scihub:title,unverified,unverified
34089596,europepmc:pdf,unverified,unverified
34090014,,unverified,unverified
34093918,europepmc:pdf,unverified,unverified
34098631,europepmc:pdf,unverified,unverified
34102679,,unverified,unverified
34103987,europepmc:pdf,unverified,unverified
34109120,europepmc:pdf,unverified,unverified
34109555,,unverified,unverified
34111760,scihub:doi,unverified,unverified
34112180,scihub:doi,unverified,unverified
34116856,scihub:title,unverified,unverified
34119593,,unverified,unverified
34120894,,unverified,unverified
34125271,,unverified,unverified
34126137,scihub:doi,unverified,unverified
34132075,europepmc:pdf,unverified,unverified
34136391,europepmc:pdf,unverified,unverified
34139211,,unverified,unverified
34144078,scihub:title,unverified,unverified
34146635,scihub:title,unverified,unverified
34148136,,unverified,unverified
34148312,scihub:title,unverified,unverified
34148319,scihub:title,unverified,unverified
34155222,europepmc:pdf,unverified,unverified
34157214,,unverified,unverified
34157487,europepmc:pdf,unverified,unverified
34162410,scihub:title,unverified,unverified
34163249,scihub:title,unverified,unverified
34172021,europepmc:pdf,unverified,unverified
34174109,scihub:title,unverified,unverified
34181153,scihub:doi,unverified,unverified
34182013,,unverified,unverified
34184127,scihub:title,unverified,unverified
34185174,scihub:title,unverified,unverified
34192475,scihub:title,unverified,unverified
34202891,scihub:doi,unverified,unverified
34211077,scihub:title,unverified,unverified
34215310,scihub:doi,unverified,unverified
34222567,europepmc:pdf,unverified,unverified
34228808,scihub:title,unverified,unverified
34231164,,unverified,unverified
34233606,europepmc:pdf,unverified,unverified
34239446,europepmc:pdf,unverified,unverified
34243201,,unverified,unverified
34244951,scihub:title,unverified,unverified
34246493,,unverified,unverified
34249757,europepmc:pdf,unverified,unverified
34255243,,unverified,unverified
34258404,scihub:doi,unverified,unverified
34265357,scihub:title,unverified,unverified
34269805,scihub:title,unverified,unverified
34270097,scihub:doi,unverified,unverified
34273596,scihub:title,unverified,unverified
34277445,europepmc:pdf,unverified,unverified
34280404,,unverified,unverified
34281860,scihub:title,unverified,unverified
34284904,scihub:title,unverified,unverified
34285284,europepmc:pdf,unverified,unverified
34285586,europepmc:pdf,unverified,unverified
34289546,scihub:title,unverified,unverified
34295545,europepmc:pdf,unverified,unverified
34298695,europepmc:pdf,unverified,unverified
34298803,scihub:title,unverified,unverified
34301300,europepmc:pdf,unverified,unverified
34302510,,unverified,unverified
34303149,,unverified,unverified
34306122,europepmc:pdf,unverified,unverified
34307164,europepmc:pdf,unverified,unverified
34307922,scihub:doi,unverified,unverified
34309711,,unverified,unverified
34321845,europepmc:pdf,unverified,unverified
34323052,scihub:title,unverified,unverified
34327144,europepmc:pdf,unverified,unverified
34327411,europepmc:pdf,unverified,unverified
34327580,scihub:title,unverified,unverified
34330811,,unverified,unverified
34335762,europepmc:pdf,unverified,unverified
34336663,europepmc:pdf,unverified,unverified
34336808,europepmc:pdf,unverified,unverified
34337027,europepmc:pdf,unverified,unverified
34338870,scihub:doi,unverified,unverified
34343402,scihub:doi,unverified,unverified
34351625,scihub:title,unverified,unverified
34359661,europepmc:pdf,unverified,unverified
34367318,scihub:title,unverified,unverified
34370093,scihub:title,unverified,unverified
34370125,,unverified,unverified
34370279,,unverified,unverified
34373961,scihub:title,unverified,unverified
34379866,,unverified,unverified
34380428,europepmc:pdf,unverified,unverified
34382121,,unverified,unverified
34386458,scihub:title,unverified,unverified
34391053,,unverified,unverified
34395261,europepmc:pdf,unverified,unverified
34395262,europepmc:pdf,unverified,unverified
34399445,,unverified,unverified
34399812,europepmc:pdf,unverified,unverified
34401534,europepmc:pdf,unverified,unverified
34402948,scihub:doi,unverified,unverified
34404028,,unverified,unverified
34412187,scihub:title,unverified,unverified
34414105,europepmc:pdf,unverified,unverified
34420097,scihub:title,unverified,unverified
34421090,,unverified,unverified
34422664,europepmc:pdf,unverified,unverified
34423347,scihub:title,unverified,unverified
34427742,scihub:title,unverified,unverified
34427972,europepmc:pdf,unverified,unverified
34435447,,unverified,unverified
34441441,europepmc:pdf,unverified,unverified
34448379,scihub:title,unverified,unverified
34450532,europepmc:pdf,unverified,unverified
34459085,scihub:doi,unverified,unverified
34459446,,unverified,unverified
34462657,scihub:title,unverified,unverified
34464382,europepmc:pdf,unverified,unverified
34466668,scihub:doi,unverified,unverified
34469907,scihub:title,unverified,unverified
34471502,europepmc:pdf,unverified,unverified
34472012,,unverified,unverified
34475997,europepmc:pdf,unverified,unverified
34482429,,unverified,unverified
34485136,scihub:title,unverified,unverified
34487231,europepmc:pdf,unverified,unverified
34490529,,unverified,unverified
34491607,,unverified,unverified
34508014,scihub:title,unverified,unverified
34508016,scihub:title,unverified,unverified
34517303,scihub:title,unverified,unverified
34519451,,unverified,unverified
34529332,europepmc:pdf,unverified,unverified
34536962,scihub:doi,unverified,unverified
34539134,scihub:title,unverified,unverified
34539577,europepmc:pdf,unverified,unverified
34540954,europepmc:pdf,unverified,unverified
34562744,scihub:title,unverified,unverified
34565338,scihub:title,unverified,unverified
34565601,,unverified,unverified
34567237,europepmc:pdf,unverified,unverified
34583878,,unverified,unverified
34584334,europepmc:pdf,unverified,unverified
34585288,,unverified,unverified
34588755,scihub:title,unverified,unverified
34589364,europepmc:pdf,unverified,unverified
34591119,europepmc:pdf,unverified,unverified
34593418,scihub:title,unverified,unverified
34597228,scihub:title,unverified,unverified
34601782,,unverified,unverified
34601837,scihub:title,unverified,unverified
34605966,,unverified,unverified
34605968,scihub:doi,unverified,unverified
34608641,scihub:title,unverified,unverified
34616523,europepmc:pdf,unverified,unverified
34621476,europepmc:pdf,unverified,unverified
34621477,scihub:title,unverified,unverified
34638278,europepmc:pdf,unverified,unverified
34642794,scihub:doi,unverified,unverified
34643781,,unverified,unverified
34646765,europepmc:pdf,unverified,unverified
34646968,europepmc:pdf,unverified,unverified
34653047,,unverified,unverified
34653579,,unverified,unverified
34655313,europepmc:pdf,unverified,unverified
34656100,scihub:title,unverified,unverified
34657076,scihub:title,unverified,unverified
34660054,scihub:title,unverified,unverified
34660266,scihub:title,unverified,unverified
34661871,,unverified,unverified
34662082,,unverified,unverified
34665287,,unverified,unverified
34670136,,unverified,unverified
34671421,scihub:title,unverified,unverified
34672343,europepmc:pdf,unverified,unverified
34673995,,unverified,unverified
34674464,,unverified,unverified
34674666,europepmc:pdf,unverified,unverified
34676170,europepmc:pdf,unverified,unverified
34679494,europepmc:pdf,unverified,unverified
34680269,europepmc:pdf,unverified,unverified
34684080,europepmc:pdf,unverified,unverified
34686474,scihub:doi,unverified,unverified
34686879,europepmc:pdf,unverified,unverified
34687138,europepmc:pdf,unverified,unverified
34691237,scihub:title,unverified,unverified
34695849,,unverified,unverified
34704187,europepmc:pdf,unverified,unverified
34704470,,unverified,unverified
34707015,scihub:title,unverified,unverified
34708001,scihub:title,unverified,unverified
34717261,scihub:title,unverified,unverified
34720528,scihub:title,unverified,unverified
34721774,europepmc:pdf,unverified,unverified
34722724,scihub:doi,unverified,unverified
34723622,scihub:title,unverified,unverified
34725772,scihub:doi,unverified,unverified
34733283,scihub:title,unverified,unverified
34733785,scihub:title,unverified,unverified
34741081,scihub:doi,unverified,unverified
34741193,,unverified,unverified
34749245,,unverified,unverified
34749854,,unverified,unverified
34753891,scihub:title,unverified,unverified
34755248,scihub:doi,unverified,unverified
34759242,,unverified,unverified
34759247,scihub:title,unverified,unverified
34766204,scihub:title,unverified,unverified
34783610,,unverified,unverified
34785927,scihub:title,unverified,unverified
34786390,europepmc:pdf,unverified,unverified
34790298,europepmc:pdf,unverified,unverified
34792107,europepmc:pdf,unverified,unverified
34792915,scihub:title,unverified,unverified
34794932,scihub:title,unverified,unverified
34802713,,unverified,unverified
34802716,scihub:title,unverified,unverified
34802905,scihub:title,unverified,unverified
34803147,scihub:title,unverified,unverified
34805260,europepmc:pdf,unverified,unverified
34806195,scihub:doi,unverified,unverified
34808559,,unverified,unverified
34809615,europepmc:pdf,unverified,unverified
34811396,europepmc:pdf,unverified,unverified
34811957,europepmc:pdf,unverified,unverified
34814260,scihub:title,unverified,unverified
34815142,,unverified,unverified
34815634,europepmc:pdf,unverified,unverified
34816321,,unverified,unverified
34817170,,unverified,unverified
34817508,scihub:title,unverified,unverified
34823298,,unverified,unverified
34823300,,unverified,unverified
34823301,,unverified,unverified
34826772,scihub:title,unverified,unverified
34829310,europepmc:pdf,unverified,unverified
34836989,europepmc:pdf,unverified,unverified
34839213,scihub:title,unverified,unverified
34839573,,unverified,unverified
34840301,,unverified,unverified
34842978,scihub:doi,unverified,unverified
34844171,,unverified,unverified
34854927,,unverified,unverified
34858737,europepmc:pdf,unverified,unverified
34858808,scihub:title,unverified,unverified
34858841,scihub:title,unverified,unverified
34860243,scihub:title,unverified,unverified
34865190,scihub:doi,unverified,unverified
34866405,europepmc:pdf,unverified,unverified
34868947,scihub:title,unverified,unverified
34869040,scihub:title,unverified,unverified
34869567,europepmc:pdf,unverified,unverified
34871292,scihub:title,unverified,unverified
34876924,scihub:title,unverified,unverified
34880974,europepmc:pdf,unverified,unverified
34889037,europepmc:pdf,unverified,unverified
34894932,,unverified,unverified
34895419,,unverified,unverified
34895835,scihub:doi,unverified,unverified
34895852,,unverified,unverified
34898363,scihub:doi,unverified,unverified
34901474,europepmc:pdf,unverified,unverified
34907986,,unverified,unverified
34907988,,unverified,unverified
34912724,europepmc:pdf,unverified,unverified
34913210,scihub:title,unverified,unverified
34917137,europepmc:pdf,unverified,unverified
34917505,europepmc:pdf,unverified,unverified
34918621,,unverified,unverified
34922118,scihub:doi,unverified,unverified
34922810,scihub:title,unverified,unverified
34926480,europepmc:pdf,unverified,unverified
34926566,scihub:title,unverified,unverified
34928715,,unverified,unverified
34931986,,unverified,unverified
34935061,europepmc:pdf,unverified,unverified
34937089,,unverified,unverified
34942281,,unverified,unverified
34944970,europepmc:pdf,unverified,unverified
34946287,scihub:title,unverified,unverified
34952679,,unverified,unverified
34953708,,unverified,unverified
34953935,,unverified,unverified
34954863,,unverified,unverified
34954921,,unverified,unverified
34955416,,unverified,unverified
34956868,europepmc:pdf,unverified,unverified
34956893,europepmc:pdf,unverified,unverified
34958406,,unverified,unverified
34961302,europepmc:pdf,unverified,unverified
34961658,,unverified,unverified
34961711,,unverified,unverified
34961731,,unverified,unverified
34966777,europepmc:pdf,unverified,unverified
34967092,,unverified,unverified
34981341,,unverified,unverified
34982367,,unverified,unverified
34986842,europepmc:pdf,unverified,unverified
34986999,,unverified,unverified
34988741,,unverified,unverified
34990431,scihub:title,unverified,unverified
34990984,,unverified,unverified
34994044,,unverified,unverified
34997304,europepmc:pdf,unverified,unverified
34998098,,unverified,unverified
35001364,scihub:title,unverified,unverified
35001478,,unverified,unverified
35003742,europepmc:pdf,unverified,unverified
35017368,scihub:title,unverified,unverified
35018217,scihub:title,unverified,unverified
35024729,scihub:title,unverified,unverified
35026621,,unverified,unverified
35028011,scihub:title,unverified,unverified
35029304,,unverified,unverified
35032331,,unverified,unverified
35033008,scihub:title,unverified,unverified
35036637,europepmc:pdf,unverified,unverified
35040944,europepmc:pdf,unverified,unverified
35043971,,unverified,unverified
35044586,,unverified,unverified
35045353,scihub:doi,unverified,unverified
35047400,europepmc:pdf,unverified,unverified
35064299,,unverified,unverified
35065641,europepmc:pdf,unverified,unverified
35067032,scihub:title,unverified,unverified
35067501,scihub:title,unverified,unverified
35067545,scihub:title,unverified,unverified
35070064,europepmc:pdf,unverified,unverified
35070078,europepmc:pdf,unverified,unverified
35071450,europepmc:pdf,unverified,unverified
35078629,,unverified,unverified
35082090,,unverified,unverified
35083567,,unverified,unverified
35085099,scihub:doi,unverified,unverified
35086111,,unverified,unverified
35090079,,unverified,unverified
35090178,,unverified,unverified
35092916,scihub:doi,unverified,unverified
35093274,,unverified,unverified
35094470,,unverified,unverified
35106419,europepmc:pdf,unverified,unverified
35107589,,unverified,unverified
35110885,europepmc:pdf,unverified,unverified
35117393,scihub:doi,unverified,unverified
35120843,,unverified,unverified
35125321,,unverified,unverified
35127518,europepmc:pdf,unverified,unverified
35133200,,unverified,unverified
35133201,,unverified,unverified
35135747,,unverified,unverified
35137930,,unverified,unverified
35142001,,unverified,unverified
35144092,europepmc:pdf,unverified,unverified
35146224,europepmc:pdf,unverified,unverified
35151714,,unverified,unverified
35155538,europepmc:pdf,unverified,unverified
35165905,,unverified,unverified
35166221,scihub:title,unverified,unverified
35166227,scihub:title,unverified,unverified
35166938,,unverified,unverified
35169218,europepmc:pdf,unverified,unverified
35170546,,unverified,unverified
35175014,,unverified,unverified
35183541,,unverified,unverified
35191540,,unverified,unverified
35194919,scihub:title,unverified,unverified
35200561,europepmc:pdf,unverified,unverified
35200577,europepmc:pdf,unverified,unverified
35201442,europepmc:pdf,unverified,unverified
35205695,europepmc:pdf,unverified,unverified
35205826,europepmc:pdf,unverified,unverified
35211413,europepmc:pdf,unverified,unverified
35212821,scihub:title,unverified,unverified
35216571,europepmc:pdf,unverified,unverified
35216606,scihub:title,unverified,unverified
35218137,scihub:title,unverified,unverified
35220979,europepmc:pdf,unverified,unverified
35223087,scihub:title,unverified,unverified
35230505,,unverified,unverified
35231978,scihub:title,unverified,unverified
35232305,scihub:title,unverified,unverified
35232375,scihub:title,unverified,unverified
35232427,scihub:title,unverified,unverified
35236080,,unverified,unverified
35237107,europepmc:pdf,unverified,unverified
35239529,,unverified,unverified
35240976,europepmc:pdf,unverified,unverified
35242447,europepmc:pdf,unverified,unverified
35244965,scihub:title,unverified,unverified
35254485,europepmc:pdf,unverified,unverified
35256274,,unverified,unverified
35258255,,unverified,unverified
35267621,europepmc:pdf,unverified,unverified
35272899,,unverified,unverified
35274187,europepmc:pdf,unverified,unverified
35277966,europepmc:pdf,unverified,unverified
35280723,europepmc:pdf,unverified,unverified
35280799,europepmc:pdf,unverified,unverified
35284662,europepmc:pdf,unverified,unverified
35287607,europepmc:pdf,unverified,unverified
35289240,,unverified,unverified
35299114,,unverified,unverified
35303919,europepmc:pdf,unverified,unverified
35304396,scihub:title,unverified,unverified
35311135,scihub:title,unverified,unverified
35312962,,unverified,unverified
35317416,scihub:title,unverified,unverified
35318364,europepmc:pdf,unverified,unverified
35319077,scihub:title,unverified,unverified
35320412,scihub:doi,unverified,unverified
35322295,,unverified,unverified
35323347,scihub:title,unverified,unverified
35325073,scihub:title,unverified,unverified
35325225,scihub:title,unverified,unverified
35325271,europepmc:pdf,unverified,unverified
35332398,,unverified,unverified
35336825,europepmc:pdf,unverified,unverified
35339339,scihub:title,unverified,unverified
35339391,scihub:title,unverified,unverified
35340172,scihub:title,unverified,unverified
35340828,europepmc:pdf,unverified,unverified
35347035,,unverified,unverified
35347663,,unverified,unverified
35348868,,unverified,unverified
35350020,,unverified,unverified
35351272,scihub:title,unverified,unverified
35355820,europepmc:pdf,unverified,unverified
35358109,scihub:title,unverified,unverified
35366088,scihub:doi,unverified,unverified
35368044,europepmc:pdf,unverified,unverified
35368206,,unverified,unverified
35368890,europepmc:pdf,unverified,unverified
35371999,europepmc:pdf,unverified,unverified
35381275,,unverified,unverified
35381884,europepmc:pdf,unverified,unverified
35388140,europepmc:pdf,unverified,unverified
35395434,scihub:title,unverified,unverified
35400011,europepmc:pdf,unverified,unverified
35403166,europepmc:pdf,unverified,unverified
35404000,,unverified,unverified
35404168,,unverified,unverified
35406415,europepmc:pdf,unverified,unverified
35407606,europepmc:pdf,unverified,unverified
35411227,scihub:title,unverified,unverified
35412011,,unverified,unverified
35415787,,unverified,unverified
35418656,europepmc:pdf,unverified,unverified
35428267,europepmc:pdf,unverified,unverified
35428290,scihub:title,unverified,unverified
35437212,,unverified,unverified
35437926,,unverified,unverified
35438444,scihub:title,unverified,unverified
35439946,scihub:title,unverified,unverified
35441209,scihub:title,unverified,unverified
35445698,,unverified,unverified
35445815,scihub:doi,unverified,unverified
35449546,scihub:title,unverified,unverified
35453969,europepmc:pdf,unverified,unverified
35454033,europepmc:pdf,unverified,unverified
35461200,,unverified,unverified
35461202,,unverified,unverified
35461204,scihub:title,unverified,unverified
35463367,europepmc:pdf,unverified,unverified
35467565,,unverified,unverified
35470381,europepmc:pdf,unverified,unverified
35471653,europepmc:pdf,unverified,unverified
35474241,,unverified,unverified
35480114,europepmc:pdf,unverified,unverified
35482458,europepmc:pdf,unverified,unverified
35484509,europepmc:pdf,unverified,unverified
35484597,europepmc:pdf,unverified,unverified
35485315,,unverified,unverified
35485874,scihub:title,unverified,unverified
35486228,,unverified,unverified
35487526,scihub:title,unverified,unverified
35491334,scihub:title,unverified,unverified
35501512,scihub:title,unverified,unverified
35503128,,unverified,unverified
35512720,,unverified,unverified
35517409,europepmc:pdf,unverified,unverified
35524234,europepmc:pdf,unverified,unverified
35526826,,unverified,unverified
35545701,europepmc:pdf,unverified,unverified
35550803,scihub:title,unverified,unverified
35552373,scihub:title,unverified,unverified
35561302,scihub:title,unverified,unverified
35565360,scihub:title,unverified,unverified
35566723,scihub:title,unverified,unverified
35574447,scihub:title,unverified,unverified
35575434,,unverified,unverified
35576085,scihub:doi,unverified,unverified
35581479,scihub:doi,unverified,unverified
35584082,scihub:title,unverified,unverified
35587946,,unverified,unverified
35588226,,unverified,unverified
35594280,europepmc:pdf,unverified,unverified
35597413,,unverified,unverified
35597871,europepmc:pdf,unverified,unverified
35602548,europepmc:pdf,unverified,unverified
35617529,scihub:title,unverified,unverified
35619546,scihub:title,unverified,unverified
35619922,europepmc:pdf,unverified,unverified
35626015,europepmc:pdf,unverified,unverified
35626271,europepmc:pdf,unverified,unverified
35629313,europepmc:pdf,unverified,unverified
35635190,europepmc:pdf,unverified,unverified
35635652,scihub:doi,unverified,unverified
35643791,europepmc:pdf,unverified,unverified
35646677,scihub:title,unverified,unverified
35648208,,unverified,unverified
35655733,europepmc:pdf,unverified,unverified
35656853,scihub:doi,unverified,unverified
35659632,scihub:title,unverified,unverified
35660797,scihub:title,unverified,unverified
35668002,,unverified,unverified
35674786,,unverified,unverified
35676544,,unverified,unverified
35680447,,unverified,unverified
35681149,scihub:title,unverified,unverified
35681783,europepmc:pdf,unverified,unverified
35694154,europepmc:pdf,unverified,unverified
35694706,europepmc:pdf,unverified,unverified
35701738,europepmc:pdf,unverified,unverified
35704090,europepmc:pdf,unverified,unverified
35705874,scihub:title,unverified,unverified
35707367,scihub:title,unverified,unverified
35710951,scihub:title,unverified,unverified
35712519,scihub:title,unverified,unverified
35712899,,unverified,unverified
35712914,,unverified,unverified
35712999,europepmc:pdf,unverified,unverified
35714069,scihub:title,unverified,unverified
35715242,scihub:title,unverified,unverified
35715462,europepmc:pdf,unverified,unverified
35715848,europepmc:pdf,unverified,unverified
35715996,europepmc:pdf,unverified,unverified
35717039,,unverified,unverified
35717050,,unverified,unverified
35718072,,unverified,unverified
35718076,scihub:title,unverified,unverified
35718836,europepmc:pdf,unverified,unverified
35719832,europepmc:pdf,unverified,unverified
35720004,europepmc:pdf,unverified,unverified
35722940,,unverified,unverified
35726100,europepmc:pdf,unverified,unverified
35727427,,unverified,unverified
35729587,scihub:title,unverified,unverified
35731267,,unverified,unverified
35734264,europepmc:pdf,unverified,unverified
35738614,europepmc:pdf,unverified,unverified
35738953,,unverified,unverified
35740669,europepmc:pdf,unverified,unverified
35743581,europepmc:pdf,unverified,unverified
35747803,europepmc:pdf,unverified,unverified
35748201,,unverified,unverified
35749415,europepmc:pdf,unverified,unverified
35754053,,unverified,unverified
35754217,,unverified,unverified
35756653,scihub:title,unverified,unverified
35756883,scihub:doi,unverified,unverified
35757479,scihub:title,unverified,unverified
35758208,,unverified,unverified
35765038,scihub:title,unverified,unverified
35766394,europepmc:pdf,unverified,unverified
35766998,,unverified,unverified
35768313,,unverified,unverified
35771250,europepmc:pdf,unverified,unverified
35771360,,unverified,unverified
35771366,europepmc:pdf,unverified,unverified
35773115,,unverified,unverified
35779094,,unverified,unverified
35779346,,unverified,unverified
35782274,scihub:title,unverified,unverified
35784233,europepmc:pdf,unverified,unverified
35786532,,unverified,unverified
35790524,,unverified,unverified
35791271,europepmc:pdf,unverified,unverified
35796881,europepmc:pdf,unverified,unverified
35800297,europepmc:pdf,unverified,unverified
35802179,europepmc:pdf,unverified,unverified
35808871,scihub:doi,unverified,unverified
35809530,,unverified,unverified
35811004,,unverified,unverified
35814462,scihub:title,unverified,unverified
35818579,scihub:title,unverified,unverified
35829980,,unverified,unverified
35833997,scihub:doi,unverified,unverified
35834598,scihub:title,unverified,unverified
35836033,scihub:title,unverified,unverified
35837788,europepmc:pdf,unverified,unverified
35837891,scihub:title,unverified,unverified
35840706,,unverified,unverified
35844123,,unverified,unverified
35845422,europepmc:pdf,unverified,unverified
35847225,europepmc:pdf,unverified,unverified
35847948,europepmc:pdf,unverified,unverified
35848736,europepmc:pdf,unverified,unverified
35852424,,unverified,unverified
35852433,,unverified,unverified
35855510,,unverified,unverified
35861423,europepmc:pdf,unverified,unverified
35864013,scihub:title,unverified,unverified
35866399,,unverified,unverified
35870000,europepmc:pdf,unverified,unverified
35870953,,unverified,unverified
35879754,europepmc:pdf,unverified,unverified
35880161,scihub:title,unverified,unverified
35881198,scihub:title,unverified,unverified
35885506,scihub:title,unverified,unverified
35888578,europepmc:pdf,unverified,unverified
35897257,,unverified,unverified
35899858,europepmc:pdf,unverified,unverified
35901658,scihub:title,unverified,unverified
35901827,,unverified,unverified
35901828,,unverified,unverified
35902393,scihub:doi,unverified,unverified
35905174,,unverified,unverified
35906833,scihub:title,unverified,unverified
35907764,,unverified,unverified
35912919,europepmc:pdf,unverified,unverified
35913830,scihub:title,unverified,unverified
35915202,europepmc:pdf,unverified,unverified
35915376,,unverified,unverified
35919050,europepmc:pdf,unverified,unverified
35924164,europepmc:pdf,unverified,unverified
35934635,scihub:title,unverified,unverified
35936731,europepmc:pdf,unverified,unverified
35937503,europepmc:pdf,unverified,unverified
35938519,europepmc:pdf,unverified,unverified
35944932,scihub:title,unverified,unverified
35949349,scihub:title,unverified,unverified
35954329,europepmc:pdf,unverified,unverified
35954413,europepmc:pdf,unverified,unverified
35957878,europepmc:pdf,unverified,unverified
35962933,scihub:title,unverified,unverified
35966387,europepmc:pdf,unverified,unverified
35970606,,unverified,unverified
35971393,europepmc:pdf,unverified,unverified
35972169,,unverified,unverified
35975889,scihub:title,unverified,unverified
35976398,europepmc:pdf,unverified,unverified
35979099,europepmc:pdf,unverified,unverified
35979307,europepmc:pdf,unverified,unverified
35980431,,unverified,unverified
35986806,,unverified,unverified
35992729,europepmc:pdf,unverified,unverified
35993092,europepmc:pdf,unverified,unverified
35993178,,unverified,unverified
35993526,europepmc:pdf,unverified,unverified
35993550,,unverified,unverified
35995720,,unverified,unverified
35997474,europepmc:pdf,unverified,unverified
35997800,europepmc:pdf,unverified,unverified
35997838,,unverified,unverified
36002771,europepmc:pdf,unverified,unverified
36003628,scihub:title,unverified,unverified
36006071,scihub:title,unverified,unverified
36008262,,unverified,unverified
36008790,scihub:title,unverified,unverified
36011082,scihub:title,unverified,unverified
36016617,scihub:title,unverified,unverified
36016621,scihub:title,unverified,unverified
36028723,scihub:title,unverified,unverified
36028725,europepmc:pdf,unverified,unverified
36030659,scihub:title,unverified,unverified
36031497,,unverified,unverified
36032598,scihub:title,unverified,unverified
36033579,europepmc:pdf,unverified,unverified
36035009,europepmc:pdf,unverified,unverified
36036328,scihub:doi,unverified,unverified
36038430,scihub:title,unverified,unverified
36041900,,unverified,unverified
36043553,scihub:title,unverified,unverified
36044045,europepmc:pdf,unverified,unverified
36050596,scihub:doi,unverified,unverified
36057660,europepmc:pdf,unverified,unverified
36063201,europepmc:pdf,unverified,unverified
36064169,scihub:title,unverified,unverified
36065693,,unverified,unverified
36066635,,unverified,unverified
36068495,europepmc:pdf,unverified,unverified
36069323,,unverified,unverified
36073323,scihub:title,unverified,unverified
36073582,scihub:title,unverified,unverified
36074654,,unverified,unverified
36084094,europepmc:pdf,unverified,unverified
36085377,scihub:title,unverified,unverified
36086406,,unverified,unverified
36087424,,unverified,unverified
36089588,europepmc:pdf,unverified,unverified
36089623,europepmc:pdf,unverified,unverified
36090011,europepmc:pdf,unverified,unverified
36092772,scihub:title,unverified,unverified
36097426,,unverified,unverified
36102814,,unverified,unverified
36102825,,unverified,unverified
36102961,,unverified,unverified
36104011,,unverified,unverified
36106114,scihub:title,unverified,unverified
36106894,,unverified,unverified
36107959,,unverified,unverified
36114048,,unverified,unverified
36117452,scihub:doi,unverified,unverified
36122318,europepmc:pdf,unverified,unverified
36127416,scihub:title,unverified,unverified
36143227,scihub:title,unverified,unverified
36154291,,unverified,unverified
36157223,scihub:title,unverified,unverified
36157536,scihub:title,unverified,unverified
36162744,,unverified,unverified
36174846,,unverified,unverified
36178032,,unverified,unverified
36181547,scihub:title,unverified,unverified
36184494,,unverified,unverified
36185279,europepmc:pdf,unverified,unverified
36186705,europepmc:pdf,unverified,unverified
36187388,europepmc:pdf,unverified,unverified
36199039,europepmc:pdf,unverified,unverified
36199484,europepmc:pdf,unverified,unverified
36199540,europepmc:pdf,unverified,unverified
36199943,europepmc:pdf,unverified,unverified
36206161,europepmc:pdf,unverified,unverified
36219237,,unverified,unverified
36219253,europepmc:pdf,unverified,unverified
36220015,scihub:title,unverified,unverified
36221784,europepmc:pdf,unverified,unverified
36223301,,unverified,unverified
36224480,europepmc:pdf,unverified,unverified
36227063,,unverified,unverified
36230770,europepmc:pdf,unverified,unverified
36233780,europepmc:pdf,unverified,unverified
36238289,europepmc:pdf,unverified,unverified
36238732,europepmc:pdf,unverified,unverified
36243807,europepmc:pdf,unverified,unverified
36243897,,unverified,unverified
36244050,scihub:doi,unverified,unverified
36244844,,unverified,unverified
36249024,europepmc:pdf,unverified,unverified
36251240,scihub:doi,unverified,unverified
36252747,scihub:title,unverified,unverified
36258001,,unverified,unverified
36260210,,unverified,unverified
36261505,,unverified,unverified
36263216,scihub:title,unverified,unverified
36264440,scihub:title,unverified,unverified
36268414,scihub:title,unverified,unverified
36271199,,unverified,unverified
36271652,,unverified,unverified
36272958,,unverified,unverified
36274570,scihub:title,unverified,unverified
36275828,scihub:title,unverified,unverified
36280480,,unverified,unverified
36282309,,unverified,unverified
36291865,scihub:title,unverified,unverified
36302129,europepmc:pdf,unverified,unverified
36305516,scihub:doi,unverified,unverified
36307192,,unverified,unverified
36307596,scihub:doi,unverified,unverified
36307775,scihub:title,unverified,unverified
36308331,,unverified,unverified
36308363,europepmc:pdf,unverified,unverified
36309383,scihub:title,unverified,unverified
36313696,europepmc:pdf,unverified,unverified
36317561,,unverified,unverified
36318377,,unverified,unverified
36324613,europepmc:pdf,unverified,unverified
36325642,,unverified,unverified
36327677,scihub:title,unverified,unverified
36332556,scihub:doi,unverified,unverified
36336579,,unverified,unverified
36338585,europepmc:pdf,unverified,unverified
36338586,europepmc:pdf,unverified,unverified
36344772,,unverified,unverified
36344838,europepmc:pdf,unverified,unverified
36347167,,unverified,unverified
36348945,europepmc:pdf,unverified,unverified
36349555,scihub:title,unverified,unverified
36355197,,unverified,unverified
36355199,,unverified,unverified
36356382,,unverified,unverified
36361712,europepmc:pdf,unverified,unverified
36371129,,unverified,unverified
36376167,,unverified,unverified
36380196,,unverified,unverified
36380670,scihub:title,unverified,unverified
36384504,europepmc:pdf,unverified,unverified
36388693,europepmc:pdf,unverified,unverified
36399909,,unverified,unverified
36403118,europepmc:pdf,unverified,unverified
36404329,scihub:title,unverified,unverified
36407490,scihub:doi,unverified,unverified
36408187,europepmc:pdf,unverified,unverified
36410547,,unverified,unverified
36412686,scihub:title,unverified,unverified
36413078,,unverified,unverified
36415832,scihub:title,unverified,unverified
36417020,scihub:title,unverified,unverified
36417142,,unverified,unverified
36418196,scihub:title,unverified,unverified
36418640,scihub:title,unverified,unverified
36418865,scihub:title,unverified,unverified
36418952,scihub:title,unverified,unverified
36419131,europepmc:pdf,unverified,unverified
36420207,europepmc:pdf,unverified,unverified
36428659,europepmc:pdf,unverified,unverified
36437550,scihub:title,unverified,unverified
36438036,europepmc:pdf,unverified,unverified
36455337,,unverified,unverified
36455685,,unverified,unverified
36456125,,unverified,unverified
36459257,europepmc:pdf,unverified,unverified
36460579,scihub:title,unverified,unverified
36460837,,unverified,unverified
36462046,,unverified,unverified
36462804,,unverified,unverified
36465793,europepmc:pdf,unverified,unverified
36466978,europepmc:pdf,unverified,unverified
36468505,,unverified,unverified
36470291,,unverified,unverified
36471751,europepmc:pdf,unverified,unverified
36471884,europepmc:pdf,unverified,unverified
36474844,europepmc:pdf,unverified,unverified
36476121,scihub:title,unverified,unverified
36481296,,unverified,unverified
36481383,,unverified,unverified
36483059,europepmc:pdf,unverified,unverified
36495411,scihub:title,unverified,unverified
36503389,scihub:title,unverified,unverified
36503503,europepmc:pdf,unverified,unverified
36504512,europepmc:pdf,unverified,unverified
36505777,europepmc:pdf,unverified,unverified
36505889,europepmc:pdf,unverified,unverified
36508131,scihub:title,unverified,unverified
36512260,,unverified,unverified
36513913,scihub:title,unverified,unverified
36514053,europepmc:pdf,unverified,unverified
36515673,europepmc:pdf,unverified,unverified
36515676,,unverified,unverified
36515715,,unverified,unverified
36520180,,unverified,unverified
36525395,scihub:title,unverified,unverified
36527901,,unverified,unverified
36529807,,unverified,unverified
36534264,,unverified,unverified
36534496,scihub:title,unverified,unverified
36538640,,unverified,unverified
36538694,scihub:title,unverified,unverified
36538702,,unverified,unverified
36551723,europepmc:pdf,unverified,unverified
36556455,europepmc:pdf,unverified,unverified
36562232,,unverified,unverified
36562818,,unverified,unverified
36563564,,unverified,unverified
36568580,europepmc:pdf,unverified,unverified
36569682,europepmc:pdf,unverified,unverified
36569918,europepmc:pdf,unverified,unverified
36572280,,unverified,unverified
36576516,scihub:title,unverified,unverified
36576549,,unverified,unverified
36577899,scihub:title,unverified,unverified
36578032,europepmc:pdf,unverified,unverified
36579365,europepmc:pdf,unverified,unverified
36579959,,unverified,unverified
36580095,europepmc:pdf,unverified,unverified
36581784,europepmc:pdf,unverified,unverified
36586901,,unverified,unverified
36593016,europepmc:pdf,unverified,unverified
36597982,scihub:title,unverified,unverified
36598322,,unverified,unverified
36599112,scihub:title,unverified,unverified
36601336,europepmc:pdf,unverified,unverified
36604232,,unverified,unverified
36604699,europepmc:pdf,unverified,unverified
36605115,europepmc:pdf,unverified,unverified
36605425,europepmc:pdf,unverified,unverified
36612061,europepmc:pdf,unverified,unverified
36620536,europepmc:pdf,unverified,unverified
36620843,europepmc:pdf,unverified,unverified
36620908,,unverified,unverified
36624314,scihub:title,unverified,unverified
36635737,scihub:title,unverified,unverified
36636070,scihub:title,unverified,unverified
36638020,,unverified,unverified
36639577,scihub:title,unverified,unverified
36647027,scihub:title,unverified,unverified
36649180,,unverified,unverified
36650000,scihub:title,unverified,unverified
36650498,scihub:title,unverified,unverified
36652149,scihub:title,unverified,unverified
36653246,,unverified,unverified
36658053,,unverified,unverified
36658590,europepmc:pdf,unverified,unverified
36661692,scihub:title,unverified,unverified
36672381,scihub:title,unverified,unverified
36673079,scihub:title,unverified,unverified
36678245,europepmc:pdf,unverified,unverified
36686763,europepmc:pdf,unverified,unverified
36688017,europepmc:pdf,unverified,unverified
36690032,scihub:title,unverified,unverified
36697103,scihub:title,unverified,unverified
36700956,,unverified,unverified
36704244,europepmc:pdf,unverified,unverified
36706968,,unverified,unverified
36716292,,unverified,unverified
36718357,europepmc:pdf,unverified,unverified
36719257,,unverified,unverified
36719559,europepmc:pdf,unverified,unverified
36723384,europepmc:pdf,unverified,unverified
36727777,europepmc:pdf,unverified,unverified
36729506,europepmc:pdf,unverified,unverified
36731309,scihub:title,unverified,unverified
36736447,,unverified,unverified
36737522,europepmc:pdf,unverified,unverified
36739228,,unverified,unverified
36740183,,unverified,unverified
36741013,europepmc:pdf,unverified,unverified
36747080,europepmc:pdf,unverified,unverified
36750477,,unverified,unverified
36763605,europepmc:pdf,unverified,unverified
36765348,europepmc:pdf,unverified,unverified
36765777,europepmc:pdf,unverified,unverified
36765878,europepmc:pdf,unverified,unverified
36766579,europepmc:pdf,unverified,unverified
36768257,scihub:title,unverified,unverified
36772998,,unverified,unverified
36773172,,unverified,unverified
36780152,,unverified,unverified
36785834,europepmc:pdf,unverified,unverified
36787174,scihub:title,unverified,unverified
36788148,scihub:title,unverified,unverified
36790595,scihub:title,unverified,unverified
36791752,scihub:title,unverified,unverified
36794240,europepmc:pdf,unverified,unverified
36800072,,unverified,unverified
36800203,scihub:title,unverified,unverified
36805228,scihub:title,unverified,unverified
36806402,scihub:title,unverified,unverified
36806725,europepmc:pdf,unverified,unverified
36813175,scihub:title,unverified,unverified
36813177,,unverified,unverified
36814032,scihub:title,unverified,unverified
36820009,scihub:title,unverified,unverified
36820708,scihub:title,unverified,unverified
36825985,,unverified,unverified
36826155,scihub:title,unverified,unverified
36826497,,unverified,unverified
36830812,europepmc:pdf,unverified,unverified
36831076,europepmc:pdf,unverified,unverified
36831354,europepmc:pdf,unverified,unverified
36831497,europepmc:pdf,unverified,unverified
36836024,europepmc:pdf,unverified,unverified
36836752,europepmc:pdf,unverified,unverified
36842138,,unverified,unverified
36843078,europepmc:pdf,unverified,unverified
36853286,europepmc:pdf,unverified,unverified
36853787,,unverified,unverified
36862166,scihub:title,unverified,unverified
36870360,,unverified,unverified
36874463,europepmc:pdf,unverified,unverified
36876988,,unverified,unverified
36880951,europepmc:pdf,unverified,unverified
36882082,europepmc:pdf,unverified,unverified
36890815,europepmc:pdf,unverified,unverified
36890929,europepmc:pdf,unverified,unverified
36894810,scihub:title,unverified,unverified
36896217,scihub:title,unverified,unverified
36896297,scihub:title,unverified,unverified
36896832,,unverified,unverified
36899281,,unverified,unverified
36900249,scihub:title,unverified,unverified
36902845,scihub:title,unverified,unverified
36905470,,unverified,unverified
36906661,scihub:title,unverified,unverified
36915299,europepmc:pdf,unverified,unverified
36919880,scihub:title,unverified,unverified
36925125,scihub:title,unverified,unverified
36925128,,unverified,unverified
36925913,europepmc:pdf,unverified,unverified
36927125,scihub:title,unverified,unverified
36927812,europepmc:pdf,unverified,unverified
36932225,scihub:title,unverified,unverified
36932720,,unverified,unverified
36935432,,unverified,unverified
36937315,europepmc:pdf,unverified,unverified
36938675,europepmc:pdf,unverified,unverified
36940299,,unverified,unverified
36940308,,unverified,unverified
36949002,scihub:title,unverified,unverified
36963443,,unverified,unverified
36964328,scihub:title,unverified,unverified
36965323,,unverified,unverified
36967334,,unverified,unverified
36968215,europepmc:pdf,unverified,unverified
36969078,europepmc:pdf,unverified,unverified
36971272,europepmc:pdf,unverified,unverified
36971493,,unverified,unverified
36971689,,unverified,unverified
36972213,europepmc:pdf,unverified,unverified
36974820,,unverified,unverified
36978750,scihub:title,unverified,unverified
36982913,europepmc:pdf,unverified,unverified
36984010,scihub:title,unverified,unverified
36986526,europepmc:pdf,unverified,unverified
36996891,europepmc:pdf,unverified,unverified
37000002,europepmc:pdf,unverified,unverified
37004557,scihub:title,unverified,unverified
37010604,europepmc:pdf,unverified,unverified
37011059,europepmc:pdf,unverified,unverified
37016084,,unverified,unverified
37017769,,unverified,unverified
37024606,,unverified,unverified
37026966,europepmc:pdf,unverified,unverified
37027015,scihub:title,unverified,unverified
37035560,europepmc:pdf,unverified,unverified
37046049,,unverified,unverified
37051159,europepmc:pdf,unverified,unverified
37054987,,unverified,unverified
37058886,europepmc:pdf,unverified,unverified
37062021,,unverified,unverified
37062204,,unverified,unverified
37062601,,unverified,unverified
37064097,europepmc:pdf,unverified,unverified
37064150,scihub:title,unverified,unverified
37066450,,unverified,unverified
37068407,,unverified,unverified
37081037,scihub:title,unverified,unverified
37082450,scihub:title,unverified,unverified
37084029,scihub:title,unverified,unverified
37085730,,unverified,unverified
37085830,europepmc:pdf,unverified,unverified
37086350,scihub:title,unverified,unverified
37088480,,unverified,unverified
37088951,,unverified,unverified
37093327,europepmc:pdf,unverified,unverified
37095201,scihub:title,unverified,unverified
37095677,scihub:title,unverified,unverified
37097459,,unverified,unverified
37097830,,unverified,unverified
37099182,scihub:title,unverified,unverified
37106657,scihub:title,unverified,unverified
37113403,scihub:title,unverified,unverified
37113578,europepmc:pdf,unverified,unverified
37113901,europepmc:pdf,unverified,unverified
37115093,scihub:title,unverified,unverified
37115215,,unverified,unverified
37119637,scihub:title,unverified,unverified
37120027,scihub:title,unverified,unverified
37120533,scihub:title,unverified,unverified
37123445,europepmc:pdf,unverified,unverified
37127032,europepmc:pdf,unverified,unverified
37132268,europepmc:pdf,unverified,unverified
37137947,europepmc:pdf,unverified,unverified
37142823,scihub:title,unverified,unverified
37145311,europepmc:pdf,unverified,unverified
37148320,,unverified,unverified
37148548,europepmc:pdf,unverified,unverified
37154929,europepmc:pdf,unverified,unverified
37155130,scihub:title,unverified,unverified
37155403,,unverified,unverified
37156236,,unverified,unverified
37160427,,unverified,unverified
37160474,,unverified,unverified
37160477,,unverified,unverified
37160739,scihub:title,unverified,unverified
37160767,,unverified,unverified
37165908,,unverified,unverified
37168724,europepmc:pdf,unverified,unverified
37168940,europepmc:pdf,unverified,unverified
37171490,,unverified,unverified
37172066,europepmc:pdf,unverified,unverified
37173802,,unverified,unverified
37179942,europepmc:pdf,unverified,unverified
37183862,,unverified,unverified
37184445,europepmc:pdf,unverified,unverified
37184772,europepmc:pdf,unverified,unverified
37190934,,unverified,unverified
37194418,,unverified,unverified
37194671,,unverified,unverified
37197135,europepmc:pdf,unverified,unverified
37201089,scihub:title,unverified,unverified
37218485,,unverified,unverified
37218517,scihub:title,unverified,unverified
37221342,,unverified,unverified
37224039,scihub:title,unverified,unverified
37228304,scihub:title,unverified,unverified
37230433,scihub:title,unverified,unverified
37231115,scihub:title,unverified,unverified
37236255,europepmc:pdf,unverified,unverified
37245878,,unverified,unverified
37247907,,unverified,unverified
37248703,,unverified,unverified
37250635,scihub:title,unverified,unverified
37256101,europepmc:pdf,unverified,unverified
37260270,europepmc:pdf,unverified,unverified
37260284,,unverified,unverified
37265550,europepmc:pdf,unverified,unverified
37270356,,unverified,unverified
37274291,europepmc:pdf,unverified,unverified
37274801,europepmc:pdf,unverified,unverified
37274803,europepmc:pdf,unverified,unverified
37277570,,unverified,unverified
37278629,scihub:title,unverified,unverified
37286741,,unverified,unverified
37287925,europepmc:pdf,unverified,unverified
37291428,,unverified,unverified
37291527,europepmc:pdf,unverified,unverified
37293595,europepmc:pdf,unverified,unverified
37296579,europepmc:pdf,unverified,unverified
37296929,europepmc:pdf,unverified,unverified
37299595,europepmc:pdf,unverified,unverified
37307154,,unverified,unverified
37308125,scihub:title,unverified,unverified
37308941,europepmc:pdf,unverified,unverified
37310167,scihub:title,unverified,unverified
37310558,,unverified,unverified
37313205,scihub:title,unverified,unverified
37315583,,unverified,unverified
37316784,europepmc:pdf,unverified,unverified
37321815,scihub:title,unverified,unverified
37324028,europepmc:pdf,unverified,unverified
37325000,scihub:title,unverified,unverified
37330400,,unverified,unverified
37330508,scihub:title,unverified,unverified
37330950,,unverified,unverified
37334122,scihub:title,unverified,unverified
37336705,,unverified,unverified
37336706,,unverified,unverified
37349711,europepmc:pdf,unverified,unverified
37358604,scihub:title,unverified,unverified
37363997,scihub:title,unverified,unverified
37365381,europepmc:pdf,unverified,unverified
37367938,,unverified,unverified
37369619,,unverified,unverified
37370032,europepmc:pdf,unverified,unverified
37370565,europepmc:pdf,unverified,unverified
37370651,europepmc:pdf,unverified,unverified
37370692,europepmc:pdf,unverified,unverified
37370882,europepmc:pdf,unverified,unverified
37370997,europepmc:pdf,unverified,unverified
37376824,scihub:title,unverified,unverified
37377906,europepmc:pdf,unverified,unverified
37389686,scihub:title,unverified,unverified
37393447,europepmc:pdf,unverified,unverified
37394412,,unverified,unverified
37395934,europepmc:pdf,unverified,unverified
37403609,,unverified,unverified
37404759,scihub:title,unverified,unverified
37405857,,unverified,unverified
37407899,scihub:title,unverified,unverified
37417277,scihub:title,unverified,unverified
37420246,scihub:title,unverified,unverified
37420338,,unverified,unverified
37423017,,unverified,unverified
37424491,scihub:title,unverified,unverified
37429949,scihub:title,unverified,unverified
37430182,europepmc:pdf,unverified,unverified
37431270,scihub:title,unverified,unverified
37435214,scihub:title,unverified,unverified
37437591,,unverified,unverified
37443085,europepmc:pdf,unverified,unverified
37443514,scihub:title,unverified,unverified
37450019,scihub:title,unverified,unverified
37452176,scihub:title,unverified,unverified
37455833,scihub:title,unverified,unverified
37457020,scihub:title,unverified,unverified
37458391,europepmc:pdf,unverified,unverified
37462103,scihub:title,unverified,unverified
37462820,europepmc:pdf,unverified,unverified
37464064,scihub:title,unverified,unverified
37465788,europepmc:pdf,unverified,unverified
37466305,,unverified,unverified
37477408,,unverified,unverified
37478389,europepmc:pdf,unverified,unverified
37479864,europepmc:pdf,unverified,unverified
37479897,,unverified,unverified
37480350,scihub:title,unverified,unverified
37481493,europepmc:pdf,unverified,unverified
37485654,,unverified,unverified
37486461,europepmc:pdf,unverified,unverified
37486907,,unverified,unverified
37491164,scihub:title,unverified,unverified
37491171,,unverified,unverified
37491172,scihub:title,unverified,unverified
37495462,,unverified,unverified
37499603,europepmc:pdf,unverified,unverified
37500151,,unverified,unverified
37507334,,unverified,unverified
37510154,europepmc:pdf,unverified,unverified
37510423,europepmc:pdf,unverified,unverified
37519802,europepmc:pdf,unverified,unverified
37525407,,unverified,unverified
37527945,scihub:title,unverified,unverified
37530228,,unverified,unverified
37531637,,unverified,unverified
37535356,scihub:title,unverified,unverified
37535981,europepmc:pdf,unverified,unverified
37540407,europepmc:pdf,unverified,unverified
37545140,,unverified,unverified
37546428,europepmc:pdf,unverified,unverified
37556079,,unverified,unverified
37558922,europepmc:pdf,unverified,unverified
37562361,,unverified,unverified
37567068,,unverified,unverified
37568685,scihub:title,unverified,unverified
37568760,europepmc:pdf,unverified,unverified
37568936,europepmc:pdf,unverified,unverified
37569532,europepmc:pdf,unverified,unverified
37572415,scihub:title,unverified,unverified
37573297,europepmc:pdf,unverified,unverified
37573606,,unverified,unverified
37574293,,unverified,unverified
37577010,europepmc:pdf,unverified,unverified
37577810,,unverified,unverified
37578553,,unverified,unverified
37581054,europepmc:pdf,unverified,unverified
37581500,scihub:title,unverified,unverified
37581503,europepmc:pdf,unverified,unverified
37581667,,unverified,unverified
37583024,scihub:title,unverified,unverified
37588096,europepmc:pdf,unverified,unverified
37591704,,unverified,unverified
37592085,,unverified,unverified
37592338,europepmc:pdf,unverified,unverified
37594552,,unverified,unverified
37602638,europepmc:pdf,unverified,unverified
37606795,,unverified,unverified
37619789,,unverified,unverified
37622559,,unverified,unverified
37625498,,unverified,unverified
37632562,,unverified,unverified
37636523,scihub:title,unverified,unverified
37640952,scihub:title,unverified,unverified
37643928,,unverified,unverified
37646807,europepmc:pdf,unverified,unverified
37648310,,unverified,unverified
37653735,europepmc:pdf,unverified,unverified
37655097,europepmc:pdf,unverified,unverified
37656773,scihub:title,unverified,unverified
37660753,,unverified,unverified
37661639,scihub:title,unverified,unverified
37664046,scihub:title,unverified,unverified
37665390,,unverified,unverified
37670390,europepmc:pdf,unverified,unverified
37670471,,unverified,unverified
37671062,europepmc:pdf,unverified,unverified
37675724,,unverified,unverified
37678620,,unverified,unverified
37680730,europepmc:pdf,unverified,unverified
37682775,scihub:title,unverified,unverified
37684345,europepmc:pdf,unverified,unverified
37684648,scihub:title,unverified,unverified
37690444,scihub:title,unverified,unverified
37697712,,unverified,unverified
37699124,,unverified,unverified
37701166,europepmc:pdf,unverified,unverified
37702196,scihub:title,unverified,unverified
37702850,,unverified,unverified
37702885,europepmc:pdf,unverified,unverified
37702958,,unverified,unverified
37704486,,unverified,unverified
37704927,europepmc:pdf,unverified,unverified
37707664,scihub:title,unverified,unverified
37709314,europepmc:pdf,unverified,unverified
37717374,,unverified,unverified
37717474,,unverified,unverified
37719698,europepmc:pdf,unverified,unverified
37723592,europepmc:pdf,unverified,unverified
37726671,europepmc:pdf,unverified,unverified
37729816,,unverified,unverified
37731023,europepmc:pdf,unverified,unverified
37731067,,unverified,unverified
37731629,europepmc:pdf,unverified,unverified
37732720,scihub:title,unverified,unverified
37735896,europepmc:pdf,unverified,unverified
37736547,europepmc:pdf,unverified,unverified
37736988,europepmc:pdf,unverified,unverified
37738440,europepmc:pdf,unverified,unverified
37746305,europepmc:pdf,unverified,unverified
37749194,europepmc:pdf,unverified,unverified
37749564,europepmc:pdf,unverified,unverified
37749845,,unverified,unverified
37750870,scihub:title,unverified,unverified
37750945,scihub:title,unverified,unverified
37754494,scihub:title,unverified,unverified
37771298,,unverified,unverified
37771870,scihub:title,unverified,unverified
37772467,scihub:title,unverified,unverified
37781186,scihub:title,unverified,unverified
37787437,,unverified,unverified
37787502,,unverified,unverified
37787973,,unverified,unverified
37788410,scihub:title,unverified,unverified
37794609,scihub:title,unverified,unverified
37795221,europepmc:pdf,unverified,unverified
37795231,europepmc:pdf,unverified,unverified
37795583,,unverified,unverified
37796727,,unverified,unverified
37797285,,unverified,unverified
37798533,europepmc:pdf,unverified,unverified
37802671,,unverified,unverified
37803322,europepmc:pdf,unverified,unverified
37803462,europepmc:pdf,unverified,unverified
37803809,scihub:title,unverified,unverified
37809043,europepmc:pdf,unverified,unverified
37811551,,unverified,unverified
37813051,,unverified,unverified
37820978,scihub:title,unverified,unverified
37824443,europepmc:pdf,unverified,unverified
37828450,europepmc:pdf,unverified,unverified
37831218,,unverified,unverified
37832071,europepmc:pdf,unverified,unverified
37832426,,unverified,unverified
37833219,,unverified,unverified
37835842,europepmc:pdf,unverified,unverified
37839066,,unverified,unverified
37839296,,unverified,unverified
37840101,,unverified,unverified
37840123,europepmc:pdf,unverified,unverified
37843705,europepmc:pdf,unverified,unverified
37849420,,unverified,unverified
37857102,,unverified,unverified
37858424,,unverified,unverified
37864414,europepmc:pdf,unverified,unverified
37868286,europepmc:pdf,unverified,unverified
37869474,europepmc:pdf,unverified,unverified
37870301,scihub:title,unverified,unverified
37875245,,unverified,unverified
37878680,,unverified,unverified
37882992,,unverified,unverified
37891502,scihub:title,unverified,unverified
37891611,europepmc:pdf,unverified,unverified
37892047,europepmc:pdf,unverified,unverified
37894322,europepmc:pdf,unverified,unverified
37895091,europepmc:pdf,unverified,unverified
37903871,europepmc:pdf,unverified,unverified
37907928,europepmc:pdf,unverified,unverified
37909021,europepmc:pdf,unverified,unverified
37910292,,unverified,unverified
37916622,,unverified,unverified
37919185,europepmc:pdf,unverified,unverified
37919401,europepmc:pdf,unverified,unverified
37922377,europepmc:pdf,unverified,unverified
37924344,europepmc:pdf,unverified,unverified
37924372,,unverified,unverified
37927927,europepmc:pdf,unverified,unverified
37929807,,unverified,unverified
37930408,,unverified,unverified
37932600,scihub:title,unverified,unverified
37932915,scihub:title,unverified,unverified
37933042,scihub:title,unverified,unverified
37933755,scihub:title,unverified,unverified
37941552,scihub:title,unverified,unverified
37944025,,unverified,unverified
37948358,,unverified,unverified
37949701,,unverified,unverified
37950314,scihub:title,unverified,unverified
37958309,scihub:title,unverified,unverified
37958316,scihub:title,unverified,unverified
37958350,europepmc:pdf,unverified,unverified
37960749,europepmc:pdf,unverified,unverified
37972216,,unverified,unverified
37972413,,unverified,unverified
37975732,,unverified,unverified
37979009,europepmc:pdf,unverified,unverified
37982756,europepmc:pdf,unverified,unverified
37987563,,unverified,unverified
37987821,,unverified,unverified
37989667,,unverified,unverified
37989671,scihub:title,unverified,unverified
37994445,scihub:title,unverified,unverified
37994967,,unverified,unverified
37995359,scihub:title,unverified,unverified
37996362,,unverified,unverified
37999742,,unverified,unverified
38000147,europepmc:pdf,unverified,unverified
38001326,,unverified,unverified
38001376,europepmc:pdf,unverified,unverified
38001587,europepmc:pdf,unverified,unverified
38002422,europepmc:pdf,unverified,unverified
38004246,europepmc:pdf,unverified,unverified
38006203,europepmc:pdf,unverified,unverified
38010745,,unverified,unverified
38014709,europepmc:pdf,unverified,unverified
38017127,,unverified,unverified
38030505,,unverified,unverified
38031786,,unverified,unverified
38036687,scihub:title,unverified,unverified
38039682,,unverified,unverified
38042740,,unverified,unverified
38042958,scihub:title,unverified,unverified
38044392,scihub:title,unverified,unverified
38048750,scihub:title,unverified,unverified
38049783,scihub:title,unverified,unverified
38051159,scihub:title,unverified,unverified
38051436,,unverified,unverified
38057219,,unverified,unverified
38061213,,unverified,unverified
38067239,scihub:title,unverified,unverified
38067368,scihub:title,unverified,unverified
38071443,europepmc:pdf,unverified,unverified
38073716,scihub:title,unverified,unverified
38074647,europepmc:pdf,unverified,unverified
38074652,europepmc:pdf,unverified,unverified
38074653,europepmc:pdf,unverified,unverified
38075095,europepmc:pdf,unverified,unverified
38081790,europepmc:pdf,unverified,unverified
38087207,europepmc:pdf,unverified,unverified
38091416,,unverified,unverified
38091662,,unverified,unverified
38094524,europepmc:pdf,unverified,unverified
38097594,europepmc:pdf,unverified,unverified
38100485,europepmc:pdf,unverified,unverified
38104780,,unverified,unverified
38105095,,unverified,unverified
38105891,europepmc:pdf,unverified,unverified
38105894,europepmc:pdf,unverified,unverified
38106286,scihub:title,unverified,unverified
38106857,scihub:title,unverified,unverified
38106864,scihub:title,unverified,unverified
38110281,scihub:title,unverified,unverified
38110307,,unverified,unverified
38115675,,unverified,unverified
38117396,scihub:title,unverified,unverified
38124365,scihub:title,unverified,unverified
38127337,scihub:title,unverified,unverified
38134383,,unverified,unverified
38135624,,unverified,unverified
38136361,scihub:title,unverified,unverified
38137759,europepmc:pdf,unverified,unverified
38138265,europepmc:pdf,unverified,unverified
38138297,europepmc:pdf,unverified,unverified
38147435,,unverified,unverified
38150143,,unverified,unverified
38156921,scihub:title,unverified,unverified
38157991,,unverified,unverified
38159523,,unverified,unverified
38160102,,unverified,unverified
38161529,europepmc:pdf,unverified,unverified
38167665,europepmc:pdf,unverified,unverified
38170409,,unverified,unverified
38170894,europepmc:pdf,unverified,unverified
38179292,europepmc:pdf,unverified,unverified
38179407,europepmc:pdf,unverified,unverified
38180954,europepmc:pdf,unverified,unverified
38185388,,unverified,unverified
38187830,europepmc:pdf,unverified,unverified
38194045,,unverified,unverified
38194231,scihub:title,unverified,unverified
38196531,europepmc:pdf,unverified,unverified
38200410,europepmc:pdf,unverified,unverified
38202179,scihub:title,unverified,unverified
38223404,scihub:title,unverified,unverified
38223741,europepmc:pdf,unverified,unverified
38224726,,unverified,unverified
38225773,,unverified,unverified
38227140,europepmc:pdf,unverified,unverified
38228900,,unverified,unverified
38228903,europepmc:pdf,unverified,unverified
38229251,,unverified,unverified
38231409,europepmc:pdf,unverified,unverified
38232812,,unverified,unverified
38233600,,unverified,unverified
38241536,europepmc:pdf,unverified,unverified
38243288,europepmc:pdf,unverified,unverified
38243617,,unverified,unverified
38245891,europepmc:pdf,unverified,unverified
38248112,europepmc:pdf,unverified,unverified
38248122,europepmc:pdf,unverified,unverified
38250676,europepmc:pdf,unverified,unverified
38251776,,unverified,unverified
38253770,scihub:title,unverified,unverified
38253948,,unverified,unverified
38256556,scihub:title,unverified,unverified
38259008,scihub:title,unverified,unverified
38262902,,unverified,unverified
38263089,scihub:title,unverified,unverified
38270249,europepmc:pdf,unverified,unverified
38272561,europepmc:pdf,unverified,unverified
38272767,,unverified,unverified
38274389,europepmc:pdf,unverified,unverified
38281158,,unverified,unverified
38288161,europepmc:pdf,unverified,unverified
38289448,,unverified,unverified
38289485,europepmc:pdf,unverified,unverified
38293722,europepmc:pdf,unverified,unverified
38295317,europepmc:pdf,unverified,unverified
38303197,scihub:title,unverified,unverified
38303279,scihub:title,unverified,unverified
38309586,,unverified,unverified
38317597,europepmc:pdf,unverified,unverified
38319671,,unverified,unverified
38322600,europepmc:pdf,unverified,unverified
38322665,europepmc:pdf,unverified,unverified
38328435,scihub:title,unverified,unverified
38331247,,unverified,unverified
38331609,,unverified,unverified
38335901,scihub:title,unverified,unverified
38343051,,unverified,unverified
38345184,,unverified,unverified
38349392,,unverified,unverified
38350888,scihub:title,unverified,unverified
38352181,europepmc:pdf,unverified,unverified
38353633,europepmc:pdf,unverified,unverified
38362400,europepmc:pdf,unverified,unverified
38363197,europepmc:pdf,unverified,unverified
38369025,,unverified,unverified
38375201,europepmc:pdf,unverified,unverified
38380369,scihub:title,unverified,unverified
38380808,,unverified,unverified
38384058,,unverified,unverified
38386240,,unverified,unverified
38389380,,unverified,unverified
38390532,europepmc:pdf,unverified,unverified
38394768,,unverified,unverified
38399617,europepmc:pdf,unverified,unverified
38400314,europepmc:pdf,unverified,unverified
38402869,,unverified,unverified
38406803,europepmc:pdf,unverified,unverified
38406980,,unverified,unverified
38407804,,unverified,unverified
38411692,,unverified,unverified
38411722,europepmc:pdf,unverified,unverified
38414120,europepmc:pdf,unverified,unverified
38415359,,unverified,unverified
38416178,,unverified,unverified
38418188,,unverified,unverified
38418345,,unverified,unverified
38418627,scihub:title,unverified,unverified
38442882,,unverified,unverified
38442886,,unverified,unverified
38446179,,unverified,unverified
38446711,,unverified,unverified
38454349,europepmc:pdf,unverified,unverified
38454930,europepmc:pdf,unverified,unverified
38456517,,unverified,unverified
38456896,scihub:title,unverified,unverified
38461737,,unverified,unverified
38462017,,unverified,unverified
38462557,,unverified,unverified
38462629,europepmc:pdf,unverified,unverified
38463234,europepmc:pdf,unverified,unverified
38463367,europepmc:pdf,unverified,unverified
38477012,,unverified,unverified
38478038,,unverified,unverified
38484688,,unverified,unverified
38485756,europepmc:pdf,unverified,unverified
38486418,,unverified,unverified
38489038,,unverified,unverified
38498392,europepmc:pdf,unverified,unverified
38505156,scihub:title,unverified,unverified
38505881,,unverified,unverified
38506889,scihub:title,unverified,unverified
38512616,,unverified,unverified
38512622,,unverified,unverified
38513282,scihub:title,unverified,unverified
38517090,,unverified,unverified
38517809,,unverified,unverified
38518149,,unverified,unverified
38527730,,unverified,unverified
38528456,europepmc:pdf,unverified,unverified
38528693,europepmc:pdf,unverified,unverified
38528760,scihub:title,unverified,unverified
38529385,scihub:title,unverified,unverified
38530176,,unverified,unverified
38530177,,unverified,unverified
38535046,scihub:title,unverified,unverified
38538828,europepmc:pdf,unverified,unverified
38548999,,unverified,unverified
38553430,,unverified,unverified
38554321,,unverified,unverified
38554355,,unverified,unverified
38567582,,unverified,unverified
38569054,,unverified,unverified
38575793,europepmc:pdf,unverified,unverified
38577081,scihub:title,unverified,unverified
38577473,europepmc:pdf,unverified,unverified
38581757,,unverified,unverified
38588961,,unverified,unverified
38590908,europepmc:pdf,unverified,unverified
38591098,europepmc:pdf,unverified,unverified
38592109,europepmc:pdf,unverified,unverified
38594327,europepmc:pdf,unverified,unverified
38605419,europepmc:pdf,unverified,unverified
38615709,scihub:title,unverified,unverified
38619675,scihub:title,unverified,unverified
38627724,scihub:title,unverified,unverified
38629713,,unverified,unverified
38633094,europepmc:pdf,unverified,unverified
38644240,,unverified,unverified
38644243,,unverified,unverified
38644244,,unverified,unverified
38644246,,unverified,unverified
38647132,europepmc:pdf,unverified,unverified
38651169,europepmc:pdf,unverified,unverified
38652133,scihub:title,unverified,unverified
38654162,scihub:title,unverified,unverified
38654675,scihub:title,unverified,unverified
38657373,,unverified,unverified
38658050,,unverified,unverified
38662587,,unverified,unverified
38664824,scihub:title,unverified,unverified
38668405,europepmc:pdf,unverified,unverified
38669916,europepmc:pdf,unverified,unverified
38671820,europepmc:pdf,unverified,unverified
38672621,europepmc:pdf,unverified,unverified
38673565,europepmc:pdf,unverified,unverified
38682286,,unverified,unverified
38684405,europepmc:pdf,unverified,unverified
38688457,europepmc:pdf,unverified,unverified
38688632,europepmc:pdf,unverified,unverified
38689627,europepmc:pdf,unverified,unverified
38690027,europepmc:pdf,unverified,unverified
38690169,europepmc:pdf,unverified,unverified
38691233,europepmc:pdf,unverified,unverified
38694706,europepmc:pdf,unverified,unverified
38696592,europepmc:pdf,unverified,unverified
38697000,,unverified,unverified
38700799,scihub:title,unverified,unverified
38701433,europepmc:pdf,unverified,unverified
38701503,,unverified,unverified
38706833,europepmc:pdf,unverified,unverified
38709434,,unverified,unverified
38712650,,unverified,unverified
38714018,,unverified,unverified
38717479,scihub:title,unverified,unverified
38720830,scihub:title,unverified,unverified
38724058,scihub:title,unverified,unverified
38726607,,unverified,unverified
38730550,scihub:title,unverified,unverified
38733601,,unverified,unverified
38735828,,unverified,unverified
38739162,,unverified,unverified
38741630,scihub:title,unverified,unverified
38741635,scihub:title,unverified,unverified
38741654,europepmc:pdf,unverified,unverified
38741926,europepmc:pdf,unverified,unverified
38744701,,unverified,unverified
38752618,,unverified,unverified
38756032,,unverified,unverified
38757077,europepmc:pdf,unverified,unverified
38759125,europepmc:pdf,unverified,unverified
38759471,,unverified,unverified
38761214,,unverified,unverified
38761791,,unverified,unverified
38763923,,unverified,unverified
38764764,europepmc:pdf,unverified,unverified
38764818,europepmc:pdf,unverified,unverified
38764830,europepmc:pdf,unverified,unverified
38772557,,unverified,unverified
38773384,europepmc:pdf,unverified,unverified
38776864,,unverified,unverified
38778698,europepmc:pdf,unverified,unverified
38778748,,unverified,unverified
38783014,europepmc:pdf,unverified,unverified
38787988,scihub:title,unverified,unverified
38788679,scihub:title,unverified,unverified
38789861,europepmc:pdf,unverified,unverified
38797916,,unverified,unverified
38800836,,unverified,unverified
38805357,europepmc:pdf,unverified,unverified
38809383,,unverified,unverified
38816315,,unverified,unverified
38819440,scihub:title,unverified,unverified
38822854,,unverified,unverified
38822855,,unverified,unverified
38822883,scihub:title,unverified,unverified
38825945,,unverified,unverified
38831328,scihub:title,unverified,unverified
38836502,europepmc:pdf,unverified,unverified
38836917,,unverified,unverified
38844577,,unverified,unverified
38846296,scihub:title,unverified,unverified
38849298,,unverified,unverified
38851990,,unverified,unverified
38856797,,unverified,unverified
38858251,,unverified,unverified
38858280,europepmc:pdf,unverified,unverified
38862951,europepmc:pdf,unverified,unverified
38863003,europepmc:pdf,unverified,unverified
38871539,,unverified,unverified
38872052,,unverified,unverified
38874031,,unverified,unverified
38874041,,unverified,unverified
38878069,,unverified,unverified
38879400,,unverified,unverified
38882939,europepmc:pdf,unverified,unverified
38885561,,unverified,unverified
38888366,europepmc:pdf,unverified,unverified
38900679,,unverified,unverified
38901989,,unverified,unverified
38901993,,unverified,unverified
38902675,europepmc:pdf,unverified,unverified
38904510,,unverified,unverified
38907597,,unverified,unverified
38911065,europepmc:pdf,unverified,unverified
38914889,,unverified,unverified
38914890,,unverified,unverified
38922456,europepmc:pdf,unverified,unverified
38922517,europepmc:pdf,unverified,unverified
38923236,europepmc:pdf,unverified,unverified
38925106,,unverified,unverified
38926205,scihub:title,unverified,unverified
38927993,europepmc:pdf,unverified,unverified
38935817,scihub:title,unverified,unverified
38936973,,unverified,unverified
38937278,scihub:title,unverified,unverified
38956690,europepmc:pdf,unverified,unverified
38964939,,unverified,unverified
38965146,,unverified,unverified
38972182,scihub:title,unverified,unverified
38974246,scihub:title,unverified,unverified
38977538,scihub:title,unverified,unverified
38981746,,unverified,unverified
38982452,europepmc:pdf,unverified,unverified
38983318,europepmc:pdf,unverified,unverified
38983331,europepmc:pdf,unverified,unverified
38983364,europepmc:pdf,unverified,unverified
38986769,,unverified,unverified
38989415,europepmc:pdf,unverified,unverified
38992110,,unverified,unverified
38996164,europepmc:pdf,unverified,unverified
38996696,,unverified,unverified
39001253,europepmc:pdf,unverified,unverified
39001350,europepmc:pdf,unverified,unverified
39001926,europepmc:pdf,unverified,unverified
39003668,,unverified,unverified
39006757,europepmc:pdf,unverified,unverified
39008436,europepmc:pdf,unverified,unverified
39013271,,unverified,unverified
39013324,europepmc:pdf,unverified,unverified
39016280,scihub:title,unverified,unverified
39017754,scihub:title,unverified,unverified
39017760,scihub:title,unverified,unverified
39017934,,unverified,unverified
39018008,,unverified,unverified
39022292,europepmc:pdf,unverified,unverified
39023410,,unverified,unverified
39028047,,unverified,unverified
39031928,,unverified,unverified
39040451,scihub:title,unverified,unverified
39043176,,unverified,unverified
39044838,scihub:title,unverified,unverified
39046433,europepmc:pdf,unverified,unverified
39046482,,unverified,unverified
39046997,europepmc:pdf,unverified,unverified
39050261,europepmc:pdf,unverified,unverified
39054479,europepmc:pdf,unverified,unverified
39067745,,unverified,unverified
39071468,europepmc:pdf,unverified,unverified
39073521,,unverified,unverified
39073558,europepmc:pdf,unverified,unverified
39073608,europepmc:pdf,unverified,unverified
39077765,,unverified,unverified
39083705,europepmc:pdf,unverified,unverified
39085490,europepmc:pdf,unverified,unverified
39087899,europepmc:pdf,unverified,unverified
39093110,,unverified,unverified
39094853,,unverified,unverified
39097960,,unverified,unverified
39099685,scihub:title,unverified,unverified
39102159,scihub:title,unverified,unverified
39103772,europepmc:pdf,unverified,unverified
39105515,,unverified,unverified
39108316,europepmc:pdf,unverified,unverified
39108362,europepmc:pdf,unverified,unverified
39116386,,unverified,unverified
39120825,europepmc:pdf,unverified,unverified
39122242,,unverified,unverified
39122854,,unverified,unverified
39126876,europepmc:pdf,unverified,unverified
39133330,europepmc:pdf,unverified,unverified
39136568,,unverified,unverified
39143248,,unverified,unverified
39144004,europepmc:pdf,unverified,unverified
39144273,europepmc:pdf,unverified,unverified
39145809,,unverified,unverified
39147885,europepmc:pdf,unverified,unverified
39148247,,unverified,unverified
39148409,europepmc:pdf,unverified,unverified
39148902,europepmc:pdf,unverified,unverified
39151436,,unverified,unverified
39152230,,unverified,unverified
39156701,europepmc:pdf,unverified,unverified
39161384,europepmc:pdf,unverified,unverified
39164597,europepmc:pdf,unverified,unverified
39169173,europepmc:pdf,unverified,unverified
39169198,,unverified,unverified
39169941,europepmc:pdf,unverified,unverified
39174361,,unverified,unverified
39174708,,unverified,unverified
39180940,europepmc:pdf,unverified,unverified
39186079,,unverified,unverified
39186173,europepmc:pdf,unverified,unverified
39189908,,unverified,unverified
39189910,,unverified,unverified
39191564,,unverified,unverified
39195303,europepmc:pdf,unverified,unverified
39196341,,unverified,unverified
39196580,scihub:title,unverified,unverified
39202192,scihub:title,unverified,unverified
39205431,,unverified,unverified
39207517,,unverified,unverified
39212481,,unverified,unverified
39213693,,unverified,unverified
39216825,,unverified,unverified
39217971,scihub:title,unverified,unverified
39218934,europepmc:pdf,unverified,unverified
39222746,,unverified,unverified
39225603,scihub:title,unverified,unverified
39225609,,unverified,unverified
39228061,europepmc:pdf,unverified,unverified
39229550,scihub:title,unverified,unverified
39229569,scihub:title,unverified,unverified
39233560,europepmc:pdf,unverified,unverified
39235834,europepmc:pdf,unverified,unverified
39237837,europepmc:pdf,unverified,unverified
39240387,,unverified,unverified
39242031,,unverified,unverified
39254710,europepmc:pdf,unverified,unverified
39255675,,unverified,unverified
39256225,,unverified,unverified
39260162,europepmc:pdf,unverified,unverified
39260428,,unverified,unverified
39264626,scihub:title,unverified,unverified
39266351,,unverified,unverified
39266493,,unverified,unverified
39267085,europepmc:pdf,unverified,unverified
39270767,,unverified,unverified
39271380,,unverified,unverified
39272969,europepmc:pdf,unverified,unverified
39276193,,unverified,unverified
39276267,europepmc:pdf,unverified,unverified
39279931,scihub:title,unverified,unverified
39279945,scihub:title,unverified,unverified
39286771,europepmc:pdf,unverified,unverified
39289097,,unverified,unverified
39290702,europepmc:pdf,unverified,unverified
39292276,europepmc:pdf,unverified,unverified
39295076,,unverified,unverified
39295560,europepmc:pdf,unverified,unverified
39296093,europepmc:pdf,unverified,unverified
39297948,europepmc:pdf,unverified,unverified
39298684,,unverified,unverified
39304726,europepmc:pdf,unverified,unverified
39307677,,unverified,unverified
39309916,europepmc:pdf,unverified,unverified
39310024,europepmc:pdf,unverified,unverified
39310435,europepmc:pdf,unverified,unverified
39312477,europepmc:pdf,unverified,unverified
39315283,europepmc:pdf,unverified,unverified
39317986,,unverified,unverified
39319094,europepmc:pdf,unverified,unverified
39319400,europepmc:pdf,unverified,unverified
39320354,europepmc:pdf,unverified,unverified
39326305,,unverified,unverified
39330748,europepmc:pdf,unverified,unverified
39330757,europepmc:pdf,unverified,unverified
39333450,europepmc:pdf,unverified,unverified
39333910,europepmc:pdf,unverified,unverified
39342580,scihub:title,unverified,unverified
39347960,,unverified,unverified
39353648,,unverified,unverified
39356487,,unverified,unverified
39360080,europepmc:pdf,unverified,unverified
39361507,europepmc:pdf,unverified,unverified
39362481,,unverified,unverified
39363582,europepmc:pdf,unverified,unverified
39367333,europepmc:pdf,unverified,unverified
39368416,europepmc:pdf,unverified,unverified
39368440,,unverified,unverified
39368441,,unverified,unverified
39379733,europepmc:pdf,unverified,unverified
39382537,,unverified,unverified
39385125,europepmc:pdf,unverified,unverified
39385951,europepmc:pdf,unverified,unverified
39387519,europepmc:pdf,unverified,unverified
39391230,europepmc:pdf,unverified,unverified
39395044,,unverified,unverified
39395242,,unverified,unverified
39396169,,unverified,unverified
39402893,,unverified,unverified
39407949,europepmc:pdf,unverified,unverified
39409972,scihub:title,unverified,unverified
39414276,scihub:title,unverified,unverified
39416464,scihub:title,unverified,unverified
39417417,,unverified,unverified
39420570,,unverified,unverified
39423471,,unverified,unverified
39426846,,unverified,unverified
39427077,europepmc:pdf,unverified,unverified
39428233,,unverified,unverified
39429593,europepmc:pdf,unverified,unverified
39432017,,unverified,unverified
39432882,,unverified,unverified
39437587,,unverified,unverified
39438175,,unverified,unverified
39439084,,unverified,unverified
39445020,europepmc:pdf,unverified,unverified
39446274,europepmc:pdf,unverified,unverified
39448917,europepmc:pdf,unverified,unverified
39449908,europepmc:pdf,unverified,unverified
39452890,europepmc:pdf,unverified,unverified
39454478,,unverified,unverified
39455450,,unverified,unverified
39457591,europepmc:pdf,unverified,unverified
39459393,europepmc:pdf,unverified,unverified
39459582,europepmc:pdf,unverified,unverified
39467147,europepmc:pdf,unverified,unverified
39467396,europepmc:pdf,unverified,unverified
39471550,,unverified,unverified
39473710,europepmc:pdf,unverified,unverified
39477414,europepmc:pdf,unverified,unverified
39489099,,unverified,unverified
39496237,scihub:title,unverified,unverified
39500798,,unverified,unverified
39502605,europepmc:pdf,unverified,unverified
39503190,europepmc:pdf,unverified,unverified
39503552,,unverified,unverified
39503554,,unverified,unverified
39504641,,unverified,unverified
39504888,,unverified,unverified
39506775,europepmc:pdf,unverified,unverified
39512305,europepmc:pdf,unverified,unverified
39517321,europepmc:pdf,unverified,unverified
39524896,scihub:title,unverified,unverified
39527151,scihub:title,unverified,unverified
39527162,europepmc:pdf,unverified,unverified
39527827,,unverified,unverified
39532765,,unverified,unverified
39535872,europepmc:pdf,unverified,unverified
39539035,europepmc:pdf,unverified,unverified
39543453,europepmc:pdf,unverified,unverified
39547765,,unverified,unverified
39547767,,unverified,unverified
39547772,,unverified,unverified
39549385,,unverified,unverified
39549388,,unverified,unverified
39551959,,unverified,unverified
39554568,europepmc:pdf,unverified,unverified
39554571,europepmc:pdf,unverified,unverified
39555343,europepmc:pdf,unverified,unverified
39555373,europepmc:pdf,unverified,unverified
39558950,europepmc:pdf,unverified,unverified
39559414,europepmc:pdf,unverified,unverified
39559486,scihub:title,unverified,unverified
39562260,,unverified,unverified
39564909,,unverified,unverified
39566088,scihub:title,unverified,unverified
39572473,,unverified,unverified
39577038,,unverified,unverified
39579393,,unverified,unverified
39584762,,unverified,unverified
39585380,,unverified,unverified
39591940,,unverified,unverified
39594237,scihub:title,unverified,unverified
39598095,scihub:title,unverified,unverified
39601410,,unverified,unverified
39604448,scihub:title,unverified,unverified
39606126,scihub:title,unverified,unverified
39610155,,unverified,unverified
39611734,europepmc:pdf,unverified,unverified
39619420,europepmc:pdf,unverified,unverified
39623065,,unverified,unverified
39630198,,unverified,unverified
39630199,europepmc:pdf,unverified,unverified
39635915,europepmc:pdf,unverified,unverified
39635974,europepmc:pdf,unverified,unverified
39638641,,unverified,unverified
39641247,europepmc:pdf,unverified,unverified
39645641,europepmc:pdf,unverified,unverified
39648255,europepmc:pdf,unverified,unverified
39654094,europepmc:pdf,unverified,unverified
39658515,,unverified,unverified
39663320,europepmc:pdf,unverified,unverified
39664184,scihub:title,unverified,unverified
39668711,europepmc:pdf,unverified,unverified
39675574,,unverified,unverified
39677990,europepmc:pdf,unverified,unverified
39678786,europepmc:pdf,unverified,unverified
39679608,,unverified,unverified
39682232,europepmc:pdf,unverified,unverified
39685473,europepmc:pdf,unverified,unverified
39685841,europepmc:pdf,unverified,unverified
39695561,europepmc:pdf,unverified,unverified
39696090,europepmc:pdf,unverified,unverified
39697979,europepmc:pdf,unverified,unverified
39698657,europepmc:pdf,unverified,unverified
39698686,europepmc:pdf,unverified,unverified
39699826,europepmc:pdf,unverified,unverified
39705910,,unverified,unverified
39709892,,unverified,unverified
39710706,europepmc:pdf,unverified,unverified
39713712,europepmc:pdf,unverified,unverified
39714041,europepmc:pdf,unverified,unverified
39725903,europepmc:pdf,unverified,unverified
39732129,,unverified,unverified
39733055,europepmc:pdf,unverified,unverified
39733152,europepmc:pdf,unverified,unverified
39737148,europepmc:pdf,unverified,unverified
39737819,,unverified,unverified
39738048,europepmc:pdf,unverified,unverified
39740842,,unverified,unverified
39741022,,unverified,unverified
39741788,europepmc:pdf,unverified,unverified
39751869,,unverified,unverified
39753055,,unverified,unverified
39753930,europepmc:pdf,unverified,unverified
39757340,europepmc:pdf,unverified,unverified
39759129,europepmc:pdf,unverified,unverified
39761919,,unverified,unverified
39768239,europepmc:pdf,unverified,unverified
39770899,europepmc:pdf,unverified,unverified
39772798,,unverified,unverified
39778879,europepmc:pdf,unverified,unverified
39781586,,unverified,unverified
39789280,,unverified,unverified
39790821,europepmc:pdf,unverified,unverified
39797981,,unverified,unverified
39799548,,unverified,unverified
39807414,europepmc:pdf,unverified,unverified
39808201,europepmc:pdf,unverified,unverified
39809603,,unverified,unverified
39817139,scihub:title,unverified,unverified
39821543,europepmc:pdf,unverified,unverified
39826985,,unverified,unverified
39833443,europepmc:pdf,unverified,unverified
39834127,europepmc:pdf,unverified,unverified
39835527,europepmc:pdf,unverified,unverified
39836274,europepmc:pdf,unverified,unverified
39838092,europepmc:pdf,unverified,unverified
39839029,europepmc:pdf,unverified,unverified
39839519,europepmc:pdf,unverified,unverified
39839524,europepmc:pdf,unverified,unverified
39840208,europepmc:pdf,unverified,unverified
39841228,,unverified,unverified
39845326,europepmc:pdf,unverified,unverified
39845590,europepmc:pdf,unverified,unverified
39847175,,unverified,unverified
39847224,,unverified,unverified
39847226,,unverified,unverified
39858112,scihub:title,unverified,unverified
39859149,scihub:title,unverified,unverified
39863805,,unverified,unverified
39864243,scihub:title,unverified,unverified
39867726,scihub:title,unverified,unverified
39872765,scihub:title,unverified,unverified
39872767,scihub:title,unverified,unverified
39872776,scihub:title,unverified,unverified
39872795,scihub:title,unverified,unverified
39874930,,unverified,unverified
39885139,europepmc:pdf,unverified,unverified
39889974,,unverified,unverified
39893822,,unverified,unverified
39896183,europepmc:pdf,unverified,unverified
39907722,europepmc:pdf,unverified,unverified
39908966,europepmc:pdf,unverified,unverified
39914800,,unverified,unverified
39914910,,unverified,unverified
39915981,,unverified,unverified
39918199,,unverified,unverified
39920528,,unverified,unverified
39921167,,unverified,unverified
39921716,,unverified,unverified
39923594,europepmc:pdf,unverified,unverified
39924571,europepmc:pdf,unverified,unverified
39924589,europepmc:pdf,unverified,unverified
39932551,,unverified,unverified
39939420,,unverified,unverified
39939705,europepmc:pdf,unverified,unverified
39939805,europepmc:pdf,unverified,unverified
39941583,europepmc:pdf,unverified,unverified
39941713,europepmc:pdf,unverified,unverified
39945868,europepmc:pdf,unverified,unverified
39949126,,unverified,unverified
39951169,europepmc:pdf,unverified,unverified
39951928,europepmc:pdf,unverified,unverified
39953497,europepmc:pdf,unverified,unverified
39954064,,unverified,unverified
39955254,,unverified,unverified
39957711,,unverified,unverified
39958549,europepmc:pdf,unverified,unverified
39959143,europepmc:pdf,unverified,unverified
39960557,europepmc:pdf,unverified,unverified
39960895,europepmc:pdf,unverified,unverified
39963619,europepmc:pdf,unverified,unverified
39965007,europepmc:pdf,unverified,unverified
39965094,europepmc:pdf,unverified,unverified
39966198,europepmc:pdf,unverified,unverified
39967347,europepmc:pdf,unverified,unverified
39970545,,unverified,unverified
39971233,,unverified,unverified
39971551,,unverified,unverified
39972078,europepmc:pdf,unverified,unverified
39976552,europepmc:pdf,unverified,unverified
39977592,,unverified,unverified
39980546,europepmc:pdf,unverified,unverified
39982548,europepmc:pdf,unverified,unverified
39986704,europepmc:pdf,unverified,unverified
39988512,,unverified,unverified
39988912,,unverified,unverified
39997331,europepmc:pdf,unverified,unverified
40000455,,unverified,unverified
40004765,europepmc:pdf,unverified,unverified
40009088,,unverified,unverified
40010852,scihub:title,unverified,unverified
40010977,scihub:title,unverified,unverified
40011277,,unverified,unverified
40016002,,unverified,unverified
40023252,,unverified,unverified
40031376,scihub:title,unverified,unverified
40038019,,unverified,unverified
40043596,,unverified,unverified
40044546,,unverified,unverified
40045072,scihub:title,unverified,unverified
40046530,scihub:title,unverified,unverified
40048019,,unverified,unverified
40049747,,unverified,unverified
40050297,scihub:title,unverified,unverified
40050741,scihub:title,unverified,unverified
40053051,,unverified,unverified
40055057,,unverified,unverified
40056208,,unverified,unverified
40059606,,unverified,unverified
40060343,europepmc:pdf,unverified,unverified
40061986,europepmc:pdf,unverified,unverified
40062323,europepmc:pdf,unverified,unverified
40070157,,unverified,unverified
40075413,europepmc:pdf,unverified,unverified
40075659,europepmc:pdf,unverified,unverified
40075693,europepmc:pdf,unverified,unverified
40075707,europepmc:pdf,unverified,unverified
40075876,europepmc:pdf,unverified,unverified
40080437,,unverified,unverified
40085244,europepmc:pdf,unverified,unverified
40087634,europepmc:pdf,unverified,unverified
40088728,,unverified,unverified
40088853,,unverified,unverified
40090419,,unverified,unverified
40095014,scihub:title,unverified,unverified
40095215,scihub:title,unverified,unverified
40098743,europepmc:pdf,unverified,unverified
40100473,europepmc:pdf,unverified,unverified
40104214,europepmc:pdf,unverified,unverified
40104506,europepmc:pdf,unverified,unverified
40106891,,unverified,unverified
40118708,,unverified,unverified
40120019,europepmc:pdf,unverified,unverified
40120024,europepmc:pdf,unverified,unverified
40123773,europepmc:pdf,unverified,unverified
40129922,europepmc:pdf,unverified,unverified
40131490,europepmc:pdf,unverified,unverified
40132000,europepmc:pdf,unverified,unverified
40133439,,unverified,unverified
40142294,europepmc:pdf,unverified,unverified
40142717,europepmc:pdf,unverified,unverified
40143884,europepmc:pdf,unverified,unverified
40149300,europepmc:pdf,unverified,unverified
40149327,europepmc:pdf,unverified,unverified
40149384,europepmc:pdf,unverified,unverified
40160648,europepmc:pdf,unverified,unverified
40160674,europepmc:pdf,unverified,unverified
40162391,europepmc:pdf,unverified,unverified
40167646,,unverified,unverified
40167768,,unverified,unverified
40169495,europepmc:pdf,unverified,unverified
40172669,,unverified,unverified
40175671,europepmc:pdf,unverified,unverified
40175802,europepmc:pdf,unverified,unverified
40176593,,unverified,unverified
40177244,europepmc:pdf,unverified,unverified
40188667,,unverified,unverified
40189977,,unverified,unverified
40192820,europepmc:pdf,unverified,unverified
40203847,europepmc:pdf,unverified,unverified
40204586,,unverified,unverified
40204621,,unverified,unverified
40204902,europepmc:pdf,unverified,unverified
40209514,,unverified,unverified
40209856,,unverified,unverified
40218263,europepmc:pdf,unverified,unverified
40220146,,unverified,unverified
40220610,,unverified,unverified
40221184,,unverified,unverified
40221185,europepmc:pdf,unverified,unverified
40221285,,unverified,unverified
40227485,,unverified,unverified
40230305,scihub:title,unverified,unverified
40231223,europepmc:pdf,unverified,unverified
40235892,scihub:title,unverified,unverified
40235907,scihub:title,unverified,unverified
40239065,scihub:title,unverified,unverified
40244478,,unverified,unverified
40246672,,unverified,unverified
40249104,scihub:title,unverified,unverified
40249891,scihub:title,unverified,unverified
40250036,,unverified,unverified
40252124,scihub:title,unverified,unverified
40253816,,unverified,unverified
40257625,europepmc:pdf,unverified,unverified
40258697,,unverified,unverified
40260300,europepmc:pdf,unverified,unverified
40260376,europepmc:pdf,unverified,unverified
40263033,,unverified,unverified
40270949,europepmc:pdf,unverified,unverified
40272490,,unverified,unverified
40273481,,unverified,unverified
40274591,,unverified,unverified
40275157,europepmc:pdf,unverified,unverified
40275508,europepmc:pdf,unverified,unverified
40278711,europepmc:pdf,unverified,unverified
40281354,,unverified,unverified
40282386,europepmc:pdf,unverified,unverified
40282470,europepmc:pdf,unverified,unverified
40282898,europepmc:pdf,unverified,unverified
40285861,,unverified,unverified
40287393,,unverified,unverified
40287543,,unverified,unverified
40289234,scihub:title,unverified,unverified
40290690,scihub:title,unverified,unverified
40291864,europepmc:pdf,unverified,unverified
40291865,europepmc:pdf,unverified,unverified
40292002,europepmc:pdf,unverified,unverified
40293520,europepmc:pdf,unverified,unverified
40293535,europepmc:pdf,unverified,unverified
40301516,europepmc:pdf,unverified,unverified
40302856,europepmc:pdf,unverified,unverified
40316764,europepmc:pdf,unverified,unverified
40318973,,unverified,unverified
40319786,europepmc:pdf,unverified,unverified
40321712,europepmc:pdf,unverified,unverified
40323382,,unverified,unverified
40325578,,unverified,unverified
40338423,europepmc:pdf,unverified,unverified
40340564,europepmc:pdf,unverified,unverified
40343881,,unverified,unverified
40346007,europepmc:pdf,unverified,unverified
40346009,europepmc:pdf,unverified,unverified
40346524,europepmc:pdf,unverified,unverified
40347958,,unverified,unverified
40356764,europepmc:pdf,unverified,unverified
40358988,,unverified,unverified
40359349,,unverified,unverified
40369609,europepmc:pdf,unverified,unverified
40377609,,unverified,unverified
40379920,europepmc:pdf,unverified,unverified
40381041,europepmc:pdf,unverified,unverified
40381874,europepmc:pdf,unverified,unverified
40382481,,unverified,unverified
40386610,scihub:title,unverified,unverified
40387083,scihub:title,unverified,unverified
40389692,europepmc:pdf,unverified,unverified
40389920,europepmc:pdf,unverified,unverified
40390053,europepmc:pdf,unverified,unverified
40391600,,unverified,unverified
40391614,,unverified,unverified
40397486,europepmc:pdf,unverified,unverified
40401781,europepmc:pdf,unverified,unverified
40402814,europepmc:pdf,unverified,unverified
40403678,,unverified,unverified
40409541,,unverified,unverified
40409890,,unverified,unverified
40412553,,unverified,unverified
40415381,europepmc:pdf,unverified,unverified
40418864,,unverified,unverified
40419241,europepmc:pdf,unverified,unverified
40425434,,unverified,unverified
40435940,,unverified,unverified
40436516,,unverified,unverified
40444087,europepmc:pdf,unverified,unverified
40445102,europepmc:pdf,unverified,unverified
40448847,,unverified,unverified
40449122,scihub:title,unverified,unverified
40449585,,unverified,unverified
40456335,,unverified,unverified
40458366,scihub:title,unverified,unverified
40458716,scihub:title,unverified,unverified
40463356,scihub:title,unverified,unverified
40464951,scihub:title,unverified,unverified
40471424,scihub:title,unverified,unverified
40474195,scihub:title,unverified,unverified
40475847,europepmc:pdf,unverified,unverified
40482592,,unverified,unverified
40485579,europepmc:pdf,unverified,unverified
40485884,europepmc:pdf,unverified,unverified
40487957,europepmc:pdf,unverified,unverified
40494696,,unverified,unverified
40497096,europepmc:pdf,unverified,unverified
40510312,europepmc:pdf,unverified,unverified
40514006,,unverified,unverified
40517007,,unverified,unverified
40522298,,unverified,unverified
40522430,europepmc:pdf,unverified,unverified
40526136,,unverified,unverified
40533251,europepmc:pdf,unverified,unverified
40537065,europepmc:pdf,unverified,unverified
40544506,europepmc:pdf,unverified,unverified
40545536,europepmc:pdf,unverified,unverified
40549424,europepmc:pdf,unverified,unverified
40550664,,unverified,unverified
40550665,,unverified,unverified
40551903,europepmc:pdf,unverified,unverified
40552266,europepmc:pdf,unverified,unverified
40553356,,unverified,unverified
40558284,europepmc:pdf,unverified,unverified
40559106,europepmc:pdf,unverified,unverified
40559436,europepmc:pdf,unverified,unverified
40562628,,unverified,unverified
40563608,europepmc:pdf,unverified,unverified
40564792,europepmc:pdf,unverified,unverified
40571780,europepmc:pdf,unverified,unverified
40574858,europepmc:pdf,unverified,unverified
40576313,,unverified,unverified
40576488,europepmc:pdf,unverified,unverified
40578870,europepmc:pdf,unverified,unverified
40579613,europepmc:pdf,unverified,unverified
40579653,europepmc:pdf,unverified,unverified
40581307,,unverified,unverified
40581524,,unverified,unverified
40584995,europepmc:pdf,unverified,unverified
40586896,,unverified,unverified
40589073,europepmc:pdf,unverified,unverified
40594522,europepmc:pdf,unverified,unverified
40595386,europepmc:pdf,unverified,unverified
40596437,europepmc:pdf,unverified,unverified
40597035,europepmc:pdf,unverified,unverified
40601022,europepmc:pdf,unverified,unverified
40601425,europepmc:pdf,unverified,unverified
40602105,,unverified,unverified
40602296,,unverified,unverified
40602297,,unverified,unverified
40603180,,unverified,unverified
40603736,,unverified,unverified
40603772,,unverified,unverified
40607455,europepmc:pdf,unverified,unverified
40607973,,unverified,unverified
40612123,europepmc:pdf,unverified,unverified
40618901,,unverified,unverified
40620287,europepmc:pdf,unverified,unverified
40626321,europepmc:pdf,unverified,unverified
40627076,,unverified,unverified
40629015,europepmc:pdf,unverified,unverified
40629247,,unverified,unverified
40629575,europepmc:pdf,unverified,unverified
40632350,europepmc:pdf,unverified,unverified
40633284,,unverified,unverified
40635196,,unverified,unverified
40635329,europepmc:pdf,unverified,unverified
40638481,europepmc:pdf,unverified,unverified
40640480,scihub:title,unverified,unverified
40643654,,unverified,unverified
40646374,europepmc:pdf,unverified,unverified
40647527,scihub:title,unverified,unverified
40647531,scihub:title,unverified,unverified
40650262,scihub:title,unverified,unverified
40652430,europepmc:pdf,unverified,unverified
40659952,europepmc:pdf,unverified,unverified
40662410,,unverified,unverified
40668269,,unverified,unverified
40671482,europepmc:pdf,unverified,unverified
40676426,,unverified,unverified
40678585,europepmc:pdf,unverified,unverified
40681813,,unverified,unverified
40682593,europepmc:pdf,unverified,unverified
40686345,europepmc:pdf,unverified,unverified
40687425,europepmc:pdf,unverified,unverified
40707363,,unverified,unverified
40711637,europepmc:pdf,unverified,unverified
40715681,,unverified,unverified
40716857,,unverified,unverified
40718826,europepmc:pdf,unverified,unverified
40719928,europepmc:pdf,unverified,unverified
40722478,europepmc:pdf,unverified,unverified
40722519,europepmc:pdf,unverified,unverified
40722549,scihub:title,unverified,unverified
40723194,scihub:title,unverified,unverified
40723272,scihub:title,unverified,unverified
40724514,scihub:title,unverified,unverified
40734575,europepmc:pdf,unverified,unverified
40739664,europepmc:pdf,unverified,unverified
40739965,europepmc:pdf,unverified,unverified
40740749,europepmc:pdf,unverified,unverified
40740925,europepmc:pdf,unverified,unverified
40744096,,unverified,unverified
40745280,europepmc:pdf,unverified,unverified
40746636,europepmc:pdf,unverified,unverified
40747370,europepmc:pdf,unverified,unverified
40751160,europepmc:pdf,unverified,unverified
40753711,,unverified,unverified
40754638,,unverified,unverified
40757096,europepmc:pdf,unverified,unverified
40759457,europepmc:pdf,unverified,unverified
40760315,,unverified,unverified
40760425,scihub:title,unverified,unverified
40762689,,unverified,unverified
40764214,,unverified,unverified
40767615,,unverified,unverified
40767870,,unverified,unverified
40770420,scihub:title,unverified,unverified
40778975,europepmc:pdf,unverified,unverified
40779893,,unverified,unverified
40780555,,unverified,unverified
40781322,europepmc:pdf,unverified,unverified
40781740,europepmc:pdf,unverified,unverified
40782257,europepmc:pdf,unverified,unverified
40783150,,unverified,unverified
40785739,europepmc:pdf,unverified,unverified
40786911,europepmc:pdf,unverified,unverified
40789782,,unverified,unverified
40791107,europepmc:pdf,unverified,unverified
40794337,,unverified,unverified
40805227,europepmc:pdf,unverified,unverified
40805234,europepmc:pdf,unverified,unverified
40809031,europepmc:pdf,unverified,unverified
40810372,,unverified,unverified
40810858,,unverified,unverified
40813119,,unverified,unverified
40813620,,unverified,unverified
40813909,,unverified,unverified
40815309,,unverified,unverified
40816103,,unverified,unverified
40828572,europepmc:pdf,unverified,unverified
40830483,europepmc:pdf,unverified,unverified
40837746,europepmc:pdf,unverified,unverified
40837765,europepmc:pdf,unverified,unverified
40837773,europepmc:pdf,unverified,unverified
40839920,,unverified,unverified
40847254,,unverified,unverified
40849600,,unverified,unverified
40850835,,unverified,unverified
40851780,europepmc:pdf,unverified,unverified
40852969,,unverified,unverified
40853592,scihub:title,unverified,unverified
40853715,,unverified,unverified
40856737,europepmc:pdf,unverified,unverified
40858040,,unverified,unverified
40859558,europepmc:pdf,unverified,unverified
40860720,europepmc:pdf,unverified,unverified
40867076,europepmc:pdf,unverified,unverified
40870493,europepmc:pdf,unverified,unverified
40873584,europepmc:pdf,unverified,unverified
40874396,europepmc:pdf,unverified,unverified
40876981,,unverified,unverified
40877210,europepmc:pdf,unverified,unverified
40881169,europepmc:pdf,unverified,unverified
40882433,,unverified,unverified
40886317,europepmc:pdf,unverified,unverified
40889636,,unverified,unverified
40890619,europepmc:pdf,unverified,unverified
40901040,europepmc:pdf,unverified,unverified
40901315,europepmc:pdf,unverified,unverified
40902440,scihub:title,unverified,unverified
40905480,,unverified,unverified
40907165,,unverified,unverified
40907572,,unverified,unverified
40911505,,unverified,unverified
40913178,,unverified,unverified
40919247,europepmc:pdf,unverified,unverified
40926527,,unverified,unverified
40927976,,unverified,unverified
40929876,,unverified,unverified
40934606,,unverified,unverified
40938454,europepmc:pdf,unverified,unverified
40949360,europepmc:pdf,unverified,unverified
40954987,europepmc:pdf,unverified,unverified
40955104,europepmc:pdf,unverified,unverified
40955840,europepmc:pdf,unverified,unverified
40956184,europepmc:pdf,unverified,unverified
40956925,,unverified,unverified
40957489,,unverified,unverified
40960003,,unverified,unverified
40961405,europepmc:pdf,unverified,unverified
40962914,europepmc:pdf,unverified,unverified
40968737,europepmc:pdf,unverified,unverified
40977014,,unverified,unverified
40977019,,unverified,unverified
40981989,,unverified,unverified
40982204,,unverified,unverified
40983986,,unverified,unverified
40986045,,unverified,unverified
40986886,europepmc:pdf,unverified,unverified
40987386,,unverified,unverified
40987944,,unverified,unverified
40989165,europepmc:pdf,unverified,unverified
40989689,europepmc:pdf,unverified,unverified
40989872,europepmc:pdf,unverified,unverified
40989912,europepmc:pdf,unverified,unverified
40997368,,unverified,unverified
41002143,europepmc:pdf,unverified,unverified
41003803,europepmc:pdf,unverified,unverified
41006527,europepmc:pdf,unverified,unverified
41008883,europepmc:pdf,unverified,unverified
41008903,europepmc:pdf,unverified,unverified
41008916,europepmc:pdf,unverified,unverified
41011541,europepmc:pdf,unverified,unverified
41016081,,unverified,unverified
41018523,europepmc:pdf,unverified,unverified
41023215,europepmc:pdf,unverified,unverified
41024118,europepmc:pdf,unverified,unverified
41024821,europepmc:pdf,unverified,unverified
41025278,europepmc:pdf,unverified,unverified
41028637,europepmc:pdf,unverified,unverified
41033014,,unverified,unverified
41033282,europepmc:pdf,unverified,unverified
41040529,europepmc:pdf,unverified,unverified
41040910,scihub:title,unverified,unverified
41046254,europepmc:pdf,unverified,unverified
41048618,europepmc:pdf,unverified,unverified
41053630,europepmc:pdf,unverified,unverified
41056999,europepmc:pdf,unverified,unverified
41059427,europepmc:pdf,unverified,unverified
41060434,europepmc:pdf,unverified,unverified
41060495,europepmc:pdf,unverified,unverified
41061729,,unverified,unverified
41062141,europepmc:pdf,unverified,unverified
41062919,europepmc:pdf,unverified,unverified
41067249,,unverified,unverified
41068324,europepmc:pdf,unverified,unverified
41071343,europepmc:pdf,unverified,unverified
41079289,europepmc:pdf,unverified,unverified
41094171,europepmc:pdf,unverified,unverified
41097652,europepmc:pdf,unverified,unverified
41097678,europepmc:pdf,unverified,unverified
41097680,europepmc:pdf,unverified,unverified
41099988,,unverified,unverified
41100929,,unverified,unverified
41106380,europepmc:pdf,unverified,unverified
41109990,europepmc:pdf,unverified,unverified
41113382,europepmc:pdf,unverified,unverified
41113383,europepmc:pdf,unverified,unverified
41115362,,unverified,unverified
41123194,,unverified,unverified
41126443,europepmc:pdf,unverified,unverified
41130786,,unverified,unverified
41133850,,unverified,unverified
41141225,europepmc:pdf,unverified,unverified
41144024,europepmc:pdf,unverified,unverified
41145541,europepmc:pdf,unverified,unverified
41146584,,unverified,unverified
41147908,,unverified,unverified
41148479,europepmc:pdf,unverified,unverified
41151491,,unverified,unverified
41151877,,unverified,unverified
41156304,europepmc:pdf,unverified,unverified
41156561,europepmc:pdf,unverified,unverified
41162756,,unverified,unverified
41166105,,unverified,unverified
41168870,europepmc:pdf,unverified,unverified
41171392,europepmc:pdf,unverified,unverified
41172472,europepmc:pdf,unverified,unverified
41174018,scihub:title,unverified,unverified
41175797,,unverified,unverified
41178867,scihub:title,unverified,unverified
41179924,scihub:title,unverified,unverified
41182514,scihub:title,unverified,unverified
41184680,,unverified,unverified
41185075,scihub:title,unverified,unverified
41186718,,unverified,unverified
41190107,scihub:title,unverified,unverified
41190657,,unverified,unverified
41191581,scihub:title,unverified,unverified
41193050,,unverified,unverified
41193961,europepmc:pdf,unverified,unverified
41195104,europepmc:pdf,unverified,unverified
41198426,,unverified,unverified
41198507,,unverified,unverified
41199968,europepmc:pdf,unverified,unverified
41200064,europepmc:pdf,unverified,unverified
41202834,,unverified,unverified
41208454,scihub:title,unverified,unverified
41209570,europepmc:pdf,unverified,unverified
41210596,europepmc:pdf,unverified,unverified
41212533,europepmc:pdf,unverified,unverified
41220764,europepmc:pdf,unverified,unverified
41220767,europepmc:pdf,unverified,unverified
41220945,scihub:title,unverified,unverified
41221898,europepmc:pdf,unverified,unverified
41228320,europepmc:pdf,unverified,unverified
41231265,europepmc:pdf,unverified,unverified
41234732,europepmc:pdf,unverified,unverified
41236658,europepmc:pdf,unverified,unverified
41237691,,unverified,unverified
41238487,,unverified,unverified
41243606,europepmc:pdf,unverified,unverified
41251550,,unverified,unverified
41251704,europepmc:pdf,unverified,unverified
41253645,europepmc:pdf,unverified,unverified
41260276,,unverified,unverified
41261391,europepmc:pdf,unverified,unverified
41263782,,unverified,unverified
41266919,europepmc:pdf,unverified,unverified
41269083,,unverified,unverified
41273606,,unverified,unverified
41276304,,unverified,unverified
41276451,,unverified,unverified
41281674,europepmc:pdf,unverified,unverified
41283111,scihub:title,unverified,unverified
41284027,,unverified,unverified
41285184,,unverified,unverified
41287878,,unverified,unverified
41288875,,unverified,unverified
41289719,,unverified,unverified
41290233,,unverified,unverified
41290238,,unverified,unverified
41291663,europepmc:pdf,unverified,unverified
41291770,europepmc:pdf,unverified,unverified
41295552,europepmc:pdf,unverified,unverified
41306113,europepmc:pdf,unverified,unverified
41306533,europepmc:pdf,unverified,unverified
41307661,,unverified,unverified
41317281,,unverified,unverified
41318156,,unverified,unverified
41322830,europepmc:pdf,unverified,unverified
41323778,europepmc:pdf,unverified,unverified
41327771,scihub:title,unverified,unverified
41331154,europepmc:pdf,unverified,unverified
41331903,europepmc:pdf,unverified,unverified
41338097,,unverified,unverified
41338157,,unverified,unverified
41342926,,unverified,unverified
41354181,,unverified,unverified
41357664,europepmc:pdf,unverified,unverified
41365374,,unverified,unverified
41366339,europepmc:pdf,unverified,unverified
41366906,europepmc:pdf,unverified,unverified
41367640,europepmc:pdf,unverified,unverified
41367788,europepmc:pdf,unverified,unverified
41369760,europepmc:pdf,unverified,unverified
41370724,,unverified,unverified
41372927,europepmc:pdf,unverified,unverified
41374953,europepmc:pdf,unverified,unverified
41377789,scihub:title,unverified,unverified
41391198,,unverified,unverified
41391993,,unverified,unverified
41393246,scihub:title,unverified,unverified
41395571,scihub:title,unverified,unverified
41402186,,unverified,unverified
41402411,europepmc:pdf,unverified,unverified
41406011,,unverified,unverified
41407426,europepmc:pdf,unverified,unverified
41407826,europepmc:pdf,unverified,unverified
41408491,,unverified,unverified
41410873,,unverified,unverified
41412957,europepmc:pdf,unverified,unverified
41413298,,unverified,unverified
41414787,europepmc:pdf,unverified,unverified
41415539,europepmc:pdf,unverified,unverified
41415637,europepmc:pdf,unverified,unverified
41415764,scihub:title,unverified,unverified
41416533,europepmc:pdf,unverified,unverified
41417085,,unverified,unverified
41417202,,unverified,unverified
41417633,europepmc:pdf,unverified,unverified
41419725,,unverified,unverified
41419806,scihub:title,unverified,unverified
41426166,scihub:title,unverified,unverified
41429719,,unverified,unverified
41432559,,unverified,unverified
41435426,scihub:title,unverified,unverified
41435911,europepmc:pdf,unverified,unverified
41444419,europepmc:pdf,unverified,unverified
41444449,europepmc:pdf,unverified,unverified
41445770,europepmc:pdf,unverified,unverified
41446280,europepmc:pdf,unverified,unverified
41449349,europepmc:pdf,unverified,unverified
41454195,,unverified,unverified
41460406,,unverified,unverified
41463015,europepmc:pdf,unverified,unverified
41463188,europepmc:pdf,unverified,unverified
41467955,europepmc:pdf,unverified,unverified
41468688,europepmc:pdf,unverified,unverified
41469098,,unverified,unverified
41478087,scihub:title,unverified,unverified
41480324,europepmc:pdf,unverified,unverified
41484196,europepmc:pdf,unverified,unverified
41486906,europepmc:pdf,unverified,unverified
41486912,europepmc:pdf,unverified,unverified
41488832,europepmc:pdf,unverified,unverified
41491765,europepmc:pdf,unverified,unverified
41492912,europepmc:pdf,unverified,unverified
41495165,europepmc:pdf,unverified,unverified
41495560,,unverified,unverified
41496610,,unverified,unverified
41499583,,unverified,unverified
41499720,,unverified,unverified
41514514,europepmc:pdf,unverified,unverified
41514590,europepmc:pdf,unverified,unverified
41520415,,unverified,unverified
41520630,,unverified,unverified
41524249,europepmc:pdf,unverified,unverified
41524989,,unverified,unverified
41530192,europepmc:pdf,unverified,unverified
41534166,,unverified,unverified
41536139,,unverified,unverified
41537781,,unverified,unverified
41537784,,unverified,unverified
41537785,,unverified,unverified
41540709,europepmc:pdf,unverified,unverified
41541008,europepmc:pdf,unverified,unverified
41550766,europepmc:pdf,unverified,unverified
41553590,,unverified,unverified
41554898,europepmc:pdf,unverified,unverified
41555561,europepmc:pdf,unverified,unverified
41556384,europepmc:pdf,unverified,unverified
41556864,,unverified,unverified
41560941,europepmc:pdf,unverified,unverified
41561548,europepmc:pdf,unverified,unverified
41562331,scihub:title,unverified,unverified
41566178,,unverified,unverified
41566182,,unverified,unverified
41566184,,unverified,unverified
41566188,,unverified,unverified
41566191,,unverified,unverified
41569222,,unverified,unverified
41571557,,unverified,unverified
41572118,scihub:title,unverified,unverified
41576718,,unverified,unverified
41586954,scihub:title,unverified,unverified
41588219,scihub:title,unverified,unverified
41591473,,unverified,unverified
41595144,europepmc:pdf,unverified,unverified
41598368,europepmc:pdf,unverified,unverified
41602307,europepmc:pdf,unverified,unverified
41602368,europepmc:pdf,unverified,unverified
41602378,europepmc:pdf,unverified,unverified
41607293,europepmc:pdf,unverified,unverified
41607432,europepmc:pdf,unverified,unverified
41609210,,unverified,unverified
41609764,,unverified,unverified
41609770,europepmc:pdf,unverified,unverified
41609771,europepmc:pdf,unverified,unverified
41609773,,unverified,unverified
41610700,,unverified,unverified
41612034,europepmc:pdf,unverified,unverified
41615083,,unverified,unverified
41617831,scihub:title,unverified,unverified
41618477,scihub:title,unverified,unverified
41619128,scihub:title,unverified,unverified
41627633,scihub:title,unverified,unverified
41627653,scihub:title,unverified,unverified
41629689,europepmc:pdf,unverified,unverified
41630204,europepmc:pdf,unverified,unverified
41632679,,unverified,unverified
41641412,europepmc:pdf,unverified,unverified
41641421,europepmc:pdf,unverified,unverified
41642373,europepmc:pdf,unverified,unverified
41647286,europepmc:pdf,unverified,unverified
41647729,europepmc:pdf,unverified,unverified
41648746,europepmc:pdf,unverified,unverified
41653360,europepmc:pdf,unverified,unverified
41653703,europepmc:pdf,unverified,unverified
41654222,,unverified,unverified
41661200,europepmc:pdf,unverified,unverified
41662929,,unverified,unverified
41664004,europepmc:pdf,unverified,unverified
41665658,,unverified,unverified
41669464,europepmc:pdf,unverified,unverified
41684502,europepmc:pdf,unverified,unverified
41690758,,unverified,unverified
41692917,europepmc:pdf,unverified,unverified
41692924,,unverified,unverified
41701554,,unverified,unverified
41706103,,unverified,unverified
41709532,europepmc:pdf,unverified,unverified
41712069,,unverified,unverified
41716061,,unverified,unverified
41717746,,unverified,unverified
41719784,,unverified,unverified
41723209,europepmc:pdf,unverified,unverified
41726038,europepmc:pdf,unverified,unverified
41729601,europepmc:pdf,unverified,unverified
41731192,,unverified,unverified
41733126,,unverified,unverified
41733146,,unverified,unverified
41736123,europepmc:pdf,unverified,unverified
41737205,europepmc:pdf,unverified,unverified
41737732,europepmc:pdf,unverified,unverified
41741387,,unverified,unverified
41743382,europepmc:pdf,unverified,unverified
41745441,europepmc:pdf,unverified,unverified
41748160,,unverified,unverified
41748797,,unverified,unverified
41749842,europepmc:pdf,unverified,unverified
41752727,europepmc:pdf,unverified,unverified
41753084,europepmc:pdf,unverified,unverified
41755705,europepmc:pdf,unverified,unverified
41756036,europepmc:pdf,unverified,unverified
41760644,europepmc:pdf,unverified,unverified
41773887,,unverified,unverified
41777414,europepmc:pdf,unverified,unverified
41779081,,unverified,unverified
41783373,europepmc:pdf,unverified,unverified
41792059,,unverified,unverified
41799590,europepmc:pdf,unverified,unverified
41800050,scihub:title,unverified,unverified
41800760,,unverified,unverified
41801383,,unverified,unverified
41802304,scihub:title,unverified,unverified
41802307,europepmc:pdf,unverified,unverified
41802413,,unverified,unverified
41805457,,unverified,unverified
41809348,europepmc:pdf,unverified,unverified
41814438,europepmc:pdf,unverified,unverified
41815097,scihub:title,unverified,unverified
41815276,europepmc:pdf,unverified,unverified
41816585,europepmc:pdf,unverified,unverified
41821894,europepmc:pdf,unverified,unverified
41822290,europepmc:pdf,unverified,unverified
41827698,europepmc:pdf,unverified,unverified
41830357,,unverified,unverified
41831619,,unverified,unverified
41832931,,unverified,unverified
41837262,europepmc:pdf,unverified,unverified
41838073,,unverified,unverified
41840743,europepmc:pdf,unverified,unverified
41841060,europepmc:pdf,unverified,unverified
41843889,europepmc:pdf,unverified,unverified
41849809,,unverified,unverified
41851526,scihub:title,unverified,unverified
41853097,europepmc:pdf,unverified,unverified
41856636,,unverified,unverified
41856646,,unverified,unverified
41856648,,unverified,unverified
41857541,europepmc:pdf,unverified,unverified
41860709,,unverified,unverified
41861175,europepmc:pdf,unverified,unverified
41862655,,unverified,unverified
41862880,europepmc:pdf,unverified,unverified
41863063,europepmc:pdf,unverified,unverified
41864515,,unverified,unverified
41864930,europepmc:pdf,unverified,unverified
41865627,,unverified,unverified
41868873,europepmc:pdf,unverified,unverified
41869119,europepmc:pdf,unverified,unverified
41871390,europepmc:pdf,unverified,unverified
41872553,europepmc:pdf,unverified,unverified
41874617,,unverified,unverified
41875301,,unverified,unverified
41880130,europepmc:pdf,unverified,unverified
41880681,,unverified,unverified
41887239,,unverified,unverified
41888609,,unverified,unverified
41895479,,unverified,unverified
41895778,,unverified,unverified
41896438,,unverified,unverified
41903361,,unverified,unverified
41907627,europepmc:pdf,unverified,unverified
41910447,europepmc:pdf,unverified,unverified
41913017,,unverified,unverified
41914118,,unverified,unverified
41914320,europepmc:pdf,unverified,unverified
41930174,europepmc:pdf,unverified,unverified
41935188,europepmc:pdf,unverified,unverified
41935245,,unverified,unverified
41936099,,unverified,unverified
41936698,,unverified,unverified
41945966,,unverified,unverified
41948162,scihub:title,unverified,unverified
41950559,,unverified,unverified
41951767,,unverified,unverified
41956924,,unverified,unverified
41956935,,unverified,unverified
41961037,europepmc:pdf,unverified,unverified
41964231,,unverified,unverified
41965570,europepmc:pdf,unverified,unverified
41968917,,unverified,unverified
41969443,europepmc:pdf,unverified,unverified
41970388,europepmc:pdf,unverified,unverified
41970537,europepmc:pdf,unverified,unverified
41972022,europepmc:pdf,unverified,unverified
41978391,europepmc:pdf,unverified,unverified
41987267,europepmc:pdf,unverified,unverified
41987351,scihub:title,unverified,unverified
41991352,,unverified,unverified
41992467,scihub:title,unverified,unverified
41992879,europepmc:pdf,unverified,unverified
41996781,,unverified,unverified
41998194,europepmc:pdf,unverified,unverified
41999401,,unverified,unverified
42001645,,unverified,unverified
42005714,europepmc:pdf,unverified,unverified
42008045,,unverified,unverified
42008048,europepmc:pdf,unverified,unverified
42012681,,unverified,unverified
42014598,europepmc:pdf,unverified,unverified
42016685,europepmc:pdf,unverified,unverified
42018079,,unverified,unverified
42018309,scihub:title,unverified,unverified
42022355,europepmc:pdf,unverified,unverified
42023195,scihub:title,unverified,unverified
42024125,,unverified,unverified
42030696,,unverified,unverified
42039715,europepmc:pdf,unverified,unverified
42040897,europepmc:pdf,unverified,unverified
42044985,europepmc:pdf,unverified,unverified
42045960,,unverified,unverified
42048918,,unverified,unverified
42057017,europepmc:pdf,unverified,unverified
42062990,scihub:title,unverified,unverified
42065055,europepmc:pdf,unverified,unverified
42066786,,unverified,unverified
42066947,,unverified,unverified
42069262,,unverified,unverified
42071008,europepmc:pdf,unverified,unverified
42071310,europepmc:pdf,unverified,unverified
42073527,europepmc:pdf,unverified,unverified
42087101,europepmc:pdf,unverified,unverified
42087551,europepmc:pdf,unverified,unverified
42094203,europepmc:pdf,unverified,unverified
42102569,,unverified,unverified
42122235,europepmc:pdf,unverified,unverified
42125433,europepmc:pdf,unverified,unverified
42125766,europepmc:pdf,unverified,unverified
42128940,scihub:title,unverified,unverified
42129011,europepmc:pdf,unverified,unverified
42131461,europepmc:pdf,unverified,unverified
42133104,scihub:title,unverified,unverified
42135422,scihub:title,unverified,unverified
42138820,scihub:title,unverified,unverified
42138822,scihub:title,unverified,unverified
42142103,,unverified,unverified
42142162,,unverified,unverified
42142395,europepmc:pdf,unverified,unverified
42146808,europepmc:pdf,unverified,unverified
42146825,europepmc:pdf,unverified,unverified
42147366,europepmc:pdf,unverified,unverified
42147925,europepmc:pdf,unverified,unverified
42150385,,unverified,unverified
42150737,,unverified,unverified
42151463,europepmc:pdf,unverified,unverified
42151880,scihub:title,unverified,unverified
42157434,,unverified,unverified
42158315,europepmc:pdf,unverified,unverified
42158835,europepmc:pdf,unverified,unverified
42159837,europepmc:pdf,unverified,unverified
42163131,scihub:title,unverified,unverified
42168815,,unverified,unverified
42170773,,unverified,unverified
42171757,scihub:title,unverified,unverified
42171860,europepmc:pdf,unverified,unverified
42174369,europepmc:pdf,unverified,unverified
42174531,scihub:title,unverified,unverified
42180157,europepmc:pdf,unverified,unverified
42185305,scihub:title,unverified,unverified
42187591,europepmc:pdf,unverified,unverified
42187595,europepmc:pdf,unverified,unverified
42187894,europepmc:pdf,unverified,unverified
42192138,scihub:title,unverified,unverified
42192306,scihub:title,unverified,unverified
42196847,europepmc:pdf,unverified,unverified
42196891,europepmc:pdf,unverified,unverified
42200502,,unverified,unverified
42201349,,unverified,unverified
42207250,,unverified,unverified
42209860,,unverified,unverified
42210090,scihub:title,unverified,unverified
42213110,,unverified,unverified
42213115,,unverified,unverified
42215698,,unverified,unverified
42222388,europepmc:pdf,unverified,unverified
42222427,europepmc:pdf,unverified,unverified
42222428,europepmc:pdf,unverified,unverified
42223752,,unverified,unverified
42226565,scihub:title,unverified,unverified
42236830,scihub:title,unverified,unverified
42240294,,unverified,unverified
42240534,,unverified,unverified
42240684,scihub:title,unverified,unverified
42240882,,unverified,unverified
42241138,,unverified,unverified
42245732,europepmc:pdf,unverified,unverified
42246062,europepmc:pdf,unverified,unverified
42246981,,unverified,unverified
42247965,,unverified,unverified
42250045,,unverified,unverified
42250371,,unverified,unverified
42255226,europepmc:pdf,unverified,unverified
42255982,europepmc:pdf,unverified,unverified
42258920,,unverified,unverified
42259544,,unverified,unverified
42265422,,unverified,unverified
42266126,europepmc:pdf,unverified,unverified
42268308,,unverified,unverified
42273153,europepmc:pdf,unverified,unverified
42276856,,unverified,unverified
42277750,scihub:title,unverified,unverified
42279492,europepmc:pdf,unverified,unverified
42283058,europepmc:pdf,unverified,unverified
42290893,europepmc:pdf,unverified,unverified
42292396,europepmc:pdf,unverified,unverified
42293813,europepmc:pdf,unverified,unverified
42298359,europepmc:pdf,unverified,unverified
42299312,europepmc:pdf,unverified,unverified
42302439,,unverified,unverified
42304336,,unverified,unverified
42305096,europepmc:pdf,unverified,unverified
42307785,,unverified,unverified
42310267,,unverified,unverified
42317100,,unverified,unverified
42319589,,unverified,unverified
42319965,,unverified,unverified
42323128,,unverified,unverified
42327954,europepmc:pdf,unverified,unverified
42336700,,unverified,unverified
42342415,,unverified,unverified
42342418,,unverified,unverified
42342425,,unverified,unverified
42342428,,unverified,unverified
42343388,,unverified,unverified
42344374,europepmc:pdf,unverified,unverified
42346593,europepmc:pdf,unverified,unverified
42350713,,unverified,unverified
42352915,europepmc:pdf,unverified,unverified
42359756,europepmc:pdf,unverified,unverified
42360989,,unverified,unverified
42362938,,unverified,unverified
42364818,,unverified,unverified
42365155,,unverified,unverified
42369141,europepmc:pdf,unverified,unverified
42378863,,unverified,unverified
42380715,scihub:title,unverified,unverified
42380989,,unverified,unverified
42383069,europepmc:pdf,unverified,unverified
42385781,,unverified,unverified
42388096,scihub:title,unverified,unverified
42392853,scihub:title,unverified,unverified
42393631,,unverified,unverified
42394497,europepmc:pdf,unverified,unverified
42394705,europepmc:pdf,unverified,unverified
42402154,,unverified,unverified
42403785,scihub:title,unverified,unverified
42406195,,unverified,unverified
42407006,,unverified,unverified
42407299,,unverified,unverified
42407353,,unverified,unverified
42415860,scihub:title,unverified,unverified
42420677,,unverified,unverified
42420899,,unverified,unverified
42422630,scihub:title,unverified,unverified
42433537,scihub:title,unverified,unverified
42434230,scihub:title,unverified,unverified
42434286,scihub:title,unverified,unverified
42443010,,unverified,unverified
42446791,scihub:title,unverified,unverified
42449570,scihub:title,unverified,unverified
42449666,scihub:title,unverified,unverified
42452606,scihub:title,unverified,unverified
42458874,scihub:title,unverified,unverified
42461514,,unverified,unverified
42463965,,unverified,unverified
42465005,scihub:title,unverified,unverified
42467114,,unverified,unverified
42467205,,unverified,unverified
42469043,,unverified,unverified
42469490,,unverified,unverified
42470525,,unverified,unverified
42473759,,unverified,unverified
42473772,,unverified,unverified
42474293,,unverified,unverified
42477736,,unverified,unverified
42484847,,unverified,unverified
42490909,scihub:title,unverified,unverified
42492411,,unverified,unverified
42494071,scihub:title,unverified,unverified
42495671,scihub:title,unverified,unverified
42495710,scihub:title,unverified,unverified
42495836,,unverified,unverified
42498660,,unverified,unverified
42500279,scihub:title,unverified,unverified
42506362,scihub:title,unverified,unverified
42507229,,unverified,unverified
42507765,scihub:title,unverified,unverified
42508427,,unverified,unverified
42509089,scihub:title,unverified,unverified
42510157,scihub:title,unverified,unverified
42521912,,unverified,unverified
42526271,,unverified,unverified
42528735,scihub:title,unverified,unverified
42531881,,unverified,unverified
42535226,scihub:title,unverified,unverified
42539793,scihub:title,unverified,unverified
42551037,scihub:title,unverified,unverified
42551632,,unverified,unverified
42554166,,unverified,unverified
42556149,,unverified,unverified
42558977,scihub:title,unverified,unverified
42564594,scihub:title,unverified,unverified
42566012,,unverified,unverified
42569633,scihub:title,unverified,unverified
42571219,scihub:title,unverified,unverified
42573388,,unverified,unverified
42575806,,unverified,unverified
42578786,,unverified,unverified
42582989,scihub:title,unverified,unverified
42583456,scihub:title,unverified,unverified
42583907,,unverified,unverified
42588609,scihub:title,unverified,unverified
42594359,scihub:title,unverified,unverified
42595499,,unverified,unverified
42601975,scihub:title,unverified,unverified
42604092,scihub:title,unverified,unverified
42606630,,unverified,unverified
